-- phpMyAdmin SQL Dump
-- version 4.1.11
-- http://www.phpmyadmin.net
--
-- Хост: localhost
-- Время создания: Авг 20 2014 г., 05:33
-- Версия сервера: 5.5.36-34.0-632.precise
-- Версия PHP: 5.3.28

SET SQL_MODE = "NO_AUTO_VALUE_ON_ZERO";
SET time_zone = "+00:00";


/*!40101 SET @OLD_CHARACTER_SET_CLIENT=@@CHARACTER_SET_CLIENT */;
/*!40101 SET @OLD_CHARACTER_SET_RESULTS=@@CHARACTER_SET_RESULTS */;
/*!40101 SET @OLD_COLLATION_CONNECTION=@@COLLATION_CONNECTION */;
/*!40101 SET NAMES utf8 */;

--
-- База данных: `bureauit2_8`
--

-- --------------------------------------------------------

--
-- Структура таблицы `b_admin_notify`
--

CREATE TABLE IF NOT EXISTS `b_admin_notify` (
  `ID` int(18) NOT NULL AUTO_INCREMENT,
  `MODULE_ID` varchar(50) DEFAULT NULL,
  `TAG` varchar(255) DEFAULT NULL,
  `MESSAGE` text,
  `ENABLE_CLOSE` char(1) DEFAULT 'Y',
  `PUBLIC_SECTION` char(1) NOT NULL DEFAULT 'N',
  PRIMARY KEY (`ID`),
  KEY `IX_AD_TAG` (`TAG`)
) ENGINE=MyISAM DEFAULT CHARSET=cp1251 AUTO_INCREMENT=1 ;

-- --------------------------------------------------------

--
-- Структура таблицы `b_admin_notify_lang`
--

CREATE TABLE IF NOT EXISTS `b_admin_notify_lang` (
  `ID` int(18) NOT NULL AUTO_INCREMENT,
  `NOTIFY_ID` int(18) NOT NULL,
  `LID` char(2) NOT NULL,
  `MESSAGE` text,
  PRIMARY KEY (`ID`),
  UNIQUE KEY `IX_ADM_NTFY_LANG` (`NOTIFY_ID`,`LID`),
  KEY `IX_ADM_NTFY_LID` (`LID`)
) ENGINE=MyISAM DEFAULT CHARSET=cp1251 AUTO_INCREMENT=1 ;

-- --------------------------------------------------------

--
-- Структура таблицы `b_agent`
--

CREATE TABLE IF NOT EXISTS `b_agent` (
  `ID` int(18) NOT NULL AUTO_INCREMENT,
  `MODULE_ID` varchar(50) DEFAULT NULL,
  `SORT` int(18) NOT NULL DEFAULT '100',
  `NAME` text,
  `ACTIVE` char(1) NOT NULL DEFAULT 'Y',
  `LAST_EXEC` datetime DEFAULT NULL,
  `NEXT_EXEC` datetime NOT NULL,
  `DATE_CHECK` datetime DEFAULT NULL,
  `AGENT_INTERVAL` int(18) DEFAULT '86400',
  `IS_PERIOD` char(1) DEFAULT 'Y',
  `USER_ID` int(18) DEFAULT NULL,
  PRIMARY KEY (`ID`),
  KEY `ix_act_next_exec` (`ACTIVE`,`NEXT_EXEC`),
  KEY `ix_agent_user_id` (`USER_ID`)
) ENGINE=MyISAM  DEFAULT CHARSET=cp1251 AUTO_INCREMENT=90 ;

--
-- Дамп данных таблицы `b_agent`
--

INSERT INTO `b_agent` (`ID`, `MODULE_ID`, `SORT`, `NAME`, `ACTIVE`, `LAST_EXEC`, `NEXT_EXEC`, `DATE_CHECK`, `AGENT_INTERVAL`, `IS_PERIOD`, `USER_ID`) VALUES
(1, 'main', 100, 'CEvent::CleanUpAgent();', 'Y', '2014-08-20 05:26:46', '2014-08-21 00:00:00', NULL, 86400, 'Y', NULL),
(2, 'main', 100, 'CUser::CleanUpHitAuthAgent();', 'Y', '2014-08-20 05:26:46', '2014-08-21 00:00:00', NULL, 86400, 'Y', NULL),
(3, 'main', 100, 'CCaptchaAgent::DeleteOldCaptcha(3600);', 'Y', '2014-08-20 05:26:46', '2014-08-20 06:26:46', NULL, 3600, 'N', NULL),
(4, 'main', 100, 'CUndo::CleanUpOld();', 'Y', '2014-08-20 05:26:46', '2014-08-21 00:00:00', NULL, 86400, 'Y', NULL),
(5, 'main', 100, 'CSiteCheckerTest::CommonTest();', 'Y', '2014-08-19 06:02:25', '2014-08-20 06:02:25', NULL, 86400, 'N', NULL),
(6, 'catalog', 100, '\\Bitrix\\Catalog\\CatalogViewedProductTable::clearAgent(0);', 'Y', '2014-08-18 05:36:59', '2014-08-23 05:36:59', NULL, 432000, 'N', NULL),
(7, 'forum', 100, 'CForumStat::CleanUp();', 'Y', '2014-08-19 06:02:25', '2014-08-20 06:02:25', NULL, 86400, 'N', NULL),
(8, 'forum', 100, 'CForumFiles::CleanUp();', 'Y', '2014-08-19 06:02:25', '2014-08-20 06:02:25', NULL, 86400, 'N', NULL),
(35, 'sale', 100, 'CSaleProduct::RefreshProductList();', 'Y', '2014-08-16 11:58:52', '2014-08-20 11:58:52', NULL, 345600, 'N', NULL),
(13, 'sale', 100, 'CSaleRecurring::AgentCheckRecurring();', 'Y', '2014-08-20 05:26:46', '2014-08-20 07:26:46', NULL, 7200, 'N', NULL),
(14, 'sale', 100, 'CSaleOrder::RemindPayment();', 'Y', '2014-08-19 06:02:25', '2014-08-20 06:02:25', NULL, 86400, 'N', NULL),
(15, 'sale', 100, 'CSaleViewedProduct::ClearViewed();', 'Y', '2014-08-19 06:02:25', '2014-08-20 06:02:25', NULL, 86400, 'N', NULL),
(16, 'sale', 100, 'CSaleOrder::ClearProductReservedQuantity();', 'Y', '2014-08-19 13:36:44', '2014-08-22 13:36:44', NULL, 259200, 'N', NULL),
(19, 'search', 10, 'CSearchSuggest::CleanUpAgent();', 'Y', '2014-08-19 06:02:25', '2014-08-20 06:02:25', NULL, 86400, 'N', NULL),
(20, 'search', 10, 'CSearchStatistic::CleanUpAgent();', 'Y', '2014-08-19 06:02:25', '2014-08-20 06:02:25', NULL, 86400, 'N', NULL),
(22, 'security', 100, 'CSecuritySession::CleanUpAgent();', 'Y', '2014-08-20 05:26:46', '2014-08-20 05:56:46', NULL, 1800, 'N', NULL),
(23, 'security', 100, 'CSecurityIPRule::CleanUpAgent();', 'Y', '2014-08-20 05:26:46', '2014-08-20 06:26:46', NULL, 3600, 'N', NULL),
(27, 'subscribe', 100, 'CSubscription::CleanUp();', 'Y', '2014-08-20 05:26:46', '2014-08-21 03:00:00', NULL, 86400, 'Y', NULL),
(36, 'subscribe', 100, 'CPostingTemplate::Execute();', 'Y', '2014-08-20 05:26:46', '2014-08-20 05:27:46', NULL, 60, 'N', NULL),
(30, 'pull', 100, 'CPullChannel::CheckExpireAgent();', 'Y', '2014-08-19 19:49:41', '2014-08-20 07:49:41', NULL, 43200, 'N', NULL),
(31, 'pull', 100, 'CPullStack::CheckExpireAgent();', 'Y', '2014-08-19 06:02:25', '2014-08-20 06:02:25', NULL, 86400, 'N', NULL),
(32, 'pull', 100, 'CPullWatch::CheckExpireAgent();', 'Y', '2014-08-20 05:26:46', '2014-08-20 05:46:46', NULL, 600, 'N', NULL);

-- --------------------------------------------------------

--
-- Структура таблицы `b_bitrixcloud_option`
--

CREATE TABLE IF NOT EXISTS `b_bitrixcloud_option` (
  `ID` int(11) NOT NULL AUTO_INCREMENT,
  `NAME` varchar(50) NOT NULL,
  `SORT` int(11) NOT NULL,
  `PARAM_KEY` varchar(50) DEFAULT NULL,
  `PARAM_VALUE` varchar(200) DEFAULT NULL,
  PRIMARY KEY (`ID`),
  KEY `ix_b_bitrixcloud_option_1` (`NAME`)
) ENGINE=MyISAM  DEFAULT CHARSET=cp1251 AUTO_INCREMENT=5 ;

--
-- Дамп данных таблицы `b_bitrixcloud_option`
--

INSERT INTO `b_bitrixcloud_option` (`ID`, `NAME`, `SORT`, `PARAM_KEY`, `PARAM_VALUE`) VALUES
(1, 'backup_quota', 0, '0', '4294967296'),
(2, 'backup_total_size', 0, '0', '0'),
(3, 'backup_last_backup_time', 0, '0', '1407379699'),
(4, 'monitoring_expire_time', 0, '0', '1408462737');

-- --------------------------------------------------------

--
-- Структура таблицы `b_blog`
--

CREATE TABLE IF NOT EXISTS `b_blog` (
  `ID` int(11) NOT NULL AUTO_INCREMENT,
  `NAME` varchar(255) NOT NULL,
  `DESCRIPTION` text,
  `DATE_CREATE` datetime NOT NULL,
  `DATE_UPDATE` datetime NOT NULL,
  `ACTIVE` char(1) NOT NULL DEFAULT 'Y',
  `OWNER_ID` int(11) DEFAULT NULL,
  `SOCNET_GROUP_ID` int(11) DEFAULT NULL,
  `URL` varchar(255) NOT NULL,
  `REAL_URL` varchar(255) DEFAULT NULL,
  `GROUP_ID` int(11) NOT NULL,
  `ENABLE_COMMENTS` char(1) NOT NULL DEFAULT 'Y',
  `ENABLE_IMG_VERIF` char(1) NOT NULL DEFAULT 'N',
  `ENABLE_RSS` char(1) NOT NULL DEFAULT 'Y',
  `LAST_POST_ID` int(11) DEFAULT NULL,
  `LAST_POST_DATE` datetime DEFAULT NULL,
  `AUTO_GROUPS` varchar(255) DEFAULT NULL,
  `EMAIL_NOTIFY` char(1) NOT NULL DEFAULT 'Y',
  `ALLOW_HTML` char(1) NOT NULL DEFAULT 'N',
  `SEARCH_INDEX` char(1) NOT NULL DEFAULT 'Y',
  `USE_SOCNET` char(1) NOT NULL DEFAULT 'N',
  PRIMARY KEY (`ID`),
  UNIQUE KEY `IX_BLOG_BLOG_4` (`URL`),
  KEY `IX_BLOG_BLOG_1` (`GROUP_ID`,`ACTIVE`),
  KEY `IX_BLOG_BLOG_2` (`OWNER_ID`),
  KEY `IX_BLOG_BLOG_5` (`LAST_POST_DATE`),
  KEY `IX_BLOG_BLOG_6` (`SOCNET_GROUP_ID`)
) ENGINE=MyISAM  DEFAULT CHARSET=cp1251 AUTO_INCREMENT=2 ;

--
-- Дамп данных таблицы `b_blog`
--

INSERT INTO `b_blog` (`ID`, `NAME`, `DESCRIPTION`, `DATE_CREATE`, `DATE_UPDATE`, `ACTIVE`, `OWNER_ID`, `SOCNET_GROUP_ID`, `URL`, `REAL_URL`, `GROUP_ID`, `ENABLE_COMMENTS`, `ENABLE_IMG_VERIF`, `ENABLE_RSS`, `LAST_POST_ID`, `LAST_POST_DATE`, `AUTO_GROUPS`, `EMAIL_NOTIFY`, `ALLOW_HTML`, `SEARCH_INDEX`, `USE_SOCNET`) VALUES
(1, 'Отзывы на товары', 'Здесь хранятся отзывы посетителей магазина на товары магазина', '0000-00-00 00:00:00', '0000-00-00 00:00:00', 'Y', 1, NULL, 'catalog_comments', NULL, 1, 'Y', 'Y', 'N', NULL, NULL, 'N', 'N', 'N', 'Y', 'N');

-- --------------------------------------------------------

--
-- Структура таблицы `b_blog_category`
--

CREATE TABLE IF NOT EXISTS `b_blog_category` (
  `ID` int(11) NOT NULL AUTO_INCREMENT,
  `BLOG_ID` int(11) NOT NULL,
  `NAME` varchar(255) NOT NULL,
  PRIMARY KEY (`ID`),
  UNIQUE KEY `IX_BLOG_CAT_1` (`BLOG_ID`,`NAME`)
) ENGINE=MyISAM DEFAULT CHARSET=cp1251 AUTO_INCREMENT=1 ;

-- --------------------------------------------------------

--
-- Структура таблицы `b_blog_comment`
--

CREATE TABLE IF NOT EXISTS `b_blog_comment` (
  `ID` int(11) NOT NULL AUTO_INCREMENT,
  `BLOG_ID` int(11) NOT NULL,
  `POST_ID` int(11) NOT NULL,
  `PARENT_ID` int(11) DEFAULT NULL,
  `AUTHOR_ID` int(11) DEFAULT NULL,
  `ICON_ID` int(11) DEFAULT NULL,
  `AUTHOR_NAME` varchar(255) DEFAULT NULL,
  `AUTHOR_EMAIL` varchar(255) DEFAULT NULL,
  `AUTHOR_IP` varchar(20) DEFAULT NULL,
  `AUTHOR_IP1` varchar(20) DEFAULT NULL,
  `DATE_CREATE` datetime NOT NULL,
  `TITLE` varchar(255) DEFAULT NULL,
  `POST_TEXT` text NOT NULL,
  `PUBLISH_STATUS` char(1) NOT NULL DEFAULT 'P',
  `HAS_PROPS` varchar(1) DEFAULT NULL,
  `SHARE_DEST` varchar(255) DEFAULT NULL,
  `PATH` varchar(255) DEFAULT NULL,
  PRIMARY KEY (`ID`),
  KEY `IX_BLOG_COMM_1` (`BLOG_ID`,`POST_ID`),
  KEY `IX_BLOG_COMM_2` (`AUTHOR_ID`),
  KEY `IX_BLOG_COMM_3` (`DATE_CREATE`,`AUTHOR_ID`)
) ENGINE=MyISAM DEFAULT CHARSET=cp1251 AUTO_INCREMENT=1 ;

-- --------------------------------------------------------

--
-- Структура таблицы `b_blog_group`
--

CREATE TABLE IF NOT EXISTS `b_blog_group` (
  `ID` int(11) NOT NULL AUTO_INCREMENT,
  `NAME` varchar(255) NOT NULL,
  `SITE_ID` char(2) NOT NULL,
  PRIMARY KEY (`ID`),
  KEY `IX_BLOG_GROUP_1` (`SITE_ID`)
) ENGINE=MyISAM  DEFAULT CHARSET=cp1251 AUTO_INCREMENT=2 ;

--
-- Дамп данных таблицы `b_blog_group`
--

INSERT INTO `b_blog_group` (`ID`, `NAME`, `SITE_ID`) VALUES
(1, 'Группа отзывов', 's1');

-- --------------------------------------------------------

--
-- Структура таблицы `b_blog_image`
--

CREATE TABLE IF NOT EXISTS `b_blog_image` (
  `ID` int(11) NOT NULL AUTO_INCREMENT,
  `FILE_ID` int(11) NOT NULL DEFAULT '0',
  `BLOG_ID` int(11) NOT NULL DEFAULT '0',
  `POST_ID` int(11) NOT NULL DEFAULT '0',
  `USER_ID` int(11) NOT NULL DEFAULT '0',
  `TIMESTAMP_X` datetime NOT NULL DEFAULT '0000-00-00 00:00:00',
  `TITLE` varchar(255) DEFAULT NULL,
  `IMAGE_SIZE` int(11) NOT NULL DEFAULT '0',
  `IS_COMMENT` varchar(1) NOT NULL DEFAULT 'N',
  `COMMENT_ID` int(11) DEFAULT NULL,
  PRIMARY KEY (`ID`),
  KEY `IX_BLOG_IMAGE_1` (`POST_ID`,`BLOG_ID`)
) ENGINE=MyISAM DEFAULT CHARSET=cp1251 AUTO_INCREMENT=1 ;

-- --------------------------------------------------------

--
-- Структура таблицы `b_blog_post`
--

CREATE TABLE IF NOT EXISTS `b_blog_post` (
  `ID` int(11) NOT NULL AUTO_INCREMENT,
  `TITLE` varchar(255) NOT NULL,
  `BLOG_ID` int(11) NOT NULL,
  `AUTHOR_ID` int(11) NOT NULL,
  `PREVIEW_TEXT` text,
  `PREVIEW_TEXT_TYPE` char(4) NOT NULL DEFAULT 'text',
  `DETAIL_TEXT` text NOT NULL,
  `DETAIL_TEXT_TYPE` char(4) NOT NULL DEFAULT 'text',
  `DATE_CREATE` datetime NOT NULL,
  `DATE_PUBLISH` datetime NOT NULL,
  `KEYWORDS` varchar(255) DEFAULT NULL,
  `PUBLISH_STATUS` char(1) NOT NULL DEFAULT 'P',
  `CATEGORY_ID` char(100) DEFAULT NULL,
  `ATRIBUTE` varchar(255) DEFAULT NULL,
  `ENABLE_TRACKBACK` char(1) NOT NULL DEFAULT 'Y',
  `ENABLE_COMMENTS` char(1) NOT NULL DEFAULT 'Y',
  `ATTACH_IMG` int(11) DEFAULT NULL,
  `NUM_COMMENTS` int(11) NOT NULL DEFAULT '0',
  `NUM_TRACKBACKS` int(11) NOT NULL DEFAULT '0',
  `VIEWS` int(11) DEFAULT NULL,
  `FAVORITE_SORT` int(11) DEFAULT NULL,
  `PATH` varchar(255) DEFAULT NULL,
  `CODE` varchar(255) DEFAULT NULL,
  `MICRO` char(1) NOT NULL DEFAULT 'N',
  `HAS_IMAGES` varchar(1) DEFAULT NULL,
  `HAS_PROPS` varchar(1) DEFAULT NULL,
  `HAS_TAGS` varchar(1) DEFAULT NULL,
  `HAS_COMMENT_IMAGES` varchar(1) DEFAULT NULL,
  `HAS_SOCNET_ALL` varchar(1) DEFAULT NULL,
  `SEO_TITLE` varchar(255) DEFAULT NULL,
  `SEO_TAGS` varchar(255) DEFAULT NULL,
  `SEO_DESCRIPTION` text,
  PRIMARY KEY (`ID`),
  KEY `IX_BLOG_POST_1` (`BLOG_ID`,`PUBLISH_STATUS`,`DATE_PUBLISH`),
  KEY `IX_BLOG_POST_2` (`BLOG_ID`,`DATE_PUBLISH`,`PUBLISH_STATUS`),
  KEY `IX_BLOG_POST_3` (`BLOG_ID`,`CATEGORY_ID`),
  KEY `IX_BLOG_POST_4` (`PUBLISH_STATUS`,`DATE_PUBLISH`),
  KEY `IX_BLOG_POST_5` (`DATE_PUBLISH`,`AUTHOR_ID`),
  KEY `IX_BLOG_POST_CODE` (`BLOG_ID`,`CODE`),
  KEY `IX_BLOG_POST_6` (`CODE`)
) ENGINE=MyISAM DEFAULT CHARSET=cp1251 AUTO_INCREMENT=1 ;

-- --------------------------------------------------------

--
-- Структура таблицы `b_blog_post_category`
--

CREATE TABLE IF NOT EXISTS `b_blog_post_category` (
  `ID` int(11) NOT NULL AUTO_INCREMENT,
  `BLOG_ID` int(11) NOT NULL,
  `POST_ID` int(11) NOT NULL,
  `CATEGORY_ID` int(11) NOT NULL,
  PRIMARY KEY (`ID`),
  UNIQUE KEY `IX_BLOG_POST_CATEGORY` (`POST_ID`,`CATEGORY_ID`),
  KEY `IX_BLOG_POST_CATEGORY_CAT_ID` (`CATEGORY_ID`)
) ENGINE=MyISAM DEFAULT CHARSET=cp1251 AUTO_INCREMENT=1 ;

-- --------------------------------------------------------

--
-- Структура таблицы `b_blog_post_param`
--

CREATE TABLE IF NOT EXISTS `b_blog_post_param` (
  `ID` int(11) NOT NULL AUTO_INCREMENT,
  `POST_ID` int(11) DEFAULT NULL,
  `USER_ID` int(11) DEFAULT NULL,
  `NAME` varchar(50) NOT NULL,
  `VALUE` varchar(255) NOT NULL,
  PRIMARY KEY (`ID`),
  KEY `IX_BLOG_PP_1` (`POST_ID`,`USER_ID`),
  KEY `IX_BLOG_PP_2` (`USER_ID`)
) ENGINE=MyISAM DEFAULT CHARSET=cp1251 AUTO_INCREMENT=1 ;

-- --------------------------------------------------------

--
-- Структура таблицы `b_blog_site_path`
--

CREATE TABLE IF NOT EXISTS `b_blog_site_path` (
  `ID` int(11) NOT NULL AUTO_INCREMENT,
  `SITE_ID` char(2) NOT NULL,
  `PATH` varchar(255) NOT NULL,
  `TYPE` char(1) DEFAULT NULL,
  PRIMARY KEY (`ID`),
  UNIQUE KEY `IX_BLOG_SITE_PATH_2` (`SITE_ID`,`TYPE`)
) ENGINE=MyISAM DEFAULT CHARSET=cp1251 AUTO_INCREMENT=1 ;

-- --------------------------------------------------------

--
-- Структура таблицы `b_blog_smile`
--

CREATE TABLE IF NOT EXISTS `b_blog_smile` (
  `ID` smallint(3) NOT NULL AUTO_INCREMENT,
  `SMILE_TYPE` char(1) NOT NULL DEFAULT 'S',
  `TYPING` varchar(100) DEFAULT NULL,
  `IMAGE` varchar(128) NOT NULL,
  `DESCRIPTION` varchar(50) DEFAULT NULL,
  `CLICKABLE` char(1) NOT NULL DEFAULT 'Y',
  `SORT` int(10) NOT NULL DEFAULT '150',
  `IMAGE_WIDTH` int(11) NOT NULL DEFAULT '0',
  `IMAGE_HEIGHT` int(11) NOT NULL DEFAULT '0',
  PRIMARY KEY (`ID`)
) ENGINE=MyISAM  DEFAULT CHARSET=cp1251 AUTO_INCREMENT=15 ;

--
-- Дамп данных таблицы `b_blog_smile`
--

INSERT INTO `b_blog_smile` (`ID`, `SMILE_TYPE`, `TYPING`, `IMAGE`, `DESCRIPTION`, `CLICKABLE`, `SORT`, `IMAGE_WIDTH`, `IMAGE_HEIGHT`) VALUES
(1, 'S', ':D :-D', 'icon_biggrin.png', NULL, 'Y', 120, 16, 16),
(2, 'S', ':) :-)', 'icon_smile.png', NULL, 'Y', 100, 16, 16),
(3, 'S', ':( :-(', 'icon_sad.png', NULL, 'Y', 140, 16, 16),
(4, 'S', ':o :-o :shock:', 'icon_eek.png', NULL, 'Y', 180, 16, 16),
(5, 'S', '8) 8-)', 'icon_cool.png', NULL, 'Y', 130, 16, 16),
(6, 'S', ':{} :-{}', 'icon_kiss.png', NULL, 'Y', 200, 16, 16),
(7, 'S', ':oops:', 'icon_redface.png', NULL, 'Y', 190, 16, 16),
(8, 'S', ':cry: :~(', 'icon_cry.png', NULL, 'Y', 160, 16, 16),
(9, 'S', ':evil: >:-<', 'icon_evil.png', NULL, 'Y', 170, 16, 16),
(10, 'S', ';) ;-)', 'icon_wink.png', NULL, 'Y', 110, 16, 16),
(11, 'S', ':!:', 'icon_exclaim.png', NULL, 'Y', 220, 16, 16),
(12, 'S', ':?:', 'icon_question.png', NULL, 'Y', 210, 16, 16),
(13, 'S', ':idea:', 'icon_idea.png', NULL, 'Y', 230, 16, 16),
(14, 'S', ':| :-|', 'icon_neutral.png', NULL, 'Y', 150, 16, 16);

-- --------------------------------------------------------

--
-- Структура таблицы `b_blog_smile_lang`
--

CREATE TABLE IF NOT EXISTS `b_blog_smile_lang` (
  `ID` int(11) NOT NULL AUTO_INCREMENT,
  `SMILE_ID` int(11) NOT NULL DEFAULT '0',
  `LID` char(2) NOT NULL,
  `NAME` varchar(255) NOT NULL,
  PRIMARY KEY (`ID`),
  UNIQUE KEY `IX_BLOG_SMILE_K` (`SMILE_ID`,`LID`)
) ENGINE=MyISAM  DEFAULT CHARSET=cp1251 AUTO_INCREMENT=29 ;

--
-- Дамп данных таблицы `b_blog_smile_lang`
--

INSERT INTO `b_blog_smile_lang` (`ID`, `SMILE_ID`, `LID`, `NAME`) VALUES
(1, 1, 'ru', 'Широкая улыбка'),
(2, 1, 'en', 'Big grin'),
(3, 2, 'ru', 'С улыбкой'),
(4, 2, 'en', 'Smile'),
(5, 3, 'ru', 'Печально'),
(6, 3, 'en', 'Sad'),
(7, 4, 'ru', 'Удивленно'),
(8, 4, 'en', 'Surprised'),
(9, 5, 'ru', 'Здорово'),
(10, 5, 'en', 'Cool'),
(11, 6, 'ru', 'Поцелуй'),
(12, 6, 'en', 'Kiss'),
(13, 7, 'ru', 'Смущенный'),
(14, 7, 'en', 'Embarrassed'),
(15, 8, 'ru', 'Очень грустно'),
(16, 8, 'en', 'Crying'),
(17, 9, 'ru', 'Со злостью'),
(18, 9, 'en', 'Angry'),
(19, 10, 'ru', 'Шутливо'),
(20, 10, 'en', 'Wink'),
(21, 11, 'ru', 'Восклицание'),
(22, 11, 'en', 'Exclamation'),
(23, 12, 'ru', 'Вопрос'),
(24, 12, 'en', 'Question'),
(25, 13, 'ru', 'Идея'),
(26, 13, 'en', 'Idea'),
(27, 14, 'ru', 'Скептически'),
(28, 14, 'en', 'Skeptic');

-- --------------------------------------------------------

--
-- Структура таблицы `b_blog_socnet`
--

CREATE TABLE IF NOT EXISTS `b_blog_socnet` (
  `ID` int(11) NOT NULL AUTO_INCREMENT,
  `BLOG_ID` int(11) NOT NULL,
  PRIMARY KEY (`ID`),
  UNIQUE KEY `IX_BLOG_SOCNET` (`BLOG_ID`)
) ENGINE=MyISAM DEFAULT CHARSET=cp1251 AUTO_INCREMENT=1 ;

-- --------------------------------------------------------

--
-- Структура таблицы `b_blog_socnet_rights`
--

CREATE TABLE IF NOT EXISTS `b_blog_socnet_rights` (
  `ID` int(11) NOT NULL AUTO_INCREMENT,
  `POST_ID` int(11) NOT NULL,
  `ENTITY_TYPE` varchar(45) NOT NULL,
  `ENTITY_ID` int(11) NOT NULL,
  `ENTITY` varchar(45) NOT NULL,
  PRIMARY KEY (`ID`),
  KEY `IX_BLOG_SR_1` (`POST_ID`)
) ENGINE=MyISAM DEFAULT CHARSET=cp1251 AUTO_INCREMENT=1 ;

-- --------------------------------------------------------

--
-- Структура таблицы `b_blog_trackback`
--

CREATE TABLE IF NOT EXISTS `b_blog_trackback` (
  `ID` int(11) NOT NULL AUTO_INCREMENT,
  `TITLE` varchar(255) NOT NULL,
  `URL` varchar(255) NOT NULL,
  `PREVIEW_TEXT` text NOT NULL,
  `BLOG_NAME` varchar(255) DEFAULT NULL,
  `POST_DATE` datetime NOT NULL,
  `BLOG_ID` int(11) NOT NULL,
  `POST_ID` int(11) NOT NULL,
  PRIMARY KEY (`ID`),
  KEY `IX_BLOG_TRBK_1` (`BLOG_ID`,`POST_ID`),
  KEY `IX_BLOG_TRBK_2` (`POST_ID`)
) ENGINE=MyISAM DEFAULT CHARSET=cp1251 AUTO_INCREMENT=1 ;

-- --------------------------------------------------------

--
-- Структура таблицы `b_blog_user`
--

CREATE TABLE IF NOT EXISTS `b_blog_user` (
  `ID` int(11) NOT NULL AUTO_INCREMENT,
  `USER_ID` int(11) NOT NULL,
  `ALIAS` varchar(255) DEFAULT NULL,
  `DESCRIPTION` text,
  `AVATAR` int(11) DEFAULT NULL,
  `INTERESTS` varchar(255) DEFAULT NULL,
  `LAST_VISIT` datetime DEFAULT NULL,
  `DATE_REG` datetime NOT NULL,
  `ALLOW_POST` char(1) NOT NULL DEFAULT 'Y',
  PRIMARY KEY (`ID`),
  UNIQUE KEY `IX_BLOG_USER_1` (`USER_ID`),
  KEY `IX_BLOG_USER_2` (`ALIAS`)
) ENGINE=MyISAM DEFAULT CHARSET=cp1251 AUTO_INCREMENT=1 ;

-- --------------------------------------------------------

--
-- Структура таблицы `b_blog_user2blog`
--

CREATE TABLE IF NOT EXISTS `b_blog_user2blog` (
  `ID` int(11) NOT NULL AUTO_INCREMENT,
  `USER_ID` int(11) NOT NULL,
  `BLOG_ID` int(11) NOT NULL,
  PRIMARY KEY (`ID`),
  UNIQUE KEY `IX_BLOG_USER2GROUP_1` (`BLOG_ID`,`USER_ID`)
) ENGINE=MyISAM DEFAULT CHARSET=cp1251 AUTO_INCREMENT=1 ;

-- --------------------------------------------------------

--
-- Структура таблицы `b_blog_user2user_group`
--

CREATE TABLE IF NOT EXISTS `b_blog_user2user_group` (
  `ID` int(11) NOT NULL AUTO_INCREMENT,
  `USER_ID` int(11) NOT NULL,
  `BLOG_ID` int(11) NOT NULL,
  `USER_GROUP_ID` int(11) NOT NULL,
  PRIMARY KEY (`ID`),
  UNIQUE KEY `IX_BLOG_USER2GROUP_1` (`USER_ID`,`BLOG_ID`,`USER_GROUP_ID`)
) ENGINE=MyISAM DEFAULT CHARSET=cp1251 AUTO_INCREMENT=1 ;

-- --------------------------------------------------------

--
-- Структура таблицы `b_blog_user_group`
--

CREATE TABLE IF NOT EXISTS `b_blog_user_group` (
  `ID` int(11) NOT NULL AUTO_INCREMENT,
  `BLOG_ID` int(11) DEFAULT NULL,
  `NAME` varchar(255) NOT NULL,
  PRIMARY KEY (`ID`),
  KEY `IX_BLOG_USER_GROUP_1` (`BLOG_ID`)
) ENGINE=MyISAM  DEFAULT CHARSET=cp1251 AUTO_INCREMENT=3 ;

--
-- Дамп данных таблицы `b_blog_user_group`
--

INSERT INTO `b_blog_user_group` (`ID`, `BLOG_ID`, `NAME`) VALUES
(1, NULL, 'all'),
(2, NULL, 'registered');

-- --------------------------------------------------------

--
-- Структура таблицы `b_blog_user_group_perms`
--

CREATE TABLE IF NOT EXISTS `b_blog_user_group_perms` (
  `ID` int(11) NOT NULL AUTO_INCREMENT,
  `BLOG_ID` int(11) NOT NULL,
  `USER_GROUP_ID` int(11) NOT NULL,
  `PERMS_TYPE` char(1) NOT NULL DEFAULT 'P',
  `POST_ID` int(11) DEFAULT NULL,
  `PERMS` char(1) NOT NULL DEFAULT 'D',
  `AUTOSET` char(1) NOT NULL DEFAULT 'N',
  PRIMARY KEY (`ID`),
  UNIQUE KEY `IX_BLOG_UG_PERMS_1` (`BLOG_ID`,`USER_GROUP_ID`,`PERMS_TYPE`,`POST_ID`),
  KEY `IX_BLOG_UG_PERMS_2` (`USER_GROUP_ID`,`PERMS_TYPE`,`POST_ID`),
  KEY `IX_BLOG_UG_PERMS_3` (`POST_ID`,`USER_GROUP_ID`,`PERMS_TYPE`)
) ENGINE=MyISAM  DEFAULT CHARSET=cp1251 AUTO_INCREMENT=3 ;

--
-- Дамп данных таблицы `b_blog_user_group_perms`
--

INSERT INTO `b_blog_user_group_perms` (`ID`, `BLOG_ID`, `USER_GROUP_ID`, `PERMS_TYPE`, `POST_ID`, `PERMS`, `AUTOSET`) VALUES
(1, 1, 1, 'C', NULL, 'P', 'N'),
(2, 1, 2, 'C', NULL, 'P', 'N');

-- --------------------------------------------------------

--
-- Структура таблицы `b_cache_tag`
--

CREATE TABLE IF NOT EXISTS `b_cache_tag` (
  `SITE_ID` char(2) DEFAULT NULL,
  `CACHE_SALT` char(4) DEFAULT NULL,
  `RELATIVE_PATH` varchar(255) DEFAULT NULL,
  `TAG` varchar(100) DEFAULT NULL,
  KEY `ix_b_cache_tag_0` (`SITE_ID`,`CACHE_SALT`,`RELATIVE_PATH`(50)),
  KEY `ix_b_cache_tag_1` (`TAG`)
) ENGINE=MyISAM DEFAULT CHARSET=cp1251;

--
-- Дамп данных таблицы `b_cache_tag`
--

INSERT INTO `b_cache_tag` (`SITE_ID`, `CACHE_SALT`, `RELATIVE_PATH`, `TAG`) VALUES
('s1', '/e25', '/s1/bitrix/catalog.top/06f', 'iblock_id_2'),
(NULL, NULL, '0:1408417622', '**'),
('s1', '/59d', '/s1/bitrix/menu/345', 'bitrix:menu'),
('s1', '/59d', '/s1/bitrix/menu/345', 'iblock_id_new'),
('s1', '/59d', '/s1/bitrix/menu/345', 'bitrix:menu'),
('s1', '/50b', '/s1/bitrix/menu/06f', 'bitrix:menu'),
('s1', '/59d', '/s1/bitrix/menu/345', 'iblock_id_2'),
('s1', '/6f8', '/s1/bitrix/menu/345', 'iblock_id_new'),
('s1', '/6f8', '/s1/bitrix/menu/345', 'iblock_id_2'),
('s1', '/6f8', '/s1/bitrix/menu/345', 'bitrix:menu'),
('s1', '/6f8', '/s1/bitrix/menu/345', 'iblock_id_2'),
('s1', '/ab4', '/s1/bitrix/menu/345', 'bitrix:menu'),
('s1', '/59d', '/s1/bitrix/menu/345', 'iblock_id_2'),
('s1', '/ab4', '/s1/bitrix/menu/06f', 'iblock_id_new'),
('s1', '/e25', '/s1/bitrix/catalog.top/06f', 'iblock_property_enum_85'),
('s1', '/ab4', '/s1/bitrix/menu/345', 'iblock_id_new'),
('s1', '/ab4', '/s1/bitrix/menu/06f', 'bitrix:menu'),
('s1', '/e25', '/s1/bitrix/news.list/345', 'iblock_id_1'),
('s1', '/e25', '/s1/bitrix/catalog.top/06f', 'iblock_property_enum_84'),
('s1', '/59d', '/s1/bitrix/catalog.section/59d', 'iblock_id_2'),
('s1', '/59d', '/s1/bitrix/menu/345', 'iblock_id_2'),
('s1', '/59d', '/s1/bitrix/menu/345', 'iblock_id_new'),
('s1', '/59d', '/s1/bitrix/catalog.smart.filter/59d', 'iblock_id_2'),
('s1', '/59d', '/s1/bitrix/catalog.section/59d', 'iblock_property_enum_85'),
('s1', '/59d', '/s1/bitrix/menu/06f', 'bitrix:menu'),
('s1', '/59d', '/s1/bitrix/menu/345', 'bitrix:menu'),
('s1', '/59d', '/s1/bitrix/menu/345', 'iblock_id_new'),
('s1', '/59d', '/s1/bitrix/catalog.smart.filter/59d', 'iblock_property_enum_84'),
('s1', '/59d', '/s1/bitrix/catalog.smart.filter/59d', 'iblock_property_enum_63'),
('s1', '/59d', '/s1/bitrix/catalog.section/59d', 'iblock_property_enum_63'),
('s1', '/59d', '/s1/bitrix/catalog.section/59d', 'iblock_property_enum_84'),
('s1', '/59d', '/s1/bitrix/menu/345', 'iblock_id_2'),
('s1', '/59d', '/s1/bitrix/sale.recommended.products/59d', 'sale_product_buy'),
('s1', '/e25', '/s1/bitrix/catalog.top/06f', 'iblock_property_enum_85'),
('s1', '/59d', '/s1/bitrix/catalog.section/59d', 'iblock_property_enum_85'),
('s1', '/59d', '/s1/bitrix/menu/345', 'iblock_id_new'),
('s1', '/59d', '/s1/bitrix/menu/345', 'iblock_id_2'),
('s1', '/59d', '/s1/bitrix/menu/345', 'iblock_id_2'),
('s1', '/59d', '/s1/bitrix/menu/345', 'iblock_id_2'),
('s1', '/e25', '/s1/bitrix/catalog.top/06f', 'iblock_property_enum_63'),
('s1', '/59d', '/s1/bitrix/catalog.section/59d', 'iblock_property_enum_84'),
('s1', '/59d', '/s1/bitrix/catalog.smart.filter/59d', 'iblock_property_enum_63'),
('s1', '/59d', '/s1/bitrix/catalog.section/59d', 'iblock_property_enum_63'),
('s1', '/59d', '/s1/bitrix/menu/345', 'iblock_id_new'),
('s1', '/59d', '/s1/bitrix/menu/345', 'iblock_id_new'),
('s1', '/e25', '/s1/bitrix/catalog.top/e25', 'iblock_property_enum_85'),
('s1', '/e25', '/s1/bitrix/menu/345', 'bitrix:menu'),
('s1', '/e25', '/s1/bitrix/menu/345', 'iblock_id_new'),
('s1', '/e25', '/s1/bitrix/catalog.top/06f', 'iblock_property_enum_85'),
('s1', '/e25', '/s1/bitrix/catalog.top/06f', 'iblock_property_enum_63'),
('s1', '/59d', '/s1/bitrix/menu/06f', 'iblock_id_new'),
('s1', '/e25', '/s1/bitrix/catalog.top/06f', 'iblock_id_2'),
('s1', '/e25', '/s1/bitrix/menu/06f', 'bitrix:menu'),
('s1', '/59d', '/s1/bitrix/menu/345', 'bitrix:menu'),
('s1', '/e25', '/s1/bitrix/catalog.top/06f', 'iblock_id_2'),
('s1', '/59d', '/s1/bitrix/news.list/345', 'iblock_id_1'),
('s1', '/ab4', '/s1/bitrix/menu/345', 'iblock_id_new'),
('s1', '/ab4', '/s1/bitrix/menu/345', 'iblock_id_new'),
('s1', '/ab4', '/s1/bitrix/menu/06f', 'bitrix:menu'),
('s1', '/ab4', '/s1/bitrix/menu/06f', 'iblock_id_new'),
('s1', '/59d', '/s1/bitrix/menu/345', 'iblock_id_new'),
('s1', '/59d', '/s1/bitrix/menu/345', 'iblock_id_2'),
('s1', '/ab4', '/s1/bitrix/menu/345', 'iblock_id_new'),
('s1', '/ab4', '/s1/bitrix/menu/06f', 'bitrix:menu'),
('s1', '/59d', '/s1/bitrix/menu/345', 'iblock_id_new'),
('s1', '/59d', '/s1/bitrix/menu/345', 'iblock_id_2'),
('s1', '/59d', '/s1/bitrix/menu/345', 'iblock_id_new'),
('s1', '/59d', '/s1/bitrix/catalog.smart.filter/59d', 'iblock_property_enum_84'),
('s1', '/59d', '/s1/bitrix/menu/345', 'bitrix:menu'),
('s1', '/59d', '/s1/bitrix/menu/345', 'iblock_id_2'),
('s1', '/59d', '/s1/bitrix/menu/06f', 'bitrix:menu'),
('s1', '/59d', '/s1/bitrix/menu/345', 'bitrix:menu'),
('s1', '/59d', '/s1/bitrix/menu/345', 'iblock_id_2'),
('s1', '/59d', '/s1/bitrix/menu/06f', 'bitrix:menu'),
('s1', '/59d', '/s1/bitrix/menu/345', 'bitrix:menu'),
('s1', '/860', '/s1/bitrix/menu/06f', 'iblock_id_new'),
('s1', '/860', '/s1/bitrix/news.list/345', 'iblock_id_1'),
('s1', '/59d', '/s1/bitrix/catalog.section/59d', 'iblock_property_enum_85'),
('s1', '/860', '/s1/bitrix/menu/345', 'iblock_id_new'),
('s1', '/e25', '/s1/bitrix/menu/345', 'iblock_id_new'),
('s1', '/59d', '/s1/bitrix/menu/345', 'iblock_id_2'),
('s1', '/59d', '/s1/bitrix/catalog.smart.filter/59d', 'iblock_property_enum_63'),
('s1', '/6f8', '/s1/bitrix/menu/345', 'bitrix:menu'),
('s1', '/6f8', '/s1/bitrix/menu/345', 'iblock_id_2'),
('s1', '/59d', '/s1/bitrix/catalog.smart.filter/59d', 'iblock_property_enum_84'),
('s1', '/6f8', '/s1/bitrix/menu/06f', 'bitrix:menu'),
('s1', '/59d', '/s1/bitrix/menu/345', 'iblock_id_new'),
('s1', '/59d', '/s1/bitrix/catalog.section/59d', 'iblock_id_2'),
('s1', '/59d', '/s1/bitrix/catalog.section/59d', 'iblock_id_2'),
('s1', '/59d', '/s1/bitrix/menu/345', 'bitrix:menu'),
('s1', '/59d', '/s1/bitrix/menu/345', 'iblock_id_2'),
('s1', '/59d', '/s1/bitrix/menu/06f', 'bitrix:menu'),
('s1', '/c45', '/s1/bitrix/menu/345', 'iblock_id_new'),
('s1', '/59d', '/s1/bitrix/catalog.section/59d', 'iblock_property_enum_84'),
('s1', '/c45', '/s1/bitrix/menu/06f', 'iblock_id_new'),
('s1', '/c45', '/s1/bitrix/menu/345', 'bitrix:menu'),
('s1', '/e25', '/s1/bitrix/catalog.top/06f', 'iblock_property_enum_84'),
('s1', '/ab4', '/s1/bitrix/menu/06f', 'bitrix:menu'),
('s1', '/59d', '/s1/bitrix/menu/06f', 'bitrix:menu'),
('s1', '/59d', '/s1/bitrix/menu/06f', 'iblock_id_2'),
('s1', '/59d', '/s1/bitrix/iblock.vote/59d', 'iblock_id_2'),
('s1', '/59d', '/s1/bitrix/catalog.element/59d', 'iblock_id_2'),
('s1', '/59d', '/s1/bitrix/menu/345', 'bitrix:menu'),
('s1', '/59d', '/s1/bitrix/menu/345', 'iblock_id_2'),
('s1', '/e25', '/s1/bitrix/menu/06f', 'iblock_id_2'),
('s1', '/e2a', '/s1/bitrix/news.list/345', 'iblock_id_1'),
('s1', '/6f8', '/s1/bitrix/menu/345', 'iblock_id_2'),
('s1', '/e25', '/s1/bitrix/menu/345', 'iblock_id_2'),
('s1', '/e25', '/s1/bitrix/menu/345', 'iblock_id_new'),
('s1', '/860', '/s1/bitrix/menu/06f', 'iblock_id_new'),
('s1', '/59d', '/s1/bitrix/catalog.smart.filter/59d', 'iblock_id_2'),
('s1', '/59d', '/s1/bitrix/menu/06f', 'bitrix:menu'),
('s1', '/c45', '/s1/bitrix/menu/06f', 'bitrix:menu'),
('s1', '/c45', '/s1/bitrix/menu/345', 'bitrix:menu'),
('s1', '/6f8', '/s1/bitrix/menu/345', 'bitrix:menu'),
('s1', '/6f8', '/s1/bitrix/menu/345', 'iblock_id_2'),
('s1', '/6f8', '/s1/bitrix/menu/345', 'bitrix:menu'),
('s1', '/59d', '/s1/bitrix/menu/345', 'bitrix:menu'),
('s1', '/59d', '/s1/bitrix/menu/345', 'iblock_id_new'),
('s1', '/59d', '/s1/bitrix/catalog.section/59d', 'iblock_id_2'),
('s1', '/59d', '/s1/bitrix/menu/345', 'bitrix:menu'),
('s1', '/59d', '/s1/bitrix/menu/345', 'iblock_id_2'),
('s1', '/e25', '/s1/bitrix/catalog.top/06f', 'iblock_property_enum_84'),
('s1', '/e25', '/s1/bitrix/catalog.top/06f', 'iblock_property_enum_85'),
('s1', '/e25', '/s1/bitrix/catalog.top/e25', 'iblock_id_2'),
('s1', '/e25', '/s1/bitrix/catalog.top/e25', 'iblock_property_enum_63'),
('s1', '/e25', '/s1/bitrix/catalog.top/e25', 'iblock_property_enum_84'),
('s1', '/e25', '/s1/bitrix/catalog.top/e25', 'iblock_property_enum_85'),
('s1', '/e25', '/s1/bitrix/menu/345', 'bitrix:menu'),
('s1', '/e25', '/s1/bitrix/menu/345', 'iblock_id_2'),
('s1', '/e25', '/s1/bitrix/menu/345', 'iblock_id_new'),
('s1', '/e25', '/s1/bitrix/catalog.top/e25', 'iblock_property_enum_85'),
('s1', '/e25', '/s1/bitrix/menu/06f', 'bitrix:menu'),
('s1', '/e25', '/s1/bitrix/catalog.top/06f', 'iblock_id_2'),
('s1', '/e25', '/s1/bitrix/catalog.top/06f', 'iblock_property_enum_63'),
('s1', '/e25', '/s1/bitrix/catalog.top/06f', 'iblock_property_enum_85'),
('s1', '/e25', '/s1/bitrix/catalog.top/e25', 'iblock_property_enum_63'),
('s1', '/e25', '/s1/bitrix/catalog.top/e25', 'iblock_property_enum_84'),
('s1', '/e25', '/s1/bitrix/catalog.top/e25', 'iblock_property_enum_85'),
('s1', '/e25', '/s1/bitrix/menu/345', 'iblock_id_2'),
('s1', '/e25', '/s1/bitrix/menu/345', 'iblock_id_new'),
('s1', '/e25', '/s1/bitrix/menu/06f', 'bitrix:menu'),
('s1', '/e25', '/s1/bitrix/catalog.top/06f', 'iblock_id_2'),
('s1', '/e25', '/s1/bitrix/catalog.top/06f', 'iblock_property_enum_63'),
('s1', '/e25', '/s1/bitrix/catalog.top/06f', 'iblock_property_enum_85'),
('s1', '/e25', '/s1/bitrix/catalog.top/e25', 'iblock_property_enum_63'),
('s1', '/e25', '/s1/bitrix/catalog.top/e25', 'iblock_property_enum_84'),
('s1', '/e25', '/s1/bitrix/catalog.top/e25', 'iblock_property_enum_85'),
('s1', '/e25', '/s1/bitrix/menu/345', 'iblock_id_2'),
('s1', '/e25', '/s1/bitrix/menu/345', 'iblock_id_new'),
('s1', '/e25', '/s1/bitrix/menu/06f', 'bitrix:menu'),
('s1', '/e25', '/s1/bitrix/catalog.top/06f', 'iblock_id_2'),
('s1', '/e25', '/s1/bitrix/catalog.top/06f', 'iblock_property_enum_63'),
('s1', '/e25', '/s1/bitrix/catalog.top/06f', 'iblock_property_enum_85'),
('s1', '/e25', '/s1/bitrix/catalog.top/e25', 'iblock_property_enum_63'),
('s1', '/e25', '/s1/bitrix/catalog.top/e25', 'iblock_property_enum_84'),
('s1', '/e25', '/s1/bitrix/catalog.top/e25', 'iblock_property_enum_85'),
('s1', '/c45', '/s1/bitrix/menu/345', 'iblock_id_new'),
('s1', '/c45', '/s1/bitrix/menu/06f', 'iblock_id_new'),
('s1', '/e25', '/s1/bitrix/menu/06f', 'bitrix:menu'),
('s1', '/59d', '/s1/bitrix/menu/06f', 'bitrix:menu'),
('s1', '/6f8', '/s1/bitrix/menu/345', 'iblock_id_new'),
('s1', '/c45', '/s1/bitrix/menu/06f', 'bitrix:menu'),
('s1', '/59d', '/s1/bitrix/catalog.smart.filter/59d', 'iblock_property_enum_84'),
('s1', '/59d', '/s1/bitrix/menu/345', 'iblock_id_2'),
('s1', '/59d', '/s1/bitrix/menu/345', 'iblock_id_new'),
('s1', '/6f8', '/s1/bitrix/menu/345', 'bitrix:menu'),
('s1', '/338', '/s1/bitrix/menu/06f', 'iblock_id_new'),
('s1', '/59d', '/s1/bitrix/catalog.section/59d', 'iblock_property_enum_63'),
('s1', '/fa4', '/s1/bitrix/news.list/345', 'iblock_id_1'),
('s1', '/ab4', '/s1/bitrix/news.list/345', 'iblock_id_1'),
('s1', '/59d', '/s1/bitrix/catalog.smart.filter/59d', 'iblock_property_enum_63'),
('s1', '/e25', '/s1/bitrix/catalog.top/06f', 'iblock_property_enum_84'),
('s1', '/fb5', '/s1/bitrix/news.list/345', 'iblock_id_1'),
('s1', '/50b', '/s1/bitrix/menu/06f', 'iblock_id_new'),
('s1', '/e25', '/s1/bitrix/catalog.top/06f', 'iblock_property_enum_63'),
('s1', '/59d', '/s1/bitrix/catalog.section/59d', 'iblock_property_enum_84'),
('s1', '/59d', '/s1/bitrix/catalog.section/59d', 'iblock_property_enum_85'),
('s1', '/8be', '/s1/bitrix/news.list/345', 'iblock_id_1'),
('s1', '/ab4', '/s1/bitrix/menu/06f', 'iblock_id_new'),
('s1', '/59d', '/s1/bitrix/menu/345', 'iblock_id_new'),
('s1', '/59d', '/s1/bitrix/catalog.section/59d', 'iblock_id_2'),
('s1', '/59d', '/s1/bitrix/catalog.section/59d', 'iblock_property_enum_63'),
('s1', '/6f8', '/s1/bitrix/menu/06f', 'iblock_id_new'),
('s1', '/6f8', '/s1/bitrix/menu/345', 'bitrix:menu'),
('s1', '/6f8', '/s1/bitrix/menu/345', 'iblock_id_2'),
('s1', '/59d', '/s1/bitrix/catalog.smart.filter/59d', 'iblock_property_enum_84'),
('s1', '/59d', '/s1/bitrix/catalog.smart.filter/59d', 'iblock_property_enum_63'),
('s1', '/59d', '/s1/bitrix/catalog.smart.filter/59d', 'iblock_property_enum_84'),
('s1', '/59d', '/s1/bitrix/catalog.smart.filter/59d', 'iblock_id_2'),
('s1', '/e25', '/s1/bitrix/catalog.top/e25', 'iblock_property_enum_84'),
('s1', '/e25', '/s1/bitrix/menu/345', 'iblock_id_2'),
('s1', '/59d', '/s1/bitrix/catalog.smart.filter/59d', 'iblock_property_enum_63'),
('s1', '/59d', '/s1/bitrix/catalog.smart.filter/59d', 'iblock_property_enum_84'),
('s1', '/fb5', '/s1/bitrix/menu/345', 'bitrix:menu'),
('s1', '/fb5', '/s1/bitrix/menu/345', 'iblock_id_2'),
('s1', '/fb5', '/s1/bitrix/menu/345', 'iblock_id_new'),
('s1', '/f02', '/s1/bitrix/menu/06f', 'iblock_id_new'),
('s1', '/e25', '/s1/bitrix/menu/345', 'iblock_id_new'),
('s1', '/6f8', '/s1/bitrix/menu/345', 'iblock_id_new'),
('s1', '/c45', '/s1/bitrix/menu/345', 'bitrix:menu'),
('s1', '/c45', '/s1/bitrix/menu/345', 'iblock_id_new'),
('s1', '/6f8', '/s1/bitrix/menu/06f', 'bitrix:menu'),
('s1', '/e25', '/s1/bitrix/menu/345', 'iblock_id_2'),
('s1', '/e5b', '/s1/bitrix/news.list/345', 'iblock_id_1'),
('s1', '/6f8', '/s1/bitrix/menu/06f', 'iblock_id_new'),
('s1', '/6f8', '/s1/bitrix/menu/345', 'bitrix:menu'),
('s1', '/6f8', '/s1/bitrix/menu/345', 'iblock_id_new'),
('s1', '/e25', '/s1/bitrix/catalog.top/e25', 'iblock_property_enum_84'),
('s1', '/6f8', '/s1/bitrix/menu/06f', 'iblock_id_new'),
('s1', '/e25', '/s1/bitrix/catalog.top/e25', 'iblock_property_enum_63'),
('s1', '/6f8', '/s1/bitrix/menu/345', 'iblock_id_new'),
('s1', '/e25', '/s1/bitrix/catalog.top/e25', 'iblock_id_2'),
('s1', '/6f8', '/s1/bitrix/menu/345', 'iblock_id_2'),
('s1', '/fb5', '/s1/bitrix/menu/06f', 'bitrix:menu'),
('s1', '/6f8', '/s1/bitrix/menu/345', 'bitrix:menu'),
('s1', '/f02', '/s1/bitrix/menu/345', 'iblock_id_new'),
('s1', '/6f8', '/s1/bitrix/menu/06f', 'iblock_id_new'),
('s1', '/6f8', '/s1/bitrix/news.list/345', 'iblock_id_1'),
('s1', '/6f8', '/s1/bitrix/menu/345', 'bitrix:menu'),
('s1', '/e25', '/s1/bitrix/catalog.top/06f', 'iblock_property_enum_84'),
('s1', '/860', '/s1/bitrix/menu/345', 'iblock_id_new'),
('s1', '/e25', '/s1/bitrix/catalog.top/e25', 'iblock_id_2'),
('s1', '/e25', '/s1/bitrix/catalog.top/e25', 'iblock_property_enum_63'),
('s1', '/e25', '/s1/bitrix/catalog.top/06f', 'iblock_property_enum_63'),
('s1', '/59d', '/s1/bitrix/menu/345', 'iblock_id_2'),
('s1', '/59d', '/s1/bitrix/menu/06f', 'bitrix:menu'),
('s1', '/59d', '/iblock/catalog', 'iblock_id_2'),
('s1', '/c45', '/s1/bitrix/news.list/345', 'iblock_id_1'),
('s1', '/59d', '/s1/bitrix/menu/345', 'iblock_id_new'),
('s1', '/c45', '/s1/bitrix/menu/06f', 'iblock_id_new'),
('s1', '/59d', '/s1/bitrix/catalog.smart.filter/59d', 'iblock_property_enum_63'),
('s1', '/59d', '/s1/bitrix/menu/06f', 'bitrix:menu'),
('s1', '/c45', '/s1/bitrix/menu/06f', 'bitrix:menu'),
('s1', '/59d', '/s1/bitrix/menu/345', 'bitrix:menu'),
('s1', '/59d', '/s1/bitrix/menu/345', 'iblock_id_new'),
('s1', '/59d', '/s1/bitrix/menu/345', 'bitrix:menu'),
('s1', '/59d', '/s1/bitrix/menu/345', 'bitrix:menu'),
('s1', '/338', '/s1/bitrix/menu/345', 'iblock_id_new'),
('s1', '/59d', '/s1/bitrix/catalog.section.list/59d', 'iblock_id_2'),
('s1', '/e25', '/s1/bitrix/catalog.top/e25', 'iblock_id_2'),
('s1', '/e25', '/s1/bitrix/catalog.top/e25', 'iblock_property_enum_63'),
('s1', '/e25', '/s1/bitrix/catalog.top/e25', 'iblock_property_enum_84'),
('s1', '/e25', '/s1/bitrix/menu/345', 'iblock_id_2'),
('s1', '/e25', '/s1/bitrix/menu/345', 'iblock_id_new'),
('s1', '/e25', '/s1/bitrix/catalog.top/06f', 'iblock_property_enum_85'),
('s1', '/e25', '/s1/bitrix/catalog.top/e25', 'iblock_property_enum_63'),
('s1', '/e25', '/s1/bitrix/catalog.top/e25', 'iblock_property_enum_84'),
('s1', '/e25', '/s1/bitrix/catalog.top/e25', 'iblock_property_enum_84'),
('s1', '/e25', '/s1/bitrix/menu/06f', 'iblock_id_new'),
('s1', '/e25', '/s1/bitrix/catalog.top/06f', 'iblock_id_2'),
('s1', '/e25', '/s1/bitrix/catalog.top/e25', 'iblock_property_enum_63'),
('s1', '/e25', '/s1/bitrix/catalog.top/e25', 'iblock_property_enum_84'),
('s1', '/e25', '/s1/bitrix/catalog.top/e25', 'iblock_property_enum_85'),
('s1', '/e25', '/s1/bitrix/catalog.top/06f', 'iblock_id_2'),
('s1', '/e25', '/s1/bitrix/catalog.top/06f', 'iblock_property_enum_63'),
('s1', '/e25', '/s1/bitrix/catalog.top/06f', 'iblock_property_enum_85'),
('s1', '/e25', '/s1/bitrix/catalog.top/06f', 'iblock_property_enum_63'),
('s1', '/e25', '/s1/bitrix/catalog.top/06f', 'iblock_property_enum_63'),
('s1', '/e25', '/s1/bitrix/catalog.top/e25', 'iblock_property_enum_63'),
('s1', '/e25', '/s1/bitrix/catalog.top/06f', 'iblock_property_enum_85'),
('s1', '/e25', '/s1/bitrix/catalog.top/06f', 'iblock_id_2'),
('s1', '/ab4', '/s1/bitrix/menu/06f', 'bitrix:menu'),
('s1', '/6f8', '/s1/bitrix/menu/06f', 'bitrix:menu'),
('s1', '/e25', '/s1/bitrix/catalog.top/e25', 'iblock_id_2'),
('s1', '/e25', '/s1/bitrix/catalog.top/e25', 'iblock_property_enum_63'),
('s1', '/e25', '/s1/bitrix/catalog.top/e25', 'iblock_property_enum_84'),
('s1', '/e25', '/s1/bitrix/menu/345', 'iblock_id_2'),
('s1', '/e25', '/s1/bitrix/menu/345', 'iblock_id_new'),
('s1', '/59d', '/s1/bitrix/catalog.smart.filter/59d', 'iblock_property_enum_84'),
('s1', '/59d', '/s1/bitrix/catalog.smart.filter/59d', 'iblock_property_enum_63'),
('s1', '/59d', '/s1/bitrix/catalog.section/59d', 'iblock_property_enum_63'),
('s1', '/59d', '/s1/bitrix/catalog.section/59d', 'iblock_property_enum_84'),
('s1', '/59d', '/s1/bitrix/catalog.section/59d', 'iblock_property_enum_85'),
('s1', '/59d', '/s1/bitrix/menu/345', 'iblock_id_2'),
('s1', '/59d', '/s1/bitrix/menu/345', 'iblock_id_new'),
('s1', '/e25', '/s1/bitrix/catalog.top/06f', 'iblock_property_enum_63'),
('s1', '/e25', '/s1/bitrix/catalog.top/06f', 'iblock_property_enum_84'),
('s1', '/e25', '/s1/bitrix/catalog.top/06f', 'iblock_property_enum_85'),
('s1', '/e25', '/s1/bitrix/catalog.top/e25', 'iblock_id_2'),
('s1', '/e25', '/s1/bitrix/catalog.top/e25', 'iblock_property_enum_63'),
('s1', '/e25', '/s1/bitrix/catalog.top/e25', 'iblock_property_enum_84'),
('s1', '/e25', '/s1/bitrix/menu/345', 'iblock_id_2'),
('s1', '/e25', '/s1/bitrix/menu/345', 'iblock_id_new'),
('s1', '/59d', '/s1/bitrix/catalog.smart.filter/59d', 'iblock_property_enum_84'),
('s1', '/59d', '/s1/bitrix/catalog.smart.filter/59d', 'iblock_property_enum_63'),
('s1', '/59d', '/s1/bitrix/catalog.section/59d', 'iblock_property_enum_63'),
('s1', '/59d', '/s1/bitrix/catalog.section/59d', 'iblock_property_enum_84'),
('s1', '/59d', '/s1/bitrix/catalog.section/59d', 'iblock_property_enum_85'),
('s1', '/59d', '/s1/bitrix/menu/345', 'iblock_id_2'),
('s1', '/59d', '/s1/bitrix/menu/345', 'iblock_id_new'),
('s1', '/59d', '/s1/bitrix/catalog.smart.filter/59d', 'iblock_property_enum_84'),
('s1', '/59d', '/s1/bitrix/catalog.smart.filter/59d', 'iblock_property_enum_63'),
('s1', '/59d', '/s1/bitrix/catalog.section/59d', 'iblock_property_enum_63'),
('s1', '/59d', '/s1/bitrix/catalog.section/59d', 'iblock_property_enum_84'),
('s1', '/59d', '/s1/bitrix/catalog.section/59d', 'iblock_property_enum_85'),
('s1', '/59d', '/s1/bitrix/menu/345', 'iblock_id_2'),
('s1', '/59d', '/s1/bitrix/menu/345', 'iblock_id_new'),
('s1', '/e25', '/s1/bitrix/catalog.top/06f', 'iblock_property_enum_63'),
('s1', '/e25', '/s1/bitrix/catalog.top/06f', 'iblock_property_enum_84'),
('s1', '/e25', '/s1/bitrix/catalog.top/06f', 'iblock_property_enum_85'),
('s1', '/e25', '/s1/bitrix/catalog.top/e25', 'iblock_id_2'),
('s1', '/e25', '/s1/bitrix/catalog.top/e25', 'iblock_property_enum_63'),
('s1', '/e25', '/s1/bitrix/catalog.top/e25', 'iblock_property_enum_84'),
('s1', '/e25', '/s1/bitrix/menu/345', 'iblock_id_2'),
('s1', '/e25', '/s1/bitrix/menu/345', 'iblock_id_new'),
('s1', '/e25', '/s1/bitrix/catalog.top/06f', 'iblock_property_enum_63'),
('s1', '/e25', '/s1/bitrix/catalog.top/06f', 'iblock_property_enum_84'),
('s1', '/e25', '/s1/bitrix/catalog.top/06f', 'iblock_property_enum_85'),
('s1', '/e25', '/s1/bitrix/catalog.top/e25', 'iblock_id_2'),
('s1', '/e25', '/s1/bitrix/catalog.top/e25', 'iblock_property_enum_63'),
('s1', '/e25', '/s1/bitrix/catalog.top/e25', 'iblock_property_enum_84'),
('s1', '/e25', '/s1/bitrix/menu/345', 'iblock_id_2'),
('s1', '/e25', '/s1/bitrix/menu/345', 'iblock_id_new'),
('s1', '/e25', '/s1/bitrix/catalog.top/06f', 'iblock_property_enum_63'),
('s1', '/e25', '/s1/bitrix/catalog.top/06f', 'iblock_property_enum_84'),
('s1', '/e25', '/s1/bitrix/catalog.top/06f', 'iblock_property_enum_85'),
('s1', '/e25', '/s1/bitrix/catalog.top/e25', 'iblock_id_2'),
('s1', '/e25', '/s1/bitrix/catalog.top/e25', 'iblock_property_enum_63'),
('s1', '/e25', '/s1/bitrix/catalog.top/e25', 'iblock_property_enum_84'),
('s1', '/e25', '/s1/bitrix/menu/345', 'iblock_id_2'),
('s1', '/e25', '/s1/bitrix/menu/345', 'iblock_id_new'),
('s1', '/082', '/s1/bitrix/menu/06f', 'bitrix:menu'),
('s1', '/082', '/s1/bitrix/news.list/345', 'iblock_id_1'),
('s1', '/082', '/s1/bitrix/menu/345', 'bitrix:menu'),
('s1', '/082', '/s1/bitrix/menu/345', 'iblock_id_2'),
('s1', '/082', '/s1/bitrix/menu/345', 'iblock_id_new'),
('s1', '/6f8', '/s1/bitrix/menu/345', 'bitrix:menu'),
('s1', '/6f8', '/s1/bitrix/menu/345', 'iblock_id_2'),
('s1', '/6f8', '/s1/bitrix/menu/345', 'bitrix:menu'),
('s1', '/6f8', '/s1/bitrix/menu/345', 'iblock_id_2'),
('s1', '/516', '/s1/bitrix/menu/06f', 'bitrix:menu'),
('s1', '/516', '/s1/bitrix/news.list/345', 'iblock_id_1'),
('s1', '/516', '/s1/bitrix/menu/345', 'bitrix:menu'),
('s1', '/516', '/s1/bitrix/menu/345', 'iblock_id_2'),
('s1', '/516', '/s1/bitrix/menu/345', 'iblock_id_new'),
('s1', '/516', '/s1/bitrix/menu/345', 'iblock_id_2'),
('s1', '/516', '/s1/bitrix/menu/345', 'iblock_id_new'),
('s1', '/082', '/s1/bitrix/menu/345', 'iblock_id_2'),
('s1', '/082', '/s1/bitrix/menu/345', 'iblock_id_new'),
('s1', '/516', '/s1/bitrix/menu/345', 'iblock_id_2'),
('s1', '/516', '/s1/bitrix/menu/345', 'iblock_id_new'),
('s1', '/e25', '/s1/bitrix/catalog.top/e25', 'iblock_property_enum_63'),
('s1', '/e25', '/s1/bitrix/catalog.top/e25', 'iblock_id_2'),
('s1', '/e25', '/s1/bitrix/catalog.top/e25', 'iblock_property_enum_84'),
('s1', '/e25', '/s1/bitrix/catalog.top/e25', 'iblock_id_2'),
('s1', '/e25', '/s1/bitrix/catalog.top/e25', 'iblock_property_enum_63'),
('s1', '/e25', '/s1/bitrix/catalog.top/e25', 'iblock_property_enum_84'),
('s1', '/e25', '/s1/bitrix/catalog.top/e25', 'iblock_id_2'),
('s1', '/e25', '/s1/bitrix/catalog.top/e25', 'iblock_property_enum_63'),
('s1', '/e25', '/s1/bitrix/catalog.top/e25', 'iblock_property_enum_84'),
('s1', '/e25', '/s1/bitrix/catalog.top/e25', 'iblock_id_2'),
('s1', '/e25', '/s1/bitrix/catalog.top/e25', 'iblock_property_enum_63'),
('s1', '/e25', '/s1/bitrix/catalog.top/e25', 'iblock_property_enum_84'),
('s1', '/e25', '/s1/bitrix/catalog.top/e25', 'iblock_id_2'),
('s1', '/e25', '/s1/bitrix/catalog.top/e25', 'iblock_property_enum_63'),
('s1', '/e25', '/s1/bitrix/catalog.top/e25', 'iblock_property_enum_84'),
('s1', '/e25', '/s1/bitrix/catalog.top/e25', 'iblock_id_2'),
('s1', '/e25', '/s1/bitrix/catalog.top/e25', 'iblock_property_enum_63'),
('s1', '/e25', '/s1/bitrix/catalog.top/e25', 'iblock_property_enum_84'),
('s1', '/e25', '/s1/bitrix/catalog.top/e25', 'iblock_id_2'),
('s1', '/e25', '/s1/bitrix/catalog.top/e25', 'iblock_property_enum_63'),
('s1', '/e25', '/s1/bitrix/catalog.top/e25', 'iblock_property_enum_84'),
('s1', '/e25', '/s1/bitrix/catalog.top/e25', 'iblock_id_2'),
('s1', '/e25', '/s1/bitrix/catalog.top/e25', 'iblock_property_enum_63'),
('s1', '/e25', '/s1/bitrix/catalog.top/e25', 'iblock_property_enum_84'),
('s1', '/59d', '/s1/bitrix/catalog.smart.filter/59d', 'iblock_property_enum_84'),
('s1', '/59d', '/s1/bitrix/catalog.smart.filter/59d', 'iblock_property_enum_63'),
('s1', '/59d', '/s1/bitrix/catalog.section/59d', 'iblock_property_enum_63'),
('s1', '/59d', '/s1/bitrix/catalog.section/59d', 'iblock_property_enum_84'),
('s1', '/59d', '/s1/bitrix/catalog.section/59d', 'iblock_property_enum_85'),
('s1', '/e25', '/s1/bitrix/catalog.top/e25', 'iblock_id_2'),
('s1', '/e25', '/s1/bitrix/catalog.top/e25', 'iblock_property_enum_63'),
('s1', '/e25', '/s1/bitrix/catalog.top/e25', 'iblock_property_enum_84'),
('s1', '/e25', '/s1/bitrix/catalog.top/e25', 'iblock_id_2'),
('s1', '/e25', '/s1/bitrix/catalog.top/e25', 'iblock_property_enum_63'),
('s1', '/e25', '/s1/bitrix/catalog.top/e25', 'iblock_property_enum_84'),
('s1', '/e25', '/s1/bitrix/catalog.top/e25', 'iblock_id_2'),
('s1', '/e25', '/s1/bitrix/catalog.top/e25', 'iblock_property_enum_63'),
('s1', '/e25', '/s1/bitrix/catalog.top/e25', 'iblock_property_enum_84'),
('s1', '/e25', '/s1/bitrix/catalog.top/e25', 'iblock_id_2'),
('s1', '/e25', '/s1/bitrix/catalog.top/e25', 'iblock_property_enum_63'),
('s1', '/e25', '/s1/bitrix/catalog.top/e25', 'iblock_property_enum_84'),
('s1', '/59d', '/s1/bitrix/catalog.smart.filter/59d', 'iblock_property_enum_84'),
('s1', '/59d', '/s1/bitrix/catalog.smart.filter/59d', 'iblock_property_enum_63'),
('s1', '/e25', '/s1/bitrix/catalog.top/e25', 'iblock_id_2'),
('s1', '/e25', '/s1/bitrix/catalog.top/e25', 'iblock_property_enum_63'),
('s1', '/e25', '/s1/bitrix/catalog.top/e25', 'iblock_property_enum_84');

-- --------------------------------------------------------

--
-- Структура таблицы `b_captcha`
--

CREATE TABLE IF NOT EXISTS `b_captcha` (
  `ID` varchar(32) NOT NULL,
  `CODE` varchar(20) NOT NULL,
  `IP` varchar(15) NOT NULL,
  `DATE_CREATE` datetime NOT NULL,
  UNIQUE KEY `UX_B_CAPTCHA` (`ID`)
) ENGINE=MyISAM DEFAULT CHARSET=cp1251;

-- --------------------------------------------------------

--
-- Структура таблицы `b_catalog_contractor`
--

CREATE TABLE IF NOT EXISTS `b_catalog_contractor` (
  `ID` int(11) NOT NULL AUTO_INCREMENT,
  `PERSON_TYPE` char(1) NOT NULL,
  `PERSON_NAME` varchar(100) DEFAULT NULL,
  `PERSON_LASTNAME` varchar(100) DEFAULT NULL,
  `PERSON_MIDDLENAME` varchar(100) DEFAULT NULL,
  `EMAIL` varchar(100) DEFAULT NULL,
  `PHONE` varchar(45) DEFAULT NULL,
  `POST_INDEX` varchar(45) DEFAULT NULL,
  `COUNTRY` varchar(45) DEFAULT NULL,
  `CITY` varchar(45) DEFAULT NULL,
  `COMPANY` varchar(145) DEFAULT NULL,
  `INN` varchar(145) DEFAULT NULL,
  `KPP` varchar(145) DEFAULT NULL,
  `ADDRESS` varchar(255) DEFAULT NULL,
  `DATE_MODIFY` timestamp NOT NULL DEFAULT CURRENT_TIMESTAMP ON UPDATE CURRENT_TIMESTAMP,
  `DATE_CREATE` datetime DEFAULT NULL,
  `CREATED_BY` int(11) DEFAULT NULL,
  `MODIFIED_BY` int(11) DEFAULT NULL,
  PRIMARY KEY (`ID`)
) ENGINE=MyISAM DEFAULT CHARSET=cp1251 AUTO_INCREMENT=1 ;

-- --------------------------------------------------------

--
-- Структура таблицы `b_catalog_currency`
--

CREATE TABLE IF NOT EXISTS `b_catalog_currency` (
  `CURRENCY` char(3) NOT NULL,
  `AMOUNT_CNT` int(11) NOT NULL DEFAULT '1',
  `AMOUNT` decimal(18,4) DEFAULT NULL,
  `SORT` int(11) NOT NULL DEFAULT '100',
  `DATE_UPDATE` datetime NOT NULL,
  PRIMARY KEY (`CURRENCY`)
) ENGINE=MyISAM DEFAULT CHARSET=cp1251;

--
-- Дамп данных таблицы `b_catalog_currency`
--

INSERT INTO `b_catalog_currency` (`CURRENCY`, `AMOUNT_CNT`, `AMOUNT`, `SORT`, `DATE_UPDATE`) VALUES
('RUB', 1, 1.0000, 100, '2014-08-07 06:43:01'),
('USD', 1, 32.3000, 200, '2014-08-07 06:43:01'),
('EUR', 1, 43.8000, 300, '2014-08-07 06:43:01'),
('UAH', 10, 39.4100, 400, '2014-08-07 06:43:01');

-- --------------------------------------------------------

--
-- Структура таблицы `b_catalog_currency_lang`
--

CREATE TABLE IF NOT EXISTS `b_catalog_currency_lang` (
  `CURRENCY` char(3) NOT NULL,
  `LID` char(2) NOT NULL,
  `FORMAT_STRING` varchar(50) NOT NULL,
  `FULL_NAME` varchar(50) DEFAULT NULL,
  `DEC_POINT` varchar(5) DEFAULT '.',
  `THOUSANDS_SEP` varchar(5) DEFAULT ' ',
  `DECIMALS` tinyint(4) NOT NULL DEFAULT '2',
  `THOUSANDS_VARIANT` char(1) DEFAULT NULL,
  `HIDE_ZERO` char(1) NOT NULL DEFAULT 'N',
  PRIMARY KEY (`CURRENCY`,`LID`)
) ENGINE=MyISAM DEFAULT CHARSET=cp1251;

--
-- Дамп данных таблицы `b_catalog_currency_lang`
--

INSERT INTO `b_catalog_currency_lang` (`CURRENCY`, `LID`, `FORMAT_STRING`, `FULL_NAME`, `DEC_POINT`, `THOUSANDS_SEP`, `DECIMALS`, `THOUSANDS_VARIANT`, `HIDE_ZERO`) VALUES
('RUB', 'ru', '# руб.', 'Рубль', '.', NULL, 2, 'S', 'Y'),
('USD', 'ru', '$#', 'Доллар США', '.', NULL, 2, 'C', 'Y'),
('EUR', 'ru', '&euro;#', 'Евро', '.', NULL, 2, 'C', 'Y'),
('UAH', 'ru', '# грн.', 'Гривна', '.', NULL, 2, 'S', 'Y'),
('RUB', 'en', '# rub.', 'Ruble', '.', NULL, 2, 'S', 'N'),
('USD', 'en', '$#', 'US Dollar', '.', NULL, 2, 'C', 'N'),
('EUR', 'en', '&euro;#', 'Euro', '.', NULL, 2, 'C', 'N'),
('UAH', 'en', 'UAH #', 'UAH', '.', NULL, 2, 'S', 'N');

-- --------------------------------------------------------

--
-- Структура таблицы `b_catalog_currency_rate`
--

CREATE TABLE IF NOT EXISTS `b_catalog_currency_rate` (
  `ID` int(11) NOT NULL AUTO_INCREMENT,
  `CURRENCY` char(3) NOT NULL,
  `DATE_RATE` date NOT NULL,
  `RATE_CNT` int(11) NOT NULL DEFAULT '1',
  `RATE` decimal(18,4) NOT NULL DEFAULT '0.0000',
  PRIMARY KEY (`ID`),
  UNIQUE KEY `IX_CURRENCY_RATE` (`CURRENCY`,`DATE_RATE`)
) ENGINE=MyISAM DEFAULT CHARSET=cp1251 AUTO_INCREMENT=1 ;

-- --------------------------------------------------------

--
-- Структура таблицы `b_catalog_discount`
--

CREATE TABLE IF NOT EXISTS `b_catalog_discount` (
  `ID` int(11) NOT NULL AUTO_INCREMENT,
  `XML_ID` varchar(255) DEFAULT NULL,
  `SITE_ID` char(2) NOT NULL,
  `TYPE` int(11) NOT NULL DEFAULT '0',
  `ACTIVE` char(1) NOT NULL DEFAULT 'Y',
  `ACTIVE_FROM` datetime DEFAULT NULL,
  `ACTIVE_TO` datetime DEFAULT NULL,
  `RENEWAL` char(1) NOT NULL DEFAULT 'N',
  `NAME` varchar(255) DEFAULT NULL,
  `MAX_USES` int(11) NOT NULL DEFAULT '0',
  `COUNT_USES` int(11) NOT NULL DEFAULT '0',
  `COUPON` varchar(20) DEFAULT NULL,
  `SORT` int(11) NOT NULL DEFAULT '100',
  `MAX_DISCOUNT` decimal(18,4) DEFAULT NULL,
  `VALUE_TYPE` char(1) NOT NULL DEFAULT 'P',
  `VALUE` decimal(18,4) NOT NULL DEFAULT '0.0000',
  `CURRENCY` char(3) NOT NULL,
  `MIN_ORDER_SUM` decimal(18,4) DEFAULT '0.0000',
  `TIMESTAMP_X` timestamp NOT NULL DEFAULT CURRENT_TIMESTAMP ON UPDATE CURRENT_TIMESTAMP,
  `COUNT_PERIOD` char(1) NOT NULL DEFAULT 'U',
  `COUNT_SIZE` int(11) NOT NULL DEFAULT '0',
  `COUNT_TYPE` char(1) NOT NULL DEFAULT 'Y',
  `COUNT_FROM` datetime DEFAULT NULL,
  `COUNT_TO` datetime DEFAULT NULL,
  `ACTION_SIZE` int(11) NOT NULL DEFAULT '0',
  `ACTION_TYPE` char(1) NOT NULL DEFAULT 'Y',
  `MODIFIED_BY` int(18) DEFAULT NULL,
  `DATE_CREATE` datetime DEFAULT NULL,
  `CREATED_BY` int(18) DEFAULT NULL,
  `PRIORITY` int(18) NOT NULL DEFAULT '1',
  `LAST_DISCOUNT` char(1) NOT NULL DEFAULT 'Y',
  `VERSION` int(11) NOT NULL DEFAULT '1',
  `NOTES` varchar(255) DEFAULT NULL,
  `CONDITIONS` text,
  `UNPACK` text,
  PRIMARY KEY (`ID`),
  KEY `IX_C_D_COUPON` (`COUPON`),
  KEY `IX_C_D_ACT` (`ACTIVE`,`ACTIVE_FROM`,`ACTIVE_TO`),
  KEY `IX_C_D_ACT_B` (`SITE_ID`,`RENEWAL`,`ACTIVE`,`ACTIVE_FROM`,`ACTIVE_TO`)
) ENGINE=MyISAM  DEFAULT CHARSET=cp1251 AUTO_INCREMENT=3 ;

--
-- Дамп данных таблицы `b_catalog_discount`
--

INSERT INTO `b_catalog_discount` (`ID`, `XML_ID`, `SITE_ID`, `TYPE`, `ACTIVE`, `ACTIVE_FROM`, `ACTIVE_TO`, `RENEWAL`, `NAME`, `MAX_USES`, `COUNT_USES`, `COUPON`, `SORT`, `MAX_DISCOUNT`, `VALUE_TYPE`, `VALUE`, `CURRENCY`, `MIN_ORDER_SUM`, `TIMESTAMP_X`, `COUNT_PERIOD`, `COUNT_SIZE`, `COUNT_TYPE`, `COUNT_FROM`, `COUNT_TO`, `ACTION_SIZE`, `ACTION_TYPE`, `MODIFIED_BY`, `DATE_CREATE`, `CREATED_BY`, `PRIORITY`, `LAST_DISCOUNT`, `VERSION`, `NOTES`, `CONDITIONS`, `UNPACK`) VALUES
(2, '', 's1', 0, 'Y', NULL, NULL, 'N', 'Скидка на слона', 0, 0, NULL, 100, 0.0000, 'P', 10.0000, 'RUB', 0.0000, '2014-08-13 04:44:55', 'U', 0, 'Y', NULL, NULL, 0, 'Y', 1, '2014-08-13 08:44:34', 1, 1, 'Y', 2, '', 'a:3:{s:8:"CLASS_ID";s:9:"CondGroup";s:4:"DATA";a:2:{s:3:"All";s:3:"AND";s:4:"True";s:4:"True";}s:8:"CHILDREN";a:1:{i:0;a:2:{s:8:"CLASS_ID";s:13:"CondIBElement";s:4:"DATA";a:2:{s:5:"logic";s:5:"Equal";s:5:"value";i:320;}}}}', '((isset($arProduct[''ID'']) && ($arProduct[''ID''] == 320)))');

-- --------------------------------------------------------

--
-- Структура таблицы `b_catalog_discount2cat`
--

CREATE TABLE IF NOT EXISTS `b_catalog_discount2cat` (
  `ID` int(11) NOT NULL AUTO_INCREMENT,
  `DISCOUNT_ID` int(11) NOT NULL,
  `CATALOG_GROUP_ID` int(11) NOT NULL,
  PRIMARY KEY (`ID`),
  UNIQUE KEY `IX_C_D2C_CATDIS` (`CATALOG_GROUP_ID`,`DISCOUNT_ID`),
  UNIQUE KEY `IX_C_D2C_CATDIS_B` (`DISCOUNT_ID`,`CATALOG_GROUP_ID`)
) ENGINE=MyISAM DEFAULT CHARSET=cp1251 AUTO_INCREMENT=1 ;

-- --------------------------------------------------------

--
-- Структура таблицы `b_catalog_discount2group`
--

CREATE TABLE IF NOT EXISTS `b_catalog_discount2group` (
  `ID` int(11) NOT NULL AUTO_INCREMENT,
  `DISCOUNT_ID` int(11) NOT NULL,
  `GROUP_ID` int(11) NOT NULL,
  PRIMARY KEY (`ID`),
  UNIQUE KEY `IX_C_D2G_GRDIS` (`GROUP_ID`,`DISCOUNT_ID`),
  UNIQUE KEY `IX_C_D2G_GRDIS_B` (`DISCOUNT_ID`,`GROUP_ID`)
) ENGINE=MyISAM DEFAULT CHARSET=cp1251 AUTO_INCREMENT=1 ;

-- --------------------------------------------------------

--
-- Структура таблицы `b_catalog_discount2iblock`
--

CREATE TABLE IF NOT EXISTS `b_catalog_discount2iblock` (
  `ID` int(11) NOT NULL AUTO_INCREMENT,
  `DISCOUNT_ID` int(11) NOT NULL,
  `IBLOCK_ID` int(11) NOT NULL,
  PRIMARY KEY (`ID`),
  UNIQUE KEY `IX_C_D2I_IBDIS` (`IBLOCK_ID`,`DISCOUNT_ID`),
  UNIQUE KEY `IX_C_D2I_IBDIS_B` (`DISCOUNT_ID`,`IBLOCK_ID`)
) ENGINE=MyISAM DEFAULT CHARSET=cp1251 AUTO_INCREMENT=1 ;

-- --------------------------------------------------------

--
-- Структура таблицы `b_catalog_discount2product`
--

CREATE TABLE IF NOT EXISTS `b_catalog_discount2product` (
  `ID` int(11) NOT NULL AUTO_INCREMENT,
  `DISCOUNT_ID` int(11) NOT NULL,
  `PRODUCT_ID` int(11) NOT NULL,
  PRIMARY KEY (`ID`),
  UNIQUE KEY `IX_C_D2P_PRODIS` (`PRODUCT_ID`,`DISCOUNT_ID`),
  UNIQUE KEY `IX_C_D2P_PRODIS_B` (`DISCOUNT_ID`,`PRODUCT_ID`)
) ENGINE=MyISAM  DEFAULT CHARSET=cp1251 AUTO_INCREMENT=3 ;

--
-- Дамп данных таблицы `b_catalog_discount2product`
--

INSERT INTO `b_catalog_discount2product` (`ID`, `DISCOUNT_ID`, `PRODUCT_ID`) VALUES
(2, 2, 320);

-- --------------------------------------------------------

--
-- Структура таблицы `b_catalog_discount2section`
--

CREATE TABLE IF NOT EXISTS `b_catalog_discount2section` (
  `ID` int(11) NOT NULL AUTO_INCREMENT,
  `DISCOUNT_ID` int(11) NOT NULL,
  `SECTION_ID` int(11) NOT NULL,
  PRIMARY KEY (`ID`),
  UNIQUE KEY `IX_C_D2S_SECDIS` (`SECTION_ID`,`DISCOUNT_ID`),
  UNIQUE KEY `IX_C_D2S_SECDIS_B` (`DISCOUNT_ID`,`SECTION_ID`)
) ENGINE=MyISAM  DEFAULT CHARSET=cp1251 AUTO_INCREMENT=2 ;

-- --------------------------------------------------------

--
-- Структура таблицы `b_catalog_discount_cond`
--

CREATE TABLE IF NOT EXISTS `b_catalog_discount_cond` (
  `ID` int(11) NOT NULL AUTO_INCREMENT,
  `DISCOUNT_ID` int(11) NOT NULL,
  `USER_GROUP_ID` int(11) NOT NULL DEFAULT '-1',
  `PRICE_TYPE_ID` int(11) NOT NULL DEFAULT '-1',
  PRIMARY KEY (`ID`)
) ENGINE=MyISAM  DEFAULT CHARSET=cp1251 AUTO_INCREMENT=4 ;

--
-- Дамп данных таблицы `b_catalog_discount_cond`
--

INSERT INTO `b_catalog_discount_cond` (`ID`, `DISCOUNT_ID`, `USER_GROUP_ID`, `PRICE_TYPE_ID`) VALUES
(3, 2, -1, -1);

-- --------------------------------------------------------

--
-- Структура таблицы `b_catalog_discount_coupon`
--

CREATE TABLE IF NOT EXISTS `b_catalog_discount_coupon` (
  `ID` int(11) NOT NULL AUTO_INCREMENT,
  `DISCOUNT_ID` int(11) NOT NULL,
  `ACTIVE` char(1) NOT NULL DEFAULT 'Y',
  `COUPON` varchar(32) NOT NULL,
  `DATE_APPLY` datetime DEFAULT NULL,
  `ONE_TIME` char(1) NOT NULL DEFAULT 'Y',
  `TIMESTAMP_X` datetime DEFAULT NULL,
  `MODIFIED_BY` int(18) DEFAULT NULL,
  `DATE_CREATE` datetime DEFAULT NULL,
  `CREATED_BY` int(18) DEFAULT NULL,
  `DESCRIPTION` text,
  PRIMARY KEY (`ID`),
  UNIQUE KEY `ix_cat_dc_index1` (`DISCOUNT_ID`,`COUPON`),
  KEY `ix_cat_dc_index2` (`COUPON`,`ACTIVE`)
) ENGINE=MyISAM DEFAULT CHARSET=cp1251 AUTO_INCREMENT=1 ;

-- --------------------------------------------------------

--
-- Структура таблицы `b_catalog_disc_save_group`
--

CREATE TABLE IF NOT EXISTS `b_catalog_disc_save_group` (
  `ID` int(11) NOT NULL AUTO_INCREMENT,
  `DISCOUNT_ID` int(11) NOT NULL,
  `GROUP_ID` int(11) NOT NULL,
  PRIMARY KEY (`ID`),
  KEY `IX_CAT_DSG_DISCOUNT` (`DISCOUNT_ID`),
  KEY `IX_CAT_DSG_GROUP` (`GROUP_ID`)
) ENGINE=MyISAM DEFAULT CHARSET=cp1251 AUTO_INCREMENT=1 ;

-- --------------------------------------------------------

--
-- Структура таблицы `b_catalog_disc_save_range`
--

CREATE TABLE IF NOT EXISTS `b_catalog_disc_save_range` (
  `ID` int(11) NOT NULL AUTO_INCREMENT,
  `DISCOUNT_ID` int(11) NOT NULL,
  `RANGE_FROM` double NOT NULL,
  `TYPE` char(1) NOT NULL DEFAULT 'P',
  `VALUE` double NOT NULL,
  PRIMARY KEY (`ID`),
  KEY `IX_CAT_DSR_DISCOUNT` (`DISCOUNT_ID`),
  KEY `IX_CAT_DSR_DISCOUNT2` (`DISCOUNT_ID`,`RANGE_FROM`)
) ENGINE=MyISAM DEFAULT CHARSET=cp1251 AUTO_INCREMENT=1 ;

-- --------------------------------------------------------

--
-- Структура таблицы `b_catalog_disc_save_user`
--

CREATE TABLE IF NOT EXISTS `b_catalog_disc_save_user` (
  `ID` int(11) NOT NULL AUTO_INCREMENT,
  `DISCOUNT_ID` int(11) NOT NULL,
  `USER_ID` int(11) NOT NULL,
  `ACTIVE_FROM` datetime NOT NULL,
  `ACTIVE_TO` datetime NOT NULL,
  `RANGE_FROM` double NOT NULL,
  PRIMARY KEY (`ID`),
  KEY `IX_CAT_DSU_DISCOUNT` (`DISCOUNT_ID`),
  KEY `IX_CAT_DSU_USER` (`DISCOUNT_ID`,`USER_ID`)
) ENGINE=MyISAM DEFAULT CHARSET=cp1251 AUTO_INCREMENT=1 ;

-- --------------------------------------------------------

--
-- Структура таблицы `b_catalog_docs_barcode`
--

CREATE TABLE IF NOT EXISTS `b_catalog_docs_barcode` (
  `ID` int(11) NOT NULL AUTO_INCREMENT,
  `DOC_ELEMENT_ID` int(11) NOT NULL,
  `BARCODE` varchar(100) NOT NULL,
  PRIMARY KEY (`ID`),
  KEY `IX_B_CATALOG_DOCS_BARCODE1` (`DOC_ELEMENT_ID`)
) ENGINE=MyISAM DEFAULT CHARSET=cp1251 AUTO_INCREMENT=1 ;

-- --------------------------------------------------------

--
-- Структура таблицы `b_catalog_docs_element`
--

CREATE TABLE IF NOT EXISTS `b_catalog_docs_element` (
  `ID` int(11) NOT NULL AUTO_INCREMENT,
  `DOC_ID` int(11) NOT NULL,
  `STORE_FROM` int(11) DEFAULT NULL,
  `STORE_TO` int(11) DEFAULT NULL,
  `ELEMENT_ID` int(11) DEFAULT NULL,
  `AMOUNT` double DEFAULT NULL,
  `PURCHASING_PRICE` double DEFAULT NULL,
  PRIMARY KEY (`ID`),
  KEY `IX_B_CATALOG_DOCS_ELEMENT1` (`DOC_ID`)
) ENGINE=MyISAM DEFAULT CHARSET=cp1251 AUTO_INCREMENT=1 ;

-- --------------------------------------------------------

--
-- Структура таблицы `b_catalog_export`
--

CREATE TABLE IF NOT EXISTS `b_catalog_export` (
  `ID` int(11) NOT NULL AUTO_INCREMENT,
  `FILE_NAME` varchar(100) NOT NULL,
  `NAME` varchar(250) NOT NULL,
  `DEFAULT_PROFILE` char(1) NOT NULL DEFAULT 'N',
  `IN_MENU` char(1) NOT NULL DEFAULT 'N',
  `IN_AGENT` char(1) NOT NULL DEFAULT 'N',
  `IN_CRON` char(1) NOT NULL DEFAULT 'N',
  `SETUP_VARS` text,
  `LAST_USE` datetime DEFAULT NULL,
  `IS_EXPORT` char(1) NOT NULL DEFAULT 'Y',
  `NEED_EDIT` char(1) NOT NULL DEFAULT 'N',
  `TIMESTAMP_X` datetime DEFAULT NULL,
  `MODIFIED_BY` int(18) DEFAULT NULL,
  `DATE_CREATE` datetime DEFAULT NULL,
  `CREATED_BY` int(18) DEFAULT NULL,
  PRIMARY KEY (`ID`),
  KEY `BCAT_EX_FILE_NAME` (`FILE_NAME`),
  KEY `IX_CAT_IS_EXPORT` (`IS_EXPORT`)
) ENGINE=MyISAM  DEFAULT CHARSET=cp1251 AUTO_INCREMENT=2 ;

--
-- Дамп данных таблицы `b_catalog_export`
--

INSERT INTO `b_catalog_export` (`ID`, `FILE_NAME`, `NAME`, `DEFAULT_PROFILE`, `IN_MENU`, `IN_AGENT`, `IN_CRON`, `SETUP_VARS`, `LAST_USE`, `IS_EXPORT`, `NEED_EDIT`, `TIMESTAMP_X`, `MODIFIED_BY`, `DATE_CREATE`, `CREATED_BY`) VALUES
(1, 'yandex', 'IRR.ru ("Из рук в руки")', 'N', 'N', 'N', 'N', NULL, NULL, 'Y', 'Y', NULL, NULL, NULL, NULL);

-- --------------------------------------------------------

--
-- Структура таблицы `b_catalog_extra`
--

CREATE TABLE IF NOT EXISTS `b_catalog_extra` (
  `ID` int(11) NOT NULL AUTO_INCREMENT,
  `NAME` varchar(50) NOT NULL,
  `PERCENTAGE` decimal(18,2) NOT NULL,
  PRIMARY KEY (`ID`)
) ENGINE=MyISAM DEFAULT CHARSET=cp1251 AUTO_INCREMENT=1 ;

-- --------------------------------------------------------

--
-- Структура таблицы `b_catalog_group`
--

CREATE TABLE IF NOT EXISTS `b_catalog_group` (
  `ID` int(11) NOT NULL AUTO_INCREMENT,
  `NAME` varchar(100) NOT NULL,
  `BASE` char(1) NOT NULL DEFAULT 'N',
  `SORT` int(11) NOT NULL DEFAULT '100',
  `XML_ID` varchar(255) DEFAULT NULL,
  `TIMESTAMP_X` datetime DEFAULT NULL,
  `MODIFIED_BY` int(18) DEFAULT NULL,
  `DATE_CREATE` datetime DEFAULT NULL,
  `CREATED_BY` int(18) DEFAULT NULL,
  PRIMARY KEY (`ID`)
) ENGINE=MyISAM  DEFAULT CHARSET=cp1251 AUTO_INCREMENT=2 ;

--
-- Дамп данных таблицы `b_catalog_group`
--

INSERT INTO `b_catalog_group` (`ID`, `NAME`, `BASE`, `SORT`, `XML_ID`, `TIMESTAMP_X`, `MODIFIED_BY`, `DATE_CREATE`, `CREATED_BY`) VALUES
(1, 'BASE', 'Y', 100, 'BASE', '2014-08-07 06:48:02', 1, '2014-08-07 06:47:33', 1);

-- --------------------------------------------------------

--
-- Структура таблицы `b_catalog_group2group`
--

CREATE TABLE IF NOT EXISTS `b_catalog_group2group` (
  `ID` int(11) NOT NULL AUTO_INCREMENT,
  `CATALOG_GROUP_ID` int(11) NOT NULL,
  `GROUP_ID` int(11) NOT NULL,
  `BUY` char(1) NOT NULL DEFAULT 'Y',
  PRIMARY KEY (`ID`),
  UNIQUE KEY `IX_CATG2G_UNI` (`CATALOG_GROUP_ID`,`GROUP_ID`,`BUY`)
) ENGINE=MyISAM  DEFAULT CHARSET=cp1251 AUTO_INCREMENT=5 ;

--
-- Дамп данных таблицы `b_catalog_group2group`
--

INSERT INTO `b_catalog_group2group` (`ID`, `CATALOG_GROUP_ID`, `GROUP_ID`, `BUY`) VALUES
(3, 1, 2, 'N'),
(4, 1, 2, 'Y');

-- --------------------------------------------------------

--
-- Структура таблицы `b_catalog_group_lang`
--

CREATE TABLE IF NOT EXISTS `b_catalog_group_lang` (
  `ID` int(11) NOT NULL AUTO_INCREMENT,
  `CATALOG_GROUP_ID` int(11) NOT NULL,
  `LID` char(3) NOT NULL,
  `NAME` varchar(100) DEFAULT NULL,
  PRIMARY KEY (`ID`),
  UNIQUE KEY `IX_CATALOG_GROUP_ID` (`CATALOG_GROUP_ID`,`LID`)
) ENGINE=MyISAM  DEFAULT CHARSET=cp1251 AUTO_INCREMENT=4 ;

--
-- Дамп данных таблицы `b_catalog_group_lang`
--

INSERT INTO `b_catalog_group_lang` (`ID`, `CATALOG_GROUP_ID`, `LID`, `NAME`) VALUES
(2, 1, 'en', 'Retail price'),
(3, 1, 'ru', 'Розничная цена');

-- --------------------------------------------------------

--
-- Структура таблицы `b_catalog_iblock`
--

CREATE TABLE IF NOT EXISTS `b_catalog_iblock` (
  `IBLOCK_ID` int(11) NOT NULL,
  `YANDEX_EXPORT` char(1) NOT NULL DEFAULT 'N',
  `SUBSCRIPTION` char(1) NOT NULL DEFAULT 'N',
  `VAT_ID` int(11) DEFAULT '0',
  `PRODUCT_IBLOCK_ID` int(11) NOT NULL DEFAULT '0',
  `SKU_PROPERTY_ID` int(11) NOT NULL DEFAULT '0',
  PRIMARY KEY (`IBLOCK_ID`),
  KEY `IXS_CAT_IB_PRODUCT` (`PRODUCT_IBLOCK_ID`),
  KEY `IXS_CAT_IB_SKU_PROP` (`SKU_PROPERTY_ID`)
) ENGINE=MyISAM DEFAULT CHARSET=cp1251;

--
-- Дамп данных таблицы `b_catalog_iblock`
--

INSERT INTO `b_catalog_iblock` (`IBLOCK_ID`, `YANDEX_EXPORT`, `SUBSCRIPTION`, `VAT_ID`, `PRODUCT_IBLOCK_ID`, `SKU_PROPERTY_ID`) VALUES
(2, 'N', 'N', 0, 0, 0),
(3, 'N', 'N', 0, 0, 0);

-- --------------------------------------------------------

--
-- Структура таблицы `b_catalog_load`
--

CREATE TABLE IF NOT EXISTS `b_catalog_load` (
  `NAME` varchar(250) NOT NULL,
  `VALUE` text NOT NULL,
  `TYPE` char(1) NOT NULL DEFAULT 'I',
  `LAST_USED` char(1) NOT NULL DEFAULT 'N',
  PRIMARY KEY (`NAME`,`TYPE`)
) ENGINE=MyISAM DEFAULT CHARSET=cp1251;

-- --------------------------------------------------------

--
-- Структура таблицы `b_catalog_measure`
--

CREATE TABLE IF NOT EXISTS `b_catalog_measure` (
  `ID` int(11) NOT NULL AUTO_INCREMENT,
  `CODE` int(11) NOT NULL,
  `MEASURE_TITLE` varchar(500) DEFAULT NULL,
  `SYMBOL_RUS` varchar(20) DEFAULT NULL,
  `SYMBOL_INTL` varchar(20) DEFAULT NULL,
  `SYMBOL_LETTER_INTL` varchar(20) DEFAULT NULL,
  `IS_DEFAULT` char(1) NOT NULL DEFAULT 'N',
  PRIMARY KEY (`ID`),
  UNIQUE KEY `IX_B_CATALOG_MEASURE1` (`CODE`)
) ENGINE=MyISAM  DEFAULT CHARSET=cp1251 AUTO_INCREMENT=6 ;

--
-- Дамп данных таблицы `b_catalog_measure`
--

INSERT INTO `b_catalog_measure` (`ID`, `CODE`, `MEASURE_TITLE`, `SYMBOL_RUS`, `SYMBOL_INTL`, `SYMBOL_LETTER_INTL`, `IS_DEFAULT`) VALUES
(1, 6, NULL, NULL, 'm', 'MTR', 'N'),
(2, 112, NULL, NULL, 'l', 'LTR', 'N'),
(3, 163, NULL, NULL, 'g', 'GRM', 'N'),
(4, 166, NULL, NULL, 'kg', 'KGM', 'N'),
(5, 796, NULL, NULL, 'pc. 1', 'PCE. NMB', 'Y');

-- --------------------------------------------------------

--
-- Структура таблицы `b_catalog_measure_ratio`
--

CREATE TABLE IF NOT EXISTS `b_catalog_measure_ratio` (
  `ID` int(11) NOT NULL AUTO_INCREMENT,
  `PRODUCT_ID` int(11) NOT NULL,
  `RATIO` double NOT NULL DEFAULT '1',
  PRIMARY KEY (`ID`),
  UNIQUE KEY `IX_B_CATALOG_MEASURE_RATIO` (`PRODUCT_ID`,`RATIO`)
) ENGINE=MyISAM  DEFAULT CHARSET=cp1251 AUTO_INCREMENT=6 ;

--
-- Дамп данных таблицы `b_catalog_measure_ratio`
--

INSERT INTO `b_catalog_measure_ratio` (`ID`, `PRODUCT_ID`, `RATIO`) VALUES
(1, 317, 1),
(2, 318, 1),
(3, 319, 1),
(4, 320, 1),
(5, 321, 1);

-- --------------------------------------------------------

--
-- Структура таблицы `b_catalog_price`
--

CREATE TABLE IF NOT EXISTS `b_catalog_price` (
  `ID` int(11) NOT NULL AUTO_INCREMENT,
  `PRODUCT_ID` int(11) NOT NULL,
  `EXTRA_ID` int(11) DEFAULT NULL,
  `CATALOG_GROUP_ID` int(11) NOT NULL,
  `PRICE` decimal(18,2) NOT NULL,
  `CURRENCY` char(3) NOT NULL,
  `TIMESTAMP_X` timestamp NOT NULL DEFAULT CURRENT_TIMESTAMP ON UPDATE CURRENT_TIMESTAMP,
  `QUANTITY_FROM` int(11) DEFAULT NULL,
  `QUANTITY_TO` int(11) DEFAULT NULL,
  `TMP_ID` varchar(40) DEFAULT NULL,
  PRIMARY KEY (`ID`),
  KEY `IXS_CAT_PRICE_PID` (`PRODUCT_ID`,`CATALOG_GROUP_ID`),
  KEY `IXS_CAT_PRICE_GID` (`CATALOG_GROUP_ID`)
) ENGINE=MyISAM  DEFAULT CHARSET=cp1251 AUTO_INCREMENT=281 ;

--
-- Дамп данных таблицы `b_catalog_price`
--

INSERT INTO `b_catalog_price` (`ID`, `PRODUCT_ID`, `EXTRA_ID`, `CATALOG_GROUP_ID`, `PRICE`, `CURRENCY`, `TIMESTAMP_X`, `QUANTITY_FROM`, `QUANTITY_TO`, `TMP_ID`) VALUES
(280, 321, NULL, 1, 1000.00, 'RUB', '2014-08-14 04:50:27', NULL, NULL, NULL),
(279, 320, NULL, 1, 13400.00, 'RUB', '2014-08-13 03:29:48', NULL, NULL, NULL),
(277, 318, NULL, 1, 15000.00, 'RUB', '2014-08-07 03:58:45', NULL, NULL, NULL);

-- --------------------------------------------------------

--
-- Структура таблицы `b_catalog_product`
--

CREATE TABLE IF NOT EXISTS `b_catalog_product` (
  `ID` int(11) NOT NULL,
  `QUANTITY` double NOT NULL,
  `QUANTITY_TRACE` char(1) NOT NULL DEFAULT 'N',
  `WEIGHT` double NOT NULL DEFAULT '0',
  `TIMESTAMP_X` timestamp NOT NULL DEFAULT CURRENT_TIMESTAMP ON UPDATE CURRENT_TIMESTAMP,
  `PRICE_TYPE` char(1) NOT NULL DEFAULT 'S',
  `RECUR_SCHEME_LENGTH` int(11) DEFAULT NULL,
  `RECUR_SCHEME_TYPE` char(1) NOT NULL DEFAULT 'D',
  `TRIAL_PRICE_ID` int(11) DEFAULT NULL,
  `WITHOUT_ORDER` char(1) NOT NULL DEFAULT 'N',
  `SELECT_BEST_PRICE` char(1) NOT NULL DEFAULT 'Y',
  `VAT_ID` int(11) DEFAULT '0',
  `VAT_INCLUDED` char(1) DEFAULT 'Y',
  `CAN_BUY_ZERO` char(1) NOT NULL DEFAULT 'N',
  `NEGATIVE_AMOUNT_TRACE` char(1) NOT NULL DEFAULT 'D',
  `TMP_ID` varchar(40) DEFAULT NULL,
  `PURCHASING_PRICE` decimal(18,2) DEFAULT NULL,
  `PURCHASING_CURRENCY` char(3) DEFAULT NULL,
  `BARCODE_MULTI` char(1) NOT NULL DEFAULT 'N',
  `QUANTITY_RESERVED` double DEFAULT '0',
  `SUBSCRIBE` char(1) DEFAULT NULL,
  `WIDTH` double DEFAULT NULL,
  `LENGTH` double DEFAULT NULL,
  `HEIGHT` double DEFAULT NULL,
  `MEASURE` int(11) DEFAULT NULL,
  `TYPE` int(11) DEFAULT NULL,
  PRIMARY KEY (`ID`)
) ENGINE=MyISAM DEFAULT CHARSET=cp1251;

--
-- Дамп данных таблицы `b_catalog_product`
--

INSERT INTO `b_catalog_product` (`ID`, `QUANTITY`, `QUANTITY_TRACE`, `WEIGHT`, `TIMESTAMP_X`, `PRICE_TYPE`, `RECUR_SCHEME_LENGTH`, `RECUR_SCHEME_TYPE`, `TRIAL_PRICE_ID`, `WITHOUT_ORDER`, `SELECT_BEST_PRICE`, `VAT_ID`, `VAT_INCLUDED`, `CAN_BUY_ZERO`, `NEGATIVE_AMOUNT_TRACE`, `TMP_ID`, `PURCHASING_PRICE`, `PURCHASING_CURRENCY`, `BARCODE_MULTI`, `QUANTITY_RESERVED`, `SUBSCRIBE`, `WIDTH`, `LENGTH`, `HEIGHT`, `MEASURE`, `TYPE`) VALUES
(320, 3, 'D', 0, '2014-08-13 03:29:48', 'S', 0, 'D', NULL, 'N', 'Y', 0, 'N', 'D', 'D', NULL, 0.00, 'RUB', 'N', 0, 'D', 0, 0, 0, 5, 1),
(321, 0, 'D', 0, '2014-08-14 04:50:27', 'S', 0, 'D', NULL, 'N', 'Y', 0, 'N', 'D', 'D', NULL, 0.00, 'RUB', 'N', 0, 'D', 0, 0, 0, 5, 1),
(318, 3, 'D', 0, '2014-08-13 03:26:50', 'S', 0, 'D', NULL, 'N', 'Y', 0, 'N', 'D', 'D', NULL, 0.00, 'RUB', 'N', 0, 'D', 0, 0, 0, 5, 1);

-- --------------------------------------------------------

--
-- Структура таблицы `b_catalog_product2group`
--

CREATE TABLE IF NOT EXISTS `b_catalog_product2group` (
  `ID` int(11) NOT NULL AUTO_INCREMENT,
  `PRODUCT_ID` int(11) NOT NULL,
  `GROUP_ID` int(11) NOT NULL,
  `ACCESS_LENGTH` int(11) NOT NULL,
  `ACCESS_LENGTH_TYPE` char(1) NOT NULL DEFAULT 'D',
  PRIMARY KEY (`ID`),
  UNIQUE KEY `IX_C_P2G_PROD_GROUP` (`PRODUCT_ID`,`GROUP_ID`)
) ENGINE=MyISAM DEFAULT CHARSET=cp1251 AUTO_INCREMENT=1 ;

-- --------------------------------------------------------

--
-- Структура таблицы `b_catalog_product_sets`
--

CREATE TABLE IF NOT EXISTS `b_catalog_product_sets` (
  `ID` int(11) NOT NULL AUTO_INCREMENT,
  `TYPE` int(11) NOT NULL,
  `SET_ID` int(11) NOT NULL,
  `ACTIVE` char(1) NOT NULL,
  `OWNER_ID` int(11) NOT NULL,
  `ITEM_ID` int(11) NOT NULL,
  `QUANTITY` double DEFAULT NULL,
  `MEASURE` int(11) DEFAULT NULL,
  `DISCOUNT_PERCENT` double DEFAULT NULL,
  `SORT` int(11) NOT NULL DEFAULT '100',
  `CREATED_BY` int(18) DEFAULT NULL,
  `DATE_CREATE` datetime DEFAULT NULL,
  `MODIFIED_BY` int(18) DEFAULT NULL,
  `TIMESTAMP_X` datetime DEFAULT NULL,
  `XML_ID` varchar(255) DEFAULT NULL,
  PRIMARY KEY (`ID`),
  KEY `IX_CAT_PR_SET_TYPE` (`TYPE`),
  KEY `IX_CAT_PR_SET_OWNER_ID` (`OWNER_ID`),
  KEY `IX_CAT_PR_SET_SET_ID` (`SET_ID`),
  KEY `IX_CAT_PR_SET_ITEM_ID` (`ITEM_ID`)
) ENGINE=MyISAM  DEFAULT CHARSET=cp1251 AUTO_INCREMENT=51 ;

-- --------------------------------------------------------

--
-- Структура таблицы `b_catalog_store`
--

CREATE TABLE IF NOT EXISTS `b_catalog_store` (
  `ID` int(11) NOT NULL AUTO_INCREMENT,
  `TITLE` varchar(75) DEFAULT NULL,
  `ACTIVE` char(1) NOT NULL DEFAULT 'Y',
  `ADDRESS` varchar(245) NOT NULL,
  `DESCRIPTION` text,
  `GPS_N` varchar(15) DEFAULT '0',
  `GPS_S` varchar(15) DEFAULT '0',
  `IMAGE_ID` varchar(45) DEFAULT NULL,
  `LOCATION_ID` int(11) DEFAULT NULL,
  `DATE_MODIFY` timestamp NOT NULL DEFAULT CURRENT_TIMESTAMP ON UPDATE CURRENT_TIMESTAMP,
  `DATE_CREATE` datetime DEFAULT NULL,
  `USER_ID` int(11) DEFAULT NULL,
  `MODIFIED_BY` int(11) DEFAULT NULL,
  `PHONE` varchar(45) DEFAULT NULL,
  `SCHEDULE` varchar(255) DEFAULT NULL,
  `XML_ID` varchar(45) DEFAULT NULL,
  `SORT` int(11) NOT NULL DEFAULT '100',
  `EMAIL` varchar(255) DEFAULT NULL,
  `ISSUING_CENTER` char(1) NOT NULL DEFAULT 'Y',
  `SHIPPING_CENTER` char(1) NOT NULL DEFAULT 'Y',
  `SITE_ID` char(2) DEFAULT NULL,
  PRIMARY KEY (`ID`)
) ENGINE=MyISAM DEFAULT CHARSET=cp1251 AUTO_INCREMENT=1 ;

-- --------------------------------------------------------

--
-- Структура таблицы `b_catalog_store_barcode`
--

CREATE TABLE IF NOT EXISTS `b_catalog_store_barcode` (
  `ID` int(11) NOT NULL AUTO_INCREMENT,
  `PRODUCT_ID` int(11) NOT NULL,
  `BARCODE` varchar(100) DEFAULT NULL,
  `STORE_ID` int(11) DEFAULT NULL,
  `ORDER_ID` int(11) DEFAULT NULL,
  `DATE_MODIFY` datetime DEFAULT NULL,
  `DATE_CREATE` datetime DEFAULT NULL,
  `CREATED_BY` int(11) DEFAULT NULL,
  `MODIFIED_BY` int(11) DEFAULT NULL,
  PRIMARY KEY (`ID`),
  UNIQUE KEY `IX_B_CATALOG_STORE_BARCODE1` (`BARCODE`)
) ENGINE=MyISAM DEFAULT CHARSET=cp1251 AUTO_INCREMENT=1 ;

-- --------------------------------------------------------

--
-- Структура таблицы `b_catalog_store_docs`
--

CREATE TABLE IF NOT EXISTS `b_catalog_store_docs` (
  `ID` int(11) NOT NULL AUTO_INCREMENT,
  `DOC_TYPE` char(1) NOT NULL,
  `SITE_ID` char(2) DEFAULT NULL,
  `CONTRACTOR_ID` int(11) DEFAULT NULL,
  `DATE_MODIFY` datetime DEFAULT NULL,
  `DATE_CREATE` datetime DEFAULT NULL,
  `CREATED_BY` int(11) DEFAULT NULL,
  `MODIFIED_BY` int(11) DEFAULT NULL,
  `CURRENCY` char(3) DEFAULT NULL,
  `STATUS` char(1) NOT NULL DEFAULT 'N',
  `DATE_STATUS` datetime DEFAULT NULL,
  `DATE_DOCUMENT` datetime DEFAULT NULL,
  `STATUS_BY` int(11) DEFAULT NULL,
  `TOTAL` double DEFAULT NULL,
  `COMMENTARY` varchar(1000) DEFAULT NULL,
  PRIMARY KEY (`ID`)
) ENGINE=MyISAM DEFAULT CHARSET=cp1251 AUTO_INCREMENT=1 ;

-- --------------------------------------------------------

--
-- Структура таблицы `b_catalog_store_product`
--

CREATE TABLE IF NOT EXISTS `b_catalog_store_product` (
  `ID` int(11) NOT NULL AUTO_INCREMENT,
  `PRODUCT_ID` int(11) NOT NULL,
  `AMOUNT` double NOT NULL DEFAULT '0',
  `STORE_ID` int(11) NOT NULL,
  PRIMARY KEY (`ID`),
  UNIQUE KEY `IX_CATALOG_STORE_PRODUCT2` (`PRODUCT_ID`,`STORE_ID`),
  KEY `IX_CATALOG_STORE_PRODUCT1` (`STORE_ID`)
) ENGINE=MyISAM DEFAULT CHARSET=cp1251 AUTO_INCREMENT=1 ;

-- --------------------------------------------------------

--
-- Структура таблицы `b_catalog_vat`
--

CREATE TABLE IF NOT EXISTS `b_catalog_vat` (
  `ID` int(11) NOT NULL AUTO_INCREMENT,
  `TIMESTAMP_X` timestamp NOT NULL DEFAULT CURRENT_TIMESTAMP ON UPDATE CURRENT_TIMESTAMP,
  `ACTIVE` char(1) NOT NULL DEFAULT 'Y',
  `C_SORT` int(18) NOT NULL DEFAULT '100',
  `NAME` varchar(50) NOT NULL DEFAULT '',
  `RATE` decimal(18,2) NOT NULL DEFAULT '0.00',
  PRIMARY KEY (`ID`),
  KEY `IX_CAT_VAT_ACTIVE` (`ACTIVE`)
) ENGINE=MyISAM  DEFAULT CHARSET=cp1251 AUTO_INCREMENT=2 ;

--
-- Дамп данных таблицы `b_catalog_vat`
--

INSERT INTO `b_catalog_vat` (`ID`, `TIMESTAMP_X`, `ACTIVE`, `C_SORT`, `NAME`, `RATE`) VALUES
(1, '2014-08-07 02:48:02', 'Y', 200, 'НДС 18%', 18.00);

-- --------------------------------------------------------

--
-- Структура таблицы `b_catalog_viewed_product`
--

CREATE TABLE IF NOT EXISTS `b_catalog_viewed_product` (
  `ID` int(11) NOT NULL AUTO_INCREMENT,
  `FUSER_ID` int(11) NOT NULL,
  `DATE_VISIT` datetime NOT NULL,
  `PRODUCT_ID` int(11) NOT NULL,
  `SITE_ID` char(2) NOT NULL,
  `VIEW_COUNT` int(11) NOT NULL DEFAULT '1',
  PRIMARY KEY (`ID`),
  KEY `IX_CAT_V_PR_FUSER_ID` (`FUSER_ID`)
) ENGINE=MyISAM  DEFAULT CHARSET=cp1251 AUTO_INCREMENT=9 ;

--
-- Дамп данных таблицы `b_catalog_viewed_product`
--

INSERT INTO `b_catalog_viewed_product` (`ID`, `FUSER_ID`, `DATE_VISIT`, `PRODUCT_ID`, `SITE_ID`, `VIEW_COUNT`) VALUES
(3, 1, '2014-08-19 13:46:52', 318, 's1', 45),
(6, 1, '2014-08-18 11:57:03', 320, 's1', 25),
(7, 13, '2014-08-14 08:39:29', 318, 's1', 1),
(8, 1, '2014-08-18 13:45:20', 321, 's1', 26);

-- --------------------------------------------------------

--
-- Структура таблицы `b_checklist`
--

CREATE TABLE IF NOT EXISTS `b_checklist` (
  `ID` int(11) NOT NULL AUTO_INCREMENT,
  `DATE_CREATE` varchar(255) DEFAULT NULL,
  `TESTER` varchar(50) DEFAULT NULL,
  `COMPANY_NAME` varchar(255) DEFAULT NULL,
  `PICTURE` int(11) DEFAULT NULL,
  `TOTAL` int(11) DEFAULT NULL,
  `SUCCESS` int(11) DEFAULT NULL,
  `FAILED` int(11) DEFAULT NULL,
  `PENDING` int(11) DEFAULT NULL,
  `SKIP` int(11) DEFAULT NULL,
  `STATE` longtext,
  `REPORT_COMMENT` text,
  `REPORT` char(1) DEFAULT 'Y',
  `EMAIL` varchar(50) DEFAULT NULL,
  `PHONE` varchar(50) DEFAULT NULL,
  `SENDED_TO_BITRIX` char(1) DEFAULT 'N',
  `HIDDEN` char(1) DEFAULT 'N',
  PRIMARY KEY (`ID`)
) ENGINE=MyISAM DEFAULT CHARSET=cp1251 AUTO_INCREMENT=1 ;

-- --------------------------------------------------------

--
-- Структура таблицы `b_clouds_file_bucket`
--

CREATE TABLE IF NOT EXISTS `b_clouds_file_bucket` (
  `ID` int(11) NOT NULL AUTO_INCREMENT,
  `ACTIVE` char(1) DEFAULT 'Y',
  `SORT` int(11) DEFAULT '500',
  `READ_ONLY` char(1) DEFAULT 'N',
  `SERVICE_ID` varchar(50) DEFAULT NULL,
  `BUCKET` varchar(63) DEFAULT NULL,
  `LOCATION` varchar(50) DEFAULT NULL,
  `CNAME` varchar(100) DEFAULT NULL,
  `FILE_COUNT` int(11) DEFAULT '0',
  `FILE_SIZE` float DEFAULT '0',
  `LAST_FILE_ID` int(11) DEFAULT NULL,
  `PREFIX` varchar(100) DEFAULT NULL,
  `SETTINGS` text,
  `FILE_RULES` text,
  PRIMARY KEY (`ID`)
) ENGINE=MyISAM DEFAULT CHARSET=cp1251 AUTO_INCREMENT=1 ;

-- --------------------------------------------------------

--
-- Структура таблицы `b_clouds_file_resize`
--

CREATE TABLE IF NOT EXISTS `b_clouds_file_resize` (
  `ID` int(11) NOT NULL AUTO_INCREMENT,
  `TIMESTAMP_X` timestamp NOT NULL DEFAULT CURRENT_TIMESTAMP ON UPDATE CURRENT_TIMESTAMP,
  `ERROR_CODE` char(1) NOT NULL DEFAULT '0',
  `FILE_ID` int(11) DEFAULT NULL,
  `PARAMS` text,
  `FROM_PATH` varchar(500) DEFAULT NULL,
  `TO_PATH` varchar(500) DEFAULT NULL,
  PRIMARY KEY (`ID`),
  KEY `ix_b_file_resize_ts` (`TIMESTAMP_X`),
  KEY `ix_b_file_resize_path` (`TO_PATH`(100)),
  KEY `ix_b_file_resize_file` (`FILE_ID`)
) ENGINE=MyISAM DEFAULT CHARSET=cp1251 AUTO_INCREMENT=1 ;

-- --------------------------------------------------------

--
-- Структура таблицы `b_clouds_file_upload`
--

CREATE TABLE IF NOT EXISTS `b_clouds_file_upload` (
  `ID` varchar(32) NOT NULL,
  `TIMESTAMP_X` timestamp NOT NULL DEFAULT CURRENT_TIMESTAMP ON UPDATE CURRENT_TIMESTAMP,
  `FILE_PATH` varchar(500) NOT NULL,
  `TMP_FILE` varchar(500) DEFAULT NULL,
  `BUCKET_ID` int(11) NOT NULL,
  `PART_SIZE` int(11) NOT NULL,
  `PART_NO` int(11) NOT NULL,
  `PART_FAIL_COUNTER` int(11) NOT NULL,
  `NEXT_STEP` text,
  PRIMARY KEY (`ID`)
) ENGINE=MyISAM DEFAULT CHARSET=cp1251;

-- --------------------------------------------------------

--
-- Структура таблицы `b_component_params`
--

CREATE TABLE IF NOT EXISTS `b_component_params` (
  `ID` int(11) NOT NULL AUTO_INCREMENT,
  `SITE_ID` char(2) NOT NULL,
  `COMPONENT_NAME` varchar(255) NOT NULL,
  `TEMPLATE_NAME` varchar(255) DEFAULT NULL,
  `REAL_PATH` varchar(255) NOT NULL,
  `SEF_MODE` char(1) NOT NULL DEFAULT 'Y',
  `SEF_FOLDER` varchar(255) DEFAULT NULL,
  `START_CHAR` int(11) NOT NULL,
  `END_CHAR` int(11) NOT NULL,
  `PARAMETERS` text,
  PRIMARY KEY (`ID`),
  KEY `ix_comp_params_name` (`COMPONENT_NAME`),
  KEY `ix_comp_params_path` (`SITE_ID`,`REAL_PATH`),
  KEY `ix_comp_params_sname` (`SITE_ID`,`COMPONENT_NAME`)
) ENGINE=MyISAM  DEFAULT CHARSET=cp1251 AUTO_INCREMENT=166 ;

--
-- Дамп данных таблицы `b_component_params`
--

INSERT INTO `b_component_params` (`ID`, `SITE_ID`, `COMPONENT_NAME`, `TEMPLATE_NAME`, `REAL_PATH`, `SEF_MODE`, `SEF_FOLDER`, `START_CHAR`, `END_CHAR`, `PARAMETERS`) VALUES
(135, 's1', 'bitrix:eshop.banner', '', '/bitrix/templates/eshop_adapt_wood/header.php', 'N', NULL, 1558, 1625, 'a:0:{}'),
(136, 's1', 'bitrix:sale.basket.basket.line', '', '/bitrix/templates/eshop_adapt_wood/header.php', 'N', NULL, 1904, 2327, 'a:7:{s:14:"PATH_TO_BASKET";s:28:"={SITE_DIR."personal/cart/"}";s:16:"PATH_TO_PERSONAL";s:23:"={SITE_DIR."personal/"}";s:18:"SHOW_PERSONAL_LINK";s:1:"N";s:17:"SHOW_NUM_PRODUCTS";s:1:"Y";s:16:"SHOW_TOTAL_PRICE";s:1:"Y";s:13:"SHOW_PRODUCTS";s:1:"N";s:14:"POSITION_FIXED";s:1:"N";}'),
(137, 's1', 'bitrix:system.auth.form', 'eshop_adapt', '/bitrix/templates/eshop_adapt_wood/header.php', 'N', NULL, 2367, 2629, 'a:3:{s:12:"REGISTER_URL";s:20:"={SITE_DIR."login/"}";s:11:"PROFILE_URL";s:23:"={SITE_DIR."personal/"}";s:11:"SHOW_ERRORS";s:1:"N";}'),
(138, 's1', 'bitrix:menu', 'top_menu', '/bitrix/templates/eshop_adapt_wood/header.php', 'N', NULL, 2755, 3108, 'a:10:{s:14:"ROOT_MENU_TYPE";s:3:"top";s:15:"MENU_CACHE_TYPE";s:1:"Y";s:15:"MENU_CACHE_TIME";s:8:"36000000";s:21:"MENU_CACHE_USE_GROUPS";s:1:"Y";s:19:"MENU_CACHE_GET_VARS";N;s:9:"MAX_LEVEL";s:1:"1";s:15:"CHILD_MENU_TYPE";s:4:"left";s:7:"USE_EXT";s:1:"N";s:5:"DELAY";s:1:"N";s:18:"ALLOW_MULTI_SELECT";s:1:"N";}'),
(139, 's1', 'bitrix:main.include', '', '/bitrix/templates/eshop_adapt_wood/header.php', 'N', NULL, 3475, 3622, 'a:2:{s:14:"AREA_FILE_SHOW";s:4:"file";s:4:"PATH";s:38:"={SITE_DIR."include/company_name.php"}";}'),
(140, 's1', 'bitrix:main.include', '', '/bitrix/templates/eshop_adapt_wood/header.php', 'N', NULL, 3983, 4127, 'a:2:{s:14:"AREA_FILE_SHOW";s:4:"file";s:4:"PATH";s:35:"={SITE_DIR."include/telephone.php"}";}'),
(141, 's1', 'bitrix:main.include', '', '/bitrix/templates/eshop_adapt_wood/header.php', 'N', NULL, 4158, 4301, 'a:2:{s:14:"AREA_FILE_SHOW";s:4:"file";s:4:"PATH";s:34:"={SITE_DIR."include/schedule.php"}";}'),
(142, 's1', 'bitrix:search.title', 'visual', '/bitrix/templates/eshop_adapt_wood/header.php', 'N', NULL, 4387, 5202, 'a:17:{s:14:"NUM_CATEGORIES";s:1:"1";s:9:"TOP_COUNT";s:1:"5";s:11:"CHECK_DATES";s:1:"N";s:11:"SHOW_OTHERS";s:1:"N";s:4:"PAGE";s:22:"={SITE_DIR."catalog/"}";s:16:"CATEGORY_0_TITLE";s:29:"={GetMessage("SEARCH_GOODS")}";s:10:"CATEGORY_0";a:1:{i:0;s:14:"iblock_catalog";}s:25:"CATEGORY_0_iblock_catalog";a:1:{i:0;s:3:"all";}s:21:"CATEGORY_OTHERS_TITLE";s:29:"={GetMessage("SEARCH_OTHER")}";s:10:"SHOW_INPUT";s:1:"Y";s:8:"INPUT_ID";s:18:"title-search-input";s:12:"CONTAINER_ID";s:6:"search";s:10:"PRICE_CODE";a:1:{i:0;s:4:"BASE";}s:12:"SHOW_PREVIEW";s:1:"Y";s:13:"PREVIEW_WIDTH";s:2:"75";s:14:"PREVIEW_HEIGHT";s:2:"75";s:16:"CONVERT_CURRENCY";s:1:"Y";}'),
(143, 's1', 'bitrix:menu', 'site_top_menu', '/bitrix/templates/eshop_adapt_wood/header.php', 'N', NULL, 5410, 5794, 'a:11:{s:14:"ROOT_MENU_TYPE";s:4:"left";s:10:"MENU_THEME";s:4:"site";s:15:"MENU_CACHE_TYPE";s:1:"A";s:15:"MENU_CACHE_TIME";s:8:"36000000";s:21:"MENU_CACHE_USE_GROUPS";s:1:"Y";s:19:"MENU_CACHE_GET_VARS";N;s:9:"MAX_LEVEL";s:1:"3";s:15:"CHILD_MENU_TYPE";s:4:"left";s:7:"USE_EXT";s:1:"N";s:5:"DELAY";s:1:"N";s:18:"ALLOW_MULTI_SELECT";s:1:"N";}'),
(144, 's1', 'bitrix:main.include', '', '/bitrix/templates/eshop_adapt_wood/header.php', 'N', NULL, 5991, 6264, 'a:4:{s:14:"AREA_FILE_SHOW";s:4:"sect";s:16:"AREA_FILE_SUFFIX";s:3:"inc";s:19:"AREA_FILE_RECURSIVE";s:1:"N";s:9:"EDIT_MODE";s:4:"html";}'),
(145, 's1', 'bitrix:breadcrumb', '', '/bitrix/templates/eshop_adapt_wood/header.php', 'N', NULL, 6545, 6736, 'a:3:{s:10:"START_FROM";s:1:"0";s:4:"PATH";s:0:"";s:7:"SITE_ID";s:1:"-";}'),
(44, 's1', 'bitrix:catalog', '.default', '/catalog/index.php', 'Y', '/catalog/', 226, 4398, 'a:114:{s:11:"IBLOCK_TYPE";s:7:"catalog";s:9:"IBLOCK_ID";s:1:"2";s:18:"HIDE_NOT_AVAILABLE";s:1:"N";s:19:"SECTION_ID_VARIABLE";s:10:"SECTION_ID";s:8:"SEF_MODE";s:1:"Y";s:10:"SEF_FOLDER";s:9:"/catalog/";s:9:"AJAX_MODE";s:1:"N";s:16:"AJAX_OPTION_JUMP";s:1:"N";s:17:"AJAX_OPTION_STYLE";s:1:"Y";s:19:"AJAX_OPTION_HISTORY";s:1:"N";s:10:"CACHE_TYPE";s:1:"A";s:10:"CACHE_TIME";s:8:"36000000";s:12:"CACHE_FILTER";s:1:"N";s:12:"CACHE_GROUPS";s:1:"Y";s:14:"SET_STATUS_404";s:1:"Y";s:9:"SET_TITLE";s:1:"Y";s:18:"ADD_SECTIONS_CHAIN";s:1:"Y";s:17:"ADD_ELEMENT_CHAIN";s:1:"Y";s:19:"USE_ELEMENT_COUNTER";s:1:"Y";s:10:"USE_FILTER";s:1:"Y";s:11:"FILTER_NAME";s:0:"";s:17:"FILTER_FIELD_CODE";a:2:{i:0;s:0:"";i:1;s:0:"";}s:20:"FILTER_PROPERTY_CODE";a:2:{i:0;s:0:"";i:1;s:0:"";}s:17:"FILTER_PRICE_CODE";a:1:{i:0;s:4:"BASE";}s:16:"FILTER_VIEW_MODE";s:8:"VERTICAL";s:10:"USE_REVIEW";s:1:"Y";s:17:"MESSAGES_PER_PAGE";s:2:"10";s:11:"USE_CAPTCHA";s:1:"Y";s:16:"REVIEW_AJAX_POST";s:1:"Y";s:13:"PATH_TO_SMILE";s:27:"/bitrix/images/forum/smile/";s:8:"FORUM_ID";s:1:"1";s:18:"URL_TEMPLATES_READ";s:0:"";s:18:"SHOW_LINK_TO_FORUM";s:1:"Y";s:18:"POST_FIRST_MESSAGE";s:1:"N";s:11:"USE_COMPARE";s:1:"N";s:10:"PRICE_CODE";a:1:{i:0;s:4:"BASE";}s:15:"USE_PRICE_COUNT";s:1:"Y";s:16:"SHOW_PRICE_COUNT";s:1:"1";s:17:"PRICE_VAT_INCLUDE";s:1:"Y";s:20:"PRICE_VAT_SHOW_VALUE";s:1:"N";s:16:"CONVERT_CURRENCY";s:1:"Y";s:11:"CURRENCY_ID";s:3:"RUB";s:10:"BASKET_URL";s:15:"/personal/cart/";s:15:"ACTION_VARIABLE";s:6:"action";s:19:"PRODUCT_ID_VARIABLE";s:2:"id";s:20:"USE_PRODUCT_QUANTITY";s:1:"Y";s:25:"PRODUCT_QUANTITY_VARIABLE";s:8:"quantity";s:24:"ADD_PROPERTIES_TO_BASKET";s:1:"Y";s:22:"PRODUCT_PROPS_VARIABLE";s:4:"prop";s:26:"PARTIAL_PRODUCT_PROPERTIES";s:1:"N";s:18:"PRODUCT_PROPERTIES";N;s:17:"SHOW_TOP_ELEMENTS";s:1:"N";s:22:"SECTION_COUNT_ELEMENTS";s:1:"N";s:17:"SECTION_TOP_DEPTH";s:1:"1";s:18:"SECTIONS_VIEW_MODE";s:4:"TEXT";s:25:"SECTIONS_SHOW_PARENT_NAME";s:1:"N";s:18:"PAGE_ELEMENT_COUNT";s:2:"15";s:18:"LINE_ELEMENT_COUNT";s:1:"3";s:18:"ELEMENT_SORT_FIELD";s:4:"sort";s:18:"ELEMENT_SORT_ORDER";s:3:"asc";s:19:"ELEMENT_SORT_FIELD2";s:2:"id";s:19:"ELEMENT_SORT_ORDER2";s:4:"desc";s:18:"LIST_PROPERTY_CODE";a:5:{i:0;s:0:"";i:1;s:10:"NEWPRODUCT";i:2;s:10:"SALELEADER";i:3;s:12:"SPECIALOFFER";i:4;s:0:"";}s:19:"INCLUDE_SUBSECTIONS";s:1:"Y";s:18:"LIST_META_KEYWORDS";s:11:"UF_KEYWORDS";s:21:"LIST_META_DESCRIPTION";s:19:"UF_META_DESCRIPTION";s:18:"LIST_BROWSER_TITLE";s:16:"UF_BROWSER_TITLE";s:20:"DETAIL_PROPERTY_CODE";a:9:{i:0;s:9:"OLD_PRICE";i:1;s:4:"SIZE";i:2;s:7:"ARTICLE";i:3;s:5:"COLOR";i:4;s:8:"MATERIAL";i:5;s:13:"MANUFACTURING";i:6;s:10:"NEWPRODUCT";i:7;s:12:"MANUFACTURER";i:8;s:0:"";}s:20:"DETAIL_META_KEYWORDS";s:1:"-";s:23:"DETAIL_META_DESCRIPTION";s:1:"-";s:20:"DETAIL_BROWSER_TITLE";s:1:"-";s:19:"DETAIL_DISPLAY_NAME";s:1:"N";s:26:"DETAIL_DETAIL_PICTURE_MODE";s:3:"IMG";s:27:"DETAIL_ADD_DETAIL_TO_SLIDER";s:1:"N";s:32:"DETAIL_DISPLAY_PREVIEW_TEXT_MODE";s:1:"E";s:16:"LINK_IBLOCK_TYPE";s:0:"";s:14:"LINK_IBLOCK_ID";s:0:"";s:17:"LINK_PROPERTY_SID";s:0:"";s:17:"LINK_ELEMENTS_URL";s:39:"link.php?PARENT_ELEMENT_ID=#ELEMENT_ID#";s:12:"USE_ALSO_BUY";s:1:"Y";s:22:"ALSO_BUY_ELEMENT_COUNT";s:1:"4";s:18:"ALSO_BUY_MIN_BUYES";s:1:"1";s:9:"USE_STORE";s:1:"Y";s:15:"USE_STORE_PHONE";s:1:"Y";s:18:"USE_STORE_SCHEDULE";s:1:"Y";s:14:"USE_MIN_AMOUNT";s:1:"N";s:10:"STORE_PATH";s:17:"/store/#store_id#";s:10:"MAIN_TITLE";s:18:"Наличие на складах";s:14:"PAGER_TEMPLATE";s:6:"arrows";s:17:"DISPLAY_TOP_PAGER";s:1:"N";s:20:"DISPLAY_BOTTOM_PAGER";s:1:"Y";s:11:"PAGER_TITLE";s:6:"Товары";s:17:"PAGER_SHOW_ALWAYS";s:1:"N";s:20:"PAGER_DESC_NUMBERING";s:1:"N";s:31:"PAGER_DESC_NUMBERING_CACHE_TIME";s:8:"36000000";s:14:"PAGER_SHOW_ALL";s:1:"N";s:14:"TEMPLATE_THEME";s:4:"site";s:13:"ADD_PICT_PROP";s:10:"MORE_PHOTO";s:10:"LABEL_PROP";s:1:"-";s:21:"SHOW_DISCOUNT_PERCENT";s:1:"Y";s:14:"SHOW_OLD_PRICE";s:1:"Y";s:24:"DETAIL_SHOW_MAX_QUANTITY";s:1:"N";s:12:"MESS_BTN_BUY";s:6:"Купить";s:22:"MESS_BTN_ADD_TO_BASKET";s:9:"В корзину";s:16:"MESS_BTN_COMPARE";s:9:"Сравнение";s:15:"MESS_BTN_DETAIL";s:9:"Подробнее";s:18:"MESS_NOT_AVAILABLE";s:13:"Нет в наличии";s:22:"DETAIL_USE_VOTE_RATING";s:1:"Y";s:29:"DETAIL_VOTE_DISPLAY_AS_RATING";s:6:"rating";s:19:"DETAIL_USE_COMMENTS";s:1:"N";s:16:"DETAIL_BRAND_USE";s:1:"Y";s:22:"DETAIL_BRAND_PROP_CODE";s:1:"-";s:22:"AJAX_OPTION_ADDITIONAL";s:0:"";s:17:"SEF_URL_TEMPLATES";a:4:{s:8:"sections";s:0:"";s:7:"section";s:15:"#SECTION_CODE#/";s:7:"element";s:30:"#SECTION_CODE#/#ELEMENT_CODE#/";s:7:"compare";s:8:"compare/";}}'),
(45, 's1', 'bitrix:iblock.element.add.list', '', '/catalog/tailor_tips/index.php', 'Y', '', 107, 552, 'a:13:{s:8:"EDIT_URL";s:0:"";s:11:"NAV_ON_PAGE";s:2:"10";s:16:"MAX_USER_ENTRIES";s:6:"100000";s:11:"IBLOCK_TYPE";s:7:"content";s:9:"IBLOCK_ID";s:1:"7";s:6:"GROUPS";N;s:6:"STATUS";s:3:"ANY";s:13:"ELEMENT_ASSOC";s:1:"N";s:10:"ALLOW_EDIT";s:1:"Y";s:12:"ALLOW_DELETE";s:1:"Y";s:8:"SEF_MODE";s:1:"Y";s:10:"SEF_FOLDER";s:0:"";s:16:"VARIABLE_ALIASES";N;}'),
(20, 's1', 'bitrix:sale.bestsellers', '.default', '/index.php', 'N', NULL, 4139, 5929, 'a:48:{s:18:"HIDE_NOT_AVAILABLE";s:1:"N";s:21:"SHOW_DISCOUNT_PERCENT";s:1:"Y";s:20:"PRODUCT_SUBSCRIPTION";s:1:"Y";s:9:"SHOW_NAME";s:1:"Y";s:10:"SHOW_IMAGE";s:1:"Y";s:12:"MESS_BTN_BUY";s:6:"Купить";s:15:"MESS_BTN_DETAIL";s:9:"Подробнее";s:18:"MESS_NOT_AVAILABLE";s:13:"Нет в наличии";s:18:"MESS_BTN_SUBSCRIBE";s:11:"Подписаться";s:18:"PAGE_ELEMENT_COUNT";s:1:"4";s:18:"LINE_ELEMENT_COUNT";s:1:"4";s:14:"TEMPLATE_THEME";s:4:"site";s:10:"DETAIL_URL";s:0:"";s:9:"AJAX_MODE";s:1:"N";s:16:"AJAX_OPTION_JUMP";s:1:"N";s:17:"AJAX_OPTION_STYLE";s:1:"Y";s:19:"AJAX_OPTION_HISTORY";s:1:"N";s:10:"CACHE_TYPE";s:1:"A";s:10:"CACHE_TIME";s:5:"86400";s:2:"BY";s:6:"AMOUNT";s:6:"PERIOD";s:2:"30";s:6:"FILTER";a:7:{i:0;s:8:"CANCELED";i:1;s:14:"ALLOW_DELIVERY";i:2;s:5:"PAYED";i:3;s:8:"DEDUCTED";i:4;s:1:"N";i:5;s:1:"P";i:6;s:1:"F";}s:15:"DISPLAY_COMPARE";s:1:"N";s:14:"SHOW_OLD_PRICE";s:1:"N";s:10:"PRICE_CODE";a:1:{i:0;s:4:"BASE";}s:16:"SHOW_PRICE_COUNT";s:1:"1";s:17:"PRICE_VAT_INCLUDE";s:1:"Y";s:16:"CONVERT_CURRENCY";s:1:"N";s:10:"BASKET_URL";s:15:"/personal/cart/";s:15:"ACTION_VARIABLE";s:6:"action";s:19:"PRODUCT_ID_VARIABLE";s:2:"id";s:25:"PRODUCT_QUANTITY_VARIABLE";s:8:"quantity";s:24:"ADD_PROPERTIES_TO_BASKET";s:1:"Y";s:22:"PRODUCT_PROPS_VARIABLE";s:4:"prop";s:26:"PARTIAL_PRODUCT_PROPERTIES";s:1:"N";s:20:"USE_PRODUCT_QUANTITY";s:1:"N";s:15:"SHOW_PRODUCTS_2";s:1:"Y";s:17:"CART_PROPERTIES_2";a:5:{i:0;s:0:"";i:1;s:9:"BRAND_REF";i:2;s:10:"NEWPRODUCT";i:3;s:10:"SALELEADER";i:4;s:0:"";}s:22:"ADDITIONAL_PICT_PROP_2";s:10:"MORE_PHOTO";s:12:"LABEL_PROP_2";s:1:"-";s:17:"CART_PROPERTIES_3";a:4:{i:0;s:9:"COLOR_REF";i:1;s:11:"SIZES_SHOES";i:2;s:13:"SIZES_CLOTHES";i:3;s:0:"";}s:22:"ADDITIONAL_PICT_PROP_3";s:10:"MORE_PHOTO";s:18:"OFFER_TREE_PROPS_3";a:3:{i:0;s:9:"COLOR_REF";i:1;s:11:"SIZES_SHOES";i:2;s:13:"SIZES_CLOTHES";}s:22:"AJAX_OPTION_ADDITIONAL";s:0:"";s:15:"PROPERTY_CODE_2";a:2:{i:0;s:0:"";i:1;s:0:"";}s:15:"SHOW_PRODUCTS_3";s:1:"Y";s:15:"PROPERTY_CODE_3";a:2:{i:0;s:0:"";i:1;s:0:"";}s:12:"LABEL_PROP_3";s:1:"-";}'),
(19, 's1', 'bitrix:catalog.top', '', '/index.php', 'N', NULL, 2156, 4134, 'a:50:{s:11:"IBLOCK_TYPE";s:7:"catalog";s:9:"IBLOCK_ID";s:1:"2";s:9:"VIEW_MODE";s:7:"SECTION";s:14:"TEMPLATE_THEME";s:4:"site";s:20:"PRODUCT_DISPLAY_MODE";s:1:"Y";s:13:"ADD_PICT_PROP";s:10:"MORE_PHOTO";s:10:"LABEL_PROP";s:10:"NEWPRODUCT";s:19:"OFFER_ADD_PICT_PROP";s:10:"MORE_PHOTO";s:16:"OFFER_TREE_PROPS";a:3:{i:0;s:9:"COLOR_REF";i:1;s:11:"SIZES_SHOES";i:2;s:13:"SIZES_CLOTHES";}s:21:"SHOW_DISCOUNT_PERCENT";s:1:"Y";s:14:"SHOW_OLD_PRICE";s:1:"Y";s:12:"MESS_BTN_BUY";s:6:"Купить";s:22:"MESS_BTN_ADD_TO_BASKET";s:9:"В корзину";s:15:"MESS_BTN_DETAIL";s:9:"Подробнее";s:18:"MESS_NOT_AVAILABLE";s:13:"Нет в наличии";s:18:"ELEMENT_SORT_FIELD";s:4:"sort";s:18:"ELEMENT_SORT_ORDER";s:3:"asc";s:19:"ELEMENT_SORT_FIELD2";s:4:"name";s:19:"ELEMENT_SORT_ORDER2";s:3:"asc";s:11:"SECTION_URL";s:0:"";s:10:"DETAIL_URL";s:0:"";s:10:"BASKET_URL";s:15:"/personal/cart/";s:15:"ACTION_VARIABLE";s:6:"action";s:19:"PRODUCT_ID_VARIABLE";s:10:"id_section";s:25:"PRODUCT_QUANTITY_VARIABLE";s:8:"quantity";s:22:"PRODUCT_PROPS_VARIABLE";s:4:"prop";s:19:"SECTION_ID_VARIABLE";s:10:"SECTION_ID";s:15:"DISPLAY_COMPARE";s:1:"N";s:13:"ELEMENT_COUNT";s:2:"12";s:18:"LINE_ELEMENT_COUNT";s:1:"4";s:13:"PROPERTY_CODE";a:2:{i:0;s:13:"MINIMUM_PRICE";i:1;s:13:"MAXIMUM_PRICE";}s:17:"OFFERS_FIELD_CODE";a:1:{i:0;s:4:"NAME";}s:20:"OFFERS_PROPERTY_CODE";a:5:{i:0;s:9:"ARTNUMBER";i:1;s:9:"COLOR_REF";i:2;s:11:"SIZES_SHOES";i:3;s:13:"SIZES_CLOTHES";i:4;s:10:"MORE_PHOTO";}s:17:"OFFERS_SORT_FIELD";s:4:"sort";s:17:"OFFERS_SORT_ORDER";s:3:"asc";s:18:"OFFERS_SORT_FIELD2";s:2:"id";s:18:"OFFERS_SORT_ORDER2";s:4:"desc";s:12:"OFFERS_LIMIT";s:1:"0";s:10:"PRICE_CODE";a:1:{i:0;s:4:"BASE";}s:15:"USE_PRICE_COUNT";s:1:"N";s:16:"SHOW_PRICE_COUNT";s:1:"1";s:17:"PRICE_VAT_INCLUDE";s:1:"Y";s:18:"PRODUCT_PROPERTIES";s:0:"";s:20:"USE_PRODUCT_QUANTITY";s:1:"Y";s:10:"CACHE_TYPE";s:1:"A";s:10:"CACHE_TIME";s:3:"180";s:12:"CACHE_GROUPS";s:1:"Y";s:18:"HIDE_NOT_AVAILABLE";s:1:"N";s:16:"CONVERT_CURRENCY";s:1:"N";s:22:"OFFERS_CART_PROPERTIES";a:4:{i:0;s:9:"ARTNUMBER";i:1;s:9:"COLOR_REF";i:2;s:11:"SIZES_SHOES";i:3;s:13:"SIZES_CLOTHES";}}'),
(18, 's1', 'bitrix:catalog.top', '', '/index.php', 'N', NULL, 145, 2128, 'a:51:{s:14:"IBLOCK_TYPE_ID";s:7:"catalog";s:9:"IBLOCK_ID";s:1:"2";s:18:"ELEMENT_SORT_FIELD";s:4:"name";s:18:"ELEMENT_SORT_ORDER";s:3:"asc";s:19:"ELEMENT_SORT_FIELD2";s:4:"name";s:19:"ELEMENT_SORT_ORDER2";s:3:"asc";s:18:"HIDE_NOT_AVAILABLE";s:1:"N";s:13:"ELEMENT_COUNT";s:1:"8";s:18:"LINE_ELEMENT_COUNT";s:1:"4";s:13:"PROPERTY_CODE";a:3:{i:0;s:13:"MINIMUM_PRICE";i:1;s:13:"MAXIMUM_PRICE";i:2;s:0:"";}s:17:"OFFERS_FIELD_CODE";a:2:{i:0;s:4:"NAME";i:1;s:0:"";}s:20:"OFFERS_PROPERTY_CODE";a:6:{i:0;s:9:"ARTNUMBER";i:1;s:9:"COLOR_REF";i:2;s:11:"SIZES_SHOES";i:3;s:13:"SIZES_CLOTHES";i:4;s:10:"MORE_PHOTO";i:5;s:0:"";}s:17:"OFFERS_SORT_FIELD";s:4:"sort";s:17:"OFFERS_SORT_ORDER";s:3:"asc";s:18:"OFFERS_SORT_FIELD2";s:2:"id";s:18:"OFFERS_SORT_ORDER2";s:4:"desc";s:12:"OFFERS_LIMIT";s:1:"0";s:9:"VIEW_MODE";s:6:"SLIDER";s:14:"TEMPLATE_THEME";s:4:"site";s:20:"PRODUCT_DISPLAY_MODE";s:1:"Y";s:13:"ADD_PICT_PROP";s:10:"MORE_PHOTO";s:10:"LABEL_PROP";s:10:"NEWPRODUCT";s:19:"OFFER_ADD_PICT_PROP";s:10:"MORE_PHOTO";s:16:"OFFER_TREE_PROPS";a:3:{i:0;s:9:"COLOR_REF";i:1;s:11:"SIZES_SHOES";i:2;s:13:"SIZES_CLOTHES";}s:21:"SHOW_DISCOUNT_PERCENT";s:1:"Y";s:14:"SHOW_OLD_PRICE";s:1:"Y";s:12:"ROTATE_TIMER";s:2:"30";s:12:"MESS_BTN_BUY";s:6:"Купить";s:22:"MESS_BTN_ADD_TO_BASKET";s:9:"В корзину";s:15:"MESS_BTN_DETAIL";s:9:"Подробнее";s:18:"MESS_NOT_AVAILABLE";s:13:"Нет в наличии";s:11:"SECTION_URL";s:0:"";s:10:"DETAIL_URL";s:0:"";s:10:"BASKET_URL";s:15:"/personal/cart/";s:15:"ACTION_VARIABLE";s:6:"action";s:19:"PRODUCT_ID_VARIABLE";s:9:"id_slider";s:25:"PRODUCT_QUANTITY_VARIABLE";s:8:"quantity";s:22:"PRODUCT_PROPS_VARIABLE";s:4:"prop";s:19:"SECTION_ID_VARIABLE";s:10:"SECTION_ID";s:10:"CACHE_TYPE";s:1:"A";s:10:"CACHE_TIME";s:3:"180";s:12:"CACHE_GROUPS";s:1:"Y";s:15:"DISPLAY_COMPARE";s:1:"N";s:10:"PRICE_CODE";a:1:{i:0;s:4:"BASE";}s:15:"USE_PRICE_COUNT";s:1:"N";s:16:"SHOW_PRICE_COUNT";s:1:"1";s:17:"PRICE_VAT_INCLUDE";s:1:"Y";s:18:"PRODUCT_PROPERTIES";N;s:20:"USE_PRODUCT_QUANTITY";s:1:"Y";s:16:"CONVERT_CURRENCY";s:1:"N";s:22:"OFFERS_CART_PROPERTIES";a:4:{i:0;s:9:"ARTNUMBER";i:1;s:9:"COLOR_REF";i:2;s:11:"SIZES_SHOES";i:3;s:13:"SIZES_CLOTHES";}}'),
(46, 's1', 'bitrix:iblock.element.add.list', '', '/tailor_tips/index.php', 'Y', 'tailor_tips', 107, 563, 'a:13:{s:8:"EDIT_URL";s:0:"";s:11:"NAV_ON_PAGE";s:2:"10";s:16:"MAX_USER_ENTRIES";s:6:"100000";s:11:"IBLOCK_TYPE";s:7:"content";s:9:"IBLOCK_ID";s:1:"7";s:6:"GROUPS";N;s:6:"STATUS";s:3:"ANY";s:13:"ELEMENT_ASSOC";s:1:"N";s:10:"ALLOW_EDIT";s:1:"Y";s:12:"ALLOW_DELETE";s:1:"Y";s:8:"SEF_MODE";s:1:"Y";s:10:"SEF_FOLDER";s:11:"tailor_tips";s:16:"VARIABLE_ALIASES";N;}'),
(146, 's1', 'bitrix:menu', 'catalog_vertical', '/bitrix/templates/eshop_adapt_wood/footer.php', 'N', NULL, 203, 715, 'a:12:{s:14:"ROOT_MENU_TYPE";s:4:"left";s:15:"MENU_CACHE_TYPE";s:1:"A";s:15:"MENU_CACHE_TIME";s:8:"36000000";s:21:"MENU_CACHE_USE_GROUPS";s:1:"Y";s:20:"CACHE_SELECTED_ITEMS";s:1:"N";s:10:"MENU_THEME";s:4:"site";s:19:"MENU_CACHE_GET_VARS";N;s:9:"MAX_LEVEL";s:1:"3";s:15:"CHILD_MENU_TYPE";s:4:"left";s:7:"USE_EXT";s:1:"Y";s:5:"DELAY";s:1:"N";s:18:"ALLOW_MULTI_SELECT";s:1:"N";}'),
(147, 's1', 'bitrix:main.include', '', '/bitrix/templates/eshop_adapt_wood/footer.php', 'N', NULL, 890, 1194, 'a:4:{s:14:"AREA_FILE_SHOW";s:4:"file";s:4:"PATH";s:40:"={SITE_DIR."include/viewed_product.php"}";s:19:"AREA_FILE_RECURSIVE";s:1:"N";s:9:"EDIT_MODE";s:4:"html";}'),
(148, 's1', 'bitrix:main.include', '', '/bitrix/templates/eshop_adapt_wood/footer.php', 'N', NULL, 1492, 1785, 'a:4:{s:14:"AREA_FILE_SHOW";s:4:"file";s:4:"PATH";s:40:"={SITE_DIR."include/viewed_product.php"}";s:19:"AREA_FILE_RECURSIVE";s:1:"N";s:9:"EDIT_MODE";s:4:"html";}'),
(149, 's1', 'bitrix:main.include', '', '/bitrix/templates/eshop_adapt_wood/footer.php', 'N', NULL, 2047, 2194, 'a:2:{s:14:"AREA_FILE_SHOW";s:4:"file";s:4:"PATH";s:38:"={SITE_DIR."include/company_name.php"}";}'),
(150, 's1', 'bitrix:main.include', '', '/bitrix/templates/eshop_adapt_wood/footer.php', 'N', NULL, 2213, 2361, 'a:2:{s:14:"AREA_FILE_SHOW";s:4:"file";s:4:"PATH";s:39:"={SITE_DIR."include/company_about.php"}";}'),
(151, 's1', 'bitrix:main.include', '', '/bitrix/templates/eshop_adapt_wood/footer.php', 'N', NULL, 2534, 2828, 'a:4:{s:14:"AREA_FILE_SHOW";s:4:"file";s:4:"PATH";s:30:"={SITE_DIR."include/news.php"}";s:19:"AREA_FILE_RECURSIVE";s:1:"N";s:9:"EDIT_MODE";s:4:"html";}'),
(152, 's1', 'bitrix:main.include', '', '/bitrix/templates/eshop_adapt_wood/footer.php', 'N', NULL, 2929, 3079, 'a:2:{s:14:"AREA_FILE_SHOW";s:4:"file";s:4:"PATH";s:41:"={SITE_DIR."include/facebook_plugin.php"}";}'),
(153, 's1', 'bitrix:main.include', '', '/bitrix/templates/eshop_adapt_wood/footer.php', 'N', NULL, 3308, 3456, 'a:2:{s:14:"AREA_FILE_SHOW";s:4:"file";s:4:"PATH";s:39:"={SITE_DIR."include/catalog_title.php"}";}'),
(154, 's1', 'bitrix:menu', 'bottom_menu', '/bitrix/templates/eshop_adapt_wood/footer.php', 'N', NULL, 3472, 3829, 'a:10:{s:14:"ROOT_MENU_TYPE";s:4:"left";s:15:"MENU_CACHE_TYPE";s:1:"A";s:15:"MENU_CACHE_TIME";s:8:"36000000";s:21:"MENU_CACHE_USE_GROUPS";s:1:"Y";s:19:"MENU_CACHE_GET_VARS";N;s:9:"MAX_LEVEL";s:1:"1";s:15:"CHILD_MENU_TYPE";s:4:"left";s:7:"USE_EXT";s:1:"N";s:5:"DELAY";s:1:"N";s:18:"ALLOW_MULTI_SELECT";s:1:"N";}'),
(155, 's1', 'bitrix:main.include', '', '/bitrix/templates/eshop_adapt_wood/footer.php', 'N', NULL, 3944, 4090, 'a:2:{s:14:"AREA_FILE_SHOW";s:4:"file";s:4:"PATH";s:37:"={SITE_DIR."include/about_title.php"}";}'),
(156, 's1', 'bitrix:menu', 'bottom_menu', '/bitrix/templates/eshop_adapt_wood/footer.php', 'N', NULL, 4106, 4427, 'a:6:{s:14:"ROOT_MENU_TYPE";s:6:"bottom";s:9:"MAX_LEVEL";s:1:"1";s:15:"MENU_CACHE_TYPE";s:1:"A";s:15:"MENU_CACHE_TIME";s:8:"36000000";s:21:"MENU_CACHE_USE_GROUPS";s:1:"Y";s:19:"MENU_CACHE_GET_VARS";N;}'),
(157, 's1', 'bitrix:main.include', '', '/bitrix/templates/eshop_adapt_wood/footer.php', 'N', NULL, 5070, 5220, 'a:2:{s:14:"AREA_FILE_SHOW";s:4:"file";s:4:"PATH";s:41:"={SITE_DIR."include/socnet_facebook.php"}";}'),
(158, 's1', 'bitrix:main.include', '', '/bitrix/templates/eshop_adapt_wood/footer.php', 'N', NULL, 5296, 5445, 'a:2:{s:14:"AREA_FILE_SHOW";s:4:"file";s:4:"PATH";s:40:"={SITE_DIR."include/socnet_twitter.php"}";}'),
(159, 's1', 'bitrix:main.include', '', '/bitrix/templates/eshop_adapt_wood/footer.php', 'N', NULL, 5524, 5672, 'a:2:{s:14:"AREA_FILE_SHOW";s:4:"file";s:4:"PATH";s:39:"={SITE_DIR."include/socnet_google.php"}";}'),
(160, 's1', 'bitrix:main.include', '', '/bitrix/templates/eshop_adapt_wood/footer.php', 'N', NULL, 5764, 5908, 'a:2:{s:14:"AREA_FILE_SHOW";s:4:"file";s:4:"PATH";s:35:"={SITE_DIR."include/socnet_vk.php"}";}'),
(161, 's1', 'bitrix:main.include', '', '/bitrix/templates/eshop_adapt_wood/footer.php', 'N', NULL, 6066, 6210, 'a:2:{s:14:"AREA_FILE_SHOW";s:4:"file";s:4:"PATH";s:35:"={SITE_DIR."include/telephone.php"}";}'),
(162, 's1', 'bitrix:main.include', '', '/bitrix/templates/eshop_adapt_wood/footer.php', 'N', NULL, 6274, 6418, 'a:2:{s:14:"AREA_FILE_SHOW";s:4:"file";s:4:"PATH";s:35:"={SITE_DIR."include/copyright.php"}";}'),
(163, 's1', 'bitrix:main.include', '', '/bitrix/templates/eshop_adapt_wood/footer.php', 'N', NULL, 6723, 6870, 'a:2:{s:14:"AREA_FILE_SHOW";s:4:"file";s:4:"PATH";s:38:"={SITE_DIR."include/company_name.php"}";}'),
(164, 's1', 'bitrix:menu', 'catalog_native', '/bitrix/templates/eshop_adapt_wood/footer.php', 'N', NULL, 6989, 7423, 'a:11:{s:14:"ROOT_MENU_TYPE";s:4:"left";s:15:"MENU_CACHE_TYPE";s:1:"A";s:15:"MENU_CACHE_TIME";s:8:"36000000";s:21:"MENU_CACHE_USE_GROUPS";s:1:"Y";s:20:"CACHE_SELECTED_ITEMS";s:1:"N";s:19:"MENU_CACHE_GET_VARS";N;s:9:"MAX_LEVEL";s:1:"3";s:15:"CHILD_MENU_TYPE";s:4:"left";s:7:"USE_EXT";s:1:"Y";s:5:"DELAY";s:1:"N";s:18:"ALLOW_MULTI_SELECT";s:1:"N";}'),
(165, 's1', 'bitrix:menu', 'catalog_native', '/bitrix/templates/eshop_adapt_wood/footer.php', 'N', NULL, 7430, 7870, 'a:11:{s:14:"ROOT_MENU_TYPE";s:6:"native";s:15:"MENU_CACHE_TYPE";s:1:"A";s:15:"MENU_CACHE_TIME";s:8:"36000000";s:21:"MENU_CACHE_USE_GROUPS";s:1:"Y";s:20:"CACHE_SELECTED_ITEMS";s:1:"N";s:19:"MENU_CACHE_GET_VARS";N;s:9:"MAX_LEVEL";s:1:"3";s:15:"CHILD_MENU_TYPE";s:8:"personal";s:7:"USE_EXT";s:1:"Y";s:5:"DELAY";s:1:"N";s:18:"ALLOW_MULTI_SELECT";s:1:"N";}');

-- --------------------------------------------------------

--
-- Структура таблицы `b_culture`
--

CREATE TABLE IF NOT EXISTS `b_culture` (
  `ID` int(11) NOT NULL AUTO_INCREMENT,
  `CODE` varchar(255) DEFAULT NULL,
  `NAME` varchar(255) DEFAULT NULL,
  `FORMAT_DATE` varchar(255) DEFAULT NULL,
  `FORMAT_DATETIME` varchar(255) DEFAULT NULL,
  `FORMAT_NAME` varchar(255) DEFAULT NULL,
  `WEEK_START` int(1) DEFAULT '1',
  `CHARSET` varchar(255) DEFAULT NULL,
  `DIRECTION` char(1) DEFAULT 'Y',
  PRIMARY KEY (`ID`)
) ENGINE=MyISAM  DEFAULT CHARSET=cp1251 AUTO_INCREMENT=3 ;

--
-- Дамп данных таблицы `b_culture`
--

INSERT INTO `b_culture` (`ID`, `CODE`, `NAME`, `FORMAT_DATE`, `FORMAT_DATETIME`, `FORMAT_NAME`, `WEEK_START`, `CHARSET`, `DIRECTION`) VALUES
(1, 'ru', 'ru', 'DD.MM.YYYY', 'DD.MM.YYYY HH:MI:SS', '#NAME# #LAST_NAME#', 1, 'windows-1251', 'Y'),
(2, 'en', 'en', 'MM/DD/YYYY', 'MM/DD/YYYY H:MI:SS T', '#NAME# #LAST_NAME#', 0, 'iso-8859-1', 'Y');

-- --------------------------------------------------------

--
-- Структура таблицы `b_event`
--

CREATE TABLE IF NOT EXISTS `b_event` (
  `ID` int(18) NOT NULL AUTO_INCREMENT,
  `EVENT_NAME` varchar(255) NOT NULL,
  `MESSAGE_ID` int(18) DEFAULT NULL,
  `LID` varchar(255) NOT NULL,
  `C_FIELDS` longtext,
  `DATE_INSERT` datetime DEFAULT NULL,
  `DATE_EXEC` datetime DEFAULT NULL,
  `SUCCESS_EXEC` char(1) NOT NULL DEFAULT 'N',
  `DUPLICATE` char(1) NOT NULL DEFAULT 'Y',
  PRIMARY KEY (`ID`),
  KEY `ix_success` (`SUCCESS_EXEC`),
  KEY `ix_b_event_date_exec` (`DATE_EXEC`)
) ENGINE=MyISAM  DEFAULT CHARSET=cp1251 AUTO_INCREMENT=10 ;

--
-- Дамп данных таблицы `b_event`
--

INSERT INTO `b_event` (`ID`, `EVENT_NAME`, `MESSAGE_ID`, `LID`, `C_FIELDS`, `DATE_INSERT`, `DATE_EXEC`, `SUCCESS_EXEC`, `DUPLICATE`) VALUES
(1, 'SALE_ORDER_DELIVERY', NULL, 's1', 'ORDER_ID=1&ORDER_DATE=07.08.2014&EMAIL=example@example.com&SALE_EMAIL=sale@russianshik.bureauit.com', '2014-08-07 06:48:03', '2014-08-07 06:48:10', 'Y', 'N'),
(2, 'SALE_ORDER_PAID', NULL, 's1', 'ORDER_ID=1&ORDER_DATE=07.08.2014&EMAIL=example@example.com&SALE_EMAIL=sale@russianshik.bureauit.com', '2014-08-07 06:48:03', '2014-08-07 06:48:10', 'Y', 'N'),
(3, 'SALE_STATUS_CHANGED_F', NULL, 's1', 'ORDER_ID=1&ORDER_DATE=07.08.2014&ORDER_STATUS=Выполнен&EMAIL=example@example.com&ORDER_DESCRIPTION=Заказ отправлен клиенту&TEXT=&SALE_EMAIL=sale@russianshik.bureauit.com', '2014-08-07 06:48:03', '2014-08-07 06:48:10', 'Y', 'N'),
(4, 'SALE_ORDER_DELIVERY', NULL, 's1', 'ORDER_ID=2&ORDER_DATE=07.08.2014&EMAIL=example@example.com&SALE_EMAIL=sale@russianshik.bureauit.com', '2014-08-07 06:48:03', '2014-08-07 06:48:10', 'Y', 'N'),
(5, 'SALE_ORDER_PAID', NULL, 's1', 'ORDER_ID=2&ORDER_DATE=07.08.2014&EMAIL=example@example.com&SALE_EMAIL=sale@russianshik.bureauit.com', '2014-08-07 06:48:03', '2014-08-07 06:48:10', 'Y', 'N'),
(6, 'SALE_STATUS_CHANGED_F', NULL, 's1', 'ORDER_ID=2&ORDER_DATE=07.08.2014&ORDER_STATUS=Выполнен&EMAIL=example@example.com&ORDER_DESCRIPTION=Заказ отправлен клиенту&TEXT=&SALE_EMAIL=sale@russianshik.bureauit.com', '2014-08-07 06:48:03', '2014-08-07 06:48:19', 'Y', 'N'),
(7, 'SALE_ORDER_PAID', NULL, 's1', 'ORDER_ID=3&ORDER_DATE=07.08.2014&EMAIL=example@example.com&SALE_EMAIL=sale@russianshik.bureauit.com', '2014-08-07 06:48:03', '2014-08-07 06:48:19', 'Y', 'N'),
(8, 'SALE_STATUS_CHANGED_P', NULL, 's1', 'ORDER_ID=3&ORDER_DATE=07.08.2014&ORDER_STATUS=Оплачен, формируется к отправке&EMAIL=example@example.com&ORDER_DESCRIPTION=Заказ оплачен, формируется к отправке клиенту.&TEXT=&SALE_EMAIL=sale@russianshik.bureauit.com', '2014-08-07 06:48:03', '2014-08-07 06:48:19', 'Y', 'N'),
(9, 'SALE_ORDER_CANCEL', NULL, 's1', 'ORDER_ID=5&ORDER_DATE=07.08.2014&EMAIL=example@example.com&ORDER_CANCEL_DESCRIPTION=&SALE_EMAIL=sale@russianshik.bureauit.com', '2014-08-07 06:48:03', '2014-08-07 06:48:19', 'Y', 'N');

-- --------------------------------------------------------

--
-- Структура таблицы `b_event_log`
--

CREATE TABLE IF NOT EXISTS `b_event_log` (
  `ID` int(18) NOT NULL AUTO_INCREMENT,
  `TIMESTAMP_X` timestamp NOT NULL DEFAULT CURRENT_TIMESTAMP ON UPDATE CURRENT_TIMESTAMP,
  `SEVERITY` varchar(50) NOT NULL,
  `AUDIT_TYPE_ID` varchar(50) NOT NULL,
  `MODULE_ID` varchar(50) NOT NULL,
  `ITEM_ID` varchar(255) NOT NULL,
  `REMOTE_ADDR` varchar(40) DEFAULT NULL,
  `USER_AGENT` text,
  `REQUEST_URI` text,
  `SITE_ID` char(2) DEFAULT NULL,
  `USER_ID` int(18) DEFAULT NULL,
  `GUEST_ID` int(18) DEFAULT NULL,
  `DESCRIPTION` mediumtext,
  PRIMARY KEY (`ID`),
  KEY `ix_b_event_log_time` (`TIMESTAMP_X`)
) ENGINE=MyISAM  DEFAULT CHARSET=cp1251 AUTO_INCREMENT=78 ;

--
-- Дамп данных таблицы `b_event_log`
--

INSERT INTO `b_event_log` (`ID`, `TIMESTAMP_X`, `SEVERITY`, `AUDIT_TYPE_ID`, `MODULE_ID`, `ITEM_ID`, `REMOTE_ADDR`, `USER_AGENT`, `REQUEST_URI`, `SITE_ID`, `USER_ID`, `GUEST_ID`, `DESCRIPTION`) VALUES
(1, '2014-08-12 08:17:10', 'UNKNOWN', 'MENU_ADD', 'fileman', 'UNKNOWN', '94.73.199.245', 'Mozilla/5.0 (Windows NT 6.1) AppleWebKit/537.36 (KHTML, like Gecko) Chrome/36.0.1985.125 Safari/537.36', '/bitrix/admin/fileman_menu_edit.php?', NULL, 1, NULL, 'a:2:{s:9:"menu_name";s:10:"Левое меню";s:4:"path";b:0;}'),
(2, '2014-08-12 08:17:49', 'UNKNOWN', 'MENU_EDIT', 'fileman', 'UNKNOWN', '94.73.199.245', 'Mozilla/5.0 (Windows NT 6.1) AppleWebKit/537.36 (KHTML, like Gecko) Chrome/36.0.1985.125 Safari/537.36', '/bitrix/admin/fileman_menu_edit.php?', NULL, 1, NULL, 'a:2:{s:9:"menu_name";s:10:"Левое меню";s:4:"path";b:0;}'),
(3, '2014-08-12 08:42:55', 'UNKNOWN', 'FILE_EDIT', 'fileman', 'UNKNOWN', '94.73.199.245', 'Mozilla/5.0 (Windows NT 6.1) AppleWebKit/537.36 (KHTML, like Gecko) Chrome/36.0.1985.125 Safari/537.36', '/bitrix/admin/fileman_file_edit.php?', NULL, 1, NULL, 'a:1:{s:4:"path";s:78:"bitrix/templates/eshop_adapt_wood/components/bitrix/menu/top_menu/template.php";}'),
(4, '2014-08-13 01:36:18', 'UNKNOWN', 'MENU_EDIT', 'fileman', 'UNKNOWN', '94.73.199.245', 'Mozilla/5.0 (Windows NT 6.1) AppleWebKit/537.36 (KHTML, like Gecko) Chrome/36.0.1985.125 Safari/537.36', '/bitrix/admin/fileman_newfolder.php?', NULL, 1, NULL, 'a:2:{s:9:"menu_name";s:12:"Верхнее меню";s:4:"path";s:7:"catalog";}'),
(5, '2014-08-13 01:36:18', 'UNKNOWN', 'SECTION_ADD', 'fileman', 'UNKNOWN', '94.73.199.245', 'Mozilla/5.0 (Windows NT 6.1) AppleWebKit/537.36 (KHTML, like Gecko) Chrome/36.0.1985.125 Safari/537.36', '/bitrix/admin/fileman_newfolder.php?', NULL, 1, NULL, 'a:2:{s:9:"menu_name";s:12:"Верхнее меню";s:4:"path";s:14:"catalog/womens";}'),
(6, '2014-08-13 01:38:39', 'UNKNOWN', 'MENU_EDIT', 'main', 'UNKNOWN', '94.73.199.245', 'Mozilla/5.0 (Windows NT 6.1) AppleWebKit/537.36 (KHTML, like Gecko) Chrome/36.0.1985.125 Safari/537.36', '/bitrix/admin/public_menu_edit.php?bxsender=core_window_cdialog&lang=ru&site=s1&back_url=%2F%3Fback_url_admin%3D%252Fbitrix%252Fadmin%252Ffileman_html_edit.php%253Flang%253Dru%2526site%253Ds1%2526template%253Dstandard.php%2526path%253D%25252Fcatalog%25252Fwomens%2526filename%253Dindex.php%2526new%253DY%26clear_cache%3DY&path=%2F&name=left', NULL, 1, NULL, 'a:2:{s:9:"menu_name";s:10:"Левое меню";s:4:"path";b:0;}'),
(7, '2014-08-13 01:43:18', 'UNKNOWN', 'SECTION_DELETE', 'fileman', 'UNKNOWN', '94.73.199.245', 'Mozilla/5.0 (Windows NT 6.1) AppleWebKit/537.36 (KHTML, like Gecko) Chrome/36.0.1985.125 Safari/537.36', '/bitrix/admin/fileman_admin.php?ID=womens&action_button=delete&lang=ru&lang=ru&site=s1&path=%2Fcatalog&show_perms_for=0&mode=list&table_id=tbl_fileman_admin', NULL, 1, NULL, 'a:2:{s:9:"file_name";s:6:"womens";s:4:"path";s:14:"catalog/womens";}'),
(8, '2014-08-13 01:43:31', 'UNKNOWN', 'MENU_EDIT', 'fileman', 'UNKNOWN', '94.73.199.245', 'Mozilla/5.0 (Windows NT 6.1) AppleWebKit/537.36 (KHTML, like Gecko) Chrome/36.0.1985.125 Safari/537.36', '/bitrix/admin/fileman_menu_edit.php?', NULL, 1, NULL, 'a:2:{s:9:"menu_name";s:12:"Верхнее меню";s:4:"path";s:7:"catalog";}'),
(9, '2014-08-13 02:18:18', 'UNKNOWN', 'MENU_EDIT', 'fileman', 'UNKNOWN', '94.73.199.245', 'Mozilla/5.0 (Windows NT 6.1) AppleWebKit/537.36 (KHTML, like Gecko) Chrome/36.0.1985.125 Safari/537.36', '/bitrix/admin/fileman_menu_edit.php?', NULL, 1, NULL, 'a:2:{s:9:"menu_name";s:10:"Левое меню";s:4:"path";b:0;}'),
(10, '2014-08-13 02:18:31', 'UNKNOWN', 'MENU_EDIT', 'fileman', 'UNKNOWN', '94.73.199.245', 'Mozilla/5.0 (Windows NT 6.1) AppleWebKit/537.36 (KHTML, like Gecko) Chrome/36.0.1985.125 Safari/537.36', '/bitrix/admin/fileman_menu_edit.php?', NULL, 1, NULL, 'a:2:{s:9:"menu_name";s:12:"Верхнее меню";s:4:"path";b:0;}'),
(11, '2014-08-13 02:33:08', 'UNKNOWN', 'MENU_EDIT', 'fileman', 'UNKNOWN', '94.73.199.245', 'Mozilla/5.0 (Windows NT 6.1) AppleWebKit/537.36 (KHTML, like Gecko) Chrome/36.0.1985.125 Safari/537.36', '/bitrix/admin/fileman_menu_edit.php?', NULL, 1, NULL, 'a:2:{s:9:"menu_name";s:12:"Верхнее меню";s:4:"path";b:0;}'),
(12, '2014-08-13 02:33:39', 'UNKNOWN', 'PAGE_EDIT', 'main', 'UNKNOWN', '94.73.199.245', 'Mozilla/5.0 (Windows NT 6.1) AppleWebKit/537.36 (KHTML, like Gecko) Chrome/36.0.1985.125 Safari/537.36', '/bitrix/admin/public_file_edit_src.php?bxsender=core_window_cdialog&site=s1&path=%2Fbitrix%2Ftemplates%2Feshop_adapt_wood%2Fcomponents%2Fbitrix%2Fmenu%2Ftop_menu%2Ftemplate.php&back_url=%2F%3Fback_url_admin%3D%252Fbitrix%252Fadmin%252Ffileman_menu_edit.php%253Flang%253Dru%2526site%253Ds1%2526path%253D%25252F%2526name%253Dtop&lang=ru', 's1', 1, NULL, 'a:1:{s:4:"path";s:78:"bitrix/templates/eshop_adapt_wood/components/bitrix/menu/top_menu/template.php";}'),
(13, '2014-08-13 02:54:54', 'UNKNOWN', 'MENU_EDIT', 'fileman', 'UNKNOWN', '94.73.199.245', 'Mozilla/5.0 (Windows NT 6.1) AppleWebKit/537.36 (KHTML, like Gecko) Chrome/36.0.1985.125 Safari/537.36', '/bitrix/admin/fileman_menu_edit.php?', NULL, 1, NULL, 'a:2:{s:9:"menu_name";s:12:"Верхнее меню";s:4:"path";b:0;}'),
(14, '2014-08-13 02:55:37', 'UNKNOWN', 'SECTION_DELETE', 'fileman', 'UNKNOWN', '94.73.199.245', 'Mozilla/5.0 (Windows NT 6.1) AppleWebKit/537.36 (KHTML, like Gecko) Chrome/36.0.1985.125 Safari/537.36', '/bitrix/admin/fileman_admin.php?ID=guaranty&action_button=delete&lang=ru&lang=ru&site=s1&path=%2Fabout&show_perms_for=0&mode=list&table_id=tbl_fileman_admin', NULL, 1, NULL, 'a:2:{s:9:"file_name";s:8:"guaranty";s:4:"path";s:14:"about/guaranty";}'),
(15, '2014-08-13 03:03:10', 'UNKNOWN', 'SECTION_DELETE', 'fileman', 'UNKNOWN', '94.73.199.245', 'Mozilla/5.0 (Windows NT 6.1) AppleWebKit/537.36 (KHTML, like Gecko) Chrome/36.0.1985.125 Safari/537.36', '/bitrix/admin/fileman_admin.php?ID=howto&action_button=delete&lang=ru&lang=ru&site=s1&path=%2Fabout&show_perms_for=0&mode=list&table_id=tbl_fileman_admin', NULL, 1, NULL, 'a:2:{s:9:"file_name";s:5:"howto";s:4:"path";s:11:"about/howto";}'),
(16, '2014-08-13 03:04:09', 'UNKNOWN', 'MENU_EDIT', 'fileman', 'UNKNOWN', '94.73.199.245', 'Mozilla/5.0 (Windows NT 6.1) AppleWebKit/537.36 (KHTML, like Gecko) Chrome/36.0.1985.125 Safari/537.36', '/bitrix/admin/fileman_newfolder.php?', NULL, 1, NULL, 'a:2:{s:9:"menu_name";s:12:"Верхнее меню";s:4:"path";s:5:"about";}'),
(17, '2014-08-13 03:04:09', 'UNKNOWN', 'SECTION_ADD', 'fileman', 'UNKNOWN', '94.73.199.245', 'Mozilla/5.0 (Windows NT 6.1) AppleWebKit/537.36 (KHTML, like Gecko) Chrome/36.0.1985.125 Safari/537.36', '/bitrix/admin/fileman_newfolder.php?', NULL, 1, NULL, 'a:2:{s:9:"menu_name";s:12:"Верхнее меню";s:4:"path";s:15:"about/customers";}'),
(18, '2014-08-13 03:04:28', 'UNKNOWN', 'FILE_ADD', 'fileman', 'UNKNOWN', '94.73.199.245', 'Mozilla/5.0 (Windows NT 6.1) AppleWebKit/537.36 (KHTML, like Gecko) Chrome/36.0.1985.125 Safari/537.36', '/bitrix/admin/fileman_html_edit.php?lang=ru', NULL, 1, NULL, 'a:1:{s:4:"path";s:25:"about/customers/index.php";}'),
(19, '2014-08-13 03:05:19', 'UNKNOWN', 'MENU_EDIT', 'main', 'UNKNOWN', '94.73.199.245', 'Mozilla/5.0 (Windows NT 6.1) AppleWebKit/537.36 (KHTML, like Gecko) Chrome/36.0.1985.125 Safari/537.36', '/bitrix/admin/public_menu_edit.php?bxsender=core_window_cdialog&lang=ru&site=s1&back_url=%2F%3Fback_url_admin%3D%252Fbitrix%252Fadmin%252Ffileman_admin.php%253Flang%253Dru%2526path%253D%25252Fabout%2526site%253Ds1%26clear_cache%3DY&path=%2F&name=top', NULL, 1, NULL, 'a:2:{s:9:"menu_name";s:12:"Верхнее меню";s:4:"path";b:0;}'),
(20, '2014-08-13 03:05:57', 'UNKNOWN', 'MENU_EDIT', 'main', 'UNKNOWN', '94.73.199.245', 'Mozilla/5.0 (Windows NT 6.1) AppleWebKit/537.36 (KHTML, like Gecko) Chrome/36.0.1985.125 Safari/537.36', '/bitrix/admin/public_menu_edit.php?bxsender=core_window_cdialog&lang=ru&site=s1&back_url=%2F&path=%2F&name=top', NULL, 1, NULL, 'a:2:{s:9:"menu_name";s:12:"Верхнее меню";s:4:"path";b:0;}'),
(21, '2014-08-13 03:06:31', 'UNKNOWN', 'MENU_EDIT', 'fileman', 'UNKNOWN', '94.73.199.245', 'Mozilla/5.0 (Windows NT 6.1) AppleWebKit/537.36 (KHTML, like Gecko) Chrome/36.0.1985.125 Safari/537.36', '/bitrix/admin/fileman_menu_edit.php?', NULL, 1, NULL, 'a:2:{s:9:"menu_name";s:12:"Верхнее меню";s:4:"path";s:5:"about";}'),
(22, '2014-08-13 03:07:07', 'UNKNOWN', 'FILE_DELETE', 'fileman', 'UNKNOWN', '94.73.199.245', 'Mozilla/5.0 (Windows NT 6.1) AppleWebKit/537.36 (KHTML, like Gecko) Chrome/36.0.1985.125 Safari/537.36', '/bitrix/admin/fileman_admin.php?ID=.top.menu.php&action_button=delete&lang=ru&lang=ru&site=s1&path=%2Fabout&show_perms_for=0&mode=list&table_id=tbl_fileman_admin', NULL, 1, NULL, 'a:2:{s:9:"file_name";s:13:".top.menu.php";s:4:"path";s:5:"about";}'),
(23, '2014-08-13 03:09:03', 'UNKNOWN', 'SECTION_DELETE', 'fileman', 'UNKNOWN', '94.73.199.245', 'Mozilla/5.0 (Windows NT 6.1) AppleWebKit/537.36 (KHTML, like Gecko) Chrome/36.0.1985.125 Safari/537.36', '/bitrix/admin/fileman_admin.php?ID=customers&action_button=delete&lang=ru&lang=ru&site=s1&path=%2Fabout&show_perms_for=0&mode=list&table_id=tbl_fileman_admin', NULL, 1, NULL, 'a:2:{s:9:"file_name";s:9:"customers";s:4:"path";s:15:"about/customers";}'),
(24, '2014-08-13 03:09:48', 'UNKNOWN', 'MENU_EDIT', 'fileman', 'UNKNOWN', '94.73.199.245', 'Mozilla/5.0 (Windows NT 6.1) AppleWebKit/537.36 (KHTML, like Gecko) Chrome/36.0.1985.125 Safari/537.36', '/bitrix/admin/fileman_menu_edit.php?', NULL, 1, NULL, 'a:2:{s:9:"menu_name";s:12:"Верхнее меню";s:4:"path";b:0;}'),
(25, '2014-08-13 03:11:12', 'UNKNOWN', 'FILE_EDIT', 'fileman', 'UNKNOWN', '94.73.199.245', 'Mozilla/5.0 (Windows NT 6.1) AppleWebKit/537.36 (KHTML, like Gecko) Chrome/36.0.1985.125 Safari/537.36', '/bitrix/admin/fileman_file_edit.php?', NULL, 1, NULL, 'a:1:{s:4:"path";s:15:"about/index.php";}'),
(26, '2014-08-13 03:11:51', 'UNKNOWN', 'SECTION_ADD', 'fileman', 'UNKNOWN', '94.73.199.245', 'Mozilla/5.0 (Windows NT 6.1) AppleWebKit/537.36 (KHTML, like Gecko) Chrome/36.0.1985.125 Safari/537.36', '/bitrix/admin/fileman_newfolder.php?', NULL, 1, NULL, 'a:1:{s:4:"path";s:15:"about/customers";}'),
(27, '2014-08-13 03:12:18', 'UNKNOWN', 'FILE_ADD', 'fileman', 'UNKNOWN', '94.73.199.245', 'Mozilla/5.0 (Windows NT 6.1) AppleWebKit/537.36 (KHTML, like Gecko) Chrome/36.0.1985.125 Safari/537.36', '/bitrix/admin/fileman_html_edit.php?lang=ru', NULL, 1, NULL, 'a:1:{s:4:"path";s:25:"about/customers/index.php";}'),
(28, '2014-08-13 03:12:55', 'UNKNOWN', 'MENU_EDIT', 'main', 'UNKNOWN', '94.73.199.245', 'Mozilla/5.0 (Windows NT 6.1) AppleWebKit/537.36 (KHTML, like Gecko) Chrome/36.0.1985.125 Safari/537.36', '/bitrix/admin/public_menu_edit.php?bxsender=core_window_cdialog&lang=ru&site=s1&back_url=%2Fabout%2Fcontacts%2F%3Fclear_cache%3DY&path=%2F&name=top', NULL, 1, NULL, 'a:2:{s:9:"menu_name";s:12:"Верхнее меню";s:4:"path";b:0;}'),
(29, '2014-08-13 03:36:55', 'UNKNOWN', 'PAGE_EDIT', 'main', 'UNKNOWN', '94.73.199.245', 'Mozilla/5.0 (Windows NT 6.1) AppleWebKit/537.36 (KHTML, like Gecko) Chrome/36.0.1985.125 Safari/537.36', '/bitrix/admin/public_file_edit.php', 's1', 1, NULL, 'a:1:{s:4:"path";s:9:"index.php";}'),
(30, '2014-08-13 07:56:26', 'UNKNOWN', 'SECTION_ADD', 'fileman', 'UNKNOWN', '94.73.199.245', 'Mozilla/5.0 (Windows NT 6.1) AppleWebKit/537.36 (KHTML, like Gecko) Chrome/36.0.1985.125 Safari/537.36', '/bitrix/admin/fileman_newfolder.php?', NULL, 1, NULL, 'a:1:{s:4:"path";s:13:"about/mending";}'),
(31, '2014-08-13 07:56:50', 'UNKNOWN', 'FILE_ADD', 'fileman', 'UNKNOWN', '94.73.199.245', 'Mozilla/5.0 (Windows NT 6.1) AppleWebKit/537.36 (KHTML, like Gecko) Chrome/36.0.1985.125 Safari/537.36', '/bitrix/admin/fileman_html_edit.php?lang=ru', NULL, 1, NULL, 'a:1:{s:4:"path";s:23:"about/mending/index.php";}'),
(32, '2014-08-13 07:58:13', 'UNKNOWN', 'FILE_EDIT', 'fileman', 'UNKNOWN', '94.73.199.245', 'Mozilla/5.0 (Windows NT 6.1) AppleWebKit/537.36 (KHTML, like Gecko) Chrome/36.0.1985.125 Safari/537.36', '/bitrix/admin/fileman_file_edit.php?', NULL, 1, NULL, 'a:1:{s:4:"path";s:23:"about/mending/index.php";}'),
(33, '2014-08-13 07:58:17', 'UNKNOWN', 'FILE_EDIT', 'fileman', 'UNKNOWN', '94.73.199.245', 'Mozilla/5.0 (Windows NT 6.1) AppleWebKit/537.36 (KHTML, like Gecko) Chrome/36.0.1985.125 Safari/537.36', '/bitrix/admin/fileman_file_edit.php?', NULL, 1, NULL, 'a:1:{s:4:"path";s:23:"about/mending/index.php";}'),
(34, '2014-08-13 07:58:27', 'UNKNOWN', 'SECTION_ADD', 'fileman', 'UNKNOWN', '94.73.199.245', 'Mozilla/5.0 (Windows NT 6.1) AppleWebKit/537.36 (KHTML, like Gecko) Chrome/36.0.1985.125 Safari/537.36', '/bitrix/admin/fileman_newfolder.php?', NULL, 1, NULL, 'a:1:{s:4:"path";s:22:"about/custom-tailoring";}'),
(35, '2014-08-13 07:58:45', 'UNKNOWN', 'FILE_ADD', 'fileman', 'UNKNOWN', '94.73.199.245', 'Mozilla/5.0 (Windows NT 6.1) AppleWebKit/537.36 (KHTML, like Gecko) Chrome/36.0.1985.125 Safari/537.36', '/bitrix/admin/fileman_html_edit.php?lang=ru', NULL, 1, NULL, 'a:1:{s:4:"path";s:32:"about/custom-tailoring/index.php";}'),
(36, '2014-08-13 08:02:06', 'UNKNOWN', 'MENU_EDIT', 'main', 'UNKNOWN', '94.73.199.245', 'Mozilla/5.0 (Windows NT 6.1) AppleWebKit/537.36 (KHTML, like Gecko) Chrome/36.0.1985.125 Safari/537.36', '/bitrix/admin/public_menu_edit.php?bxsender=core_window_cdialog&lang=ru&site=s1&back_url=%2F%3Fclear_cache%3DY&path=%2F&name=left', NULL, 1, NULL, 'a:2:{s:9:"menu_name";s:10:"Левое меню";s:4:"path";b:0;}'),
(37, '2014-08-14 08:42:57', 'UNKNOWN', 'MENU_EDIT', 'fileman', 'UNKNOWN', '94.73.199.245', 'Mozilla/5.0 (Windows NT 6.1) AppleWebKit/537.36 (KHTML, like Gecko) Chrome/36.0.1985.125 Safari/537.36', '/bitrix/admin/fileman_menu_edit.php?', NULL, 1, NULL, 'a:2:{s:9:"menu_name";s:10:"Левое меню";s:4:"path";b:0;}'),
(38, '2014-08-18 02:18:11', 'UNKNOWN', 'PAGE_ADD', 'main', 'UNKNOWN', '94.73.199.245', 'Mozilla/5.0 (Windows NT 6.1) AppleWebKit/537.36 (KHTML, like Gecko) Chrome/36.0.1985.125 Safari/537.36', '/bitrix/admin/public_file_new.php?bxsender=core_window_cdialog&lang=ru&site=s1&templateID=eshop_adapt_wood&newFolder=Y&path=%2F&back_url=%2F', NULL, 1, NULL, 'a:1:{s:4:"path";s:25:"sovety-portnogo/index.php";}'),
(39, '2014-08-18 02:18:11', 'UNKNOWN', 'SECTION_ADD', 'main', 'UNKNOWN', '94.73.199.245', 'Mozilla/5.0 (Windows NT 6.1) AppleWebKit/537.36 (KHTML, like Gecko) Chrome/36.0.1985.125 Safari/537.36', '/bitrix/admin/public_file_new.php?bxsender=core_window_cdialog&lang=ru&site=s1&templateID=eshop_adapt_wood&newFolder=Y&path=%2F&back_url=%2F', NULL, 1, NULL, 'a:1:{s:4:"path";s:15:"sovety-portnogo";}'),
(40, '2014-08-18 02:18:11', 'UNKNOWN', 'MENU_EDIT', 'main', 'UNKNOWN', '94.73.199.245', 'Mozilla/5.0 (Windows NT 6.1) AppleWebKit/537.36 (KHTML, like Gecko) Chrome/36.0.1985.125 Safari/537.36', '/bitrix/admin/public_file_new.php?bxsender=core_window_cdialog&lang=ru&site=s1&templateID=eshop_adapt_wood&newFolder=Y&path=%2F&back_url=%2F', NULL, 1, NULL, 'a:2:{s:4:"path";b:0;s:9:"menu_name";s:10:"Левое меню";}'),
(41, '2014-08-18 02:18:14', 'UNKNOWN', 'PAGE_EDIT', 'main', 'UNKNOWN', '94.73.199.245', 'Mozilla/5.0 (Windows NT 6.1) AppleWebKit/537.36 (KHTML, like Gecko) Chrome/36.0.1985.125 Safari/537.36', '/bitrix/admin/public_file_edit.php', 's1', 1, NULL, 'a:1:{s:4:"path";s:25:"sovety-portnogo/index.php";}'),
(42, '2014-08-18 02:20:51', 'UNKNOWN', 'SECTION_DELETE', 'fileman', 'UNKNOWN', '94.73.199.245', 'Mozilla/5.0 (Windows NT 6.1) AppleWebKit/537.36 (KHTML, like Gecko) Chrome/36.0.1985.125 Safari/537.36', '/bitrix/admin/fileman_admin.php?ID=sovety-portnogo&action_button=delete&lang=ru&lang=ru&site=&path=%2F&show_perms_for=0&mode=list&table_id=tbl_fileman_admin', NULL, 1, NULL, 'a:2:{s:9:"file_name";s:15:"sovety-portnogo";s:4:"path";s:15:"sovety-portnogo";}'),
(43, '2014-08-18 02:22:07', 'UNKNOWN', 'PAGE_ADD', 'main', 'UNKNOWN', '94.73.199.245', 'Mozilla/5.0 (Windows NT 6.1) AppleWebKit/537.36 (KHTML, like Gecko) Chrome/36.0.1985.125 Safari/537.36', '/bitrix/admin/public_file_new.php?bxsender=core_window_cdialog&lang=ru&site=s1&templateID=eshop_adapt_wood&newFolder=Y&path=%2Fcatalog&back_url=%2Fcatalog%2Fwomen%2F%3FarrFilter_P1_MIN%3D%26arrFilter_P1_MAX%3D%26arrFilter_63_2944839123%3DY%26arrFilter_63_2322626082%3DY%26set_filter%3D%25CF%25EE%25EA%25E0%25E7%25E0%25F2%25FC%26back_url_admin%3D%252Fbitrix%252Fadmin%252Ffileman_newfolder.php', NULL, 1, NULL, 'a:1:{s:4:"path";s:28:"catalogtailor_tips/index.php";}'),
(44, '2014-08-18 02:22:07', 'UNKNOWN', 'SECTION_ADD', 'main', 'UNKNOWN', '94.73.199.245', 'Mozilla/5.0 (Windows NT 6.1) AppleWebKit/537.36 (KHTML, like Gecko) Chrome/36.0.1985.125 Safari/537.36', '/bitrix/admin/public_file_new.php?bxsender=core_window_cdialog&lang=ru&site=s1&templateID=eshop_adapt_wood&newFolder=Y&path=%2Fcatalog&back_url=%2Fcatalog%2Fwomen%2F%3FarrFilter_P1_MIN%3D%26arrFilter_P1_MAX%3D%26arrFilter_63_2944839123%3DY%26arrFilter_63_2322626082%3DY%26set_filter%3D%25CF%25EE%25EA%25E0%25E7%25E0%25F2%25FC%26back_url_admin%3D%252Fbitrix%252Fadmin%252Ffileman_newfolder.php', NULL, 1, NULL, 'a:1:{s:4:"path";s:19:"catalog/tailor_tips";}'),
(45, '2014-08-18 02:22:07', 'UNKNOWN', 'MENU_EDIT', 'main', 'UNKNOWN', '94.73.199.245', 'Mozilla/5.0 (Windows NT 6.1) AppleWebKit/537.36 (KHTML, like Gecko) Chrome/36.0.1985.125 Safari/537.36', '/bitrix/admin/public_file_new.php?bxsender=core_window_cdialog&lang=ru&site=s1&templateID=eshop_adapt_wood&newFolder=Y&path=%2Fcatalog&back_url=%2Fcatalog%2Fwomen%2F%3FarrFilter_P1_MIN%3D%26arrFilter_P1_MAX%3D%26arrFilter_63_2944839123%3DY%26arrFilter_63_2322626082%3DY%26set_filter%3D%25CF%25EE%25EA%25E0%25E7%25E0%25F2%25FC%26back_url_admin%3D%252Fbitrix%252Fadmin%252Ffileman_newfolder.php', NULL, 1, NULL, 'a:2:{s:4:"path";s:7:"catalog";s:9:"menu_name";s:10:"Левое меню";}'),
(46, '2014-08-18 02:23:14', 'UNKNOWN', 'MENU_EDIT', 'fileman', 'UNKNOWN', '94.73.199.245', 'Mozilla/5.0 (Windows NT 6.1) AppleWebKit/537.36 (KHTML, like Gecko) Chrome/36.0.1985.125 Safari/537.36', '/bitrix/admin/fileman_menu_edit.php?', NULL, 1, NULL, 'a:2:{s:9:"menu_name";s:10:"Левое меню";s:4:"path";b:0;}'),
(47, '2014-08-18 02:23:17', 'UNKNOWN', 'MENU_EDIT', 'fileman', 'UNKNOWN', '94.73.199.245', 'Mozilla/5.0 (Windows NT 6.1) AppleWebKit/537.36 (KHTML, like Gecko) Chrome/36.0.1985.125 Safari/537.36', '/bitrix/admin/fileman_menu_edit.php?', NULL, 1, NULL, 'a:2:{s:9:"menu_name";s:10:"Левое меню";s:4:"path";b:0;}'),
(48, '2014-08-18 02:23:26', 'UNKNOWN', 'SECTION_DELETE', 'fileman', 'UNKNOWN', '94.73.199.245', 'Mozilla/5.0 (Windows NT 6.1) AppleWebKit/537.36 (KHTML, like Gecko) Chrome/36.0.1985.125 Safari/537.36', '/bitrix/admin/fileman_admin.php?ID=tailor_tips&action_button=delete&lang=ru&lang=ru&site=s1&path=%2Fcatalog&show_perms_for=0&mode=list&table_id=tbl_fileman_admin', NULL, 1, NULL, 'a:2:{s:9:"file_name";s:11:"tailor_tips";s:4:"path";s:19:"catalog/tailor_tips";}'),
(49, '2014-08-18 02:24:12', 'UNKNOWN', 'PAGE_ADD', 'main', 'UNKNOWN', '94.73.199.245', 'Mozilla/5.0 (Windows NT 6.1) AppleWebKit/537.36 (KHTML, like Gecko) Chrome/36.0.1985.125 Safari/537.36', '/bitrix/admin/public_file_new.php?bxsender=core_window_cdialog&lang=ru&site=s1&templateID=eshop_adapt_wood&newFolder=Y&path=%2Fcatalog&back_url=%2Fcatalog%2Fwomen%2F%3FarrFilter_P1_MIN%3D%26arrFilter_P1_MAX%3D%26arrFilter_63_2944839123%3DY%26arrFilter_63_2322626082%3DY%26set_filter%3D%25CF%25EE%25EA%25E0%25E7%25E0%25F2%25FC%26back_url_admin%3D%252Fbitrix%252Fadmin%252Ffileman_admin.php%253Flang%253Dru%2526path%253D%25252Fcatalog%2526site%253Ds1', NULL, 1, NULL, 'a:1:{s:4:"path";s:28:"catalogtailor_tips/index.php";}'),
(50, '2014-08-18 02:24:12', 'UNKNOWN', 'SECTION_ADD', 'main', 'UNKNOWN', '94.73.199.245', 'Mozilla/5.0 (Windows NT 6.1) AppleWebKit/537.36 (KHTML, like Gecko) Chrome/36.0.1985.125 Safari/537.36', '/bitrix/admin/public_file_new.php?bxsender=core_window_cdialog&lang=ru&site=s1&templateID=eshop_adapt_wood&newFolder=Y&path=%2Fcatalog&back_url=%2Fcatalog%2Fwomen%2F%3FarrFilter_P1_MIN%3D%26arrFilter_P1_MAX%3D%26arrFilter_63_2944839123%3DY%26arrFilter_63_2322626082%3DY%26set_filter%3D%25CF%25EE%25EA%25E0%25E7%25E0%25F2%25FC%26back_url_admin%3D%252Fbitrix%252Fadmin%252Ffileman_admin.php%253Flang%253Dru%2526path%253D%25252Fcatalog%2526site%253Ds1', NULL, 1, NULL, 'a:1:{s:4:"path";s:19:"catalog/tailor_tips";}'),
(51, '2014-08-18 02:24:12', 'UNKNOWN', 'MENU_EDIT', 'main', 'UNKNOWN', '94.73.199.245', 'Mozilla/5.0 (Windows NT 6.1) AppleWebKit/537.36 (KHTML, like Gecko) Chrome/36.0.1985.125 Safari/537.36', '/bitrix/admin/public_file_new.php?bxsender=core_window_cdialog&lang=ru&site=s1&templateID=eshop_adapt_wood&newFolder=Y&path=%2Fcatalog&back_url=%2Fcatalog%2Fwomen%2F%3FarrFilter_P1_MIN%3D%26arrFilter_P1_MAX%3D%26arrFilter_63_2944839123%3DY%26arrFilter_63_2322626082%3DY%26set_filter%3D%25CF%25EE%25EA%25E0%25E7%25E0%25F2%25FC%26back_url_admin%3D%252Fbitrix%252Fadmin%252Ffileman_admin.php%253Flang%253Dru%2526path%253D%25252Fcatalog%2526site%253Ds1', NULL, 1, NULL, 'a:2:{s:4:"path";s:7:"catalog";s:9:"menu_name";s:10:"Левое меню";}'),
(52, '2014-08-18 02:25:24', 'UNKNOWN', 'PAGE_EDIT', 'main', 'UNKNOWN', '94.73.199.245', 'Mozilla/5.0 (Windows NT 6.1) AppleWebKit/537.36 (KHTML, like Gecko) Chrome/36.0.1985.125 Safari/537.36', '/bitrix/admin/public_file_edit.php', 's1', 1, NULL, 'a:1:{s:4:"path";s:29:"catalog/tailor_tips/index.php";}'),
(53, '2014-08-18 02:25:52', 'UNKNOWN', 'SECTION_DELETE', 'fileman', 'UNKNOWN', '94.73.199.245', 'Mozilla/5.0 (Windows NT 6.1) AppleWebKit/537.36 (KHTML, like Gecko) Chrome/36.0.1985.125 Safari/537.36', '/bitrix/admin/fileman_admin.php?ID=tailor_tips&action_button=delete&lang=ru&lang=ru&site=s1&path=%2Fcatalog&show_perms_for=0&mode=list&table_id=tbl_fileman_admin', NULL, 1, NULL, 'a:2:{s:9:"file_name";s:11:"tailor_tips";s:4:"path";s:19:"catalog/tailor_tips";}'),
(54, '2014-08-18 02:26:12', 'UNKNOWN', 'MENU_EDIT', 'fileman', 'UNKNOWN', '94.73.199.245', 'Mozilla/5.0 (Windows NT 6.1) AppleWebKit/537.36 (KHTML, like Gecko) Chrome/36.0.1985.125 Safari/537.36', '/bitrix/admin/fileman_menu_edit.php?', NULL, 1, NULL, 'a:2:{s:9:"menu_name";s:10:"Левое меню";s:4:"path";b:0;}'),
(55, '2014-08-18 02:26:45', 'UNKNOWN', 'PAGE_ADD', 'main', 'UNKNOWN', '94.73.199.245', 'Mozilla/5.0 (Windows NT 6.1) AppleWebKit/537.36 (KHTML, like Gecko) Chrome/36.0.1985.125 Safari/537.36', '/bitrix/admin/public_file_new.php?bxsender=core_window_cdialog&lang=ru&site=s1&templateID=eshop_adapt_wood&newFolder=Y&path=%2F&back_url=%2F', NULL, 1, NULL, 'a:1:{s:4:"path";s:21:"tailor_tips/index.php";}'),
(56, '2014-08-18 02:26:45', 'UNKNOWN', 'SECTION_ADD', 'main', 'UNKNOWN', '94.73.199.245', 'Mozilla/5.0 (Windows NT 6.1) AppleWebKit/537.36 (KHTML, like Gecko) Chrome/36.0.1985.125 Safari/537.36', '/bitrix/admin/public_file_new.php?bxsender=core_window_cdialog&lang=ru&site=s1&templateID=eshop_adapt_wood&newFolder=Y&path=%2F&back_url=%2F', NULL, 1, NULL, 'a:1:{s:4:"path";s:11:"tailor_tips";}'),
(57, '2014-08-18 02:26:45', 'UNKNOWN', 'MENU_EDIT', 'main', 'UNKNOWN', '94.73.199.245', 'Mozilla/5.0 (Windows NT 6.1) AppleWebKit/537.36 (KHTML, like Gecko) Chrome/36.0.1985.125 Safari/537.36', '/bitrix/admin/public_file_new.php?bxsender=core_window_cdialog&lang=ru&site=s1&templateID=eshop_adapt_wood&newFolder=Y&path=%2F&back_url=%2F', NULL, 1, NULL, 'a:2:{s:4:"path";b:0;s:9:"menu_name";s:10:"Левое меню";}'),
(58, '2014-08-18 02:28:20', 'UNKNOWN', 'PAGE_EDIT', 'main', 'UNKNOWN', '94.73.199.245', 'Mozilla/5.0 (Windows NT 6.1) AppleWebKit/537.36 (KHTML, like Gecko) Chrome/36.0.1985.125 Safari/537.36', '/bitrix/admin/public_file_edit.php', 's1', 1, NULL, 'a:1:{s:4:"path";s:21:"tailor_tips/index.php";}'),
(59, '2014-08-19 02:24:55', 'UNKNOWN', 'MENU_EDIT', 'fileman', 'UNKNOWN', '94.73.199.245', 'Mozilla/5.0 (Windows NT 6.1) AppleWebKit/537.36 (KHTML, like Gecko) Chrome/36.0.1985.143 Safari/537.36', '/bitrix/admin/fileman_menu_edit.php?', NULL, 1, NULL, 'a:2:{s:9:"menu_name";s:10:"Левое меню";s:4:"path";b:0;}'),
(60, '2014-08-19 02:25:16', 'UNKNOWN', 'MENU_EDIT', 'fileman', 'UNKNOWN', '94.73.199.245', 'Mozilla/5.0 (Windows NT 6.1) AppleWebKit/537.36 (KHTML, like Gecko) Chrome/36.0.1985.143 Safari/537.36', '/bitrix/admin/fileman_menu_edit.php?', NULL, 1, NULL, 'a:2:{s:9:"menu_name";s:10:"Левое меню";s:4:"path";b:0;}'),
(61, '2014-08-19 02:25:46', 'UNKNOWN', 'MENU_EDIT', 'main', 'UNKNOWN', '94.73.199.245', 'Mozilla/5.0 (Windows NT 6.1) AppleWebKit/537.36 (KHTML, like Gecko) Chrome/36.0.1985.143 Safari/537.36', '/bitrix/admin/public_menu_edit.php?bxsender=core_window_cdialog&lang=ru&site=s1&back_url=%2Fcatalog%2Fwomen&path=%2F&name=left', NULL, 1, NULL, 'a:2:{s:9:"menu_name";s:10:"Левое меню";s:4:"path";b:0;}'),
(62, '2014-08-19 02:26:08', 'UNKNOWN', 'MENU_EDIT', 'main', 'UNKNOWN', '94.73.199.245', 'Mozilla/5.0 (Windows NT 6.1) AppleWebKit/537.36 (KHTML, like Gecko) Chrome/36.0.1985.143 Safari/537.36', '/bitrix/admin/public_menu_edit.php?bxsender=core_window_cdialog&lang=ru&site=s1&back_url=%2Fcatalog%2Fwomen%3Fclear_cache%3DY&path=%2F&name=left', NULL, 1, NULL, 'a:2:{s:9:"menu_name";s:10:"Левое меню";s:4:"path";b:0;}'),
(63, '2014-08-19 02:26:31', 'UNKNOWN', 'MENU_EDIT', 'main', 'UNKNOWN', '94.73.199.245', 'Mozilla/5.0 (Windows NT 6.1) AppleWebKit/537.36 (KHTML, like Gecko) Chrome/36.0.1985.143 Safari/537.36', '/bitrix/admin/public_menu_edit.php?bxsender=core_window_cdialog&lang=ru&site=s1&back_url=%2Fcatalog%2Fwomen%3Fclear_cache%3DY&path=%2F&name=left', NULL, 1, NULL, 'a:2:{s:9:"menu_name";s:10:"Левое меню";s:4:"path";b:0;}'),
(64, '2014-08-19 02:26:57', 'UNKNOWN', 'MENU_EDIT', 'main', 'UNKNOWN', '94.73.199.245', 'Mozilla/5.0 (Windows NT 6.1) AppleWebKit/537.36 (KHTML, like Gecko) Chrome/36.0.1985.143 Safari/537.36', '/bitrix/admin/public_menu_edit.php?bxsender=core_window_cdialog&lang=ru&site=s1&back_url=%2Fcatalog%2Fwomen%3Fclear_cache%3DY&path=%2F&name=left', NULL, 1, NULL, 'a:2:{s:9:"menu_name";s:10:"Левое меню";s:4:"path";b:0;}'),
(65, '2014-08-19 02:28:04', 'UNKNOWN', 'MENU_EDIT', 'main', 'UNKNOWN', '94.73.199.245', 'Mozilla/5.0 (Windows NT 6.1) AppleWebKit/537.36 (KHTML, like Gecko) Chrome/36.0.1985.143 Safari/537.36', '/bitrix/admin/public_menu_edit.php?bxsender=core_window_cdialog&lang=ru&site=s1&back_url=%2Fcatalog%2Ffurskins%2F%3Fclear_cache%3DY&path=%2F&name=left', NULL, 1, NULL, 'a:2:{s:9:"menu_name";s:10:"Левое меню";s:4:"path";b:0;}'),
(66, '2014-08-19 02:28:58', 'UNKNOWN', 'MENU_EDIT', 'main', 'UNKNOWN', '94.73.199.245', 'Mozilla/5.0 (Windows NT 6.1) AppleWebKit/537.36 (KHTML, like Gecko) Chrome/36.0.1985.143 Safari/537.36', '/bitrix/admin/public_menu_edit.php?bxsender=core_window_cdialog&lang=ru&site=s1&back_url=%2Fsale%2F&path=%2F&name=left', NULL, 1, NULL, 'a:2:{s:9:"menu_name";s:10:"Левое меню";s:4:"path";b:0;}'),
(67, '2014-08-19 02:29:37', 'UNKNOWN', 'MENU_EDIT', 'main', 'UNKNOWN', '94.73.199.245', 'Mozilla/5.0 (Windows NT 6.1) AppleWebKit/537.36 (KHTML, like Gecko) Chrome/36.0.1985.143 Safari/537.36', '/bitrix/admin/public_menu_edit.php?bxsender=core_window_cdialog&lang=ru&site=s1&back_url=%2Fsale%2F%3Fclear_cache%3DY&path=%2F&name=left', NULL, 1, NULL, 'a:2:{s:9:"menu_name";s:10:"Левое меню";s:4:"path";b:0;}'),
(68, '2014-08-19 02:29:51', 'UNKNOWN', 'MENU_EDIT', 'main', 'UNKNOWN', '94.73.199.245', 'Mozilla/5.0 (Windows NT 6.1) AppleWebKit/537.36 (KHTML, like Gecko) Chrome/36.0.1985.143 Safari/537.36', '/bitrix/admin/public_menu_edit.php?bxsender=core_window_cdialog&lang=ru&site=s1&back_url=%2Fsale%2F%3Fclear_cache%3DY&path=%2F&name=left', NULL, 1, NULL, 'a:2:{s:9:"menu_name";s:10:"Левое меню";s:4:"path";b:0;}'),
(69, '2014-08-19 02:30:15', 'UNKNOWN', 'MENU_EDIT', 'main', 'UNKNOWN', '94.73.199.245', 'Mozilla/5.0 (Windows NT 6.1) AppleWebKit/537.36 (KHTML, like Gecko) Chrome/36.0.1985.143 Safari/537.36', '/bitrix/admin/public_menu_edit.php?bxsender=core_window_cdialog&lang=ru&site=s1&back_url=%2Fsale%2F%3Fclear_cache%3DY&path=%2F&name=left', NULL, 1, NULL, 'a:2:{s:9:"menu_name";s:10:"Левое меню";s:4:"path";b:0;}'),
(70, '2014-08-19 02:31:07', 'UNKNOWN', 'MENU_EDIT', 'main', 'UNKNOWN', '94.73.199.245', 'Mozilla/5.0 (Windows NT 6.1) AppleWebKit/537.36 (KHTML, like Gecko) Chrome/36.0.1985.143 Safari/537.36', '/bitrix/admin/public_menu_edit.php?bxsender=core_window_cdialog&lang=ru&site=s1&back_url=%2Fcatalog%2Fabout%2F&path=%2F&name=left', NULL, 1, NULL, 'a:2:{s:9:"menu_name";s:10:"Левое меню";s:4:"path";b:0;}'),
(71, '2014-08-19 02:31:38', 'UNKNOWN', 'MENU_EDIT', 'main', 'UNKNOWN', '94.73.199.245', 'Mozilla/5.0 (Windows NT 6.1) AppleWebKit/537.36 (KHTML, like Gecko) Chrome/36.0.1985.143 Safari/537.36', '/bitrix/admin/public_menu_edit.php?bxsender=core_window_cdialog&lang=ru&site=s1&back_url=%2F&path=%2F&name=top', NULL, 1, NULL, 'a:2:{s:9:"menu_name";s:12:"Верхнее меню";s:4:"path";b:0;}'),
(72, '2014-08-19 02:40:43', 'UNKNOWN', 'SECTION_ADD', 'fileman', 'UNKNOWN', '94.73.199.245', 'Mozilla/5.0 (Windows NT 6.1) AppleWebKit/537.36 (KHTML, like Gecko) Chrome/36.0.1985.143 Safari/537.36', '/bitrix/admin/fileman_newfolder.php?', NULL, 1, NULL, 'a:1:{s:4:"path";s:7:"atelier";}'),
(73, '2014-08-19 02:41:36', 'UNKNOWN', 'SECTION_ADD', 'fileman', 'UNKNOWN', '94.73.199.245', 'Mozilla/5.0 (Windows NT 6.1) AppleWebKit/537.36 (KHTML, like Gecko) Chrome/36.0.1985.143 Safari/537.36', '/bitrix/admin/fileman_newfolder.php?', NULL, 1, NULL, 'a:1:{s:4:"path";s:15:"atelier/mending";}'),
(74, '2014-08-19 02:41:51', 'UNKNOWN', 'FILE_ADD', 'fileman', 'UNKNOWN', '94.73.199.245', 'Mozilla/5.0 (Windows NT 6.1) AppleWebKit/537.36 (KHTML, like Gecko) Chrome/36.0.1985.143 Safari/537.36', '/bitrix/admin/fileman_html_edit.php?lang=ru', NULL, 1, NULL, 'a:1:{s:4:"path";s:25:"atelier/mending/index.php";}'),
(75, '2014-08-19 02:42:36', 'UNKNOWN', 'SECTION_ADD', 'fileman', 'UNKNOWN', '94.73.199.245', 'Mozilla/5.0 (Windows NT 6.1) AppleWebKit/537.36 (KHTML, like Gecko) Chrome/36.0.1985.143 Safari/537.36', '/bitrix/admin/fileman_newfolder.php?', NULL, 1, NULL, 'a:1:{s:4:"path";s:24:"atelier/custom-tailoring";}'),
(76, '2014-08-19 02:42:45', 'UNKNOWN', 'FILE_ADD', 'fileman', 'UNKNOWN', '94.73.199.245', 'Mozilla/5.0 (Windows NT 6.1) AppleWebKit/537.36 (KHTML, like Gecko) Chrome/36.0.1985.143 Safari/537.36', '/bitrix/admin/fileman_html_edit.php?lang=ru', NULL, 1, NULL, 'a:1:{s:4:"path";s:34:"atelier/custom-tailoring/index.php";}'),
(77, '2014-08-19 03:03:59', 'UNKNOWN', 'MENU_EDIT', 'main', 'UNKNOWN', '94.73.199.245', 'Mozilla/5.0 (Windows NT 6.1) AppleWebKit/537.36 (KHTML, like Gecko) Chrome/36.0.1985.143 Safari/537.36', '/bitrix/admin/public_menu_edit.php?bxsender=core_window_cdialog&lang=ru&site=s1&back_url=%2Fatelier%2Fcustom-tailoring%2F&path=%2F&name=left', NULL, 1, NULL, 'a:2:{s:9:"menu_name";s:10:"Левое меню";s:4:"path";b:0;}');

-- --------------------------------------------------------

--
-- Структура таблицы `b_event_message`
--

CREATE TABLE IF NOT EXISTS `b_event_message` (
  `ID` int(18) NOT NULL AUTO_INCREMENT,
  `TIMESTAMP_X` timestamp NOT NULL DEFAULT CURRENT_TIMESTAMP ON UPDATE CURRENT_TIMESTAMP,
  `EVENT_NAME` varchar(255) NOT NULL,
  `LID` char(2) DEFAULT NULL,
  `ACTIVE` char(1) NOT NULL DEFAULT 'Y',
  `EMAIL_FROM` varchar(255) NOT NULL DEFAULT '#EMAIL_FROM#',
  `EMAIL_TO` varchar(255) NOT NULL DEFAULT '#EMAIL_TO#',
  `SUBJECT` varchar(255) DEFAULT NULL,
  `MESSAGE` text,
  `BODY_TYPE` varchar(4) NOT NULL DEFAULT 'text',
  `BCC` text,
  `REPLY_TO` varchar(255) DEFAULT NULL,
  `CC` varchar(255) DEFAULT NULL,
  `IN_REPLY_TO` varchar(255) DEFAULT NULL,
  `PRIORITY` varchar(50) DEFAULT NULL,
  `FIELD1_NAME` varchar(50) DEFAULT NULL,
  `FIELD1_VALUE` varchar(255) DEFAULT NULL,
  `FIELD2_NAME` varchar(50) DEFAULT NULL,
  `FIELD2_VALUE` varchar(255) DEFAULT NULL,
  PRIMARY KEY (`ID`),
  KEY `ix_b_event_message_name` (`EVENT_NAME`(50))
) ENGINE=MyISAM  DEFAULT CHARSET=cp1251 AUTO_INCREMENT=37 ;

--
-- Дамп данных таблицы `b_event_message`
--

INSERT INTO `b_event_message` (`ID`, `TIMESTAMP_X`, `EVENT_NAME`, `LID`, `ACTIVE`, `EMAIL_FROM`, `EMAIL_TO`, `SUBJECT`, `MESSAGE`, `BODY_TYPE`, `BCC`, `REPLY_TO`, `CC`, `IN_REPLY_TO`, `PRIORITY`, `FIELD1_NAME`, `FIELD1_VALUE`, `FIELD2_NAME`, `FIELD2_VALUE`) VALUES
(1, '2014-08-07 02:42:53', 'NEW_USER', 's1', 'Y', '#DEFAULT_EMAIL_FROM#', '#DEFAULT_EMAIL_FROM#', '#SITE_NAME#: Зарегистрировался новый пользователь', 'Информационное сообщение сайта #SITE_NAME#\n------------------------------------------\n\nНа сайте #SERVER_NAME# успешно зарегистрирован новый пользователь.\n\nДанные пользователя:\nID пользователя: #USER_ID#\n\nИмя: #NAME#\nФамилия: #LAST_NAME#\nE-Mail: #EMAIL#\n\nLogin: #LOGIN#\n\nПисьмо сгенерировано автоматически.', 'text', NULL, NULL, NULL, NULL, NULL, NULL, NULL, NULL, NULL),
(2, '2014-08-07 02:42:53', 'USER_INFO', 's1', 'Y', '#DEFAULT_EMAIL_FROM#', '#EMAIL#', '#SITE_NAME#: Регистрационная информация', 'Информационное сообщение сайта #SITE_NAME#\n------------------------------------------\n#NAME# #LAST_NAME#,\n\n#MESSAGE#\n\nВаша регистрационная информация:\n\nID пользователя: #USER_ID#\nСтатус профиля: #STATUS#\nLogin: #LOGIN#\n\nВы можете изменить пароль, перейдя по следующей ссылке:\nhttp://#SERVER_NAME#/auth/index.php?change_password=yes&lang=ru&USER_CHECKWORD=#CHECKWORD#&USER_LOGIN=#URL_LOGIN#\n\nСообщение сгенерировано автоматически.', 'text', NULL, NULL, NULL, NULL, NULL, NULL, NULL, NULL, NULL),
(3, '2014-08-07 02:42:53', 'USER_PASS_REQUEST', 's1', 'Y', '#DEFAULT_EMAIL_FROM#', '#EMAIL#', '#SITE_NAME#: Запрос на смену пароля', 'Информационное сообщение сайта #SITE_NAME#\n------------------------------------------\n#NAME# #LAST_NAME#,\n\n#MESSAGE#\n\nДля смены пароля перейдите по следующей ссылке:\nhttp://#SERVER_NAME#/auth/index.php?change_password=yes&lang=ru&USER_CHECKWORD=#CHECKWORD#&USER_LOGIN=#URL_LOGIN#\n\nВаша регистрационная информация:\n\nID пользователя: #USER_ID#\nСтатус профиля: #STATUS#\nLogin: #LOGIN#\n\nСообщение сгенерировано автоматически.', 'text', NULL, NULL, NULL, NULL, NULL, NULL, NULL, NULL, NULL),
(4, '2014-08-07 02:42:53', 'USER_PASS_CHANGED', 's1', 'Y', '#DEFAULT_EMAIL_FROM#', '#EMAIL#', '#SITE_NAME#: Подтверждение смены пароля', 'Информационное сообщение сайта #SITE_NAME#\n------------------------------------------\n#NAME# #LAST_NAME#,\n\n#MESSAGE#\n\nВаша регистрационная информация:\n\nID пользователя: #USER_ID#\nСтатус профиля: #STATUS#\nLogin: #LOGIN#\n\nСообщение сгенерировано автоматически.', 'text', NULL, NULL, NULL, NULL, NULL, NULL, NULL, NULL, NULL),
(5, '2014-08-07 02:42:53', 'NEW_USER_CONFIRM', 's1', 'Y', '#DEFAULT_EMAIL_FROM#', '#EMAIL#', '#SITE_NAME#: Подтверждение регистрации нового пользователя', 'Информационное сообщение сайта #SITE_NAME#\n------------------------------------------\n\nЗдравствуйте,\n\nВы получили это сообщение, так как ваш адрес был использован при регистрации нового пользователя на сервере #SERVER_NAME#.\n\nВаш код для подтверждения регистрации: #CONFIRM_CODE#\n\nДля подтверждения регистрации перейдите по следующей ссылке:\nhttp://#SERVER_NAME#/auth/index.php?confirm_registration=yes&confirm_user_id=#USER_ID#&confirm_code=#CONFIRM_CODE#\n\nВы также можете ввести код для подтверждения регистрации на странице:\nhttp://#SERVER_NAME#/auth/index.php?confirm_registration=yes&confirm_user_id=#USER_ID#\n\nВнимание! Ваш профиль не будет активным, пока вы не подтвердите свою регистрацию.\n\n---------------------------------------------------------------------\n\nСообщение сгенерировано автоматически.', 'text', NULL, NULL, NULL, NULL, NULL, NULL, NULL, NULL, NULL),
(6, '2014-08-07 02:42:53', 'USER_INVITE', 's1', 'Y', '#DEFAULT_EMAIL_FROM#', '#EMAIL#', '#SITE_NAME#: Приглашение на сайт', 'Информационное сообщение сайта #SITE_NAME#\n------------------------------------------\nЗдравствуйте, #NAME# #LAST_NAME#!\n\nАдминистратором сайта вы добавлены в число зарегистрированных пользователей.\n\nПриглашаем Вас на наш сайт.\n\nВаша регистрационная информация:\n\nID пользователя: #ID#\nLogin: #LOGIN#\n\nРекомендуем вам сменить установленный автоматически пароль.\n\nДля смены пароля перейдите по следующей ссылке:\nhttp://#SERVER_NAME#/auth.php?change_password=yes&USER_LOGIN=#URL_LOGIN#&USER_CHECKWORD=#CHECKWORD#\n', 'text', NULL, NULL, NULL, NULL, NULL, NULL, NULL, NULL, NULL),
(7, '2014-08-07 02:42:53', 'FEEDBACK_FORM', 's1', 'Y', '#DEFAULT_EMAIL_FROM#', '#EMAIL_TO#', '#SITE_NAME#: Сообщение из формы обратной связи', 'Информационное сообщение сайта #SITE_NAME#\n------------------------------------------\n\nВам было отправлено сообщение через форму обратной связи\n\nАвтор: #AUTHOR#\nE-mail автора: #AUTHOR_EMAIL#\n\nТекст сообщения:\n#TEXT#\n\nСообщение сгенерировано автоматически.', 'text', NULL, NULL, NULL, NULL, NULL, NULL, NULL, NULL, NULL),
(8, '2014-08-07 02:42:57', 'NEW_BLOG_MESSAGE', 's1', 'Y', '#EMAIL_FROM#', '#EMAIL_TO#', '#SITE_NAME#: [B] #BLOG_NAME# : #MESSAGE_TITLE#', 'Информационное сообщение сайта #SITE_NAME#\n------------------------------------------\n\nНовое сообщение в блоге "#BLOG_NAME#"\n\nТема:\n#MESSAGE_TITLE#\n\nАвтор: #AUTHOR#\nДата: #MESSAGE_DATE#\n\nТекст сообщения:\n#MESSAGE_TEXT#\n\nАдрес сообщения:\n#MESSAGE_PATH#\n\nСообщение сгенерировано автоматически.', 'text', NULL, NULL, NULL, NULL, NULL, NULL, NULL, NULL, NULL),
(9, '2014-08-07 02:42:57', 'NEW_BLOG_COMMENT', 's1', 'Y', '#EMAIL_FROM#', '#EMAIL_TO#', '#SITE_NAME#: [B] #MESSAGE_TITLE# : #COMMENT_TITLE#', 'Информационное сообщение сайта #SITE_NAME#\n------------------------------------------\n\nНовый комментарий в блоге "#BLOG_NAME#" на сообщение "#MESSAGE_TITLE#"\n\nТема:\n#COMMENT_TITLE#\nАвтор: #AUTHOR#\nДата: #COMMENT_DATE#\n\nТекст сообщения:\n#COMMENT_TEXT#\n\nАдрес сообщения:\n#COMMENT_PATH#\n\nСообщение сгенерировано автоматически.', 'text', NULL, NULL, NULL, NULL, NULL, NULL, NULL, NULL, NULL),
(10, '2014-08-07 02:42:57', 'NEW_BLOG_COMMENT2COMMENT', 's1', 'Y', '#EMAIL_FROM#', '#EMAIL_TO#', '#SITE_NAME#: [B] #MESSAGE_TITLE# : #COMMENT_TITLE#', 'Информационное сообщение сайта #SITE_NAME#\n------------------------------------------\n\nНовый комментарий на ваш комментарий в блоге "#BLOG_NAME#" на сообщение "#MESSAGE_TITLE#".\n\nТема:\n#COMMENT_TITLE#\nАвтор: #AUTHOR#\nДата: #COMMENT_DATE#\n\nТекст сообщения:\n#COMMENT_TEXT#\n\nАдрес сообщения:\n#COMMENT_PATH#\n\nСообщение сгенерировано автоматически.', 'text', NULL, NULL, NULL, NULL, NULL, NULL, NULL, NULL, NULL),
(11, '2014-08-07 02:42:57', 'NEW_BLOG_COMMENT_WITHOUT_TITLE', 's1', 'Y', '#EMAIL_FROM#', '#EMAIL_TO#', '#SITE_NAME#: [B] #MESSAGE_TITLE#', 'Информационное сообщение сайта #SITE_NAME#\n------------------------------------------\n\nНовый комментарий в блоге "#BLOG_NAME#" на сообщение "#MESSAGE_TITLE#"\n\nАвтор: #AUTHOR#\nДата: #COMMENT_DATE#\n\nТекст сообщения:\n#COMMENT_TEXT#\n\nАдрес сообщения:\n#COMMENT_PATH#\n\nСообщение сгенерировано автоматически.', 'text', NULL, NULL, NULL, NULL, NULL, NULL, NULL, NULL, NULL),
(12, '2014-08-07 02:42:57', 'NEW_BLOG_COMMENT2COMMENT_WITHOUT_TITLE', 's1', 'Y', '#EMAIL_FROM#', '#EMAIL_TO#', '#SITE_NAME#: [B] #MESSAGE_TITLE#', 'Информационное сообщение сайта #SITE_NAME#\n------------------------------------------\n\nНовый комментарий на ваш комментарий в блоге "#BLOG_NAME#" на сообщение "#MESSAGE_TITLE#".\n\nАвтор: #AUTHOR#\nДата: #COMMENT_DATE#\n\nТекст сообщения:\n#COMMENT_TEXT#\n\nАдрес сообщения:\n#COMMENT_PATH#\n\nСообщение сгенерировано автоматически.\n', 'text', NULL, NULL, NULL, NULL, NULL, NULL, NULL, NULL, NULL),
(13, '2014-08-07 02:42:57', 'BLOG_YOUR_BLOG_TO_USER', 's1', 'Y', '#EMAIL_FROM#', '#EMAIL_TO#', '#SITE_NAME#: [B] Ваш блог "#BLOG_NAME#" был добавлен в друзья к #USER#', 'Информационное сообщение сайта #SITE_NAME#\n------------------------------------------\n\nВаш блог "#BLOG_NAME#" был добавлен в друзья к #USER#.\n\nПрофиль пользователя: #USER_URL#\n\nАдрес вашего блога: #BLOG_ADR#\n\nСообщение сгенерировано автоматически.\n', 'text', NULL, NULL, NULL, NULL, NULL, NULL, NULL, NULL, NULL),
(14, '2014-08-07 02:42:57', 'BLOG_YOU_TO_BLOG', 's1', 'Y', '#EMAIL_FROM#', '#EMAIL_TO#', '#SITE_NAME#: [B] Вы были добавлены в друзья блога "#BLOG_NAME#"', 'Информационное сообщение сайта #SITE_NAME#\n------------------------------------------\n\nВы были добавлены в друзья блога "#BLOG_NAME#".\n\nАдрес блога: #BLOG_ADR#\n\nВаш профиль: #USER_URL#\n\nСообщение сгенерировано автоматически.\n', 'text', NULL, NULL, NULL, NULL, NULL, NULL, NULL, NULL, NULL),
(15, '2014-08-07 02:42:57', 'BLOG_BLOG_TO_YOU', 's1', 'Y', '#EMAIL_FROM#', '#EMAIL_TO#', '#SITE_NAME#: [B] К вам в друзья был добавлен блог "#BLOG_NAME#"', 'Информационное сообщение сайта #SITE_NAME#\n------------------------------------------\n\nК вам в друзья был добавлен блог "#BLOG_NAME#".\n\nАдрес блога: #BLOG_ADR#\n\nВаш профиль: #USER_URL#\n\nСообщение сгенерировано автоматически.\n', 'text', NULL, NULL, NULL, NULL, NULL, NULL, NULL, NULL, NULL),
(16, '2014-08-07 02:42:57', 'BLOG_USER_TO_YOUR_BLOG', 's1', 'Y', '#EMAIL_FROM#', '#EMAIL_TO#', '#SITE_NAME#: [B] В ваш блог "#BLOG_NAME#" был добавлен друг #USER#', 'Информационное сообщение сайта #SITE_NAME#\n------------------------------------------\n\nВ ваш блог "#BLOG_NAME#" был добавлен друг #USER#.\n\nПрофиль пользователя: #USER_URL#\n\nАдрес вашего блога: #BLOG_ADR#\n\nСообщение сгенерировано автоматически.\n', 'text', NULL, NULL, NULL, NULL, NULL, NULL, NULL, NULL, NULL),
(17, '2014-08-07 02:43:04', 'NEW_FORUM_MESSAGE', 's1', 'Y', '#FROM_EMAIL#', '#RECIPIENT#', '#SITE_NAME#: [F] #TOPIC_TITLE# : #FORUM_NAME#', 'Информационное сообщение сайта #SITE_NAME#\n------------------------------------------\n\nНовое сообщение на форуме #SERVER_NAME#.\n\nТема:\n#TOPIC_TITLE#\n\nАвтор: #AUTHOR#\nДата : #MESSAGE_DATE#\nТекст сообщения:\n\n#MESSAGE_TEXT#\n\nАдрес сообщения:\nhttp://#SERVER_NAME##PATH2FORUM#\n\nСообщение сгенерировано автоматически.\n', 'text', NULL, NULL, NULL, NULL, NULL, NULL, NULL, NULL, NULL),
(18, '2014-08-07 02:43:04', 'NEW_FORUM_PRIV', 's1', 'Y', '#FROM_EMAIL#', '#TO_EMAIL#', '#SITE_NAME#: [private] #SUBJECT#', 'Информационное сообщение сайта #SITE_NAME#\n------------------------------------------\n\nВы получили персональное сообщение с форума на сайте #SERVER_NAME#.\n\nТема: #SUBJECT#\n\nАвтор: #FROM_NAME# #FROM_EMAIL#\nДата : #MESSAGE_DATE#\nСообщение:\n\n#MESSAGE#\n\nСообщение сгенерировано автоматически.\n', 'text', NULL, NULL, NULL, NULL, NULL, NULL, NULL, NULL, NULL),
(19, '2014-08-07 02:43:04', 'NEW_FORUM_PRIVATE_MESSAGE', 's1', 'Y', '#FROM_EMAIL#', '#TO_EMAIL#', '#SITE_NAME#: [private] #SUBJECT#', 'Информационное сообщение сайта #SITE_NAME#\n------------------------------------------\n\nВы получили персональное сообщение с форума на сайте #SERVER_NAME#.\n\nТема: #SUBJECT#\n\nАвтор: #FROM_NAME#\nДата: #MESSAGE_DATE#\nСообщение:\n\n#MESSAGE#\n\nСсылка на сообщение: #MESSAGE_LINK#Сообщение сгенерировано автоматически.\n', 'text', NULL, NULL, NULL, NULL, NULL, NULL, NULL, NULL, NULL),
(20, '2014-08-07 02:43:04', 'EDIT_FORUM_MESSAGE', 's1', 'Y', '#FROM_EMAIL#', '#RECIPIENT#', '#SITE_NAME#: [F] #TOPIC_TITLE# : #FORUM_NAME#', 'Информационное сообщение сайта #SITE_NAME#\n------------------------------------------\n\nИзменение сообщения на форуме #SERVER_NAME#.\n\nТема:\n#TOPIC_TITLE#\n\nАвтор: #AUTHOR#\nДата : #MESSAGE_DATE#\nТекст сообщения:\n\n#MESSAGE_TEXT#\n\nАдрес сообщения:\nhttp://#SERVER_NAME##PATH2FORUM#\n\nСообщение сгенерировано автоматически.\n', 'text', NULL, NULL, NULL, NULL, NULL, NULL, NULL, NULL, NULL),
(21, '2014-08-07 02:43:04', 'FORUM_NEW_MESSAGE_MAIL', 's1', 'Y', '#FROM_EMAIL#', '#RECIPIENT#', '#TOPIC_TITLE#', '#MESSAGE_TEXT#\n\n------------------------------------------  \nВы получили это сообщение, так как выподписаны на форум #FORUM_NAME#.\n\nОтветить на сообщение можно по электронной почте или через форму на сайте:\nhttp://#SERVER_NAME##PATH2FORUM#\n\nНаписать новое сообщение: #FORUM_EMAIL#\n\nАвтор сообщения: #AUTHOR#\n\nСообщение сгенерировано автоматически на сайте #SITE_NAME#.\n', 'text', NULL, NULL, NULL, NULL, NULL, NULL, NULL, NULL, NULL),
(22, '2014-08-07 02:44:06', 'SALE_NEW_ORDER', 's1', 'Y', '#SALE_EMAIL#', '#EMAIL#', '#SITE_NAME#: Новый заказ N#ORDER_ID#', '<!DOCTYPE HTML PUBLIC "-//W3C//DTD HTML 4.01 Transitional//EN" "http://www.w3.org/TR/html4/loose.dtd">\n<html xmlns="http://www.w3.org/1999/xhtml" xml:lang="ru" lang="ru">\n<head>\n	<meta http-equiv="Content-Type" content="text/html;charset=windows-1251"/>\n	<style>\n		body\n		{\n			font-family: ''Helvetica Neue'', Helvetica, Arial, sans-serif;\n			font-size: 14px;\n			color: #000;\n		}\n	</style>\n</head>\n<body>\n<table cellpadding="0" cellspacing="0" width="850" style="background-color: #d1d1d1; border-radius: 2px; border:1px solid #d1d1d1; margin: 0 auto;" border="1" bordercolor="#d1d1d1">\n	<tr>\n		<td height="83" width="850" bgcolor="#eaf3f5" style="border: none; padding-top: 23px; padding-right: 17px; padding-bottom: 24px; padding-left: 17px;">\n			<table cellpadding="0" cellspacing="0" border="0" width="100%">\n				<tr>\n					<td bgcolor="#ffffff" height="75" style="font-weight: bold; text-align: center; font-size: 26px; color: #0b3961;">Вами оформлен заказ в магазине #SITE_NAME#</td>\n				</tr>\n				<tr>\n					<td bgcolor="#bad3df" height="11"></td>\n				</tr>\n			</table>\n		</td>\n	</tr>\n	<tr>\n		<td width="850" bgcolor="#f7f7f7" valign="top" style="border: none; padding-top: 0; padding-right: 44px; padding-bottom: 16px; padding-left: 44px;">\n			<p style="margin-top:30px; margin-bottom: 28px; font-weight: bold; font-size: 19px;">Уважаемый #ORDER_USER#,</p>\n			<p style="margin-top: 0; margin-bottom: 20px; line-height: 20px;">Ваш заказ номер #ORDER_ID# от #ORDER_DATE# принят.<br />\n<br />\nСтоимость заказа: #PRICE#.<br />\n<br />\nСостав заказа:<br />\n#ORDER_LIST#<br />\n<br />\nВы можете следить за выполнением своего заказа (на какой стадии выполнения он находится), войдя в Ваш персональный раздел сайта #SITE_NAME#.<br />\n<br />\nОбратите внимание, что для входа в этот раздел Вам необходимо будет ввести логин и пароль пользователя сайта #SITE_NAME#.<br />\n<br />\nДля того, чтобы аннулировать заказ, воспользуйтесь функцией отмены заказа, которая доступна в Вашем персональном разделе сайта #SITE_NAME#.<br />\n<br />\nПожалуйста, при обращении к администрации сайта #SITE_NAME# ОБЯЗАТЕЛЬНО указывайте номер Вашего заказа - #ORDER_ID#.<br />\n<br />\nСпасибо за покупку!<br />\n</p>\n		</td>\n	</tr>\n	<tr>\n		<td height="40px" width="850" bgcolor="#f7f7f7" valign="top" style="border: none; padding-top: 0; padding-right: 44px; padding-bottom: 30px; padding-left: 44px;">\n			<p style="border-top: 1px solid #d1d1d1; margin-bottom: 5px; margin-top: 0; padding-top: 20px; line-height:21px;">С уважением,<br />администрация <a href="http://#SERVER_NAME#" style="color:#2e6eb6;">Интернет-магазина</a><br />\n				E-mail: <a href="mailto:#SALE_EMAIL#" style="color:#2e6eb6;">#SALE_EMAIL#</a>\n			</p>\n		</td>\n	</tr>\n</table>\n</body>\n</html>', 'html', '#BCC#', NULL, NULL, NULL, NULL, NULL, NULL, NULL, NULL),
(23, '2014-08-07 02:44:06', 'SALE_ORDER_CANCEL', 's1', 'Y', '#SALE_EMAIL#', '#EMAIL#', '#SITE_NAME#: Отмена заказа N#ORDER_ID#', '<!DOCTYPE HTML PUBLIC "-//W3C//DTD HTML 4.01 Transitional//EN" "http://www.w3.org/TR/html4/loose.dtd">\n<html xmlns="http://www.w3.org/1999/xhtml" xml:lang="ru" lang="ru">\n<head>\n	<meta http-equiv="Content-Type" content="text/html;charset=windows-1251"/>\n	<style>\n		body\n		{\n			font-family: ''Helvetica Neue'', Helvetica, Arial, sans-serif;\n			font-size: 14px;\n			color: #000;\n		}\n	</style>\n</head>\n<body>\n<table cellpadding="0" cellspacing="0" width="850" style="background-color: #d1d1d1; border-radius: 2px; border:1px solid #d1d1d1; margin: 0 auto;" border="1" bordercolor="#d1d1d1">\n	<tr>\n		<td height="83" width="850" bgcolor="#eaf3f5" style="border: none; padding-top: 23px; padding-right: 17px; padding-bottom: 24px; padding-left: 17px;">\n			<table cellpadding="0" cellspacing="0" border="0" width="100%">\n				<tr>\n					<td bgcolor="#ffffff" height="75" style="font-weight: bold; text-align: center; font-size: 26px; color: #0b3961;">#SITE_NAME#: Отмена заказа N#ORDER_ID#</td>\n				</tr>\n				<tr>\n					<td bgcolor="#bad3df" height="11"></td>\n				</tr>\n			</table>\n		</td>\n	</tr>\n	<tr>\n		<td width="850" bgcolor="#f7f7f7" valign="top" style="border: none; padding-top: 0; padding-right: 44px; padding-bottom: 16px; padding-left: 44px;">\n			<p style="margin-top:30px; margin-bottom: 28px; font-weight: bold; font-size: 19px;">Заказ номер #ORDER_ID# от #ORDER_DATE# отменен.</p>\n			<p style="margin-top: 0; margin-bottom: 20px; line-height: 20px;">#ORDER_CANCEL_DESCRIPTION#<br />\n<br />\nДля получения подробной информации по заказу пройдите на сайт http://#SERVER_NAME#/personal/order/#ORDER_ID#/<br />\n</p>\n		</td>\n	</tr>\n	<tr>\n		<td height="40px" width="850" bgcolor="#f7f7f7" valign="top" style="border: none; padding-top: 0; padding-right: 44px; padding-bottom: 30px; padding-left: 44px;">\n			<p style="border-top: 1px solid #d1d1d1; margin-bottom: 5px; margin-top: 0; padding-top: 20px; line-height:21px;">С уважением,<br />администрация <a href="http://#SERVER_NAME#" style="color:#2e6eb6;">Интернет-магазина</a><br />\n				E-mail: <a href="mailto:#SALE_EMAIL#" style="color:#2e6eb6;">#SALE_EMAIL#</a>\n			</p>\n		</td>\n	</tr>\n</table>\n</body>\n</html>', 'html', '#BCC#', NULL, NULL, NULL, NULL, NULL, NULL, NULL, NULL),
(24, '2014-08-07 02:44:06', 'SALE_ORDER_DELIVERY', 's1', 'Y', '#SALE_EMAIL#', '#EMAIL#', '#SITE_NAME#: Доставка заказа N#ORDER_ID# разрешена', '<!DOCTYPE HTML PUBLIC "-//W3C//DTD HTML 4.01 Transitional//EN" "http://www.w3.org/TR/html4/loose.dtd">\n<html xmlns="http://www.w3.org/1999/xhtml" xml:lang="ru" lang="ru">\n<head>\n	<meta http-equiv="Content-Type" content="text/html;charset=windows-1251"/>\n	<style>\n		body\n		{\n			font-family: ''Helvetica Neue'', Helvetica, Arial, sans-serif;\n			font-size: 14px;\n			color: #000;\n		}\n	</style>\n</head>\n<body>\n<table cellpadding="0" cellspacing="0" width="850" style="background-color: #d1d1d1; border-radius: 2px; border:1px solid #d1d1d1; margin: 0 auto;" border="1" bordercolor="#d1d1d1">\n	<tr>\n		<td height="83" width="850" bgcolor="#eaf3f5" style="border: none; padding-top: 23px; padding-right: 17px; padding-bottom: 24px; padding-left: 17px;">\n			<table cellpadding="0" cellspacing="0" border="0" width="100%">\n				<tr>\n					<td bgcolor="#ffffff" height="75" style="font-weight: bold; text-align: center; font-size: 26px; color: #0b3961;">Доставка вашего заказа с сайта #SITE_NAME# разрешена</td>\n				</tr>\n				<tr>\n					<td bgcolor="#bad3df" height="11"></td>\n				</tr>\n			</table>\n		</td>\n	</tr>\n	<tr>\n		<td width="850" bgcolor="#f7f7f7" valign="top" style="border: none; padding-top: 0; padding-right: 44px; padding-bottom: 16px; padding-left: 44px;">\n			<p style="margin-top:30px; margin-bottom: 28px; font-weight: bold; font-size: 19px;">Доставка заказа номер #ORDER_ID# от #ORDER_DATE# разрешена.</p>\n			<p style="margin-top: 0; margin-bottom: 20px; line-height: 20px;">Для получения подробной информации по заказу пройдите на сайт http://#SERVER_NAME#/personal/order/#ORDER_ID#/<br />\n</p>\n		</td>\n	</tr>\n	<tr>\n		<td height="40px" width="850" bgcolor="#f7f7f7" valign="top" style="border: none; padding-top: 0; padding-right: 44px; padding-bottom: 30px; padding-left: 44px;">\n			<p style="border-top: 1px solid #d1d1d1; margin-bottom: 5px; margin-top: 0; padding-top: 20px; line-height:21px;">С уважением,<br />администрация <a href="http://#SERVER_NAME#" style="color:#2e6eb6;">Интернет-магазина</a><br />\n				E-mail: <a href="mailto:#SALE_EMAIL#" style="color:#2e6eb6;">#SALE_EMAIL#</a>\n			</p>\n		</td>\n	</tr>\n</table>\n</body>\n</html>', 'html', '#BCC#', NULL, NULL, NULL, NULL, NULL, NULL, NULL, NULL),
(25, '2014-08-07 02:44:06', 'SALE_ORDER_PAID', 's1', 'Y', '#SALE_EMAIL#', '#EMAIL#', '#SITE_NAME#: Заказ N#ORDER_ID# оплачен', '<!DOCTYPE HTML PUBLIC "-//W3C//DTD HTML 4.01 Transitional//EN" "http://www.w3.org/TR/html4/loose.dtd">\n<html xmlns="http://www.w3.org/1999/xhtml" xml:lang="ru" lang="ru">\n<head>\n	<meta http-equiv="Content-Type" content="text/html;charset=windows-1251"/>\n	<style>\n		body\n		{\n			font-family: ''Helvetica Neue'', Helvetica, Arial, sans-serif;\n			font-size: 14px;\n			color: #000;\n		}\n	</style>\n</head>\n<body>\n<table cellpadding="0" cellspacing="0" width="850" style="background-color: #d1d1d1; border-radius: 2px; border:1px solid #d1d1d1; margin: 0 auto;" border="1" bordercolor="#d1d1d1">\n	<tr>\n		<td height="83" width="850" bgcolor="#eaf3f5" style="border: none; padding-top: 23px; padding-right: 17px; padding-bottom: 24px; padding-left: 17px;">\n			<table cellpadding="0" cellspacing="0" border="0" width="100%">\n				<tr>\n					<td bgcolor="#ffffff" height="75" style="font-weight: bold; text-align: center; font-size: 26px; color: #0b3961;">Вы оплатили заказ на сайте #SITE_NAME#</td>\n				</tr>\n				<tr>\n					<td bgcolor="#bad3df" height="11"></td>\n				</tr>\n			</table>\n		</td>\n	</tr>\n	<tr>\n		<td width="850" bgcolor="#f7f7f7" valign="top" style="border: none; padding-top: 0; padding-right: 44px; padding-bottom: 16px; padding-left: 44px;">\n			<p style="margin-top:30px; margin-bottom: 28px; font-weight: bold; font-size: 19px;">Заказ номер #ORDER_ID# от #ORDER_DATE# оплачен.</p>\n			<p style="margin-top: 0; margin-bottom: 20px; line-height: 20px;">Для получения подробной информации по заказу пройдите на сайт http://#SERVER_NAME#/personal/order/#ORDER_ID#/</p>\n		</td>\n	</tr>\n	<tr>\n		<td height="40px" width="850" bgcolor="#f7f7f7" valign="top" style="border: none; padding-top: 0; padding-right: 44px; padding-bottom: 30px; padding-left: 44px;">\n			<p style="border-top: 1px solid #d1d1d1; margin-bottom: 5px; margin-top: 0; padding-top: 20px; line-height:21px;">С уважением,<br />администрация <a href="http://#SERVER_NAME#" style="color:#2e6eb6;">Интернет-магазина</a><br />\n				E-mail: <a href="mailto:#SALE_EMAIL#" style="color:#2e6eb6;">#SALE_EMAIL#</a>\n			</p>\n		</td>\n	</tr>\n</table>\n</body>\n</html>', 'html', '#BCC#', NULL, NULL, NULL, NULL, NULL, NULL, NULL, NULL),
(26, '2014-08-07 02:44:06', 'SALE_ORDER_REMIND_PAYMENT', 's1', 'Y', '#SALE_EMAIL#', '#EMAIL#', '#SITE_NAME#: Напоминание об оплате заказа N#ORDER_ID# ', '<!DOCTYPE HTML PUBLIC "-//W3C//DTD HTML 4.01 Transitional//EN" "http://www.w3.org/TR/html4/loose.dtd">\n<html xmlns="http://www.w3.org/1999/xhtml" xml:lang="ru" lang="ru">\n<head>\n	<meta http-equiv="Content-Type" content="text/html;charset=windows-1251"/>\n	<style>\n		body\n		{\n			font-family: ''Helvetica Neue'', Helvetica, Arial, sans-serif;\n			font-size: 14px;\n			color: #000;\n		}\n	</style>\n</head>\n<body>\n<table cellpadding="0" cellspacing="0" width="850" style="background-color: #d1d1d1; border-radius: 2px; border:1px solid #d1d1d1; margin: 0 auto;" border="1" bordercolor="#d1d1d1">\n	<tr>\n		<td height="83" width="850" bgcolor="#eaf3f5" style="border: none; padding-top: 23px; padding-right: 17px; padding-bottom: 24px; padding-left: 17px;">\n			<table cellpadding="0" cellspacing="0" border="0" width="100%">\n				<tr>\n					<td bgcolor="#ffffff" height="75" style="font-weight: bold; text-align: center; font-size: 26px; color: #0b3961;">Напоминаем вам об оплате заказа на сайте #SITE_NAME#</td>\n				</tr>\n				<tr>\n					<td bgcolor="#bad3df" height="11"></td>\n				</tr>\n			</table>\n		</td>\n	</tr>\n	<tr>\n		<td width="850" bgcolor="#f7f7f7" valign="top" style="border: none; padding-top: 0; padding-right: 44px; padding-bottom: 16px; padding-left: 44px;">\n			<p style="margin-top:30px; margin-bottom: 28px; font-weight: bold; font-size: 19px;">Уважаемый #ORDER_USER#,</p>\n			<p style="margin-top: 0; margin-bottom: 20px; line-height: 20px;">Вами был оформлен заказ N #ORDER_ID# от #ORDER_DATE# на сумму #PRICE#.<br />\n<br />\nК сожалению, на сегодняшний день средства по этому заказу не поступили к нам.<br />\n<br />\nВы можете следить за выполнением своего заказа (на какой стадии выполнения он находится), войдя в Ваш персональный раздел сайта #SITE_NAME#.<br />\n<br />\nОбратите внимание, что для входа в этот раздел Вам необходимо будет ввести логин и пароль пользователя сайта #SITE_NAME#.<br />\n<br />\nДля того, чтобы аннулировать заказ, воспользуйтесь функцией отмены заказа, которая доступна в Вашем персональном разделе сайта #SITE_NAME#.<br />\n<br />\nПожалуйста, при обращении к администрации сайта #SITE_NAME# ОБЯЗАТЕЛЬНО указывайте номер Вашего заказа - #ORDER_ID#.<br />\n<br />\nСпасибо за покупку!<br />\n</p>\n		</td>\n	</tr>\n	<tr>\n		<td height="40px" width="850" bgcolor="#f7f7f7" valign="top" style="border: none; padding-top: 0; padding-right: 44px; padding-bottom: 30px; padding-left: 44px;">\n			<p style="border-top: 1px solid #d1d1d1; margin-bottom: 5px; margin-top: 0; padding-top: 20px; line-height:21px;">С уважением,<br />администрация <a href="http://#SERVER_NAME#" style="color:#2e6eb6;">Интернет-магазина</a><br />\n				E-mail: <a href="mailto:#SALE_EMAIL#" style="color:#2e6eb6;">#SALE_EMAIL#</a>\n			</p>\n		</td>\n	</tr>\n</table>\n</body>\n</html>', 'html', '#BCC#', NULL, NULL, NULL, NULL, NULL, NULL, NULL, NULL),
(27, '2014-08-07 02:44:06', 'SALE_SUBSCRIBE_PRODUCT', 's1', 'Y', '#SALE_EMAIL#', '#EMAIL#', '#SITE_NAME#: Уведомление о поступлении товара', '<!DOCTYPE HTML PUBLIC "-//W3C//DTD HTML 4.01 Transitional//EN" "http://www.w3.org/TR/html4/loose.dtd">\n<html xmlns="http://www.w3.org/1999/xhtml" xml:lang="ru" lang="ru">\n<head>\n	<meta http-equiv="Content-Type" content="text/html;charset=windows-1251"/>\n	<style>\n		body\n		{\n			font-family: ''Helvetica Neue'', Helvetica, Arial, sans-serif;\n			font-size: 14px;\n			color: #000;\n		}\n	</style>\n</head>\n<body>\n<table cellpadding="0" cellspacing="0" width="850" style="background-color: #d1d1d1; border-radius: 2px; border:1px solid #d1d1d1; margin: 0 auto;" border="1" bordercolor="#d1d1d1">\n	<tr>\n		<td height="83" width="850" bgcolor="#eaf3f5" style="border: none; padding-top: 23px; padding-right: 17px; padding-bottom: 24px; padding-left: 17px;">\n			<table cellpadding="0" cellspacing="0" border="0" width="100%">\n				<tr>\n					<td bgcolor="#ffffff" height="75" style="font-weight: bold; text-align: center; font-size: 26px; color: #0b3961;">Уведомление о поступлении товара в магазин #SITE_NAME#</td>\n				</tr>\n				<tr>\n					<td bgcolor="#bad3df" height="11"></td>\n				</tr>\n			</table>\n		</td>\n	</tr>\n	<tr>\n		<td width="850" bgcolor="#f7f7f7" valign="top" style="border: none; padding-top: 0; padding-right: 44px; padding-bottom: 16px; padding-left: 44px;">\n			<p style="margin-top:30px; margin-bottom: 28px; font-weight: bold; font-size: 19px;">Уважаемый, #USER_NAME#!</p>\n			<p style="margin-top: 0; margin-bottom: 20px; line-height: 20px;">Товар "#NAME#" (#PAGE_URL#) поступил на склад.<br />\n<br />\nВы можете Оформить заказ (http://#SERVER_NAME#/personal/cart/).<br />\n<br />\nНе забудьте авторизоваться!<br />\n<br />\nВы получили это сообщение по Вашей просьбе оповестить при появлении товара.<br />\nНе отвечайте на него - письмо сформировано автоматически.<br />\n<br />\nСпасибо за покупку!<br />\n</p>\n		</td>\n	</tr>\n	<tr>\n		<td height="40px" width="850" bgcolor="#f7f7f7" valign="top" style="border: none; padding-top: 0; padding-right: 44px; padding-bottom: 30px; padding-left: 44px;">\n			<p style="border-top: 1px solid #d1d1d1; margin-bottom: 5px; margin-top: 0; padding-top: 20px; line-height:21px;">С уважением,<br />администрация <a href="http://#SERVER_NAME#" style="color:#2e6eb6;">Интернет-магазина</a><br />\n				E-mail: <a href="mailto:#SALE_EMAIL#" style="color:#2e6eb6;">#SALE_EMAIL#</a>\n			</p>\n		</td>\n	</tr>\n</table>\n</body>\n</html>', 'html', '#BCC#', NULL, NULL, NULL, NULL, NULL, NULL, NULL, NULL),
(28, '2014-08-07 02:44:06', 'SALE_ORDER_TRACKING_NUMBER', 's1', 'Y', '#SALE_EMAIL#', '#EMAIL#', 'Номер идентификатора отправления вашего заказа на сайте #SITE_NAME#', '<!DOCTYPE HTML PUBLIC "-//W3C//DTD HTML 4.01 Transitional//EN" "http://www.w3.org/TR/html4/loose.dtd">\n<html xmlns="http://www.w3.org/1999/xhtml" xml:lang="ru" lang="ru">\n<head>\n	<meta http-equiv="Content-Type" content="text/html;charset=windows-1251"/>\n	<style>\n		body\n		{\n			font-family: ''Helvetica Neue'', Helvetica, Arial, sans-serif;\n			font-size: 14px;\n			color: #000;\n		}\n	</style>\n</head>\n<body>\n<table cellpadding="0" cellspacing="0" width="850" style="background-color: #d1d1d1; border-radius: 2px; border:1px solid #d1d1d1; margin: 0 auto;" border="1" bordercolor="#d1d1d1">\n	<tr>\n		<td height="83" width="850" bgcolor="#eaf3f5" style="border: none; padding-top: 23px; padding-right: 17px; padding-bottom: 24px; padding-left: 17px;">\n			<table cellpadding="0" cellspacing="0" border="0" width="100%">\n				<tr>\n					<td bgcolor="#ffffff" height="75" style="font-weight: bold; text-align: center; font-size: 26px; color: #0b3961;">Номер идентификатора отправления вашего заказа на сайте #SITE_NAME#</td>\n				</tr>\n				<tr>\n					<td bgcolor="#bad3df" height="11"></td>\n				</tr>\n			</table>\n		</td>\n	</tr>\n	<tr>\n		<td width="850" bgcolor="#f7f7f7" valign="top" style="border: none; padding-top: 0; padding-right: 44px; padding-bottom: 16px; padding-left: 44px;">\n			<p style="margin-top:30px; margin-bottom: 28px; font-weight: bold; font-size: 19px;">Уважаемый #ORDER_USER#,</p>\n			<p style="margin-top: 0; margin-bottom: 20px; line-height: 20px;">Произошла почтовая отправка заказа N #ORDER_ID# от #ORDER_DATE#.<br />\n<br />\nНомер идентификатора отправления: #ORDER_TRACKING_NUMBER#.<br />\n<br />\nДля получения подробной информации по заказу пройдите на сайт http://#SERVER_NAME#/personal/order/detail/#ORDER_ID#/<br />\n<br />\nE-mail: #SALE_EMAIL#<br />\n</p>\n		</td>\n	</tr>\n	<tr>\n		<td height="40px" width="850" bgcolor="#f7f7f7" valign="top" style="border: none; padding-top: 0; padding-right: 44px; padding-bottom: 30px; padding-left: 44px;">\n			<p style="border-top: 1px solid #d1d1d1; margin-bottom: 5px; margin-top: 0; padding-top: 20px; line-height:21px;">С уважением,<br />администрация <a href="http://#SERVER_NAME#" style="color:#2e6eb6;">Интернет-магазина</a><br />\n				E-mail: <a href="mailto:#SALE_EMAIL#" style="color:#2e6eb6;">#SALE_EMAIL#</a>\n			</p>\n		</td>\n	</tr>\n</table>\n</body>\n</html>', 'html', '#BCC#', NULL, NULL, NULL, NULL, NULL, NULL, NULL, NULL),
(29, '2014-08-07 02:44:06', 'SALE_NEW_ORDER_RECURRING', 's1', 'Y', '#SALE_EMAIL#', '#EMAIL#', '#SITE_NAME#: Новый заказ N#ORDER_ID# на продление подписки', 'Информационное сообщение сайта #SITE_NAME#\n------------------------------------------\n\nУважаемый #ORDER_USER#,\n\nВаш заказ номер #ORDER_ID# от #ORDER_DATE# на продление подписки принят.\n\nСтоимость заказа: #PRICE#.\n\nСостав заказа:\n#ORDER_LIST#\n\nВы можете следить за выполнением своего заказа (на какой\nстадии выполнения он находится), войдя в Ваш персональный\nраздел сайта #SITE_NAME#. Обратите внимание, что для входа\nв этот раздел Вам необходимо будет ввести логин и пароль\nпользователя сайта #SITE_NAME#.\n\nДля того, чтобы аннулировать заказ, воспользуйтесь функцией\nотмены заказа, которая доступна в Вашем персональном\nразделе сайта #SITE_NAME#.\n\nПожалуйста, при обращении к администрации сайта #SITE_NAME#\nОБЯЗАТЕЛЬНО указывайте номер Вашего заказа - #ORDER_ID#.\n\nСпасибо за покупку!\n', 'text', '#BCC#', NULL, NULL, NULL, NULL, NULL, NULL, NULL, NULL),
(30, '2014-08-07 02:44:06', 'SALE_RECURRING_CANCEL', 's1', 'Y', '#SALE_EMAIL#', '#EMAIL#', '#SITE_NAME#: Подписка отменена', 'Информационное сообщение сайта #SITE_NAME#\n------------------------------------------\n\nПодписка отменена\n\n#CANCELED_REASON#\n#SITE_NAME#\n', 'text', '#BCC#', NULL, NULL, NULL, NULL, NULL, NULL, NULL, NULL),
(31, '2014-08-07 02:44:06', 'SALE_STATUS_CHANGED_F', 's1', 'Y', '#SALE_EMAIL#', '#EMAIL#', '#SERVER_NAME#: Изменение статуса заказа N#ORDER_ID#', '<!DOCTYPE HTML PUBLIC "-//W3C//DTD HTML 4.01 Transitional//EN" "http://www.w3.org/TR/html4/loose.dtd">\n<html xmlns="http://www.w3.org/1999/xhtml" xml:lang="ru" lang="ru">\n<head>\n	<meta http-equiv="Content-Type" content="text/html;charset=windows-1251"/>\n	<style>\n		body\n		{\n			font-family: ''Helvetica Neue'', Helvetica, Arial, sans-serif;\n			font-size: 14px;\n			color: #000;\n		}\n	</style>\n</head>\n<body>\n<table cellpadding="0" cellspacing="0" width="850" style="background-color: #d1d1d1; border-radius: 2px; border:1px solid #d1d1d1; margin: 0 auto;" border="1" bordercolor="#d1d1d1">\n	<tr>\n		<td height="83" width="850" bgcolor="#eaf3f5" style="border: none; padding-top: 23px; padding-right: 17px; padding-bottom: 24px; padding-left: 17px;">\n			<table cellpadding="0" cellspacing="0" border="0" width="100%">\n				<tr>\n					<td bgcolor="#ffffff" height="75" style="font-weight: bold; text-align: center; font-size: 26px; color: #0b3961;">Изменение статуса заказа в магазине #SITE_NAME#</td>\n				</tr>\n				<tr>\n					<td bgcolor="#bad3df" height="11"></td>\n				</tr>\n			</table>\n		</td>\n	</tr>\n	<tr>\n		<td width="850" bgcolor="#f7f7f7" valign="top" style="border: none; padding-top: 0; padding-right: 44px; padding-bottom: 16px; padding-left: 44px;">\n			<p style="margin-top:30px; margin-bottom: 28px; font-weight: bold; font-size: 19px;"></p>\n			<p style="margin-top: 0; margin-bottom: 20px; line-height: 20px;">Информационное сообщение сайта #SITE_NAME#<br />\n------------------------------------------<br />\n<br />\nСтатус заказа номер #ORDER_ID# от #ORDER_DATE# изменен.<br />\n<br />\nНовый статус заказа:<br />\n#ORDER_STATUS#<br />\n#ORDER_DESCRIPTION#<br />\n#TEXT#<br />\n<br />\nДля получения подробной информации по заказу пройдите на сайт #SERVER_NAME#/personal/order/#ORDER_ID#/<br />\n<br />\nСпасибо за ваш выбор!<br />\n#SITE_NAME#<br />\n</p>\n		</td>\n	</tr>\n	<tr>\n		<td height="40px" width="850" bgcolor="#f7f7f7" valign="top" style="border: none; padding-top: 0; padding-right: 44px; padding-bottom: 30px; padding-left: 44px;">\n			<p style="border-top: 1px solid #d1d1d1; margin-bottom: 5px; margin-top: 0; padding-top: 20px; line-height:21px;">С уважением,<br />администрация <a href="http://#SERVER_NAME#" style="color:#2e6eb6;">Интернет-магазина</a><br />\n				E-mail: <a href="mailto:#SALE_EMAIL#" style="color:#2e6eb6;">#SALE_EMAIL#</a>\n			</p>\n		</td>\n	</tr>\n</table>\n</body>\n</html>', 'html', NULL, NULL, NULL, NULL, NULL, NULL, NULL, NULL, NULL),
(32, '2014-08-07 02:44:06', 'SALE_STATUS_CHANGED_N', 's1', 'Y', '#SALE_EMAIL#', '#EMAIL#', '#SERVER_NAME#: Изменение статуса заказа N#ORDER_ID#', '<!DOCTYPE HTML PUBLIC "-//W3C//DTD HTML 4.01 Transitional//EN" "http://www.w3.org/TR/html4/loose.dtd">\n<html xmlns="http://www.w3.org/1999/xhtml" xml:lang="ru" lang="ru">\n<head>\n	<meta http-equiv="Content-Type" content="text/html;charset=windows-1251"/>\n	<style>\n		body\n		{\n			font-family: ''Helvetica Neue'', Helvetica, Arial, sans-serif;\n			font-size: 14px;\n			color: #000;\n		}\n	</style>\n</head>\n<body>\n<table cellpadding="0" cellspacing="0" width="850" style="background-color: #d1d1d1; border-radius: 2px; border:1px solid #d1d1d1; margin: 0 auto;" border="1" bordercolor="#d1d1d1">\n	<tr>\n		<td height="83" width="850" bgcolor="#eaf3f5" style="border: none; padding-top: 23px; padding-right: 17px; padding-bottom: 24px; padding-left: 17px;">\n			<table cellpadding="0" cellspacing="0" border="0" width="100%">\n				<tr>\n					<td bgcolor="#ffffff" height="75" style="font-weight: bold; text-align: center; font-size: 26px; color: #0b3961;">Изменение статуса заказа в магазине #SITE_NAME#</td>\n				</tr>\n				<tr>\n					<td bgcolor="#bad3df" height="11"></td>\n				</tr>\n			</table>\n		</td>\n	</tr>\n	<tr>\n		<td width="850" bgcolor="#f7f7f7" valign="top" style="border: none; padding-top: 0; padding-right: 44px; padding-bottom: 16px; padding-left: 44px;">\n			<p style="margin-top:30px; margin-bottom: 28px; font-weight: bold; font-size: 19px;"></p>\n			<p style="margin-top: 0; margin-bottom: 20px; line-height: 20px;">Информационное сообщение сайта #SITE_NAME#<br />\n------------------------------------------<br />\n<br />\nСтатус заказа номер #ORDER_ID# от #ORDER_DATE# изменен.<br />\n<br />\nНовый статус заказа:<br />\n#ORDER_STATUS#<br />\n#ORDER_DESCRIPTION#<br />\n#TEXT#<br />\n<br />\nДля получения подробной информации по заказу пройдите на сайт #SERVER_NAME#/personal/order/#ORDER_ID#/<br />\n<br />\nСпасибо за ваш выбор!<br />\n#SITE_NAME#<br />\n</p>\n		</td>\n	</tr>\n	<tr>\n		<td height="40px" width="850" bgcolor="#f7f7f7" valign="top" style="border: none; padding-top: 0; padding-right: 44px; padding-bottom: 30px; padding-left: 44px;">\n			<p style="border-top: 1px solid #d1d1d1; margin-bottom: 5px; margin-top: 0; padding-top: 20px; line-height:21px;">С уважением,<br />администрация <a href="http://#SERVER_NAME#" style="color:#2e6eb6;">Интернет-магазина</a><br />\n				E-mail: <a href="mailto:#SALE_EMAIL#" style="color:#2e6eb6;">#SALE_EMAIL#</a>\n			</p>\n		</td>\n	</tr>\n</table>\n</body>\n</html>', 'html', NULL, NULL, NULL, NULL, NULL, NULL, NULL, NULL, NULL),
(33, '2014-08-07 02:44:08', 'VIRUS_DETECTED', 's1', 'Y', '#DEFAULT_EMAIL_FROM#', '#EMAIL#', '#SITE_NAME#: Обнаружен вирус', 'Информационное сообщение сайта #SITE_NAME#\n------------------------------------------\n\nЗдравствуйте!\n\nВы получили это сообщение, так как модуль проактивной защиты сервера #SERVER_NAME# обнаружил код, похожий на вирус.\n\n1. Подозрительный код был вырезан из html.\n2. Проверьте журнал вторжений и убедитесь, что код действительно вредоносный, а не является кодом какого-либо счетчика или фреймворка.\n (ссылка: http://#SERVER_NAME#/bitrix/admin/event_log.php?lang=ru&set_filter=Y&find_type=audit_type_id&find_audit_type[]=SECURITY_VIRUS )\n3. В случае, если код не является опасным, добавьте его в исключения на странице настройки антивируса.\n (ссылка: http://#SERVER_NAME#/bitrix/admin/security_antivirus.php?lang=ru&tabControl_active_tab=exceptions )\n4. Если код является вирусным, то необходимо выполнить следующие действия:\n\n а) Смените пароли доступа к сайту у администраторов и ответственных сотрудников.\n б) Смените пароли доступа по ssh и ftp.\n в) Проверьте и вылечите компьютеры администраторов, имевших доступ к сайту по ssh или ftp.\n г) В программах доступа к сайту по ssh и ftp отключите сохранение паролей.\n д) Удалите вредоносный код из зараженных файлов. Например, восстановите поврежденные файлы из самой свежей резервной копии.\n\n---------------------------------------------------------------------\nСообщение сгенерировано автоматически.\n', 'text', '', NULL, NULL, NULL, NULL, NULL, NULL, NULL, NULL),
(34, '2014-08-07 02:44:10', 'SUBSCRIBE_CONFIRM', 's1', 'Y', '#DEFAULT_EMAIL_FROM#', '#EMAIL#', '#SITE_NAME#: Подтверждение подписки', 'Информационное сообщение сайта #SITE_NAME#\n------------------------------------------\n\nЗдравствуйте,\n\nВы получили это сообщение, так как ваш адрес был подписан\nна список рассылки сервера #SERVER_NAME#.\n\nДополнительная информация о подписке:\n\nАдрес подписки (email) ............ #EMAIL#\nДата добавления/редактирования .... #DATE_SUBSCR#\n\nВаш код для подтверждения подписки: #CONFIRM_CODE#\n\nДля подтверждения подписки перейдите по следующей ссылке:\nhttp://#SERVER_NAME##SUBSCR_SECTION#subscr_edit.php?ID=#ID#&CONFIRM_CODE=#CONFIRM_CODE#\n\nВы также можете ввести код для подтверждения подписки на странице:\nhttp://#SERVER_NAME##SUBSCR_SECTION#subscr_edit.php?ID=#ID#\n\nВнимание! Вы не будете получать сообщения рассылки, пока не подтвердите\nсвою подписку.\n\n---------------------------------------------------------------------\nСохраните это письмо, так как оно содержит информацию для авторизации.\nИспользуя код подтверждения подписки, вы cможете изменить параметры\nподписки или отписаться от рассылки.\n\nИзменить параметры:\nhttp://#SERVER_NAME##SUBSCR_SECTION#subscr_edit.php?ID=#ID#&CONFIRM_CODE=#CONFIRM_CODE#\n\nОтписаться:\nhttp://#SERVER_NAME##SUBSCR_SECTION#subscr_edit.php?ID=#ID#&CONFIRM_CODE=#CONFIRM_CODE#&action=unsubscribe\n---------------------------------------------------------------------\n\nСообщение сгенерировано автоматически.\n', 'text', '', NULL, NULL, NULL, NULL, NULL, NULL, NULL, NULL),
(35, '2014-08-07 02:44:11', 'VOTE_FOR', 's1', 'Y', '#DEFAULT_EMAIL_FROM#', '#EMAIL_TO#', '#SITE_NAME#: [V] #VOTE_TITLE#', '#USER_NAME# принял участие в опросе "#VOTE_TITLE#":\n#VOTE_STATISTIC#\n\nhttp://#SERVER_NAME##URL#\nСообщение сгенерировано автоматически.', 'text', NULL, NULL, NULL, NULL, NULL, NULL, NULL, NULL, NULL),
(36, '2014-08-07 02:48:02', 'SALE_STATUS_CHANGED_P', 's1', 'Y', '#SALE_EMAIL#', '#EMAIL#', '#SERVER_NAME#: Изменение статуса заказа N#ORDER_ID#', 'Информационное сообщение сайта #SITE_NAME#\n------------------------------------------\n\nСтатус заказа номер #ORDER_ID# от #ORDER_DATE# изменен.\n\nНовый статус заказа:\n#ORDER_STATUS#\n#ORDER_DESCRIPTION#\n#TEXT#\n\n#SITE_NAME#\n', 'text', NULL, NULL, NULL, NULL, NULL, NULL, NULL, NULL, NULL);

-- --------------------------------------------------------

--
-- Структура таблицы `b_event_message_site`
--

CREATE TABLE IF NOT EXISTS `b_event_message_site` (
  `EVENT_MESSAGE_ID` int(11) NOT NULL,
  `SITE_ID` char(2) NOT NULL,
  PRIMARY KEY (`EVENT_MESSAGE_ID`,`SITE_ID`)
) ENGINE=MyISAM DEFAULT CHARSET=cp1251;

--
-- Дамп данных таблицы `b_event_message_site`
--

INSERT INTO `b_event_message_site` (`EVENT_MESSAGE_ID`, `SITE_ID`) VALUES
(1, 's1'),
(2, 's1'),
(3, 's1'),
(4, 's1'),
(5, 's1'),
(6, 's1'),
(7, 's1'),
(8, 's1'),
(9, 's1'),
(10, 's1'),
(11, 's1'),
(12, 's1'),
(13, 's1'),
(14, 's1'),
(15, 's1'),
(16, 's1'),
(17, 's1'),
(18, 's1'),
(19, 's1'),
(20, 's1'),
(21, 's1'),
(22, 's1'),
(23, 's1'),
(24, 's1'),
(25, 's1'),
(26, 's1'),
(27, 's1'),
(28, 's1'),
(29, 's1'),
(30, 's1'),
(31, 's1'),
(32, 's1'),
(33, 's1'),
(34, 's1'),
(35, 's1'),
(36, 's1');

-- --------------------------------------------------------

--
-- Структура таблицы `b_event_type`
--

CREATE TABLE IF NOT EXISTS `b_event_type` (
  `ID` int(18) NOT NULL AUTO_INCREMENT,
  `LID` char(2) NOT NULL,
  `EVENT_NAME` varchar(255) NOT NULL,
  `NAME` varchar(100) DEFAULT NULL,
  `DESCRIPTION` text,
  `SORT` int(18) NOT NULL DEFAULT '150',
  PRIMARY KEY (`ID`),
  UNIQUE KEY `ux_1` (`EVENT_NAME`,`LID`)
) ENGINE=MyISAM  DEFAULT CHARSET=cp1251 AUTO_INCREMENT=72 ;

--
-- Дамп данных таблицы `b_event_type`
--

INSERT INTO `b_event_type` (`ID`, `LID`, `EVENT_NAME`, `NAME`, `DESCRIPTION`, `SORT`) VALUES
(1, 'ru', 'NEW_USER', 'Зарегистрировался новый пользователь', '\n\n#USER_ID# - ID пользователя\n#LOGIN# - Логин\n#EMAIL# - EMail\n#NAME# - Имя\n#LAST_NAME# - Фамилия\n#USER_IP# - IP пользователя\n#USER_HOST# - Хост пользователя\n', 1),
(2, 'ru', 'USER_INFO', 'Информация о пользователе', '\n\n#USER_ID# - ID пользователя\n#STATUS# - Статус логина\n#MESSAGE# - Сообщение пользователю\n#LOGIN# - Логин\n#URL_LOGIN# - Логин, закодированный для использования в URL\n#CHECKWORD# - Контрольная строка для смены пароля\n#NAME# - Имя\n#LAST_NAME# - Фамилия\n#EMAIL# - E-Mail пользователя\n', 2),
(3, 'ru', 'NEW_USER_CONFIRM', 'Подтверждение регистрации нового пользователя', '\n\n\n#USER_ID# - ID пользователя\n#LOGIN# - Логин\n#EMAIL# - EMail\n#NAME# - Имя\n#LAST_NAME# - Фамилия\n#USER_IP# - IP пользователя\n#USER_HOST# - Хост пользователя\n#CONFIRM_CODE# - Код подтверждения\n', 3),
(4, 'ru', 'USER_PASS_REQUEST', 'Запрос на смену пароля', '\n\n#USER_ID# - ID пользователя\n#STATUS# - Статус логина\n#MESSAGE# - Сообщение пользователю\n#LOGIN# - Логин\n#URL_LOGIN# - Логин, закодированный для использования в URL\n#CHECKWORD# - Контрольная строка для смены пароля\n#NAME# - Имя\n#LAST_NAME# - Фамилия\n#EMAIL# - E-Mail пользователя\n', 4),
(5, 'ru', 'USER_PASS_CHANGED', 'Подтверждение смены пароля', '\n\n#USER_ID# - ID пользователя\n#STATUS# - Статус логина\n#MESSAGE# - Сообщение пользователю\n#LOGIN# - Логин\n#URL_LOGIN# - Логин, закодированный для использования в URL\n#CHECKWORD# - Контрольная строка для смены пароля\n#NAME# - Имя\n#LAST_NAME# - Фамилия\n#EMAIL# - E-Mail пользователя\n', 5),
(6, 'ru', 'USER_INVITE', 'Приглашение на сайт нового пользователя', '#ID# - ID пользователя\n#LOGIN# - Логин\n#URL_LOGIN# - Логин, закодированный для использования в URL\n#EMAIL# - EMail\n#NAME# - Имя\n#LAST_NAME# - Фамилия\n#PASSWORD# - пароль пользователя \n#CHECKWORD# - Контрольная строка для смены пароля\n#XML_ID# - ID пользователя для связи с внешними источниками\n', 6),
(7, 'ru', 'FEEDBACK_FORM', 'Отправка сообщения через форму обратной связи', '#AUTHOR# - Автор сообщения\n#AUTHOR_EMAIL# - Email автора сообщения\n#TEXT# - Текст сообщения\n#EMAIL_FROM# - Email отправителя письма\n#EMAIL_TO# - Email получателя письма', 7),
(8, 'en', 'NEW_USER', 'New user was registered', '\n\n#USER_ID# - User ID\n#LOGIN# - Login\n#EMAIL# - EMail\n#NAME# - Name\n#LAST_NAME# - Last Name\n#USER_IP# - User IP\n#USER_HOST# - User Host\n', 1),
(9, 'en', 'USER_INFO', 'Account Information', '\n\n#USER_ID# - User ID\n#STATUS# - Account status\n#MESSAGE# - Message for user\n#LOGIN# - Login\n#URL_LOGIN# - Encoded login for use in URL\n#CHECKWORD# - Check string for password change\n#NAME# - Name\n#LAST_NAME# - Last Name\n#EMAIL# - User E-Mail\n', 2),
(10, 'en', 'NEW_USER_CONFIRM', 'New user registration confirmation', '\n\n#USER_ID# - User ID\n#LOGIN# - Login\n#EMAIL# - E-mail\n#NAME# - First name\n#LAST_NAME# - Last name\n#USER_IP# - User IP\n#USER_HOST# - User host\n#CONFIRM_CODE# - Confirmation code\n', 3),
(11, 'en', 'USER_PASS_REQUEST', 'Password Change Request', '\n\n#USER_ID# - User ID\n#STATUS# - Account status\n#MESSAGE# - Message for user\n#LOGIN# - Login\n#URL_LOGIN# - Encoded login for use in URL\n#CHECKWORD# - Check string for password change\n#NAME# - Name\n#LAST_NAME# - Last Name\n#EMAIL# - User E-Mail\n', 4),
(12, 'en', 'USER_PASS_CHANGED', 'Password Change Confirmation', '\n\n#USER_ID# - User ID\n#STATUS# - Account status\n#MESSAGE# - Message for user\n#LOGIN# - Login\n#URL_LOGIN# - Encoded login for use in URL\n#CHECKWORD# - Check string for password change\n#NAME# - Name\n#LAST_NAME# - Last Name\n#EMAIL# - User E-Mail\n', 5),
(13, 'en', 'USER_INVITE', 'Invitation of a new site user', '#ID# - User ID\n#LOGIN# - Login\n#URL_LOGIN# - Encoded login for use in URL\n#EMAIL# - EMail\n#NAME# - Name\n#LAST_NAME# - Last Name\n#PASSWORD# - User password \n#CHECKWORD# - Password check string\n#XML_ID# - User ID to link with external data sources\n\n', 6),
(14, 'en', 'FEEDBACK_FORM', 'Sending a message using a feedback form', '#AUTHOR# - Message author\n#AUTHOR_EMAIL# - Author''s e-mail address\n#TEXT# - Message text\n#EMAIL_FROM# - Sender''s e-mail address\n#EMAIL_TO# - Recipient''s e-mail address', 7),
(15, 'ru', 'NEW_BLOG_MESSAGE', 'Новое сообщение в блоге', '#BLOG_ID# - ID блога \n#BLOG_NAME# - Название блога\n#BLOG_URL# - Название блога латиницей\n#MESSAGE_TITLE# - Тема сообщения\n#MESSAGE_TEXT# - Текст сообщения\n#MESSAGE_DATE# - Дата сообщения\n#MESSAGE_PATH# - URL адрес сообщения\n#AUTHOR# - Автор сообщения\n#EMAIL_FROM# - Email отправителя письма\n#EMAIL_TO# - Email получателя письма', 150),
(16, 'ru', 'NEW_BLOG_COMMENT', 'Новый комментарий в блоге', '#BLOG_ID# - ID блога \n#BLOG_NAME# - Название блога\n#BLOG_URL# - Название блога латиницей\n#MESSAGE_TITLE# - Тема сообщения\n#COMMENT_TITLE# - Заголовок комментария\n#COMMENT_TEXT# - Текст комментария\n#COMMENT_DATE# - Текст комментария\n#COMMENT_PATH# - URL адрес сообщения\n#AUTHOR# - Автор сообщения\n#EMAIL_FROM# - Email отправителя письма\n#EMAIL_TO# - Email получателя письма', 150),
(17, 'ru', 'NEW_BLOG_COMMENT2COMMENT', 'Новый комментарий на ваш комментарий в блоге', '#BLOG_ID# - ID блога \n#BLOG_NAME# - Название блога\n#BLOG_URL# - Название блога латиницей\n#MESSAGE_TITLE# - Тема сообщения\n#COMMENT_TITLE# - Заголовок комментария\n#COMMENT_TEXT# - Текст комментария\n#COMMENT_DATE# - Текст комментария\n#COMMENT_PATH# - URL адрес сообщения\n#AUTHOR# - Автор сообщения\n#EMAIL_FROM# - Email отправителя письма\n#EMAIL_TO# - Email получателя письма', 150),
(18, 'ru', 'NEW_BLOG_COMMENT_WITHOUT_TITLE', 'Новый комментарий в блоге (без темы)', '#BLOG_ID# - ID блога \n#BLOG_NAME# - Название блога\n#BLOG_URL# - Название блога латиницей\n#MESSAGE_TITLE# - Тема сообщения\n#COMMENT_TEXT# - Текст комментария\n#COMMENT_DATE# - Текст комментария\n#COMMENT_PATH# - URL адрес сообщения\n#AUTHOR# - Автор сообщения\n#EMAIL_FROM# - Email отправителя письма\n#EMAIL_TO# - Email получателя письма', 150),
(19, 'ru', 'NEW_BLOG_COMMENT2COMMENT_WITHOUT_TITLE', 'Новый комментарий на ваш комментарий в блоге (без темы)', '#BLOG_ID# - ID блога \n#BLOG_NAME# - Название блога\n#BLOG_URL# - Название блога латиницей\n#COMMENT_TITLE# - Заголовок комментария\n#COMMENT_TEXT# - Текст комментария\n#COMMENT_DATE# - Текст комментария\n#COMMENT_PATH# - URL адрес сообщения\n#AUTHOR# - Автор сообщения\n#EMAIL_FROM# - Email отправителя письма\n#EMAIL_TO# - Email получателя письма', 150),
(20, 'ru', 'BLOG_YOUR_BLOG_TO_USER', 'Ваш блог был добавлен в друзья', '\n#BLOG_ID# - ID блога \n#BLOG_NAME# - Название блога\n#BLOG_URL# - Название блога латиницей\n#BLOG_ADR# - Адрес блога\n#USER_ID# - ID пользователя\n#USER# - Пользователь\n#USER_URL# - Адрес пользователя\n#EMAIL_FROM# - Email отправителя письма\n#EMAIL_TO# - Email получателя письма\n', 150),
(21, 'ru', 'BLOG_YOU_TO_BLOG', 'Вы были добавлены в друзья блога', '\n#BLOG_ID# - ID блога \n#BLOG_NAME# - Название блога\n#BLOG_URL# - Название блога латиницей\n#BLOG_ADR# - Адрес блога\n#USER_ID# - ID пользователя\n#USER# - Пользователь\n#USER_URL# - Адрес пользователя\n#EMAIL_FROM# - Email отправителя письма\n#EMAIL_TO# - Email получателя письма\n', 150),
(22, 'ru', 'BLOG_BLOG_TO_YOU', 'К вам в друзья был добавлен блог', '\n#BLOG_ID# - ID блога \n#BLOG_NAME# - Название блога\n#BLOG_URL# - Название блога латиницей\n#BLOG_ADR# - Адрес блога\n#USER_ID# - ID пользователя\n#USER# - Пользователь\n#USER_URL# - Адрес пользователя\n#EMAIL_FROM# - Email отправителя письма\n#EMAIL_TO# - Email получателя письма\n', 150),
(23, 'ru', 'BLOG_USER_TO_YOUR_BLOG', 'В ваш блог был добавлен друг', '\n#BLOG_ID# - ID блога \n#BLOG_NAME# - Название блога\n#BLOG_URL# - Название блога латиницей\n#BLOG_ADR# - Адрес блога\n#USER_ID# - ID пользователя\n#USER# - Пользователь\n#USER_URL# - Адрес пользователя\n#EMAIL_FROM# - Email отправителя письма\n#EMAIL_TO# - Email получателя письма\n', 150),
(24, 'en', 'NEW_BLOG_MESSAGE', 'New blog message', '#BLOG_ID# - Blog ID\n#BLOG_NAME# - Blog title\n#BLOG_URL# - Blog url\n#MESSAGE_TITLE# - Message title\n#MESSAGE_TEXT# - Message text\n#MESSAGE_DATE# - Message date\n#MESSAGE_PATH# - URL to message\n#AUTHOR# - Message author\n#EMAIL_FROM# - Sender email\n#EMAIL_TO# - Recipient email', 150),
(25, 'en', 'NEW_BLOG_COMMENT', 'New comment in blog', '#BLOG_ID# - Blog ID\n#BLOG_NAME# - Blog title\n#BLOG_URL# - Blog url\n#MESSAGE_TITLE# - Message title\n#COMMENT_TITLE# - Comment title\n#COMMENT_TEXT# - Comment text\n#COMMENT_DATE# - Comment date\n#COMMENT_PATH# - Comment URL\n#AUTHOR# - Comment author\n#EMAIL_FROM# - Sender email\n#EMAIL_TO# - Recipient email', 150),
(26, 'en', 'NEW_BLOG_COMMENT2COMMENT', 'New comment for your in blog', '#BLOG_ID# - Blog ID\n#BLOG_NAME# - Blog title\n#BLOG_URL# - Blog url\n#MESSAGE_TITLE# - Message title\n#COMMENT_TITLE# - Comment title\n#COMMENT_TEXT# - Comment text\n#COMMENT_DATE# - Comment date\n#COMMENT_PATH# - Comment URL\n#AUTHOR# - Comment author\n#EMAIL_FROM# - Sender email\n#EMAIL_TO# - Recipient email', 150),
(27, 'en', 'NEW_BLOG_COMMENT_WITHOUT_TITLE', 'New comment in blog (without subject)', '#BLOG_ID# - Blog ID\n#BLOG_NAME# - Blog title\n#BLOG_URL# - Blog url\n#MESSAGE_TITLE# - Message title\n#COMMENT_TEXT# - Comment text\n#COMMENT_DATE# - Comment date\n#COMMENT_PATH# - Comment URL\n#AUTHOR# - Comment author\n#EMAIL_FROM# - Sender email\n#EMAIL_TO# - Recipient email', 150),
(28, 'en', 'NEW_BLOG_COMMENT2COMMENT_WITHOUT_TITLE', 'New comment for your in blog (without subject)', '#BLOG_ID# - Blog ID\n#BLOG_NAME# - Blog title\n#BLOG_URL# - Blog url\n#MESSAGE_TITLE# - Message title\n#COMMENT_TEXT# - Comment text\n#COMMENT_DATE# - Comment date\n#COMMENT_PATH# - Comment URL\n#AUTHOR# - Comment author\n#EMAIL_FROM# - Sender email\n#EMAIL_TO# - Recipient email', 150),
(29, 'en', 'BLOG_YOUR_BLOG_TO_USER', 'Your blog has been added to friends', '#BLOG_ID# - Blog ID\\r\\n#BLOG_NAME# - Blog name\\r\\n#BLOG_URL# - Blog name, Latin letters only\\r\\n#BLOG_ADR# - Blog address\\r\\n#USER_ID# - User ID\\r\\n#USER# - User\\r\\n#USER_URL# - User URL\\r\\n#EMAIL_FROM# - Sender E-mail\\r\\n#EMAIL_TO# - Recipient E-mail', 150),
(30, 'en', 'BLOG_YOU_TO_BLOG', 'You have been added to blog friends', '#BLOG_ID# - Blog ID\\r\\n#BLOG_NAME# - Blog name\\r\\n#BLOG_URL# - Blog name, Latin letters only\\r\\n#BLOG_ADR# - Blog address\\r\\n#USER_ID# - User ID\\r\\n#USER# - User\\r\\n#USER_URL# - User URL\\r\\n#EMAIL_FROM# - Sender E-mail\\r\\n#EMAIL_TO# - Recipient E-mail', 150),
(31, 'en', 'BLOG_BLOG_TO_YOU', 'A blog has been added to your friends', '#BLOG_ID# - Blog ID\\r\\n#BLOG_NAME# - Blog name\\r\\n#BLOG_URL# - Blog name, Latin letters only\\r\\n#BLOG_ADR# - Blog address\\r\\n#USER_ID# - User ID\\r\\n#USER# - User\\r\\n#USER_URL# - User URL\\r\\n#EMAIL_FROM# - Sender E-mail\\r\\n#EMAIL_TO# - Recipient E-mail', 150),
(32, 'en', 'BLOG_USER_TO_YOUR_BLOG', 'A friend has been added to your blog', '#BLOG_ID# - Blog ID\\r\\n#BLOG_NAME# - Blog name\\r\\n#BLOG_URL# - Blog name, Latin letters only\\r\\n#BLOG_ADR# - Blog address\\r\\n#USER_ID# - User ID\\r\\n#USER# - User\\r\\n#USER_URL# - User URL\\r\\n#EMAIL_FROM# - Sender E-mail\\r\\n#EMAIL_TO# - Recipient E-mail', 150),
(33, 'ru', 'NEW_FORUM_MESSAGE', 'Новое сообщение на форуме', '\n			#FORUM_ID# - ID форума\n			#FORUM_NAME# - Название форума\n			#TOPIC_ID# - ID темы\n			#MESSAGE_ID# - ID сообщения\n			#TOPIC_TITLE# - Тема сообщения\n			#MESSAGE_TEXT# - Текст сообщения\n			#MESSAGE_DATE# - Дата сообщения\n			#AUTHOR# - Автор сообщения\n			#RECIPIENT# - Получатель сообщения\n			#TAPPROVED# - Тема сообщения показывается\n			#MAPPROVED# - Тело сообщения показывается\n			#PATH2FORUM# - Адрес сообщения\n			#FROM_EMAIL# - E-Mail для поля From письма', 150),
(34, 'ru', 'NEW_FORUM_PRIV', 'Приватное письмо посетителю форума', '\n			#FROM_NAME# - Автор сообщения\n			#FROM_EMAIL# - E-Mail автора сообщения\n			#TO_NAME# - Имя получателя сообщения\n			#TO_EMAIL# - E-Mail получателя сообщения\n			#SUBJECT# - Тема сообщения\n			#MESSAGE# - Тело сообщения\n			#MESSAGE_DATE# - Дата сообщения', 150),
(35, 'ru', 'NEW_FORUM_PRIVATE_MESSAGE', 'Приватное сообщение', '\n			#FROM_NAME# - Имя автора сообщения\n			#FROM_USER_ID# - ID автора сообщения\n			#FROM_EMAIL# - E-Mail автора сообщения\n			#TO_NAME# - Имя получателя сообщения\n			#TO_USER_ID# - ID получателя сообщения\n			#TO_EMAIL# - E-Mail получателя сообщения\n			#SUBJECT# - Тема сообщения\n			#MESSAGE# - Текст сообщения\n			#MESSAGE_DATE# - Дата сообщения\n			#MESSAGE_LINK# - Ссылка на сообщение', 150),
(36, 'ru', 'EDIT_FORUM_MESSAGE', 'Изменение сообщения на форуме', '\n			#FORUM_ID# - ID форума\n			#FORUM_NAME# - Название форума\n			#TOPIC_ID# - ID темы\n			#MESSAGE_ID# - ID сообщения\n			#TOPIC_TITLE# - Тема сообщения\n			#MESSAGE_TEXT# - Текст сообщения\n			#MESSAGE_DATE# - Дата сообщения\n			#AUTHOR# - Автор сообщения\n			#RECIPIENT# - Получатель сообщения\n			#TAPPROVED# - Тема сообщения показывается\n			#MAPPROVED# - Тело сообщения показывается\n			#PATH2FORUM# - Адрес сообщения\n			#FROM_EMAIL# - E-Mail для поля From письма', 150),
(37, 'en', 'NEW_FORUM_MESSAGE', 'New forum message', '\n			#FORUM_ID# - Forum ID\n			#FORUM_NAME# - Forum name\n			#TOPIC_ID# - Topic ID\n			#MESSAGE_ID# - Message ID\n			#TOPIC_TITLE# - Topic title\n			#MESSAGE_TEXT# - Message text\n			#MESSAGE_DATE# - Message date\n			#AUTHOR# - Message author\n			#RECIPIENT# - E-Mail recipient\n			#TAPPROVED# - Message topic is approved\n			#MAPPROVED# - Message is approved\n			#PATH2FORUM# - Message Url\n			#FROM_EMAIL# - E-Mail for From field of the EMail', 150),
(38, 'en', 'NEW_FORUM_PRIV', 'Private message for forum user', '\n			#FROM_NAME# - Name of the sender\n			#FROM_EMAIL# - E-Mail of the sender\n			#TO_NAME# - Name of recipient\n			#TO_EMAIL# - E-Mail of recipient\n			#SUBJECT# - Topic\n			#MESSAGE# - Message\n			#MESSAGE_DATE# - Date', 150),
(39, 'en', 'NEW_FORUM_PRIVATE_MESSAGE', 'Private message for forum user', '\n			#FROM_NAME# - Name of the sender\n			#FROM_USER_ID# - ID of the sender\n			#FROM_EMAIL# - E-Mail of the sender\n			#TO_NAME# - Name of recipient\n			#TO_USER_ID# - ID of recipient\n			#TO_EMAIL# - E-Mail of recipient\n			#SUBJECT# - Topic\n			#MESSAGE# - Message\n			#MESSAGE_DATE# - Date\n			#MESSAGE_LINK# - Link to message', 150),
(40, 'en', 'EDIT_FORUM_MESSAGE', 'Changing forum message', '\n			#FORUM_ID# - Forum ID\n			#FORUM_NAME# - Forum name\n			#TOPIC_ID# - Topic ID\n			#MESSAGE_ID# - Message ID\n			#TOPIC_TITLE# - Topic title\n			#MESSAGE_TEXT# - Message text\n			#MESSAGE_DATE# - Message date\n			#AUTHOR# - Message author\n			#RECIPIENT# - E-Mail recipient\n			#TAPPROVED# - Message topic is approved\n			#MAPPROVED# - Message is approved\n			#PATH2FORUM# - Message Url\n			#FROM_EMAIL# - E-Mail for From field of the EMail', 150),
(41, 'ru', 'FORUM_NEW_MESSAGE_MAIL', 'Новое сообщение на форуме в режиме общения по E-Mail', '#FORUM_NAME# - Название форума\n#AUTHOR# - Автор сообщения\n#FROM_EMAIL# - E-Mail для поля From письма\n#RECIPIENT# - Получатель сообщения\n#TOPIC_TITLE# - Тема сообщения\n#MESSAGE_TEXT# - Текст сообщения\n#PATH2FORUM# - Адрес сообщения\n#MESSAGE_DATE# - Дата сообщения\n#FORUM_EMAIL# - Е-Mail адрес для добавления сообщений на форум\n#FORUM_ID# - ID форума\n#TOPIC_ID# - ID темы \n#MESSAGE_ID# - ID сообщения\n#TAPPROVED# - Тема опубликована\n#MAPPROVED# - Сообщение опубликовано\n', 150),
(42, 'en', 'FORUM_NEW_MESSAGE_MAIL', 'New message at the forum (e-mail messaging mode)', '#FORUM_NAME# - Forum name\n#AUTHOR# - Message author\n#FROM_EMAIL# - E-Mail in the &amp;From&amp; field\n#RECIPIENT# - Message recipient\n#TOPIC_TITLE# - Message subject\n#MESSAGE_TEXT# - Message text\n#PATH2FORUM# - Message URL\n#MESSAGE_DATE# - Message date\n#FORUM_EMAIL# - E-Mail to add messages to the forum \n#FORUM_ID# - Forum ID\n#TOPIC_ID# - Topic ID \n#MESSAGE_ID# - Message ID\n#TAPPROVED# - Topic approved and published\n#MAPPROVED# - Message approved and published\n', 150),
(43, 'ru', 'SALE_NEW_ORDER', 'Новый заказ', '#ORDER_ID# - код заказа\n#ORDER_DATE# - дата заказа\n#ORDER_USER# - заказчик\n#PRICE# - сумма заказа\n#EMAIL# - E-Mail заказчика\n#BCC# - E-Mail скрытой копии\n#ORDER_LIST# - состав заказа\n#SALE_EMAIL# - E-Mail отдела продаж', 150),
(44, 'ru', 'SALE_NEW_ORDER_RECURRING', 'Новый заказ на продление подписки', '#ORDER_ID# - код заказа\n#ORDER_DATE# - дата заказа\n#ORDER_USER# - заказчик\n#PRICE# - сумма заказа\n#EMAIL# - E-Mail заказчика\n#BCC# - E-Mail скрытой копии\n#ORDER_LIST# - состав заказа\n#SALE_EMAIL# - E-Mail отдела продаж', 150),
(45, 'ru', 'SALE_ORDER_REMIND_PAYMENT', 'Напоминание об оплате заказа', '#ORDER_ID# - код заказа\n#ORDER_DATE# - дата заказа\n#ORDER_USER# - заказчик\n#PRICE# - сумма заказа\n#EMAIL# - E-Mail заказчика\n#BCC# - E-Mail скрытой копии\n#ORDER_LIST# - состав заказа\n#SALE_EMAIL# - E-Mail отдела продаж', 150),
(46, 'ru', 'SALE_ORDER_CANCEL', 'Отмена заказа', '#ORDER_ID# - код заказа\n#ORDER_DATE# - дата заказа\n#EMAIL# - E-Mail пользователя\n#ORDER_CANCEL_DESCRIPTION# - причина отмены\n#SALE_EMAIL# - E-Mail отдела продаж', 150),
(47, 'ru', 'SALE_ORDER_PAID', 'Заказ оплачен', '#ORDER_ID# - код заказа\n#ORDER_DATE# - дата заказа\n#EMAIL# - E-Mail пользователя\n#SALE_EMAIL# - E-Mail отдела продаж', 150),
(48, 'ru', 'SALE_ORDER_DELIVERY', 'Доставка заказа разрешена', '#ORDER_ID# - код заказа\n#ORDER_DATE# - дата заказа\n#EMAIL# - E-Mail пользователя\n#SALE_EMAIL# - E-Mail отдела продаж', 150),
(49, 'ru', 'SALE_RECURRING_CANCEL', 'Подписка отменена', '#ORDER_ID# - код заказа\n#ORDER_DATE# - дата заказа\n#EMAIL# - E-Mail пользователя\n#CANCELED_REASON# - причина отмены\n#SALE_EMAIL# - E-Mail отдела продаж', 150),
(50, 'ru', 'SALE_SUBSCRIBE_PRODUCT', 'Уведомление о поступлении товара', '#USER_NAME# - имя пользователя\n#EMAIL# - email пользователя\n#NAME# - название товара\n#PAGE_URL# - детальная страница товара', 150),
(51, 'ru', 'SALE_ORDER_TRACKING_NUMBER', 'Уведомление об изменении идентификатора почтового отправления', '#ORDER_ID# - код заказа\n#ORDER_DATE# - дата заказа\n#ORDER_USER# - заказчик\n#ORDER_TRACKING_NUMBER# - идентификатор почтового отправления\n#EMAIL# - E-Mail заказчика\n#BCC# - E-Mail скрытой копии\n#SALE_EMAIL# - E-Mail отдела продаж', 150),
(52, 'ru', 'SALE_STATUS_CHANGED_F', 'Изменение статуса заказа на  "Выполнен"', '#ORDER_ID# - код заказа\n#ORDER_DATE# - дата заказа\n#ORDER_STATUS# - статус заказа\n#EMAIL# - E-Mail пользователя\n#ORDER_DESCRIPTION# - описание статуса заказа\n#TEXT# - текст\n#SALE_EMAIL# - E-Mail отдела продаж\n', 150),
(53, 'ru', 'SALE_STATUS_CHANGED_N', 'Изменение статуса заказа на  "Принят"', '#ORDER_ID# - код заказа\n#ORDER_DATE# - дата заказа\n#ORDER_STATUS# - статус заказа\n#EMAIL# - E-Mail пользователя\n#ORDER_DESCRIPTION# - описание статуса заказа\n#TEXT# - текст\n#SALE_EMAIL# - E-Mail отдела продаж\n', 150),
(54, 'en', 'SALE_NEW_ORDER', 'New order', '#ORDER_ID# - Order ID\n#ORDER_DATE# - Order date\n#ORDER_USER# - User\n#EMAIL# - User E-Mail\n#BCC# - BCC E-Mail\n#ORDER_LIST# - Order list\n#SALE_EMAIL# - Sales department e-mail', 150),
(55, 'en', 'SALE_NEW_ORDER_RECURRING', 'New Order for Subscription Renewal', '#ORDER_ID# - order ID\\r\\n#ORDER_DATE# - order date\\r\\n#ORDER_USER# - customer\\r\\n#PRICE# - order amount\\r\\n#EMAIL# - customer''s e-mail address\\r\\n#BCC# - blind copy e-mail address\\r\\n#ORDER_LIST# - order items\\r\\n#SALE_EMAIL# - sales dept. e-mail address', 150),
(56, 'en', 'SALE_ORDER_REMIND_PAYMENT', 'Order Payment Reminder', '#ORDER_ID# - order ID\n#ORDER_DATE# - order date\n#ORDER_USER# - customer\n#PRICE# - order amount\n#EMAIL# - customer''s e-mail address\n#BCC# - blind copy e-mail address\n#ORDER_LIST# - order items\n#SALE_EMAIL# - sales dept. e-mail address', 150),
(57, 'en', 'SALE_ORDER_CANCEL', 'Cancel order', '#ORDER_ID# - Order ID\n#ORDER_DATE# - Order date\n#EMAIL# - User E-Mail\n#ORDER_CANCEL_DESCRIPTION# - Order cancel description\n#SALE_EMAIL# - Sales department e-mail', 150),
(58, 'en', 'SALE_ORDER_PAID', 'Paid order', '#ORDER_ID# - Order ID\n#ORDER_DATE# - Order date\n#EMAIL# - User E-Mail\n#SALE_EMAIL# - Sales department e-mail', 150),
(59, 'en', 'SALE_ORDER_DELIVERY', 'Order delivery allowed', '#ORDER_ID# - Order ID\n#ORDER_DATE# - Order date\n#EMAIL# - User E-Mail', 150),
(60, 'en', 'SALE_RECURRING_CANCEL', 'Recurring payment canceled', '#ORDER_ID# - Order ID\n#ORDER_DATE# - Order date\n#EMAIL# - User E-Mail\n#CANCELED_REASON# - Reason\n#SALE_EMAIL# - Sales department e-mail', 150),
(61, 'en', 'SALE_SUBSCRIBE_PRODUCT', 'Back in stock notification', '#USER_NAME# - user name\n#EMAIL# - user e-mail \n#NAME# - product name\n#PAGE_URL# - product details page', 150),
(62, 'en', 'SALE_ORDER_TRACKING_NUMBER', 'Notification of change in tracking number ', '#ORDER_ID# - order ID number\n#ORDER_DATE# - order date\n#ORDER_USER# - customer\n#ORDER_TRACKING_NUMBER# - tracking number for order\n#EMAIL# - E-Mail of customer\n#BCC# - E-Mail for blind copy\n#SALE_EMAIL# - E-Mail of sales department or associate', 150),
(63, 'en', 'SALE_STATUS_CHANGED_F', 'Changing order status to "Completed"', '#ORDER_ID# - order ID\n#ORDER_DATE# - order date\n#ORDER_STATUS# - order status\n#EMAIL# - customer e-mail\n#ORDER_DESCRIPTION# - order status description\n#TEXT# - text\n#SALE_EMAIL# - Sales department e-mail\n', 150),
(64, 'en', 'SALE_STATUS_CHANGED_N', 'Changing order status to "Accepted"', '#ORDER_ID# - order ID\n#ORDER_DATE# - order date\n#ORDER_STATUS# - order status\n#EMAIL# - customer e-mail\n#ORDER_DESCRIPTION# - order status description\n#TEXT# - text\n#SALE_EMAIL# - Sales department e-mail\n', 150),
(65, 'ru', 'VIRUS_DETECTED', 'Обнаружен вирус', '#EMAIL# - E-Mail администратора сайта (из настроек главного модуля)', 150),
(66, 'en', 'VIRUS_DETECTED', 'Virus detected', '#EMAIL# - Site administrator''s e-mail address (from the Kernel module settings)', 150),
(67, 'ru', 'SUBSCRIBE_CONFIRM', 'Подтверждение подписки', '#ID# - идентификатор подписки\n#EMAIL# - адрес подписки\n#CONFIRM_CODE# - код подтверждения\n#SUBSCR_SECTION# - раздел, где находится страница редактирования подписки (задается в настройках)\n#USER_NAME# - имя подписчика (может отсутствовать)\n#DATE_SUBSCR# - дата добавления/изменения адреса\n', 150),
(68, 'en', 'SUBSCRIBE_CONFIRM', 'Confirmation of subscription', '#ID# - subscription ID\n#EMAIL# - subscription email\n#CONFIRM_CODE# - confirmation code\n#SUBSCR_SECTION# - section with subscription edit page (specifies in the settings)\n#USER_NAME# - subscriber''s name (optional)\n#DATE_SUBSCR# - date of adding/change of address\n', 150),
(69, 'ru', 'VOTE_FOR', 'Новый голос', '#ID# - ID результата голосования\n#TIME# - время голосования\n#VOTE_TITLE# - наименование опроса\n#VOTE_DESCRIPTION# - описание опроса\n#VOTE_ID# - ID опроса\n#CHANNEL# - наименование группы опроса\n#CHANNEL_ID# - ID группы опроса\n#VOTER_ID# - ID проголосовавшего посетителя\n#USER_NAME# - ФИО пользователя\n#LOGIN# - логин\n#USER_ID# - ID пользователя\n#STAT_GUEST_ID# - ID посетителя модуля статистики\n#SESSION_ID# - ID сессии модуля статистики\n#IP# - IP адрес\n#VOTE_STATISTIC# - Сводная статистика опроса типа ( - Вопрос - Ответ )\n#URL# - Путь к опросу\n', 150),
(70, 'en', 'VOTE_FOR', 'New vote', '#ID# - Vote result ID\n#TIME# - Time of vote\n#VOTE_TITLE# - Poll name\n#VOTE_DESCRIPTION# - Poll description\n#VOTE_ID# - Poll ID\n#CHANNEL# - Poll group name\n#CHANNEL_ID# - Poll group ID\n#VOTER_ID# - Voter''s user ID\n#USER_NAME# - User full name\n#LOGIN# - login\n#USER_ID# - User ID\n#STAT_GUEST_ID# - Visitor ID in web analytics module\n#SESSION_ID# - Session ID in web analytics module\n#IP# - IP address\n#VOTE_STATISTIC# - Summary statistics of this poll type ( - Question - Answer)\n#URL# - Poll URL', 150),
(71, 'ru', 'SALE_STATUS_CHANGED_P', 'Изменение статуса заказа на  "Оплачен, формируется к отправке"', '#ORDER_ID# - код заказа\n#ORDER_DATE# - дата заказа\n#ORDER_STATUS# - статус заказа\n#EMAIL# - E-Mail пользователя\n#ORDER_DESCRIPTION# - описание статуса заказа\n#TEXT# - текст\n#SALE_EMAIL# - E-Mail отдела продаж\n', 150);

-- --------------------------------------------------------

--
-- Структура таблицы `b_favorite`
--

CREATE TABLE IF NOT EXISTS `b_favorite` (
  `ID` int(18) NOT NULL AUTO_INCREMENT,
  `TIMESTAMP_X` datetime DEFAULT NULL,
  `DATE_CREATE` datetime DEFAULT NULL,
  `C_SORT` int(18) NOT NULL DEFAULT '100',
  `MODIFIED_BY` int(18) DEFAULT NULL,
  `CREATED_BY` int(18) DEFAULT NULL,
  `MODULE_ID` varchar(50) DEFAULT NULL,
  `NAME` varchar(255) DEFAULT NULL,
  `URL` text,
  `COMMENTS` text,
  `LANGUAGE_ID` char(2) DEFAULT NULL,
  `USER_ID` int(11) DEFAULT NULL,
  `CODE_ID` int(18) DEFAULT NULL,
  `COMMON` char(1) NOT NULL DEFAULT 'Y',
  `MENU_ID` varchar(255) DEFAULT NULL,
  PRIMARY KEY (`ID`)
) ENGINE=MyISAM DEFAULT CHARSET=cp1251 AUTO_INCREMENT=1 ;

-- --------------------------------------------------------

--
-- Структура таблицы `b_file`
--

CREATE TABLE IF NOT EXISTS `b_file` (
  `ID` int(18) NOT NULL AUTO_INCREMENT,
  `TIMESTAMP_X` timestamp NOT NULL DEFAULT CURRENT_TIMESTAMP ON UPDATE CURRENT_TIMESTAMP,
  `MODULE_ID` varchar(50) DEFAULT NULL,
  `HEIGHT` int(18) DEFAULT NULL,
  `WIDTH` int(18) DEFAULT NULL,
  `FILE_SIZE` int(18) NOT NULL,
  `CONTENT_TYPE` varchar(255) DEFAULT 'IMAGE',
  `SUBDIR` varchar(255) DEFAULT NULL,
  `FILE_NAME` varchar(255) NOT NULL,
  `ORIGINAL_NAME` varchar(255) DEFAULT NULL,
  `DESCRIPTION` varchar(255) DEFAULT NULL,
  `HANDLER_ID` varchar(50) DEFAULT NULL,
  PRIMARY KEY (`ID`)
) ENGINE=MyISAM  DEFAULT CHARSET=cp1251 AUTO_INCREMENT=944 ;

--
-- Дамп данных таблицы `b_file`
--

INSERT INTO `b_file` (`ID`, `TIMESTAMP_X`, `MODULE_ID`, `HEIGHT`, `WIDTH`, `FILE_SIZE`, `CONTENT_TYPE`, `SUBDIR`, `FILE_NAME`, `ORIGINAL_NAME`, `DESCRIPTION`, `HANDLER_ID`) VALUES
(1, '2014-08-07 02:47:09', 'main', 70, 70, 1190, 'image/jpeg', 'uf/9e8', '9e8e46a60e220a038ae80be64947d092.jpg', 'purple.jpg', '', NULL),
(2, '2014-08-07 02:47:09', 'main', 70, 70, 1190, 'image/jpeg', 'uf/13c', '13c8eefd04490d2f750d12d799991c3d.jpg', 'brown.jpg', '', NULL),
(3, '2014-08-07 02:47:09', 'main', 70, 70, 1190, 'image/jpeg', 'uf/844', '84478c794f9c512dc7db6c257faa65e3.jpg', 'see.jpg', '', NULL),
(4, '2014-08-07 02:47:09', 'main', 70, 70, 1190, 'image/jpeg', 'uf/10b', '10be959e2e115ece7ef470d471eed13a.jpg', 'blue.jpg', '', NULL),
(5, '2014-08-07 02:47:09', 'main', 70, 70, 3195, 'image/jpeg', 'uf/64b', '64b495c79e0de3171b2378a965d08671.jpg', 'orangered.jpg', '', NULL),
(6, '2014-08-07 02:47:09', 'main', 70, 70, 3398, 'image/jpeg', 'uf/3e9', '3e9685d80dc9569be9a585acf86cbf3b.jpg', 'redblue.jpg', '', NULL),
(7, '2014-08-07 02:47:09', 'main', 70, 70, 1190, 'image/jpeg', 'uf/54f', '54fb6abed7f237775f6ff856a3c16200.jpg', 'red.jpg', '', NULL),
(8, '2014-08-07 02:47:09', 'main', 70, 70, 1190, 'image/jpeg', 'uf/e2c', 'e2c8c5821c281a338f972d31b03300bc.jpg', 'green.jpg', '', NULL),
(9, '2014-08-07 02:47:09', 'main', 70, 70, 1186, 'image/jpeg', 'uf/9ff', '9ffa037418cab25305210601ed38cb86.jpg', 'white.jpg', '', NULL),
(10, '2014-08-07 02:47:09', 'main', 70, 70, 1186, 'image/jpeg', 'uf/22d', '22d610f32ad63b4296b10a4fe1e6ada6.jpg', 'black.jpg', '', NULL),
(11, '2014-08-07 02:47:09', 'main', 70, 70, 1190, 'image/jpeg', 'uf/203', '203dd315da4e8c0a28ad83cd5f3f6ae4.jpg', 'pink.jpg', '', NULL),
(12, '2014-08-07 02:47:09', 'main', 70, 70, 1189, 'image/jpeg', 'uf/fa5', 'fa51a564de3a39bfcb5bb9b42871b10f.jpg', 'azure.jpg', '', NULL),
(13, '2014-08-07 02:47:09', 'main', 70, 70, 3784, 'image/jpeg', 'uf/626', '626d074b7ce9a23b8f278ea9a8c42ecc.jpg', 'jeans.jpg', '', NULL),
(14, '2014-08-07 02:47:09', 'main', 70, 70, 3113, 'image/jpeg', 'uf/e72', 'e720f7d0e0a389556a4b1590974922db.jpg', 'flowers.jpg', '', NULL),
(15, '2014-08-07 02:47:09', 'main', 50, 120, 2983, 'image/png', 'uf/1a0', '1a0cd36dfe029d4d83a0be8c839c7d70.png', 'company1.png', '', NULL),
(16, '2014-08-07 02:47:09', 'main', 50, 120, 3126, 'image/png', 'uf/b9f', 'b9f8c445f69fd5ee0e3118eed2274431.png', 'company2.png', '', NULL),
(17, '2014-08-07 02:47:09', 'main', 50, 120, 2280, 'image/png', 'uf/5c3', '5c3af98b1f1b3e21d7e9eecacdd0dead.png', 'company3.png', '', NULL),
(18, '2014-08-07 02:47:09', 'main', 50, 120, 2718, 'image/png', 'uf/6a4', '6a4d63185aade681144f3d02e0daac70.png', 'company4.png', '', NULL),
(19, '2014-08-07 02:47:09', 'main', 23, 23, 1238, 'image/png', 'uf/dd7', 'dd72443caa5077b1eacae0c7ef365059.png', 'brand1.png', '', NULL),
(20, '2014-08-07 02:47:09', 'main', 23, 23, 1302, 'image/png', 'uf/c58', 'c58cb6132008bc3ea1fc515be0e742be.png', 'brand2.png', '', NULL),
(21, '2014-08-07 02:47:09', 'main', 23, 23, 1254, 'image/png', 'uf/e25', 'e255c129c4e14d2cf3732e6dd3b832f5.png', 'brand3.png', '', NULL),
(932, '2014-08-13 03:30:09', 'iblock', 249, 202, 10070, 'image/jpeg', 'iblock/237', '237d1855691d538d22dae6edcd34434e.jpg', 'slon-obyknovennyy.jpg', '', NULL),
(933, '2014-08-13 03:30:25', 'iblock', 249, 202, 10070, 'image/jpeg', 'iblock/47f', '47f0732468cafc25a60d58abe736d207.jpg', 'slon-obyknovennyy.jpg', '', NULL),
(934, '2014-08-13 03:32:18', 'iblock', 768, 1024, 240155, 'image/jpeg', 'iblock/f91', 'f91868130d92df7dbbcf6b876693c014.jpg', 'слон 1.jpg', '', NULL),
(935, '2014-08-13 03:32:18', 'iblock', 450, 600, 52288, 'image/jpeg', 'iblock/20b', '20b84ed88d8e6c51b7c883249a65f1a0.jpg', 'слон 2.jpg', '', NULL),
(936, '2014-08-13 03:32:18', 'iblock', 525, 850, 120821, 'image/jpeg', 'iblock/364', '3647975fe8c883a009b1f22a4174b95b.jpg', 'слон 3.jpg', '', NULL),
(937, '2014-08-14 04:50:27', 'iblock', 556, 599, 60161, 'image/jpeg', 'iblock/d85', 'd850d88e2136827fea8418d50ed94762.jpg', 'sbVsTGer0W4.jpg', '', NULL),
(938, '2014-08-18 01:57:52', 'iblock', 533, 800, 61368, 'image/jpeg', 'iblock/ac3', 'ac3dfcea331f19a1de18a0b80323e839.jpg', '115181_or.jpg', '', NULL),
(939, '2014-08-18 01:57:52', 'iblock', 533, 800, 61368, 'image/jpeg', 'iblock/616', '616032e962d213818c232cf81aab2cd8.jpg', '115181_or.jpg', '', NULL),
(940, '2014-08-18 08:18:24', 'iblock', 496, 600, 63543, 'image/jpeg', 'iblock/1e7', '1e7812ae5a1447239aec7980a5c9ce01.jpg', 'drmAitpzii4.jpg', '', NULL),
(942, '2014-08-18 08:20:56', 'iblock', 1200, 1600, 173439, 'image/jpeg', 'iblock/181', '18150cdee894a1c332bc993574b1d2e5.jpg', 'shapka-norkovaya.jpg', '', NULL),
(943, '2014-08-18 08:20:56', 'iblock', 1200, 1600, 173439, 'image/jpeg', 'iblock/cf6', 'cf6de92bec3697df91bb294ee241ef17.jpg', 'shapka-norkovaya.jpg', '', NULL),
(915, '2014-08-07 02:48:02', 'sale', 55, 95, 2798, 'image/gif', 'sale/paysystem/logotip/328', '328a3fa13917fbb153479a6144de65ea.gif', 'logo.gif', '', NULL),
(916, '2014-08-07 02:48:02', 'sale', 55, 95, 3927, 'image/gif', 'sale/paysystem/logotip/e23', 'e23c84948a02e56556714703bf4da0b1.gif', 'logo.gif', '', NULL),
(917, '2014-08-07 02:48:02', 'sale', 55, 95, 3425, 'image/gif', 'sale/paysystem/logotip/cdd', 'cdda7df8000e30084c045676ef72f954.gif', 'yandex_cards.gif', '', NULL),
(918, '2014-08-07 02:48:02', 'sale', 55, 95, 4190, 'image/png', 'sale/paysystem/logotip/f08', 'f08a4c4e1e243e32d9946b47d8dce3ed.gif', 'yandex_terminals.gif', '', NULL),
(919, '2014-08-07 02:48:02', 'sale', 55, 95, 3616, 'image/gif', 'sale/paysystem/logotip/5a0', '5a0cc127f608a70c5181c4df21d2b1f4.gif', 'logo.gif', '', NULL),
(920, '2014-08-07 02:48:05', '', 55, 95, 3643, 'image/gif', 'sale/delivery/logotip/a8a', 'a8a1995ee43b5c30296af8f084b0d38d.gif', 'cpcr_logo.gif', '', NULL),
(921, '2014-08-07 02:48:05', '', 55, 95, 3435, 'image/gif', 'sale/delivery/logotip/a5d', 'a5d8fd76c9d9b3b854a1c7a66e091684.gif', 'russianpost_logo.gif', '', NULL),
(922, '2014-08-07 02:48:05', '', 88, 182, 3511, 'image/gif', 'sale/delivery/logotip/9d3', '9d309f90ae86a1297134df0851cc0b42.gif', 'rus_post_logo.gif', '', NULL),
(923, '2014-08-07 02:48:05', 'sale', 55, 95, 8158, 'image/png', 'sale/delivery/logotip/4f1', '4f1254e7e64c00049f07389f38cf82e2.png', 'rus_post_first_logo.png', '', NULL),
(924, '2014-08-07 02:48:05', '', 55, 95, 3447, 'image/gif', 'sale/delivery/logotip/d5d', 'd5d66f3a1114f20208cfda25a5b33f5b.gif', 'ups_logo.gif', '', NULL),
(925, '2014-08-07 02:48:05', '', 55, 95, 2903, 'image/gif', 'sale/delivery/logotip/47f', '47fd94dd211b1814d49c8e56e6b5ea85.gif', 'dhlusa_logo.gif', '', NULL),
(928, '2014-08-07 03:58:45', 'iblock', 300, 257, 23724, 'image/jpeg', 'iblock/e91', 'e918b903e9237b36699acaf283cb4152.jpg', 'super-shuba.jpg', '', NULL),
(929, '2014-08-07 03:58:45', 'iblock', 300, 257, 23724, 'image/jpeg', 'iblock/7aa', '7aa2d14b9df1c2a4a0eb103fd6ef1da9.jpg', 'super-shuba.jpg', '', NULL);

-- --------------------------------------------------------

--
-- Структура таблицы `b_file_search`
--

CREATE TABLE IF NOT EXISTS `b_file_search` (
  `ID` int(11) NOT NULL AUTO_INCREMENT,
  `SESS_ID` varchar(255) NOT NULL,
  `TIMESTAMP_X` timestamp NOT NULL DEFAULT CURRENT_TIMESTAMP ON UPDATE CURRENT_TIMESTAMP,
  `F_PATH` varchar(255) DEFAULT NULL,
  `B_DIR` int(11) NOT NULL DEFAULT '0',
  `F_SIZE` int(11) NOT NULL DEFAULT '0',
  `F_TIME` int(11) NOT NULL DEFAULT '0',
  PRIMARY KEY (`ID`)
) ENGINE=MyISAM DEFAULT CHARSET=cp1251 AUTO_INCREMENT=1 ;

-- --------------------------------------------------------

--
-- Структура таблицы `b_filters`
--

CREATE TABLE IF NOT EXISTS `b_filters` (
  `ID` int(18) NOT NULL AUTO_INCREMENT,
  `USER_ID` int(18) DEFAULT NULL,
  `FILTER_ID` varchar(255) NOT NULL,
  `NAME` varchar(255) NOT NULL,
  `FIELDS` text NOT NULL,
  `COMMON` char(1) DEFAULT NULL,
  `PRESET` char(1) DEFAULT NULL,
  `LANGUAGE_ID` char(2) DEFAULT NULL,
  `PRESET_ID` varchar(255) DEFAULT NULL,
  `SORT` int(18) DEFAULT NULL,
  `SORT_FIELD` varchar(255) DEFAULT NULL,
  PRIMARY KEY (`ID`)
) ENGINE=MyISAM  DEFAULT CHARSET=cp1251 AUTO_INCREMENT=2 ;

--
-- Дамп данных таблицы `b_filters`
--

INSERT INTO `b_filters` (`ID`, `USER_ID`, `FILTER_ID`, `NAME`, `FIELDS`, `COMMON`, `PRESET`, `LANGUAGE_ID`, `PRESET_ID`, `SORT`, `SORT_FIELD`) VALUES
(1, NULL, 'tbl_product_admin_51650330e96c767cf675e245aee13389_filter', 'Специальные товары', 'a:3:{s:18:"find_el_property_5";a:2:{s:5:"value";s:0:"";s:6:"hidden";s:5:"false";}s:18:"find_el_property_4";a:2:{s:5:"value";s:0:"";s:6:"hidden";s:5:"false";}s:18:"find_el_property_6";a:2:{s:5:"value";s:0:"";s:6:"hidden";s:5:"false";}}', 'Y', 'Y', 'ru', NULL, 50, NULL);

-- --------------------------------------------------------

--
-- Структура таблицы `b_form`
--

CREATE TABLE IF NOT EXISTS `b_form` (
  `ID` int(18) NOT NULL AUTO_INCREMENT,
  `TIMESTAMP_X` datetime DEFAULT NULL,
  `NAME` varchar(255) NOT NULL,
  `SID` varchar(50) NOT NULL,
  `BUTTON` varchar(255) DEFAULT NULL,
  `C_SORT` int(18) DEFAULT '100',
  `FIRST_SITE_ID` char(2) DEFAULT NULL,
  `IMAGE_ID` int(18) DEFAULT NULL,
  `USE_CAPTCHA` char(1) DEFAULT 'N',
  `DESCRIPTION` text,
  `DESCRIPTION_TYPE` varchar(4) NOT NULL DEFAULT 'html',
  `FORM_TEMPLATE` text,
  `USE_DEFAULT_TEMPLATE` char(1) DEFAULT 'Y',
  `SHOW_TEMPLATE` varchar(255) DEFAULT NULL,
  `MAIL_EVENT_TYPE` varchar(50) DEFAULT NULL,
  `SHOW_RESULT_TEMPLATE` varchar(255) DEFAULT NULL,
  `PRINT_RESULT_TEMPLATE` varchar(255) DEFAULT NULL,
  `EDIT_RESULT_TEMPLATE` varchar(255) DEFAULT NULL,
  `FILTER_RESULT_TEMPLATE` text,
  `TABLE_RESULT_TEMPLATE` text,
  `USE_RESTRICTIONS` char(1) DEFAULT 'N',
  `RESTRICT_USER` int(5) DEFAULT '0',
  `RESTRICT_TIME` int(10) DEFAULT '0',
  `RESTRICT_STATUS` varchar(255) DEFAULT NULL,
  `STAT_EVENT1` varchar(255) DEFAULT NULL,
  `STAT_EVENT2` varchar(255) DEFAULT NULL,
  `STAT_EVENT3` varchar(255) DEFAULT NULL,
  PRIMARY KEY (`ID`),
  KEY `IX_SID` (`SID`)
) ENGINE=MyISAM DEFAULT CHARSET=cp1251 AUTO_INCREMENT=1 ;

-- --------------------------------------------------------

--
-- Структура таблицы `b_form_2_group`
--

CREATE TABLE IF NOT EXISTS `b_form_2_group` (
  `ID` int(18) NOT NULL AUTO_INCREMENT,
  `FORM_ID` int(18) NOT NULL DEFAULT '0',
  `GROUP_ID` int(18) NOT NULL DEFAULT '0',
  `PERMISSION` int(5) NOT NULL DEFAULT '1',
  PRIMARY KEY (`ID`),
  KEY `IX_FORM_ID` (`FORM_ID`)
) ENGINE=MyISAM DEFAULT CHARSET=cp1251 AUTO_INCREMENT=1 ;

-- --------------------------------------------------------

--
-- Структура таблицы `b_form_2_mail_template`
--

CREATE TABLE IF NOT EXISTS `b_form_2_mail_template` (
  `FORM_ID` int(18) NOT NULL DEFAULT '0',
  `MAIL_TEMPLATE_ID` int(18) NOT NULL DEFAULT '0',
  PRIMARY KEY (`FORM_ID`,`MAIL_TEMPLATE_ID`)
) ENGINE=MyISAM DEFAULT CHARSET=cp1251;

-- --------------------------------------------------------

--
-- Структура таблицы `b_form_2_site`
--

CREATE TABLE IF NOT EXISTS `b_form_2_site` (
  `FORM_ID` int(18) NOT NULL DEFAULT '0',
  `SITE_ID` char(2) NOT NULL,
  PRIMARY KEY (`FORM_ID`,`SITE_ID`)
) ENGINE=MyISAM DEFAULT CHARSET=cp1251;

-- --------------------------------------------------------

--
-- Структура таблицы `b_form_answer`
--

CREATE TABLE IF NOT EXISTS `b_form_answer` (
  `ID` int(18) NOT NULL AUTO_INCREMENT,
  `FIELD_ID` int(18) NOT NULL DEFAULT '0',
  `TIMESTAMP_X` datetime DEFAULT NULL,
  `MESSAGE` text,
  `C_SORT` int(18) NOT NULL DEFAULT '100',
  `ACTIVE` char(1) NOT NULL DEFAULT 'Y',
  `VALUE` varchar(255) DEFAULT NULL,
  `FIELD_TYPE` varchar(255) NOT NULL DEFAULT 'text',
  `FIELD_WIDTH` int(18) DEFAULT NULL,
  `FIELD_HEIGHT` int(18) DEFAULT NULL,
  `FIELD_PARAM` text,
  PRIMARY KEY (`ID`),
  KEY `IX_FIELD_ID` (`FIELD_ID`)
) ENGINE=MyISAM DEFAULT CHARSET=cp1251 AUTO_INCREMENT=1 ;

-- --------------------------------------------------------

--
-- Структура таблицы `b_form_crm`
--

CREATE TABLE IF NOT EXISTS `b_form_crm` (
  `ID` int(18) NOT NULL AUTO_INCREMENT,
  `NAME` varchar(255) NOT NULL DEFAULT '',
  `ACTIVE` char(1) DEFAULT 'Y',
  `URL` varchar(255) NOT NULL DEFAULT '',
  `AUTH_HASH` varchar(32) DEFAULT '',
  PRIMARY KEY (`ID`)
) ENGINE=MyISAM DEFAULT CHARSET=cp1251 AUTO_INCREMENT=1 ;

-- --------------------------------------------------------

--
-- Структура таблицы `b_form_crm_field`
--

CREATE TABLE IF NOT EXISTS `b_form_crm_field` (
  `ID` int(18) NOT NULL AUTO_INCREMENT,
  `LINK_ID` int(18) NOT NULL DEFAULT '0',
  `FIELD_ID` int(18) DEFAULT '0',
  `FIELD_ALT` varchar(100) DEFAULT '',
  `CRM_FIELD` varchar(255) NOT NULL DEFAULT '',
  PRIMARY KEY (`ID`),
  KEY `ix_b_form_crm_field_1` (`LINK_ID`)
) ENGINE=MyISAM DEFAULT CHARSET=cp1251 AUTO_INCREMENT=1 ;

-- --------------------------------------------------------

--
-- Структура таблицы `b_form_crm_link`
--

CREATE TABLE IF NOT EXISTS `b_form_crm_link` (
  `ID` int(18) NOT NULL AUTO_INCREMENT,
  `FORM_ID` int(18) NOT NULL DEFAULT '0',
  `CRM_ID` int(18) NOT NULL DEFAULT '0',
  `LINK_TYPE` char(1) NOT NULL DEFAULT 'M',
  PRIMARY KEY (`ID`),
  UNIQUE KEY `ux_b_form_crm_link_1` (`FORM_ID`,`CRM_ID`)
) ENGINE=MyISAM DEFAULT CHARSET=cp1251 AUTO_INCREMENT=1 ;

-- --------------------------------------------------------

--
-- Структура таблицы `b_form_field`
--

CREATE TABLE IF NOT EXISTS `b_form_field` (
  `ID` int(18) NOT NULL AUTO_INCREMENT,
  `FORM_ID` int(18) NOT NULL DEFAULT '0',
  `TIMESTAMP_X` datetime DEFAULT NULL,
  `ACTIVE` char(1) NOT NULL DEFAULT 'Y',
  `TITLE` text,
  `TITLE_TYPE` varchar(4) NOT NULL DEFAULT 'text',
  `SID` varchar(50) DEFAULT NULL,
  `C_SORT` int(18) NOT NULL DEFAULT '100',
  `ADDITIONAL` char(1) NOT NULL DEFAULT 'N',
  `REQUIRED` char(1) NOT NULL DEFAULT 'N',
  `IN_FILTER` char(1) NOT NULL DEFAULT 'N',
  `IN_RESULTS_TABLE` char(1) NOT NULL DEFAULT 'N',
  `IN_EXCEL_TABLE` char(1) NOT NULL DEFAULT 'Y',
  `FIELD_TYPE` varchar(50) DEFAULT NULL,
  `IMAGE_ID` int(18) DEFAULT NULL,
  `COMMENTS` text,
  `FILTER_TITLE` text,
  `RESULTS_TABLE_TITLE` text,
  PRIMARY KEY (`ID`),
  KEY `IX_FORM_ID` (`FORM_ID`),
  KEY `IX_SID` (`SID`)
) ENGINE=MyISAM DEFAULT CHARSET=cp1251 AUTO_INCREMENT=1 ;

-- --------------------------------------------------------

--
-- Структура таблицы `b_form_field_filter`
--

CREATE TABLE IF NOT EXISTS `b_form_field_filter` (
  `ID` int(18) NOT NULL AUTO_INCREMENT,
  `FIELD_ID` int(18) NOT NULL DEFAULT '0',
  `PARAMETER_NAME` varchar(50) NOT NULL,
  `FILTER_TYPE` varchar(50) NOT NULL,
  PRIMARY KEY (`ID`),
  KEY `IX_FIELD_ID` (`FIELD_ID`)
) ENGINE=MyISAM DEFAULT CHARSET=cp1251 AUTO_INCREMENT=1 ;

-- --------------------------------------------------------

--
-- Структура таблицы `b_form_field_validator`
--

CREATE TABLE IF NOT EXISTS `b_form_field_validator` (
  `ID` int(18) NOT NULL AUTO_INCREMENT,
  `FORM_ID` int(18) NOT NULL DEFAULT '0',
  `FIELD_ID` int(18) NOT NULL DEFAULT '0',
  `TIMESTAMP_X` datetime DEFAULT NULL,
  `ACTIVE` char(1) DEFAULT 'y',
  `C_SORT` int(18) DEFAULT '100',
  `VALIDATOR_SID` varchar(255) NOT NULL DEFAULT '',
  `PARAMS` text,
  PRIMARY KEY (`ID`),
  KEY `IX_FORM_ID` (`FORM_ID`),
  KEY `IX_FIELD_ID` (`FIELD_ID`)
) ENGINE=MyISAM DEFAULT CHARSET=cp1251 AUTO_INCREMENT=1 ;

-- --------------------------------------------------------

--
-- Структура таблицы `b_form_menu`
--

CREATE TABLE IF NOT EXISTS `b_form_menu` (
  `ID` int(18) NOT NULL AUTO_INCREMENT,
  `FORM_ID` int(18) NOT NULL DEFAULT '0',
  `LID` char(2) NOT NULL,
  `MENU` varchar(50) NOT NULL,
  PRIMARY KEY (`ID`),
  KEY `IX_FORM_ID` (`FORM_ID`)
) ENGINE=MyISAM DEFAULT CHARSET=cp1251 AUTO_INCREMENT=1 ;

-- --------------------------------------------------------

--
-- Структура таблицы `b_form_result`
--

CREATE TABLE IF NOT EXISTS `b_form_result` (
  `ID` int(18) NOT NULL AUTO_INCREMENT,
  `TIMESTAMP_X` datetime DEFAULT NULL,
  `DATE_CREATE` datetime DEFAULT NULL,
  `STATUS_ID` int(18) NOT NULL DEFAULT '0',
  `FORM_ID` int(18) NOT NULL DEFAULT '0',
  `USER_ID` int(18) DEFAULT NULL,
  `USER_AUTH` char(1) NOT NULL DEFAULT 'N',
  `STAT_GUEST_ID` int(18) DEFAULT NULL,
  `STAT_SESSION_ID` int(18) DEFAULT NULL,
  `SENT_TO_CRM` char(1) DEFAULT 'N',
  PRIMARY KEY (`ID`),
  KEY `IX_FORM_ID` (`FORM_ID`),
  KEY `IX_STATUS_ID` (`STATUS_ID`),
  KEY `IX_SENT_TO_CRM` (`SENT_TO_CRM`)
) ENGINE=MyISAM DEFAULT CHARSET=cp1251 AUTO_INCREMENT=1 ;

-- --------------------------------------------------------

--
-- Структура таблицы `b_form_result_answer`
--

CREATE TABLE IF NOT EXISTS `b_form_result_answer` (
  `ID` int(18) NOT NULL AUTO_INCREMENT,
  `RESULT_ID` int(18) NOT NULL DEFAULT '0',
  `FORM_ID` int(18) NOT NULL DEFAULT '0',
  `FIELD_ID` int(18) NOT NULL DEFAULT '0',
  `ANSWER_ID` int(18) DEFAULT NULL,
  `ANSWER_TEXT` text,
  `ANSWER_TEXT_SEARCH` longtext,
  `ANSWER_VALUE` varchar(255) DEFAULT NULL,
  `ANSWER_VALUE_SEARCH` longtext,
  `USER_TEXT` longtext,
  `USER_TEXT_SEARCH` longtext,
  `USER_DATE` datetime DEFAULT NULL,
  `USER_FILE_ID` int(18) DEFAULT NULL,
  `USER_FILE_NAME` varchar(255) DEFAULT NULL,
  `USER_FILE_IS_IMAGE` char(1) DEFAULT NULL,
  `USER_FILE_HASH` varchar(255) DEFAULT NULL,
  `USER_FILE_SUFFIX` varchar(255) DEFAULT NULL,
  `USER_FILE_SIZE` int(18) DEFAULT NULL,
  PRIMARY KEY (`ID`),
  KEY `IX_RESULT_ID` (`RESULT_ID`),
  KEY `IX_FIELD_ID` (`FIELD_ID`),
  KEY `IX_ANSWER_ID` (`ANSWER_ID`)
) ENGINE=MyISAM DEFAULT CHARSET=cp1251 AUTO_INCREMENT=1 ;

-- --------------------------------------------------------

--
-- Структура таблицы `b_form_status`
--

CREATE TABLE IF NOT EXISTS `b_form_status` (
  `ID` int(18) NOT NULL AUTO_INCREMENT,
  `FORM_ID` int(18) NOT NULL DEFAULT '0',
  `TIMESTAMP_X` datetime DEFAULT NULL,
  `ACTIVE` char(1) NOT NULL DEFAULT 'Y',
  `C_SORT` int(18) NOT NULL DEFAULT '100',
  `TITLE` varchar(255) NOT NULL,
  `DESCRIPTION` text,
  `DEFAULT_VALUE` char(1) NOT NULL DEFAULT 'N',
  `CSS` varchar(255) DEFAULT 'statusgreen',
  `HANDLER_OUT` varchar(255) DEFAULT NULL,
  `HANDLER_IN` varchar(255) DEFAULT NULL,
  `MAIL_EVENT_TYPE` varchar(255) DEFAULT NULL,
  PRIMARY KEY (`ID`),
  KEY `IX_FORM_ID` (`FORM_ID`)
) ENGINE=MyISAM DEFAULT CHARSET=cp1251 AUTO_INCREMENT=1 ;

-- --------------------------------------------------------

--
-- Структура таблицы `b_form_status_2_group`
--

CREATE TABLE IF NOT EXISTS `b_form_status_2_group` (
  `ID` int(18) NOT NULL AUTO_INCREMENT,
  `STATUS_ID` int(18) NOT NULL DEFAULT '0',
  `GROUP_ID` int(18) NOT NULL DEFAULT '0',
  `PERMISSION` varchar(50) NOT NULL,
  PRIMARY KEY (`ID`),
  KEY `IX_FORM_STATUS_GROUP` (`STATUS_ID`,`GROUP_ID`)
) ENGINE=MyISAM DEFAULT CHARSET=cp1251 AUTO_INCREMENT=1 ;

-- --------------------------------------------------------

--
-- Структура таблицы `b_form_status_2_mail_template`
--

CREATE TABLE IF NOT EXISTS `b_form_status_2_mail_template` (
  `STATUS_ID` int(18) NOT NULL DEFAULT '0',
  `MAIL_TEMPLATE_ID` int(18) NOT NULL DEFAULT '0',
  PRIMARY KEY (`STATUS_ID`,`MAIL_TEMPLATE_ID`)
) ENGINE=MyISAM DEFAULT CHARSET=cp1251;

-- --------------------------------------------------------

--
-- Структура таблицы `b_forum`
--

CREATE TABLE IF NOT EXISTS `b_forum` (
  `ID` int(10) NOT NULL AUTO_INCREMENT,
  `FORUM_GROUP_ID` int(11) DEFAULT NULL,
  `NAME` varchar(255) NOT NULL,
  `DESCRIPTION` text,
  `SORT` int(10) NOT NULL DEFAULT '150',
  `ACTIVE` char(1) NOT NULL DEFAULT 'Y',
  `ALLOW_HTML` char(1) NOT NULL DEFAULT 'N',
  `ALLOW_ANCHOR` char(1) NOT NULL DEFAULT 'Y',
  `ALLOW_BIU` char(1) NOT NULL DEFAULT 'Y',
  `ALLOW_IMG` char(1) NOT NULL DEFAULT 'Y',
  `ALLOW_VIDEO` char(1) NOT NULL DEFAULT 'Y',
  `ALLOW_LIST` char(1) NOT NULL DEFAULT 'Y',
  `ALLOW_QUOTE` char(1) NOT NULL DEFAULT 'Y',
  `ALLOW_CODE` char(1) NOT NULL DEFAULT 'Y',
  `ALLOW_FONT` char(1) NOT NULL DEFAULT 'Y',
  `ALLOW_SMILES` char(1) NOT NULL DEFAULT 'Y',
  `ALLOW_UPLOAD` char(1) NOT NULL DEFAULT 'N',
  `ALLOW_TABLE` char(1) NOT NULL DEFAULT 'N',
  `ALLOW_ALIGN` char(1) NOT NULL DEFAULT 'Y',
  `ALLOW_UPLOAD_EXT` varchar(255) DEFAULT NULL,
  `ALLOW_MOVE_TOPIC` char(1) NOT NULL DEFAULT 'Y',
  `ALLOW_TOPIC_TITLED` char(1) NOT NULL DEFAULT 'N',
  `ALLOW_NL2BR` char(1) NOT NULL DEFAULT 'N',
  `ALLOW_SIGNATURE` char(1) NOT NULL DEFAULT 'Y',
  `PATH2FORUM_MESSAGE` varchar(255) DEFAULT NULL,
  `ASK_GUEST_EMAIL` char(1) NOT NULL DEFAULT 'N',
  `USE_CAPTCHA` char(1) NOT NULL DEFAULT 'N',
  `INDEXATION` char(1) NOT NULL DEFAULT 'Y',
  `DEDUPLICATION` char(1) NOT NULL DEFAULT 'Y',
  `MODERATION` char(1) NOT NULL DEFAULT 'N',
  `ORDER_BY` char(1) NOT NULL DEFAULT 'P',
  `ORDER_DIRECTION` varchar(4) NOT NULL DEFAULT 'DESC',
  `LID` char(2) NOT NULL DEFAULT 'ru',
  `TOPICS` int(11) NOT NULL DEFAULT '0',
  `POSTS` int(11) NOT NULL DEFAULT '0',
  `LAST_POSTER_ID` int(11) DEFAULT NULL,
  `LAST_POSTER_NAME` varchar(255) DEFAULT NULL,
  `LAST_POST_DATE` datetime DEFAULT NULL,
  `LAST_MESSAGE_ID` bigint(20) DEFAULT NULL,
  `POSTS_UNAPPROVED` int(11) DEFAULT '0',
  `ABS_LAST_POSTER_ID` int(11) DEFAULT NULL,
  `ABS_LAST_POSTER_NAME` varchar(255) DEFAULT NULL,
  `ABS_LAST_POST_DATE` datetime DEFAULT NULL,
  `ABS_LAST_MESSAGE_ID` bigint(20) DEFAULT NULL,
  `EVENT1` varchar(255) DEFAULT 'forum',
  `EVENT2` varchar(255) DEFAULT 'message',
  `EVENT3` varchar(255) DEFAULT NULL,
  `HTML` varchar(255) DEFAULT NULL,
  `XML_ID` varchar(255) DEFAULT NULL,
  PRIMARY KEY (`ID`),
  KEY `IX_FORUM_SORT` (`SORT`),
  KEY `IX_FORUM_ACTIVE` (`ACTIVE`),
  KEY `IX_FORUM_GROUP_ID` (`FORUM_GROUP_ID`)
) ENGINE=MyISAM  DEFAULT CHARSET=cp1251 AUTO_INCREMENT=2 ;

--
-- Дамп данных таблицы `b_forum`
--

INSERT INTO `b_forum` (`ID`, `FORUM_GROUP_ID`, `NAME`, `DESCRIPTION`, `SORT`, `ACTIVE`, `ALLOW_HTML`, `ALLOW_ANCHOR`, `ALLOW_BIU`, `ALLOW_IMG`, `ALLOW_VIDEO`, `ALLOW_LIST`, `ALLOW_QUOTE`, `ALLOW_CODE`, `ALLOW_FONT`, `ALLOW_SMILES`, `ALLOW_UPLOAD`, `ALLOW_TABLE`, `ALLOW_ALIGN`, `ALLOW_UPLOAD_EXT`, `ALLOW_MOVE_TOPIC`, `ALLOW_TOPIC_TITLED`, `ALLOW_NL2BR`, `ALLOW_SIGNATURE`, `PATH2FORUM_MESSAGE`, `ASK_GUEST_EMAIL`, `USE_CAPTCHA`, `INDEXATION`, `DEDUPLICATION`, `MODERATION`, `ORDER_BY`, `ORDER_DIRECTION`, `LID`, `TOPICS`, `POSTS`, `LAST_POSTER_ID`, `LAST_POSTER_NAME`, `LAST_POST_DATE`, `LAST_MESSAGE_ID`, `POSTS_UNAPPROVED`, `ABS_LAST_POSTER_ID`, `ABS_LAST_POSTER_NAME`, `ABS_LAST_POST_DATE`, `ABS_LAST_MESSAGE_ID`, `EVENT1`, `EVENT2`, `EVENT3`, `HTML`, `XML_ID`) VALUES
(1, 1, 'Отзывы о товарах', '', 2, 'Y', 'N', 'Y', 'Y', 'Y', 'Y', 'Y', 'Y', 'Y', 'Y', 'Y', 'Y', 'Y', 'Y', '', 'Y', 'N', 'N', 'N', '', 'N', 'N', 'Y', 'Y', 'N', 'P', 'DESC', 'ru', 0, 0, NULL, NULL, NULL, NULL, 0, NULL, NULL, NULL, NULL, 'forum', 'message', '', NULL, 'ESHOP_REVIEWS');

-- --------------------------------------------------------

--
-- Структура таблицы `b_forum2site`
--

CREATE TABLE IF NOT EXISTS `b_forum2site` (
  `FORUM_ID` int(11) NOT NULL,
  `SITE_ID` char(2) NOT NULL,
  `PATH2FORUM_MESSAGE` varchar(250) DEFAULT NULL,
  PRIMARY KEY (`FORUM_ID`,`SITE_ID`)
) ENGINE=MyISAM DEFAULT CHARSET=cp1251;

--
-- Дамп данных таблицы `b_forum2site`
--

INSERT INTO `b_forum2site` (`FORUM_ID`, `SITE_ID`, `PATH2FORUM_MESSAGE`) VALUES
(1, 's1', '//forum/#FORUM_ID#/#TOPIC_ID#/');

-- --------------------------------------------------------

--
-- Структура таблицы `b_forum_dictionary`
--

CREATE TABLE IF NOT EXISTS `b_forum_dictionary` (
  `ID` int(11) NOT NULL AUTO_INCREMENT,
  `TITLE` varchar(50) DEFAULT NULL,
  `TYPE` char(1) DEFAULT NULL,
  PRIMARY KEY (`ID`)
) ENGINE=MyISAM  DEFAULT CHARSET=cp1251 AUTO_INCREMENT=5 ;

--
-- Дамп данных таблицы `b_forum_dictionary`
--

INSERT INTO `b_forum_dictionary` (`ID`, `TITLE`, `TYPE`) VALUES
(1, '[ru] Словарь слов', 'W'),
(2, '[ru] Словарь транслита', 'T'),
(3, '[en] Bad words', 'W'),
(4, '[en] Transliteration', 'T');

-- --------------------------------------------------------

--
-- Структура таблицы `b_forum_email`
--

CREATE TABLE IF NOT EXISTS `b_forum_email` (
  `ID` int(11) NOT NULL AUTO_INCREMENT,
  `EMAIL_FORUM_ACTIVE` char(1) NOT NULL DEFAULT 'Y',
  `FORUM_ID` int(11) NOT NULL,
  `SOCNET_GROUP_ID` int(11) DEFAULT NULL,
  `MAIL_FILTER_ID` int(11) NOT NULL,
  `EMAIL` varchar(255) NOT NULL,
  `USE_EMAIL` char(1) DEFAULT NULL,
  `EMAIL_GROUP` varchar(255) DEFAULT NULL,
  `SUBJECT_SUF` varchar(50) DEFAULT NULL,
  `USE_SUBJECT` char(1) DEFAULT NULL,
  `URL_TEMPLATES_MESSAGE` varchar(255) DEFAULT NULL,
  `NOT_MEMBER_POST` char(1) DEFAULT NULL,
  PRIMARY KEY (`ID`),
  KEY `IX_B_FORUM_EMAIL_FORUM_SOC` (`FORUM_ID`,`SOCNET_GROUP_ID`),
  KEY `IX_B_FORUM_EMAIL_FILTER_ID` (`MAIL_FILTER_ID`)
) ENGINE=MyISAM DEFAULT CHARSET=cp1251 AUTO_INCREMENT=1 ;

-- --------------------------------------------------------

--
-- Структура таблицы `b_forum_file`
--

CREATE TABLE IF NOT EXISTS `b_forum_file` (
  `ID` int(18) NOT NULL AUTO_INCREMENT,
  `FORUM_ID` int(18) DEFAULT NULL,
  `TOPIC_ID` int(20) DEFAULT NULL,
  `MESSAGE_ID` int(20) DEFAULT NULL,
  `FILE_ID` int(18) NOT NULL,
  `USER_ID` int(18) DEFAULT NULL,
  `TIMESTAMP_X` timestamp NOT NULL DEFAULT CURRENT_TIMESTAMP ON UPDATE CURRENT_TIMESTAMP,
  `HITS` int(18) DEFAULT NULL,
  PRIMARY KEY (`ID`),
  KEY `IX_FORUM_FILE_FILE` (`FILE_ID`),
  KEY `IX_FORUM_FILE_FORUM` (`FORUM_ID`),
  KEY `IX_FORUM_FILE_TOPIC` (`TOPIC_ID`),
  KEY `IX_FORUM_FILE_MESSAGE` (`MESSAGE_ID`)
) ENGINE=MyISAM DEFAULT CHARSET=cp1251 AUTO_INCREMENT=1 ;

-- --------------------------------------------------------

--
-- Структура таблицы `b_forum_filter`
--

CREATE TABLE IF NOT EXISTS `b_forum_filter` (
  `ID` int(11) NOT NULL AUTO_INCREMENT,
  `DICTIONARY_ID` int(11) DEFAULT NULL,
  `WORDS` varchar(255) DEFAULT NULL,
  `PATTERN` text,
  `REPLACEMENT` varchar(255) DEFAULT NULL,
  `DESCRIPTION` text,
  `USE_IT` varchar(50) DEFAULT NULL,
  `PATTERN_CREATE` varchar(5) DEFAULT NULL,
  PRIMARY KEY (`ID`),
  KEY `IX_B_FORUM_FILTER_2` (`USE_IT`),
  KEY `IX_B_FORUM_FILTER_3` (`PATTERN_CREATE`)
) ENGINE=MyISAM  DEFAULT CHARSET=cp1251 AUTO_INCREMENT=152 ;

--
-- Дамп данных таблицы `b_forum_filter`
--

INSERT INTO `b_forum_filter` (`ID`, `DICTIONARY_ID`, `WORDS`, `PATTERN`, `REPLACEMENT`, `DESCRIPTION`, `USE_IT`, `PATTERN_CREATE`) VALUES
(1, 1, '*пизд*', '/(?<=[\\s.,;:!?\\#\\-\\*\\|\\[\\]\\(\\)])([^\\s.,;:!?\\#\\-\\*\\|\\[\\]\\(\\)]*([ПпPp]+)([ИиIi]+)([ЗзZz3]+)([ДдDd]+)[^\\s.,;:!?\\#\\-\\*\\|\\[\\]\\(\\)]*)(?=[\\s.,;:!?\\#\\-\\*\\|\\[\\]\\(\\)])/is', '', '', 'Y', 'TRNSL'),
(2, 1, '*пизж*', '/(?<=[\\s.,;:!?\\#\\-\\*\\|\\[\\]\\(\\)])([^\\s.,;:!?\\#\\-\\*\\|\\[\\]\\(\\)]*([ПпPp]+)([ИиIi]+)([ЗзZz3]+)([ЖжGg]+)[^\\s.,;:!?\\#\\-\\*\\|\\[\\]\\(\\)]*)(?=[\\s.,;:!?\\#\\-\\*\\|\\[\\]\\(\\)])/is', '', '', 'Y', 'TRNSL'),
(3, 1, '*сра%', '/(?<=[\\s.,;:!?\\#\\-\\*\\|\\[\\]\\(\\)])([^\\s.,;:!?\\#\\-\\*\\|\\[\\]\\(\\)]*([СсCc]+)([РрPpRr]+)([АаAa]+)([[Цц]+([Аа]+|[Оо]+)]+|[[Тт]+([Ьь]+|)[Сс]+[Яя]+]+))(?=[\\s.,;:!?\\#\\-\\*\\|\\[\\]\\(\\)])/is', '', '', 'Y', 'TRNSL'),
(4, 1, 'анобляд*', '/(?<=[\\s.,;:!?\\#\\-\\*\\|\\[\\]\\(\\)])(([АаAa]+)([НнNn]+)([ОоOo]+)([БбBb]+)([ЛлLl]+)([Яя]+)([ДдDd]+)[^\\s.,;:!?\\#\\-\\*\\|\\[\\]\\(\\)]*)(?=[\\s.,;:!?\\#\\-\\*\\|\\[\\]\\(\\)])/is', '', '', 'Y', 'TRNSL'),
(5, 1, 'взъеб*', '/(?<=[\\s.,;:!?\\#\\-\\*\\|\\[\\]\\(\\)])(([ВвVv]+)([ЗзZz3]+)([ЪъЬь"'']+|)([ЁёЕеEe]+)([БбBb]+)[^\\s.,;:!?\\#\\-\\*\\|\\[\\]\\(\\)]*)(?=[\\s.,;:!?\\#\\-\\*\\|\\[\\]\\(\\)])/is', '', '', 'Y', 'TRNSL'),
(6, 1, 'бля', '/(?<=[\\s.,;:!?\\#\\-\\*\\|\\[\\]\\(\\)])(([БбBb]+)([ЛлLl]+)([Яя]+))(?=[\\s.,;:!?\\#\\-\\*\\|\\[\\]\\(\\)])/is', '', '', 'Y', 'TRNSL'),
(7, 1, 'долбоеб*', '/(?<=[\\s.,;:!?\\#\\-\\*\\|\\[\\]\\(\\)])(([ДдDd]+)([ОоOo]+)([ЛлLl]+)([БбBb]+)([ОоOo]+)([ЁёЕеEe]+)([БбBb]+)[^\\s.,;:!?\\#\\-\\*\\|\\[\\]\\(\\)]*)(?=[\\s.,;:!?\\#\\-\\*\\|\\[\\]\\(\\)])/is', '', '', 'Y', 'TRNSL'),
(8, 1, 'дуроеб*', '/(?<=[\\s.,;:!?\\#\\-\\*\\|\\[\\]\\(\\)])(([ДдDd]+)([УуUu]+)([РрPpRr]+)([ОоOo]+)([ЁёЕеEe]+)([БбBb]+)[^\\s.,;:!?\\#\\-\\*\\|\\[\\]\\(\\)]*)(?=[\\s.,;:!?\\#\\-\\*\\|\\[\\]\\(\\)])/is', '', '', 'Y', 'TRNSL'),
(9, 1, 'еби', '/(?<=[\\s.,;:!?\\#\\-\\*\\|\\[\\]\\(\\)])(([ЁёЕеEe]+)([БбBb]+)([ИиIi]+))(?=[\\s.,;:!?\\#\\-\\*\\|\\[\\]\\(\\)])/is', '', '', 'Y', 'TRNSL'),
(10, 1, 'ебисти*', '/(?<=[\\s.,;:!?\\#\\-\\*\\|\\[\\]\\(\\)])(([ЁёЕеEe]+)([БбBb]+)([ИиIi]+)([СсCc]+)([ТтTt]+)([ИиIi]+)[^\\s.,;:!?\\#\\-\\*\\|\\[\\]\\(\\)]*)(?=[\\s.,;:!?\\#\\-\\*\\|\\[\\]\\(\\)])/is', '', '', 'Y', 'TRNSL'),
(11, 1, 'ебическ*', '/(?<=[\\s.,;:!?\\#\\-\\*\\|\\[\\]\\(\\)])(([ЁёЕеEe]+)([БбBb]+)([ИиIi]+)([Чч]+)([ЁёЕеEe]+)([СсCc]+)([КкKk]+)[^\\s.,;:!?\\#\\-\\*\\|\\[\\]\\(\\)]*)(?=[\\s.,;:!?\\#\\-\\*\\|\\[\\]\\(\\)])/is', '', '', 'Y', 'TRNSL'),
(12, 1, 'еблив*', '/(?<=[\\s.,;:!?\\#\\-\\*\\|\\[\\]\\(\\)])(([ЁёЕеEe]+)([БбBb]+)([ЛлLl]+)([ИиIi]+)([ВвVv]+)[^\\s.,;:!?\\#\\-\\*\\|\\[\\]\\(\\)]*)(?=[\\s.,;:!?\\#\\-\\*\\|\\[\\]\\(\\)])/is', '', '', 'Y', 'TRNSL'),
(13, 1, 'ебло*', '/(?<=[\\s.,;:!?\\#\\-\\*\\|\\[\\]\\(\\)])(([ЁёЕеEe]+)([БбBb]+)([ЛлLl]+)([ОоOo]+)[^\\s.,;:!?\\#\\-\\*\\|\\[\\]\\(\\)]*)(?=[\\s.,;:!?\\#\\-\\*\\|\\[\\]\\(\\)])/is', '', '', 'Y', 'TRNSL'),
(14, 1, 'еблыс*', '/(?<=[\\s.,;:!?\\#\\-\\*\\|\\[\\]\\(\\)])(([ЁёЕеEe]+)([БбBb]+)([ЛлLl]+)([Ыы]+)([СсCc]+)[^\\s.,;:!?\\#\\-\\*\\|\\[\\]\\(\\)]*)(?=[\\s.,;:!?\\#\\-\\*\\|\\[\\]\\(\\)])/is', '', '', 'Y', 'TRNSL'),
(15, 1, 'ебля', '/(?<=[\\s.,;:!?\\#\\-\\*\\|\\[\\]\\(\\)])(([ЁёЕеEe]+)([БбBb]+)([ЛлLl]+)([Яя]+))(?=[\\s.,;:!?\\#\\-\\*\\|\\[\\]\\(\\)])/is', '', '', 'Y', 'TRNSL'),
(16, 1, 'ебс', '/(?<=[\\s.,;:!?\\#\\-\\*\\|\\[\\]\\(\\)])(([ЁёЕеEe]+)([БбBb]+)([СсCc]+))(?=[\\s.,;:!?\\#\\-\\*\\|\\[\\]\\(\\)])/is', '', '', 'Y', 'TRNSL'),
(17, 1, 'ебукент*', '/(?<=[\\s.,;:!?\\#\\-\\*\\|\\[\\]\\(\\)])(([ЁёЕеEe]+)([БбBb]+)([УуUu]+)([КкKk]+)([ЁёЕеEe]+)([НнNn]+)([ТтTt]+)[^\\s.,;:!?\\#\\-\\*\\|\\[\\]\\(\\)]*)(?=[\\s.,;:!?\\#\\-\\*\\|\\[\\]\\(\\)])/is', '', '', 'Y', 'TRNSL'),
(18, 1, 'ебурген*', '/(?<=[\\s.,;:!?\\#\\-\\*\\|\\[\\]\\(\\)])(([ЁёЕеEe]+)([БбBb]+)([УуUu]+)([РрPpRr]+)([Гг]+)([ЁёЕеEe]+)([НнNn]+)[^\\s.,;:!?\\#\\-\\*\\|\\[\\]\\(\\)]*)(?=[\\s.,;:!?\\#\\-\\*\\|\\[\\]\\(\\)])/is', '', '', 'Y', 'TRNSL'),
(19, 1, 'коноебит*', '/(?<=[\\s.,;:!?\\#\\-\\*\\|\\[\\]\\(\\)])(([КкKk]+)([ОоOo]+)([НнNn]+)([ОоOo]+)([ЁёЕеEe]+)([БбBb]+)([ИиIi]+)([ТтTt]+)[^\\s.,;:!?\\#\\-\\*\\|\\[\\]\\(\\)]*)(?=[\\s.,;:!?\\#\\-\\*\\|\\[\\]\\(\\)])/is', '', '', 'Y', 'TRNSL'),
(20, 1, 'мозгоеб*', '/(?<=[\\s.,;:!?\\#\\-\\*\\|\\[\\]\\(\\)])(([МмMm]+)([ОоOo]+)([ЗзZz3]+)([Гг]+)([ОоOo]+)([ЁёЕеEe]+)([БбBb]+)[^\\s.,;:!?\\#\\-\\*\\|\\[\\]\\(\\)]*)(?=[\\s.,;:!?\\#\\-\\*\\|\\[\\]\\(\\)])/is', '', '', 'Y', 'TRNSL'),
(21, 1, 'мудоеб*', '/(?<=[\\s.,;:!?\\#\\-\\*\\|\\[\\]\\(\\)])(([МмMm]+)([УуUu]+)([ДдDd]+)([ОоOo]+)([ЁёЕеEe]+)([БбBb]+)[^\\s.,;:!?\\#\\-\\*\\|\\[\\]\\(\\)]*)(?=[\\s.,;:!?\\#\\-\\*\\|\\[\\]\\(\\)])/is', '', '', 'Y', 'TRNSL'),
(22, 1, 'однохуйствен*', '/(?<=[\\s.,;:!?\\#\\-\\*\\|\\[\\]\\(\\)])(([ОоOo]+)([ДдDd]+)([НнNn]+)([ОоOo]+)([ХхXx]+)([УуUu]+)([ЙйИиYy]+)([СсCc]+)([ТтTt]+)([ВвVv]+)([ЁёЕеEe]+)([НнNn]+)[^\\s.,;:!?\\#\\-\\*\\|\\[\\]\\(\\)]*)(?=[\\s.,;:!?\\#\\-\\*\\|\\[\\]\\(\\)])/is', '', '', 'Y', 'TRNSL'),
(23, 1, 'охуе*', '/(?<=[\\s.,;:!?\\#\\-\\*\\|\\[\\]\\(\\)])(([ОоOo]+)([ХхXx]+)([УуUu]+)([ЁёЕеEe]+)[^\\s.,;:!?\\#\\-\\*\\|\\[\\]\\(\\)]*)(?=[\\s.,;:!?\\#\\-\\*\\|\\[\\]\\(\\)])/is', '', '', 'Y', 'TRNSL'),
(24, 1, 'охуи*', '/(?<=[\\s.,;:!?\\#\\-\\*\\|\\[\\]\\(\\)])(([ОоOo]+)([ХхXx]+)([УуUu]+)([ИиIi]+)[^\\s.,;:!?\\#\\-\\*\\|\\[\\]\\(\\)]*)(?=[\\s.,;:!?\\#\\-\\*\\|\\[\\]\\(\\)])/is', '', '', 'Y', 'TRNSL'),
(25, 1, 'охуя*', '/(?<=[\\s.,;:!?\\#\\-\\*\\|\\[\\]\\(\\)])(([ОоOo]+)([ХхXx]+)([УуUu]+)([Яя]+)[^\\s.,;:!?\\#\\-\\*\\|\\[\\]\\(\\)]*)(?=[\\s.,;:!?\\#\\-\\*\\|\\[\\]\\(\\)])/is', '', '', 'Y', 'TRNSL'),
(26, 1, 'разъеба*', '/(?<=[\\s.,;:!?\\#\\-\\*\\|\\[\\]\\(\\)])(([РрPpRr]+)([АаAa]+)([ЗзZz3]+)([ЪъЬь"'']+|)([ЁёЕеEe]+)([БбBb]+)([АаAa]+)[^\\s.,;:!?\\#\\-\\*\\|\\[\\]\\(\\)]*)(?=[\\s.,;:!?\\#\\-\\*\\|\\[\\]\\(\\)])/is', '', '', 'Y', 'TRNSL'),
(27, 1, 'распиздон*', '/(?<=[\\s.,;:!?\\#\\-\\*\\|\\[\\]\\(\\)])(([РрPpRr]+)([АаAa]+)([СсCc]+)([ПпPp]+)([ИиIi]+)([ЗзZz3]+)([ДдDd]+)([ОоOo]+)([НнNn]+)[^\\s.,;:!?\\#\\-\\*\\|\\[\\]\\(\\)]*)(?=[\\s.,;:!?\\#\\-\\*\\|\\[\\]\\(\\)])/is', '', '', 'Y', 'TRNSL'),
(28, 1, 'расхуюж*', '/(?<=[\\s.,;:!?\\#\\-\\*\\|\\[\\]\\(\\)])(([РрPpRr]+)([АаAa]+)([СсCc]+)([ХхXx]+)([УуUu]+)([Юю]+|[[Йй]+[Оо]+]+)([ЖжGg]+)[^\\s.,;:!?\\#\\-\\*\\|\\[\\]\\(\\)]*)(?=[\\s.,;:!?\\#\\-\\*\\|\\[\\]\\(\\)])/is', '', '', 'Y', 'TRNSL'),
(29, 1, 'худоебин*', '/(?<=[\\s.,;:!?\\#\\-\\*\\|\\[\\]\\(\\)])(([ХхXx]+)([УуUu]+)([ДдDd]+)([ОоOo]+)([ЁёЕеEe]+)([БбBb]+)([ИиIi]+)([НнNn]+)[^\\s.,;:!?\\#\\-\\*\\|\\[\\]\\(\\)]*)(?=[\\s.,;:!?\\#\\-\\*\\|\\[\\]\\(\\)])/is', '', '', 'Y', 'TRNSL'),
(30, 1, 'хуе', '/(?<=[\\s.,;:!?\\#\\-\\*\\|\\[\\]\\(\\)])(([ХхXx]+)([УуUu]+)([ЁёЕеEe]+))(?=[\\s.,;:!?\\#\\-\\*\\|\\[\\]\\(\\)])/is', '', '', 'Y', 'TRNSL'),
(31, 1, 'хуебрат*', '/(?<=[\\s.,;:!?\\#\\-\\*\\|\\[\\]\\(\\)])(([ХхXx]+)([УуUu]+)([ЁёЕеEe]+)([БбBb]+)([РрPpRr]+)([АаAa]+)([ТтTt]+)[^\\s.,;:!?\\#\\-\\*\\|\\[\\]\\(\\)]*)(?=[\\s.,;:!?\\#\\-\\*\\|\\[\\]\\(\\)])/is', '', '', 'Y', 'TRNSL'),
(32, 1, 'хуеглот*', '/(?<=[\\s.,;:!?\\#\\-\\*\\|\\[\\]\\(\\)])(([ХхXx]+)([УуUu]+)([ЁёЕеEe]+)([Гг]+)([ЛлLl]+)([ОоOo]+)([ТтTt]+)[^\\s.,;:!?\\#\\-\\*\\|\\[\\]\\(\\)]*)(?=[\\s.,;:!?\\#\\-\\*\\|\\[\\]\\(\\)])/is', '', '', 'Y', 'TRNSL'),
(33, 1, 'хуеплёт*', '/(?<=[\\s.,;:!?\\#\\-\\*\\|\\[\\]\\(\\)])(([ХхXx]+)([УуUu]+)([ЁёЕеEe]+)([ПпPp]+)([ЛлLl]+)([ЁёЕеEe]+|[[Йй]+[Оо]+]+)([ТтTt]+)[^\\s.,;:!?\\#\\-\\*\\|\\[\\]\\(\\)]*)(?=[\\s.,;:!?\\#\\-\\*\\|\\[\\]\\(\\)])/is', '', '', 'Y', 'TRNSL'),
(34, 1, 'хует*', '/(?<=[\\s.,;:!?\\#\\-\\*\\|\\[\\]\\(\\)])(([ХхXx]+)([УуUu]+)([ЁёЕеEe]+)([ТтTt]+)[^\\s.,;:!?\\#\\-\\*\\|\\[\\]\\(\\)]*)(?=[\\s.,;:!?\\#\\-\\*\\|\\[\\]\\(\\)])/is', '', '', 'Y', 'TRNSL'),
(35, 1, 'хуила', '/(?<=[\\s.,;:!?\\#\\-\\*\\|\\[\\]\\(\\)])(([ХхXx]+)([УуUu]+)([ИиIi]+)([ЛлLl]+)([АаAa]+))(?=[\\s.,;:!?\\#\\-\\*\\|\\[\\]\\(\\)])/is', '', '', 'Y', 'TRNSL'),
(36, 1, 'хул?', '/(?<=[\\s.,;:!?\\#\\-\\*\\|\\[\\]\\(\\)])(([ХхXx]+)([УуUu]+)([ЛлLl]+).?)(?=[\\s.,;:!?\\#\\-\\*\\|\\[\\]\\(\\)])/is', '', '', 'Y', 'TRNSL'),
(37, 1, 'хуя', '/(?<=[\\s.,;:!?\\#\\-\\*\\|\\[\\]\\(\\)])(([ХхXx]+)([УуUu]+)([Яя]+))(?=[\\s.,;:!?\\#\\-\\*\\|\\[\\]\\(\\)])/is', '', '', 'Y', 'TRNSL'),
(38, 1, '^бляд*', '/(?<=[\\s.,;:!?\\#\\-\\*\\|\\[\\]\\(\\)])(([ВвЗзСс]+|[ВвЫы]+|[ДдОо]+|[ЗзАа]+|[ИиЗзСс]+|[НнАа]+|[НнЕе]+|[ОоТт]+|([Пп]*[Ее]+[Рр]+[Ее]+)+|)([БбBb]+)([ЛлLl]+)([Яя]+)([ДдDd]+)[^\\s.,;:!?\\#\\-\\*\\|\\[\\]\\(\\)]*)(?=[\\s.,;:!?\\#\\-\\*\\|\\[\\]\\(\\)])/is', '', '', 'Y', 'TRNSL'),
(39, 1, '^пидор*', '/(?<=[\\s.,;:!?\\#\\-\\*\\|\\[\\]\\(\\)])(([ВвЗзСс]+|[ВвЫы]+|[ДдОо]+|[ЗзАа]+|[ИиЗзСс]+|[НнАа]+|[НнЕе]+|[ОоТт]+|([Пп]*[Ее]+[Рр]+[Ее]+)+|)([ПпPp]+)([ИиIi]+)([ДдDd]+)([ОоOo]+)([РрPpRr]+)[^\\s.,;:!?\\#\\-\\*\\|\\[\\]\\(\\)]*)(?=[\\s.,;:!?\\#\\-\\*\\|\\[\\]\\(\\)])/is', '', '', 'Y', 'TRNSL'),
(40, 1, '^хуев*', '/(?<=[\\s.,;:!?\\#\\-\\*\\|\\[\\]\\(\\)])(([ВвЗзСс]+|[ВвЫы]+|[ДдОо]+|[ЗзАа]+|[ИиЗзСс]+|[НнАа]+|[НнЕе]+|[ОоТт]+|([Пп]*[Ее]+[Рр]+[Ее]+)+|)([ХхXx]+)([УуUu]+)([ЁёЕеEe]+)([ВвVv]+)[^\\s.,;:!?\\#\\-\\*\\|\\[\\]\\(\\)]*)(?=[\\s.,;:!?\\#\\-\\*\\|\\[\\]\\(\\)])/is', '', '', 'Y', 'TRNSL'),
(41, 1, '^хуем*', '/(?<=[\\s.,;:!?\\#\\-\\*\\|\\[\\]\\(\\)])(([ВвЗзСс]+|[ВвЫы]+|[ДдОо]+|[ЗзАа]+|[ИиЗзСс]+|[НнАа]+|[НнЕе]+|[ОоТт]+|([Пп]*[Ее]+[Рр]+[Ее]+)+|)([ХхXx]+)([УуUu]+)([ЁёЕеEe]+)([МмMm]+)[^\\s.,;:!?\\#\\-\\*\\|\\[\\]\\(\\)]*)(?=[\\s.,;:!?\\#\\-\\*\\|\\[\\]\\(\\)])/is', '', '', 'Y', 'TRNSL'),
(42, 1, '^хуй*', '/(?<=[\\s.,;:!?\\#\\-\\*\\|\\[\\]\\(\\)])(([ВвЗзСс]+|[ВвЫы]+|[ДдОо]+|[ЗзАа]+|[ИиЗзСс]+|[НнАа]+|[НнЕе]+|[ОоТт]+|([Пп]*[Ее]+[Рр]+[Ее]+)+|)([ХхXx]+)([УуUu]+)([ЙйИиYy]+)[^\\s.,;:!?\\#\\-\\*\\|\\[\\]\\(\\)]*)(?=[\\s.,;:!?\\#\\-\\*\\|\\[\\]\\(\\)])/is', '', '', 'Y', 'TRNSL'),
(43, 1, '^хуяк*', '/(?<=[\\s.,;:!?\\#\\-\\*\\|\\[\\]\\(\\)])(([ВвЗзСс]+|[ВвЫы]+|[ДдОо]+|[ЗзАа]+|[ИиЗзСс]+|[НнАа]+|[НнЕе]+|[ОоТт]+|([Пп]*[Ее]+[Рр]+[Ее]+)+|)([ХхXx]+)([УуUu]+)([Яя]+)([КкKk]+)[^\\s.,;:!?\\#\\-\\*\\|\\[\\]\\(\\)]*)(?=[\\s.,;:!?\\#\\-\\*\\|\\[\\]\\(\\)])/is', '', '', 'Y', 'TRNSL'),
(44, 1, '^хуям*', '/(?<=[\\s.,;:!?\\#\\-\\*\\|\\[\\]\\(\\)])(([ВвЗзСс]+|[ВвЫы]+|[ДдОо]+|[ЗзАа]+|[ИиЗзСс]+|[НнАа]+|[НнЕе]+|[ОоТт]+|([Пп]*[Ее]+[Рр]+[Ее]+)+|)([ХхXx]+)([УуUu]+)([Яя]+)([МмMm]+)[^\\s.,;:!?\\#\\-\\*\\|\\[\\]\\(\\)]*)(?=[\\s.,;:!?\\#\\-\\*\\|\\[\\]\\(\\)])/is', '', '', 'Y', 'TRNSL'),
(45, 1, '^хуяр*', '/(?<=[\\s.,;:!?\\#\\-\\*\\|\\[\\]\\(\\)])(([ВвЗзСс]+|[ВвЫы]+|[ДдОо]+|[ЗзАа]+|[ИиЗзСс]+|[НнАа]+|[НнЕе]+|[ОоТт]+|([Пп]*[Ее]+[Рр]+[Ее]+)+|)([ХхXx]+)([УуUu]+)([Яя]+)([РрPpRr]+)[^\\s.,;:!?\\#\\-\\*\\|\\[\\]\\(\\)]*)(?=[\\s.,;:!?\\#\\-\\*\\|\\[\\]\\(\\)])/is', '', '', 'Y', 'TRNSL'),
(46, 1, '^хуяч*', '/(?<=[\\s.,;:!?\\#\\-\\*\\|\\[\\]\\(\\)])(([ВвЗзСс]+|[ВвЫы]+|[ДдОо]+|[ЗзАа]+|[ИиЗзСс]+|[НнАа]+|[НнЕе]+|[ОоТт]+|([Пп]*[Ее]+[Рр]+[Ее]+)+|)([ХхXx]+)([УуUu]+)([Яя]+)([Чч]+)[^\\s.,;:!?\\#\\-\\*\\|\\[\\]\\(\\)]*)(?=[\\s.,;:!?\\#\\-\\*\\|\\[\\]\\(\\)])/is', '', '', 'Y', 'TRNSL'),
(47, 1, '^ъебал*', '/(?<=[\\s.,;:!?\\#\\-\\*\\|\\[\\]\\(\\)])(([ВвЗзСс]+|[ВвЫы]+|[ДдОо]+|[ЗзАа]+|[ИиЗзСс]+|[НнАа]+|[НнЕе]+|[ОоТт]+|([Пп]*[Ее]+[Рр]+[Ее]+)+|)([ЪъЬь"'']+|)([ЁёЕеEe]+)([БбBb]+)([АаAa]+)([ЛлLl]+)[^\\s.,;:!?\\#\\-\\*\\|\\[\\]\\(\\)]*)(?=[\\s.,;:!?\\#\\-\\*\\|\\[\\]\\(\\)])/is', '', '', 'Y', 'TRNSL'),
(48, 1, '^ъебан*', '/(?<=[\\s.,;:!?\\#\\-\\*\\|\\[\\]\\(\\)])(([ВвЗзСс]+|[ВвЫы]+|[ДдОо]+|[ЗзАа]+|[ИиЗзСс]+|[НнАа]+|[НнЕе]+|[ОоТт]+|([Пп]*[Ее]+[Рр]+[Ее]+)+|)([ЪъЬь"'']+|)([ЁёЕеEe]+)([БбBb]+)([АаAa]+)([НнNn]+)[^\\s.,;:!?\\#\\-\\*\\|\\[\\]\\(\\)]*)(?=[\\s.,;:!?\\#\\-\\*\\|\\[\\]\\(\\)])/is', '', '', 'Y', 'TRNSL'),
(49, 1, '^ъебар*', '/(?<=[\\s.,;:!?\\#\\-\\*\\|\\[\\]\\(\\)])(([ВвЗзСс]+|[ВвЫы]+|[ДдОо]+|[ЗзАа]+|[ИиЗзСс]+|[НнАа]+|[НнЕе]+|[ОоТт]+|([Пп]*[Ее]+[Рр]+[Ее]+)+|)([ЪъЬь"'']+|)([ЁёЕеEe]+)([БбBb]+)([АаAa]+)([РрPpRr]+)[^\\s.,;:!?\\#\\-\\*\\|\\[\\]\\(\\)]*)(?=[\\s.,;:!?\\#\\-\\*\\|\\[\\]\\(\\)])/is', '', '', 'Y', 'TRNSL'),
(50, 1, '^ъебат*', '/(?<=[\\s.,;:!?\\#\\-\\*\\|\\[\\]\\(\\)])(([ВвЗзСс]+|[ВвЫы]+|[ДдОо]+|[ЗзАа]+|[ИиЗзСс]+|[НнАа]+|[НнЕе]+|[ОоТт]+|([Пп]*[Ее]+[Рр]+[Ее]+)+|)([ЪъЬь"'']+|)([ЁёЕеEe]+)([БбBb]+)([АаAa]+)([ТтTt]+)[^\\s.,;:!?\\#\\-\\*\\|\\[\\]\\(\\)]*)(?=[\\s.,;:!?\\#\\-\\*\\|\\[\\]\\(\\)])/is', '', '', 'Y', 'TRNSL'),
(51, 1, '^ъебен*', '/(?<=[\\s.,;:!?\\#\\-\\*\\|\\[\\]\\(\\)])(([ВвЗзСс]+|[ВвЫы]+|[ДдОо]+|[ЗзАа]+|[ИиЗзСс]+|[НнАа]+|[НнЕе]+|[ОоТт]+|([Пп]*[Ее]+[Рр]+[Ее]+)+|)([ЪъЬь"'']+|)([ЁёЕеEe]+)([БбBb]+)([ЁёЕеEe]+)([НнNn]+)[^\\s.,;:!?\\#\\-\\*\\|\\[\\]\\(\\)]*)(?=[\\s.,;:!?\\#\\-\\*\\|\\[\\]\\(\\)])/is', '', '', 'Y', 'TRNSL'),
(52, 1, '^ъеби', '/(?<=[\\s.,;:!?\\#\\-\\*\\|\\[\\]\\(\\)])(([ВвЗзСс]+|[ВвЫы]+|[ДдОо]+|[ЗзАа]+|[ИиЗзСс]+|[НнАа]+|[НнЕе]+|[ОоТт]+|([Пп]*[Ее]+[Рр]+[Ее]+)+|)([ЪъЬь"'']+|)([ЁёЕеEe]+)([БбBb]+)([ИиIi]+))(?=[\\s.,;:!?\\#\\-\\*\\|\\[\\]\\(\\)])/is', '', '', 'Y', 'TRNSL'),
(53, 1, '^ъебис*', '/(?<=[\\s.,;:!?\\#\\-\\*\\|\\[\\]\\(\\)])(([ВвЗзСс]+|[ВвЫы]+|[ДдОо]+|[ЗзАа]+|[ИиЗзСс]+|[НнАа]+|[НнЕе]+|[ОоТт]+|([Пп]*[Ее]+[Рр]+[Ее]+)+|)([ЪъЬь"'']+|)([ЁёЕеEe]+)([БбBb]+)([ИиIi]+)([СсCc]+)[^\\s.,;:!?\\#\\-\\*\\|\\[\\]\\(\\)]*)(?=[\\s.,;:!?\\#\\-\\*\\|\\[\\]\\(\\)])/is', '', '', 'Y', 'TRNSL'),
(54, 1, '^ъебит*', '/(?<=[\\s.,;:!?\\#\\-\\*\\|\\[\\]\\(\\)])(([ВвЗзСс]+|[ВвЫы]+|[ДдОо]+|[ЗзАа]+|[ИиЗзСс]+|[НнАа]+|[НнЕе]+|[ОоТт]+|([Пп]*[Ее]+[Рр]+[Ее]+)+|)([ЪъЬь"'']+|)([ЁёЕеEe]+)([БбBb]+)([ИиIi]+)([ТтTt]+)[^\\s.,;:!?\\#\\-\\*\\|\\[\\]\\(\\)]*)(?=[\\s.,;:!?\\#\\-\\*\\|\\[\\]\\(\\)])/is', '', '', 'Y', 'TRNSL'),
(55, 1, '^ъёбля*', '/(?<=[\\s.,;:!?\\#\\-\\*\\|\\[\\]\\(\\)])(([ВвЗзСс]+|[ВвЫы]+|[ДдОо]+|[ЗзАа]+|[ИиЗзСс]+|[НнАа]+|[НнЕе]+|[ОоТт]+|([Пп]*[Ее]+[Рр]+[Ее]+)+|)([ЪъЬь"'']+|)([ЁёЕеEe]+|[[Йй]+[Оо]+]+)([БбBb]+)([ЛлLl]+)([Яя]+)[^\\s.,;:!?\\#\\-\\*\\|\\[\\]\\(\\)]*)(?=[\\s.,;:!?\\#\\-\\*\\|\\[\\]\\(\\)])/is', '', '', 'Y', 'TRNSL'),
(56, 1, '^ъёбну*', '/(?<=[\\s.,;:!?\\#\\-\\*\\|\\[\\]\\(\\)])(([ВвЗзСс]+|[ВвЫы]+|[ДдОо]+|[ЗзАа]+|[ИиЗзСс]+|[НнАа]+|[НнЕе]+|[ОоТт]+|([Пп]*[Ее]+[Рр]+[Ее]+)+|)([ЪъЬь"'']+|)([ЁёЕеEe]+|[[Йй]+[Оо]+]+)([БбBb]+)([НнNn]+)([УуUu]+)[^\\s.,;:!?\\#\\-\\*\\|\\[\\]\\(\\)]*)(?=[\\s.,;:!?\\#\\-\\*\\|\\[\\]\\(\\)])/is', '', '', 'Y', 'TRNSL'),
(57, 1, '^ъебу', '/(?<=[\\s.,;:!?\\#\\-\\*\\|\\[\\]\\(\\)])(([ВвЗзСс]+|[ВвЫы]+|[ДдОо]+|[ЗзАа]+|[ИиЗзСс]+|[НнАа]+|[НнЕе]+|[ОоТт]+|([Пп]*[Ее]+[Рр]+[Ее]+)+|)([ЪъЬь"'']+|)([ЁёЕеEe]+)([БбBb]+)([УуUu]+))(?=[\\s.,;:!?\\#\\-\\*\\|\\[\\]\\(\\)])/is', '', '', 'Y', 'TRNSL'),
(58, 1, '^ъебуч*', '/(?<=[\\s.,;:!?\\#\\-\\*\\|\\[\\]\\(\\)])(([ВвЗзСс]+|[ВвЫы]+|[ДдОо]+|[ЗзАа]+|[ИиЗзСс]+|[НнАа]+|[НнЕе]+|[ОоТт]+|([Пп]*[Ее]+[Рр]+[Ее]+)+|)([ЪъЬь"'']+|)([ЁёЕеEe]+)([БбBb]+)([УуUu]+)([Чч]+)[^\\s.,;:!?\\#\\-\\*\\|\\[\\]\\(\\)]*)(?=[\\s.,;:!?\\#\\-\\*\\|\\[\\]\\(\\)])/is', '', '', 'Y', 'TRNSL'),
(59, 1, '^ъебыв*', '/(?<=[\\s.,;:!?\\#\\-\\*\\|\\[\\]\\(\\)])(([ВвЗзСс]+|[ВвЫы]+|[ДдОо]+|[ЗзАа]+|[ИиЗзСс]+|[НнАа]+|[НнЕе]+|[ОоТт]+|([Пп]*[Ее]+[Рр]+[Ее]+)+|)([ЪъЬь"'']+|)([ЁёЕеEe]+)([БбBb]+)([Ыы]+)([ВвVv]+)[^\\s.,;:!?\\#\\-\\*\\|\\[\\]\\(\\)]*)(?=[\\s.,;:!?\\#\\-\\*\\|\\[\\]\\(\\)])/is', '', '', 'Y', 'TRNSL'),
(60, 1, '/(?<=[s.,;:!?-#*|[]()])(?![Вв][ЕеЁё][Бб])(([ВвЗзСс]+|[Ввы]+|[ДдОо]+|[ЗзАа]+|[ИиЗзСс]+|[НнАа]+|[НнЕе]+|[ОоТт]+|([Пп]*[Ее]+[Рр]+[Ее]+)|)([ЬьЪъ]+|)([ЁёЕеEe]+|[Йй]+[Оо]+|[Yy]+[Oo]+)([BbБб]+))(?=[s.,;:!?-#*|[]()])/is', '', '', '', 'Y', 'PTTRN'),
(61, 3, 'angry', '/(?<=[\\s.,;:!?\\#\\-\\*\\|\\[\\]\\(\\)])(a+n+g+r+y+)(?=[\\s.,;:!?\\#\\-\\*\\|\\[\\]\\(\\)])/is', '', '', 'Y', 'TRNSL'),
(62, 3, 'ass', '/(?<=[\\s.,;:!?\\#\\-\\*\\|\\[\\]\\(\\)])(a+s+s+)(?=[\\s.,;:!?\\#\\-\\*\\|\\[\\]\\(\\)])/is', '', '', 'Y', 'TRNSL'),
(63, 3, 'asshole', '/(?<=[\\s.,;:!?\\#\\-\\*\\|\\[\\]\\(\\)])(a+s+s+h+o+l+e+)(?=[\\s.,;:!?\\#\\-\\*\\|\\[\\]\\(\\)])/is', '', '', 'Y', 'TRNSL'),
(64, 3, 'banger', '/(?<=[\\s.,;:!?\\#\\-\\*\\|\\[\\]\\(\\)])(b+a+n+g+e+r+)(?=[\\s.,;:!?\\#\\-\\*\\|\\[\\]\\(\\)])/is', '', '', 'Y', 'TRNSL'),
(65, 3, 'bastard', '/(?<=[\\s.,;:!?\\#\\-\\*\\|\\[\\]\\(\\)])(b+a+s+t+a+r+d+)(?=[\\s.,;:!?\\#\\-\\*\\|\\[\\]\\(\\)])/is', '', '', 'Y', 'TRNSL'),
(66, 3, 'batter', '/(?<=[\\s.,;:!?\\#\\-\\*\\|\\[\\]\\(\\)])(b+a+t+t+e+r+)(?=[\\s.,;:!?\\#\\-\\*\\|\\[\\]\\(\\)])/is', '', '', 'Y', 'TRNSL'),
(67, 3, 'bicho', '/(?<=[\\s.,;:!?\\#\\-\\*\\|\\[\\]\\(\\)])(b+i+c+h+o+)(?=[\\s.,;:!?\\#\\-\\*\\|\\[\\]\\(\\)])/is', '', '', 'Y', 'TRNSL'),
(68, 3, 'bisexual', '/(?<=[\\s.,;:!?\\#\\-\\*\\|\\[\\]\\(\\)])(b+i+s+e+x+u+a+l+)(?=[\\s.,;:!?\\#\\-\\*\\|\\[\\]\\(\\)])/is', '', '', 'Y', 'TRNSL'),
(69, 3, 'bitch', '/(?<=[\\s.,;:!?\\#\\-\\*\\|\\[\\]\\(\\)])(b+i+t+c+h+)(?=[\\s.,;:!?\\#\\-\\*\\|\\[\\]\\(\\)])/is', '', '', 'Y', 'TRNSL'),
(70, 3, 'blumpkin', '/(?<=[\\s.,;:!?\\#\\-\\*\\|\\[\\]\\(\\)])(b+l+u+m+p+k+i+n+)(?=[\\s.,;:!?\\#\\-\\*\\|\\[\\]\\(\\)])/is', '', '', 'Y', 'TRNSL'),
(71, 3, 'booger', '/(?<=[\\s.,;:!?\\#\\-\\*\\|\\[\\]\\(\\)])(b+o+o+g+e+r+)(?=[\\s.,;:!?\\#\\-\\*\\|\\[\\]\\(\\)])/is', '', '', 'Y', 'TRNSL'),
(72, 3, 'bugger*', '/(?<=[\\s.,;:!?\\#\\-\\*\\|\\[\\]\\(\\)])(b+u+g+g+e+r+[^\\s.,;:!?\\#\\-\\*\\|\\[\\]\\(\\)]*)(?=[\\s.,;:!?\\#\\-\\*\\|\\[\\]\\(\\)])/is', '', '', 'Y', 'TRNSL'),
(73, 3, 'bukakke', '/(?<=[\\s.,;:!?\\#\\-\\*\\|\\[\\]\\(\\)])(b+u+k+a+k+k+e+)(?=[\\s.,;:!?\\#\\-\\*\\|\\[\\]\\(\\)])/is', '', '', 'Y', 'TRNSL'),
(74, 3, 'bull', '/(?<=[\\s.,;:!?\\#\\-\\*\\|\\[\\]\\(\\)])(b+u+l+l+)(?=[\\s.,;:!?\\#\\-\\*\\|\\[\\]\\(\\)])/is', '', '', 'Y', 'TRNSL'),
(75, 3, 'bulldyke', '/(?<=[\\s.,;:!?\\#\\-\\*\\|\\[\\]\\(\\)])(b+u+l+l+d+y+k+e+)(?=[\\s.,;:!?\\#\\-\\*\\|\\[\\]\\(\\)])/is', '', '', 'Y', 'TRNSL'),
(76, 3, 'bullshit', '/(?<=[\\s.,;:!?\\#\\-\\*\\|\\[\\]\\(\\)])(b+u+l+l+s+h+i+t+)(?=[\\s.,;:!?\\#\\-\\*\\|\\[\\]\\(\\)])/is', '', '', 'Y', 'TRNSL'),
(77, 3, 'bunny', '/(?<=[\\s.,;:!?\\#\\-\\*\\|\\[\\]\\(\\)])(b+u+n+n+y+)(?=[\\s.,;:!?\\#\\-\\*\\|\\[\\]\\(\\)])/is', '', '', 'Y', 'TRNSL'),
(78, 3, 'bunnyfuck', '/(?<=[\\s.,;:!?\\#\\-\\*\\|\\[\\]\\(\\)])(b+u+n+n+y+f+u+c+k+)(?=[\\s.,;:!?\\#\\-\\*\\|\\[\\]\\(\\)])/is', '', '', 'Y', 'TRNSL'),
(79, 3, 'chocha', '/(?<=[\\s.,;:!?\\#\\-\\*\\|\\[\\]\\(\\)])(c+h+o+c+h+a+)(?=[\\s.,;:!?\\#\\-\\*\\|\\[\\]\\(\\)])/is', '', '', 'Y', 'TRNSL'),
(80, 3, 'chode', '/(?<=[\\s.,;:!?\\#\\-\\*\\|\\[\\]\\(\\)])(c+h+o+d+e+)(?=[\\s.,;:!?\\#\\-\\*\\|\\[\\]\\(\\)])/is', '', '', 'Y', 'TRNSL'),
(81, 3, 'clap', '/(?<=[\\s.,;:!?\\#\\-\\*\\|\\[\\]\\(\\)])(c+l+a+p+)(?=[\\s.,;:!?\\#\\-\\*\\|\\[\\]\\(\\)])/is', '', '', 'Y', 'TRNSL'),
(82, 3, 'coconuts', '/(?<=[\\s.,;:!?\\#\\-\\*\\|\\[\\]\\(\\)])(c+o+c+o+n+u+t+s+)(?=[\\s.,;:!?\\#\\-\\*\\|\\[\\]\\(\\)])/is', '', '', 'Y', 'TRNSL'),
(83, 3, 'cohones', '/(?<=[\\s.,;:!?\\#\\-\\*\\|\\[\\]\\(\\)])(c+o+h+o+n+e+s+)(?=[\\s.,;:!?\\#\\-\\*\\|\\[\\]\\(\\)])/is', '', '', 'Y', 'TRNSL'),
(84, 3, 'cojones', '/(?<=[\\s.,;:!?\\#\\-\\*\\|\\[\\]\\(\\)])(c+o+j+o+n+e+s+)(?=[\\s.,;:!?\\#\\-\\*\\|\\[\\]\\(\\)])/is', '', '', 'Y', 'TRNSL'),
(85, 3, 'coon', '/(?<=[\\s.,;:!?\\#\\-\\*\\|\\[\\]\\(\\)])(c+o+o+n+)(?=[\\s.,;:!?\\#\\-\\*\\|\\[\\]\\(\\)])/is', '', '', 'Y', 'TRNSL'),
(86, 3, 'cootch', '/(?<=[\\s.,;:!?\\#\\-\\*\\|\\[\\]\\(\\)])(c+o+o+t+c+h+)(?=[\\s.,;:!?\\#\\-\\*\\|\\[\\]\\(\\)])/is', '', '', 'Y', 'TRNSL'),
(87, 3, 'cooter', '/(?<=[\\s.,;:!?\\#\\-\\*\\|\\[\\]\\(\\)])(c+o+o+t+e+r+)(?=[\\s.,;:!?\\#\\-\\*\\|\\[\\]\\(\\)])/is', '', '', 'Y', 'TRNSL'),
(88, 3, 'cornhole', '/(?<=[\\s.,;:!?\\#\\-\\*\\|\\[\\]\\(\\)])(c+o+r+n+h+o+l+e+)(?=[\\s.,;:!?\\#\\-\\*\\|\\[\\]\\(\\)])/is', '', '', 'Y', 'TRNSL'),
(89, 3, 'cracka', '/(?<=[\\s.,;:!?\\#\\-\\*\\|\\[\\]\\(\\)])(c+r+a+c+k+a+)(?=[\\s.,;:!?\\#\\-\\*\\|\\[\\]\\(\\)])/is', '', '', 'Y', 'TRNSL'),
(90, 3, 'crap', '/(?<=[\\s.,;:!?\\#\\-\\*\\|\\[\\]\\(\\)])(c+r+a+p+)(?=[\\s.,;:!?\\#\\-\\*\\|\\[\\]\\(\\)])/is', '', '', 'Y', 'TRNSL'),
(91, 3, 'cum', '/(?<=[\\s.,;:!?\\#\\-\\*\\|\\[\\]\\(\\)])(c+u+m+)(?=[\\s.,;:!?\\#\\-\\*\\|\\[\\]\\(\\)])/is', '', '', 'Y', 'TRNSL'),
(92, 3, 'cunnilingus', '/(?<=[\\s.,;:!?\\#\\-\\*\\|\\[\\]\\(\\)])(c+u+n+n+i+l+i+n+g+u+s+)(?=[\\s.,;:!?\\#\\-\\*\\|\\[\\]\\(\\)])/is', '', '', 'Y', 'TRNSL'),
(93, 3, 'cunt*', '/(?<=[\\s.,;:!?\\#\\-\\*\\|\\[\\]\\(\\)])(c+u+n+t+[^\\s.,;:!?\\#\\-\\*\\|\\[\\]\\(\\)]*)(?=[\\s.,;:!?\\#\\-\\*\\|\\[\\]\\(\\)])/is', '', '', 'Y', 'TRNSL'),
(94, 3, 'damn*', '/(?<=[\\s.,;:!?\\#\\-\\*\\|\\[\\]\\(\\)])(d+a+m+n+[^\\s.,;:!?\\#\\-\\*\\|\\[\\]\\(\\)]*)(?=[\\s.,;:!?\\#\\-\\*\\|\\[\\]\\(\\)])/is', '', '', 'Y', 'TRNSL'),
(95, 3, 'dark*', '/(?<=[\\s.,;:!?\\#\\-\\*\\|\\[\\]\\(\\)])(d+a+r+k+[^\\s.,;:!?\\#\\-\\*\\|\\[\\]\\(\\)]*)(?=[\\s.,;:!?\\#\\-\\*\\|\\[\\]\\(\\)])/is', '', '', 'Y', 'TRNSL'),
(96, 3, 'dick', '/(?<=[\\s.,;:!?\\#\\-\\*\\|\\[\\]\\(\\)])(d+i+c+k+)(?=[\\s.,;:!?\\#\\-\\*\\|\\[\\]\\(\\)])/is', '', '', 'Y', 'TRNSL'),
(97, 3, 'dickhead', '/(?<=[\\s.,;:!?\\#\\-\\*\\|\\[\\]\\(\\)])(d+i+c+k+h+e+a+d+)(?=[\\s.,;:!?\\#\\-\\*\\|\\[\\]\\(\\)])/is', '', '', 'Y', 'TRNSL'),
(98, 3, 'diddle', '/(?<=[\\s.,;:!?\\#\\-\\*\\|\\[\\]\\(\\)])(d+i+d+d+l+e+)(?=[\\s.,;:!?\\#\\-\\*\\|\\[\\]\\(\\)])/is', '', '', 'Y', 'TRNSL'),
(99, 3, 'dildo', '/(?<=[\\s.,;:!?\\#\\-\\*\\|\\[\\]\\(\\)])(d+i+l+d+o+)(?=[\\s.,;:!?\\#\\-\\*\\|\\[\\]\\(\\)])/is', '', '', 'Y', 'TRNSL'),
(100, 3, 'dilhole', '/(?<=[\\s.,;:!?\\#\\-\\*\\|\\[\\]\\(\\)])(d+i+l+h+o+l+e+)(?=[\\s.,;:!?\\#\\-\\*\\|\\[\\]\\(\\)])/is', '', '', 'Y', 'TRNSL'),
(101, 3, 'dingleberry', '/(?<=[\\s.,;:!?\\#\\-\\*\\|\\[\\]\\(\\)])(d+i+n+g+l+e+b+e+r+r+y+)(?=[\\s.,;:!?\\#\\-\\*\\|\\[\\]\\(\\)])/is', '', '', 'Y', 'TRNSL'),
(102, 3, 'doodle', '/(?<=[\\s.,;:!?\\#\\-\\*\\|\\[\\]\\(\\)])(d+o+o+d+l+e+)(?=[\\s.,;:!?\\#\\-\\*\\|\\[\\]\\(\\)])/is', '', '', 'Y', 'TRNSL'),
(103, 3, 'dork', '/(?<=[\\s.,;:!?\\#\\-\\*\\|\\[\\]\\(\\)])(d+o+r+k+)(?=[\\s.,;:!?\\#\\-\\*\\|\\[\\]\\(\\)])/is', '', '', 'Y', 'TRNSL'),
(104, 3, 'dumpster', '/(?<=[\\s.,;:!?\\#\\-\\*\\|\\[\\]\\(\\)])(d+u+m+p+s+t+e+r+)(?=[\\s.,;:!?\\#\\-\\*\\|\\[\\]\\(\\)])/is', '', '', 'Y', 'TRNSL'),
(105, 3, 'faggot', '/(?<=[\\s.,;:!?\\#\\-\\*\\|\\[\\]\\(\\)])(f+a+g+g+o+t+)(?=[\\s.,;:!?\\#\\-\\*\\|\\[\\]\\(\\)])/is', '', '', 'Y', 'TRNSL'),
(106, 3, 'fart', '/(?<=[\\s.,;:!?\\#\\-\\*\\|\\[\\]\\(\\)])(f+a+r+t+)(?=[\\s.,;:!?\\#\\-\\*\\|\\[\\]\\(\\)])/is', '', '', 'Y', 'TRNSL'),
(107, 3, 'frig', '/(?<=[\\s.,;:!?\\#\\-\\*\\|\\[\\]\\(\\)])(f+r+i+g+)(?=[\\s.,;:!?\\#\\-\\*\\|\\[\\]\\(\\)])/is', '', '', 'Y', 'TRNSL'),
(108, 3, 'fuck*', '/(?<=[\\s.,;:!?\\#\\-\\*\\|\\[\\]\\(\\)])(f+u+c+k+[^\\s.,;:!?\\#\\-\\*\\|\\[\\]\\(\\)]*)(?=[\\s.,;:!?\\#\\-\\*\\|\\[\\]\\(\\)])/is', '', '', 'Y', 'TRNSL'),
(109, 3, 'fucker', '/(?<=[\\s.,;:!?\\#\\-\\*\\|\\[\\]\\(\\)])(f+u+c+k+e+r+)(?=[\\s.,;:!?\\#\\-\\*\\|\\[\\]\\(\\)])/is', '', '', 'Y', 'TRNSL'),
(110, 3, 'giz', '/(?<=[\\s.,;:!?\\#\\-\\*\\|\\[\\]\\(\\)])(g+i+z+)(?=[\\s.,;:!?\\#\\-\\*\\|\\[\\]\\(\\)])/is', '', '', 'Y', 'TRNSL'),
(111, 3, 'goatse', '/(?<=[\\s.,;:!?\\#\\-\\*\\|\\[\\]\\(\\)])(g+o+a+t+s+e+)(?=[\\s.,;:!?\\#\\-\\*\\|\\[\\]\\(\\)])/is', '', '', 'Y', 'TRNSL'),
(112, 3, 'gook', '/(?<=[\\s.,;:!?\\#\\-\\*\\|\\[\\]\\(\\)])(g+o+o+k+)(?=[\\s.,;:!?\\#\\-\\*\\|\\[\\]\\(\\)])/is', '', '', 'Y', 'TRNSL'),
(113, 3, 'gringo', '/(?<=[\\s.,;:!?\\#\\-\\*\\|\\[\\]\\(\\)])(g+r+i+n+g+o+)(?=[\\s.,;:!?\\#\\-\\*\\|\\[\\]\\(\\)])/is', '', '', 'Y', 'TRNSL'),
(114, 3, 'hobo', '/(?<=[\\s.,;:!?\\#\\-\\*\\|\\[\\]\\(\\)])(h+o+b+o+)(?=[\\s.,;:!?\\#\\-\\*\\|\\[\\]\\(\\)])/is', '', '', 'Y', 'TRNSL'),
(115, 3, 'honky', '/(?<=[\\s.,;:!?\\#\\-\\*\\|\\[\\]\\(\\)])(h+o+n+k+y+)(?=[\\s.,;:!?\\#\\-\\*\\|\\[\\]\\(\\)])/is', '', '', 'Y', 'TRNSL'),
(116, 3, 'jackass', '/(?<=[\\s.,;:!?\\#\\-\\*\\|\\[\\]\\(\\)])(j+a+c+k+a+s+s+)(?=[\\s.,;:!?\\#\\-\\*\\|\\[\\]\\(\\)])/is', '', '', 'Y', 'TRNSL'),
(117, 3, 'jackoff', '/(?<=[\\s.,;:!?\\#\\-\\*\\|\\[\\]\\(\\)])(j+a+c+k+o+f+f+)(?=[\\s.,;:!?\\#\\-\\*\\|\\[\\]\\(\\)])/is', '', '', 'Y', 'TRNSL'),
(118, 3, 'jerkoff', '/(?<=[\\s.,;:!?\\#\\-\\*\\|\\[\\]\\(\\)])(j+e+r+k+o+f+f+)(?=[\\s.,;:!?\\#\\-\\*\\|\\[\\]\\(\\)])/is', '', '', 'Y', 'TRNSL'),
(119, 3, 'jiggaboo', '/(?<=[\\s.,;:!?\\#\\-\\*\\|\\[\\]\\(\\)])(j+i+g+g+a+b+o+o+)(?=[\\s.,;:!?\\#\\-\\*\\|\\[\\]\\(\\)])/is', '', '', 'Y', 'TRNSL'),
(120, 3, 'jizz', '/(?<=[\\s.,;:!?\\#\\-\\*\\|\\[\\]\\(\\)])(j+i+z+z+)(?=[\\s.,;:!?\\#\\-\\*\\|\\[\\]\\(\\)])/is', '', '', 'Y', 'TRNSL'),
(121, 3, 'kike', '/(?<=[\\s.,;:!?\\#\\-\\*\\|\\[\\]\\(\\)])(k+i+k+e+)(?=[\\s.,;:!?\\#\\-\\*\\|\\[\\]\\(\\)])/is', '', '', 'Y', 'TRNSL'),
(122, 3, 'mayo', '/(?<=[\\s.,;:!?\\#\\-\\*\\|\\[\\]\\(\\)])(m+a+y+o+)(?=[\\s.,;:!?\\#\\-\\*\\|\\[\\]\\(\\)])/is', '', '', 'Y', 'TRNSL'),
(123, 3, 'moose', '/(?<=[\\s.,;:!?\\#\\-\\*\\|\\[\\]\\(\\)])(m+o+o+s+e+)(?=[\\s.,;:!?\\#\\-\\*\\|\\[\\]\\(\\)])/is', '', '', 'Y', 'TRNSL'),
(124, 3, 'nigg*', '/(?<=[\\s.,;:!?\\#\\-\\*\\|\\[\\]\\(\\)])(n+i+g+g+[^\\s.,;:!?\\#\\-\\*\\|\\[\\]\\(\\)]*)(?=[\\s.,;:!?\\#\\-\\*\\|\\[\\]\\(\\)])/is', '', '', 'Y', 'TRNSL'),
(125, 3, 'paki', '/(?<=[\\s.,;:!?\\#\\-\\*\\|\\[\\]\\(\\)])(p+a+k+i+)(?=[\\s.,;:!?\\#\\-\\*\\|\\[\\]\\(\\)])/is', '', '', 'Y', 'TRNSL'),
(126, 3, 'pecker', '/(?<=[\\s.,;:!?\\#\\-\\*\\|\\[\\]\\(\\)])(p+e+c+k+e+r+)(?=[\\s.,;:!?\\#\\-\\*\\|\\[\\]\\(\\)])/is', '', '', 'Y', 'TRNSL'),
(127, 3, 'piss', '/(?<=[\\s.,;:!?\\#\\-\\*\\|\\[\\]\\(\\)])(p+i+s+s+)(?=[\\s.,;:!?\\#\\-\\*\\|\\[\\]\\(\\)])/is', '', '', 'Y', 'TRNSL'),
(128, 3, 'poonanni', '/(?<=[\\s.,;:!?\\#\\-\\*\\|\\[\\]\\(\\)])(p+o+o+n+a+n+n+i+)(?=[\\s.,;:!?\\#\\-\\*\\|\\[\\]\\(\\)])/is', '', '', 'Y', 'TRNSL'),
(129, 3, 'poontang', '/(?<=[\\s.,;:!?\\#\\-\\*\\|\\[\\]\\(\\)])(p+o+o+n+t+a+n+g+)(?=[\\s.,;:!?\\#\\-\\*\\|\\[\\]\\(\\)])/is', '', '', 'Y', 'TRNSL'),
(130, 3, 'prick', '/(?<=[\\s.,;:!?\\#\\-\\*\\|\\[\\]\\(\\)])(p+r+i+c+k+)(?=[\\s.,;:!?\\#\\-\\*\\|\\[\\]\\(\\)])/is', '', '', 'Y', 'TRNSL'),
(131, 3, 'punch', '/(?<=[\\s.,;:!?\\#\\-\\*\\|\\[\\]\\(\\)])(p+u+n+c+h+)(?=[\\s.,;:!?\\#\\-\\*\\|\\[\\]\\(\\)])/is', '', '', 'Y', 'TRNSL'),
(132, 3, 'queef', '/(?<=[\\s.,;:!?\\#\\-\\*\\|\\[\\]\\(\\)])(q+u+e+e+f+)(?=[\\s.,;:!?\\#\\-\\*\\|\\[\\]\\(\\)])/is', '', '', 'Y', 'TRNSL'),
(133, 3, 'rogue', '/(?<=[\\s.,;:!?\\#\\-\\*\\|\\[\\]\\(\\)])(r+o+g+u+e+)(?=[\\s.,;:!?\\#\\-\\*\\|\\[\\]\\(\\)])/is', '', '', 'Y', 'TRNSL'),
(134, 3, 'sanchez', '/(?<=[\\s.,;:!?\\#\\-\\*\\|\\[\\]\\(\\)])(s+a+n+c+h+e+z+)(?=[\\s.,;:!?\\#\\-\\*\\|\\[\\]\\(\\)])/is', '', '', 'Y', 'TRNSL'),
(135, 3, 'schlong', '/(?<=[\\s.,;:!?\\#\\-\\*\\|\\[\\]\\(\\)])(s+c+h+l+o+n+g+)(?=[\\s.,;:!?\\#\\-\\*\\|\\[\\]\\(\\)])/is', '', '', 'Y', 'TRNSL'),
(136, 3, 'shit', '/(?<=[\\s.,;:!?\\#\\-\\*\\|\\[\\]\\(\\)])(s+h+i+t+)(?=[\\s.,;:!?\\#\\-\\*\\|\\[\\]\\(\\)])/is', '', '', 'Y', 'TRNSL'),
(137, 3, 'skank', '/(?<=[\\s.,;:!?\\#\\-\\*\\|\\[\\]\\(\\)])(s+k+a+n+k+)(?=[\\s.,;:!?\\#\\-\\*\\|\\[\\]\\(\\)])/is', '', '', 'Y', 'TRNSL'),
(138, 3, 'spaz', '/(?<=[\\s.,;:!?\\#\\-\\*\\|\\[\\]\\(\\)])(s+p+a+z+)(?=[\\s.,;:!?\\#\\-\\*\\|\\[\\]\\(\\)])/is', '', '', 'Y', 'TRNSL'),
(139, 3, 'spic', '/(?<=[\\s.,;:!?\\#\\-\\*\\|\\[\\]\\(\\)])(s+p+i+c+)(?=[\\s.,;:!?\\#\\-\\*\\|\\[\\]\\(\\)])/is', '', '', 'Y', 'TRNSL'),
(140, 3, 'teabag*', '/(?<=[\\s.,;:!?\\#\\-\\*\\|\\[\\]\\(\\)])(t+e+a+b+a+g+[^\\s.,;:!?\\#\\-\\*\\|\\[\\]\\(\\)]*)(?=[\\s.,;:!?\\#\\-\\*\\|\\[\\]\\(\\)])/is', '', '', 'Y', 'TRNSL'),
(141, 3, 'tits', '/(?<=[\\s.,;:!?\\#\\-\\*\\|\\[\\]\\(\\)])(t+i+t+s+)(?=[\\s.,;:!?\\#\\-\\*\\|\\[\\]\\(\\)])/is', '', '', 'Y', 'TRNSL'),
(142, 3, 'twat', '/(?<=[\\s.,;:!?\\#\\-\\*\\|\\[\\]\\(\\)])(t+w+a+t+)(?=[\\s.,;:!?\\#\\-\\*\\|\\[\\]\\(\\)])/is', '', '', 'Y', 'TRNSL'),
(143, 3, 'twot', '/(?<=[\\s.,;:!?\\#\\-\\*\\|\\[\\]\\(\\)])(t+w+o+t+)(?=[\\s.,;:!?\\#\\-\\*\\|\\[\\]\\(\\)])/is', '', '', 'Y', 'TRNSL'),
(144, 3, 'vart', '/(?<=[\\s.,;:!?\\#\\-\\*\\|\\[\\]\\(\\)])(v+a+r+t+)(?=[\\s.,;:!?\\#\\-\\*\\|\\[\\]\\(\\)])/is', '', '', 'Y', 'TRNSL'),
(145, 3, 'wanker', '/(?<=[\\s.,;:!?\\#\\-\\*\\|\\[\\]\\(\\)])(w+a+n+k+e+r+)(?=[\\s.,;:!?\\#\\-\\*\\|\\[\\]\\(\\)])/is', '', '', 'Y', 'TRNSL'),
(146, 3, 'waste', '/(?<=[\\s.,;:!?\\#\\-\\*\\|\\[\\]\\(\\)])(w+a+s+t+e+)(?=[\\s.,;:!?\\#\\-\\*\\|\\[\\]\\(\\)])/is', '', '', 'Y', 'TRNSL'),
(147, 3, 'wetback', '/(?<=[\\s.,;:!?\\#\\-\\*\\|\\[\\]\\(\\)])(w+e+t+b+a+c+k+)(?=[\\s.,;:!?\\#\\-\\*\\|\\[\\]\\(\\)])/is', '', '', 'Y', 'TRNSL'),
(148, 3, 'whore', '/(?<=[\\s.,;:!?\\#\\-\\*\\|\\[\\]\\(\\)])(w+h+o+r+e+)(?=[\\s.,;:!?\\#\\-\\*\\|\\[\\]\\(\\)])/is', '', '', 'Y', 'TRNSL'),
(149, 3, 'wigger', '/(?<=[\\s.,;:!?\\#\\-\\*\\|\\[\\]\\(\\)])(w+i+g+g+e+r+)(?=[\\s.,;:!?\\#\\-\\*\\|\\[\\]\\(\\)])/is', '', '', 'Y', 'TRNSL'),
(150, 3, 'wog', '/(?<=[\\s.,;:!?\\#\\-\\*\\|\\[\\]\\(\\)])(w+o+g+)(?=[\\s.,;:!?\\#\\-\\*\\|\\[\\]\\(\\)])/is', '', '', 'Y', 'TRNSL'),
(151, 3, 'wop', '/(?<=[\\s.,;:!?\\#\\-\\*\\|\\[\\]\\(\\)])(w+o+p+)(?=[\\s.,;:!?\\#\\-\\*\\|\\[\\]\\(\\)])/is', '', '', 'Y', 'TRNSL');

-- --------------------------------------------------------

--
-- Структура таблицы `b_forum_group`
--

CREATE TABLE IF NOT EXISTS `b_forum_group` (
  `ID` int(11) NOT NULL AUTO_INCREMENT,
  `SORT` int(11) NOT NULL DEFAULT '150',
  `PARENT_ID` int(11) DEFAULT NULL,
  `LEFT_MARGIN` int(11) DEFAULT NULL,
  `RIGHT_MARGIN` int(11) DEFAULT NULL,
  `DEPTH_LEVEL` int(11) DEFAULT NULL,
  `XML_ID` varchar(255) DEFAULT NULL,
  PRIMARY KEY (`ID`)
) ENGINE=MyISAM  DEFAULT CHARSET=cp1251 AUTO_INCREMENT=2 ;

--
-- Дамп данных таблицы `b_forum_group`
--

INSERT INTO `b_forum_group` (`ID`, `SORT`, `PARENT_ID`, `LEFT_MARGIN`, `RIGHT_MARGIN`, `DEPTH_LEVEL`, `XML_ID`) VALUES
(1, 1, NULL, 1, 2, 1, NULL);

-- --------------------------------------------------------

--
-- Структура таблицы `b_forum_group_lang`
--

CREATE TABLE IF NOT EXISTS `b_forum_group_lang` (
  `ID` int(11) NOT NULL AUTO_INCREMENT,
  `FORUM_GROUP_ID` int(11) NOT NULL,
  `LID` char(2) NOT NULL,
  `NAME` varchar(255) NOT NULL,
  `DESCRIPTION` varchar(255) DEFAULT NULL,
  PRIMARY KEY (`ID`),
  UNIQUE KEY `UX_FORUM_GROUP` (`FORUM_GROUP_ID`,`LID`)
) ENGINE=MyISAM  DEFAULT CHARSET=cp1251 AUTO_INCREMENT=3 ;

--
-- Дамп данных таблицы `b_forum_group_lang`
--

INSERT INTO `b_forum_group_lang` (`ID`, `FORUM_GROUP_ID`, `LID`, `NAME`, `DESCRIPTION`) VALUES
(1, 1, 'en', 'Forum for comments', ''),
(2, 1, 'ru', 'Форумы для комментариев', '');

-- --------------------------------------------------------

--
-- Структура таблицы `b_forum_letter`
--

CREATE TABLE IF NOT EXISTS `b_forum_letter` (
  `ID` int(11) NOT NULL AUTO_INCREMENT,
  `DICTIONARY_ID` int(11) DEFAULT '0',
  `LETTER` varchar(50) DEFAULT NULL,
  `REPLACEMENT` varchar(255) DEFAULT NULL,
  PRIMARY KEY (`ID`)
) ENGINE=MyISAM  DEFAULT CHARSET=cp1251 AUTO_INCREMENT=38 ;

--
-- Дамп данных таблицы `b_forum_letter`
--

INSERT INTO `b_forum_letter` (`ID`, `DICTIONARY_ID`, `LETTER`, `REPLACEMENT`) VALUES
(1, 2, 'а', 'АаAa'),
(2, 2, 'б', 'БбBb'),
(3, 2, 'в', 'ВвVv'),
(4, 2, 'г', 'Гг'),
(5, 2, 'д', 'ДдDd'),
(6, 2, 'е', 'ЁёЕеEe'),
(7, 2, 'ё', 'ЁёЕеEe, [Йй]+[Оо]+'),
(8, 2, 'ж', 'ЖжGg'),
(9, 2, 'з', 'ЗзZz3'),
(10, 2, 'и', 'ИиIi'),
(11, 2, 'й', 'ЙйИиYy'),
(12, 2, 'к', 'КкKk'),
(13, 2, 'л', 'ЛлLl'),
(14, 2, 'м', 'МмMm'),
(15, 2, 'н', 'НнNn'),
(16, 2, 'о', 'ОоOo'),
(17, 2, 'п', 'ПпPp'),
(18, 2, 'р', 'РрPpRr'),
(19, 2, 'с', 'СсCc'),
(20, 2, 'т', 'ТтTt'),
(21, 2, 'у', 'УуUu'),
(22, 2, 'ф', 'ФфFf'),
(23, 2, 'х', 'ХхXx'),
(24, 2, 'ц', 'ЦцCc'),
(25, 2, 'ч', 'Чч'),
(26, 2, 'ш', 'Шш'),
(27, 2, 'щ', 'Щщ'),
(28, 2, 'ь', 'ЪъЬь"'','),
(29, 2, 'ы', 'Ыы'),
(30, 2, 'ъ', 'ЪъЬь"'','),
(31, 2, 'э', 'Ээ'),
(32, 2, 'ю', 'Юю, [Йй]+[Оо]+'),
(33, 2, 'я', 'Яя'),
(34, 2, '%', '[Цц]+([Аа]+|[Оо]+), [Тт]+([Ьь]+|)[Сс]+[Яя]+'),
(35, 2, '^', ',ВвЗзСс,ВвЫы,ДдОо,ЗзАа,ИиЗзСс,НнАа,НнЕе,ОоТт,([Пп]*[Ее]+[Рр]+[Ее]+)'),
(36, 2, 'тся', '%'),
(37, 2, 'ться', '%');

-- --------------------------------------------------------

--
-- Структура таблицы `b_forum_message`
--

CREATE TABLE IF NOT EXISTS `b_forum_message` (
  `ID` bigint(20) NOT NULL AUTO_INCREMENT,
  `FORUM_ID` int(10) NOT NULL,
  `TOPIC_ID` bigint(20) NOT NULL,
  `USE_SMILES` char(1) NOT NULL DEFAULT 'Y',
  `NEW_TOPIC` char(1) NOT NULL DEFAULT 'N',
  `APPROVED` char(1) NOT NULL DEFAULT 'Y',
  `SOURCE_ID` varchar(255) NOT NULL DEFAULT 'WEB',
  `POST_DATE` datetime NOT NULL,
  `POST_MESSAGE` text,
  `POST_MESSAGE_HTML` text,
  `POST_MESSAGE_FILTER` text,
  `POST_MESSAGE_CHECK` char(32) DEFAULT NULL,
  `ATTACH_IMG` int(11) DEFAULT NULL,
  `PARAM1` varchar(2) DEFAULT NULL,
  `PARAM2` int(11) DEFAULT NULL,
  `AUTHOR_ID` int(10) DEFAULT NULL,
  `AUTHOR_NAME` varchar(255) DEFAULT NULL,
  `AUTHOR_EMAIL` varchar(255) DEFAULT NULL,
  `AUTHOR_IP` varchar(255) DEFAULT NULL,
  `AUTHOR_REAL_IP` varchar(128) DEFAULT NULL,
  `GUEST_ID` int(10) DEFAULT NULL,
  `EDITOR_ID` int(10) DEFAULT NULL,
  `EDITOR_NAME` varchar(255) DEFAULT NULL,
  `EDITOR_EMAIL` varchar(255) DEFAULT NULL,
  `EDIT_REASON` text,
  `EDIT_DATE` datetime DEFAULT NULL,
  `XML_ID` varchar(255) DEFAULT NULL,
  `HTML` text,
  `MAIL_HEADER` text,
  PRIMARY KEY (`ID`),
  KEY `IX_FORUM_MESSAGE_FORUM` (`FORUM_ID`,`APPROVED`),
  KEY `IX_FORUM_MESSAGE_TOPIC` (`TOPIC_ID`,`APPROVED`,`ID`),
  KEY `IX_FORUM_MESSAGE_AUTHOR` (`AUTHOR_ID`,`APPROVED`,`FORUM_ID`,`ID`),
  KEY `IX_FORUM_MESSAGE_APPROVED` (`APPROVED`),
  KEY `IX_FORUM_MESSAGE_PARAM2` (`PARAM2`),
  KEY `IX_FORUM_MESSAGE_XML_ID` (`XML_ID`),
  KEY `IX_FORUM_MESSAGE_DATE_AUTHOR_ID` (`POST_DATE`,`AUTHOR_ID`),
  KEY `IX_FORUM_MESSAGE_AUTHOR_TOPIC_ID` (`AUTHOR_ID`,`TOPIC_ID`,`ID`),
  KEY `IX_FORUM_MESSAGE_AUTHOR_FORUM_ID` (`AUTHOR_ID`,`FORUM_ID`,`ID`,`APPROVED`,`TOPIC_ID`)
) ENGINE=MyISAM DEFAULT CHARSET=cp1251 AUTO_INCREMENT=1 ;

-- --------------------------------------------------------

--
-- Структура таблицы `b_forum_perms`
--

CREATE TABLE IF NOT EXISTS `b_forum_perms` (
  `ID` int(11) NOT NULL AUTO_INCREMENT,
  `FORUM_ID` int(11) NOT NULL,
  `GROUP_ID` int(11) NOT NULL,
  `PERMISSION` char(1) NOT NULL DEFAULT 'M',
  PRIMARY KEY (`ID`),
  KEY `IX_FORUM_PERMS_FORUM` (`FORUM_ID`,`GROUP_ID`),
  KEY `IX_FORUM_PERMS_GROUP` (`GROUP_ID`)
) ENGINE=MyISAM  DEFAULT CHARSET=cp1251 AUTO_INCREMENT=2 ;

--
-- Дамп данных таблицы `b_forum_perms`
--

INSERT INTO `b_forum_perms` (`ID`, `FORUM_ID`, `GROUP_ID`, `PERMISSION`) VALUES
(1, 1, 2, 'M');

-- --------------------------------------------------------

--
-- Структура таблицы `b_forum_pm_folder`
--

CREATE TABLE IF NOT EXISTS `b_forum_pm_folder` (
  `ID` int(11) NOT NULL AUTO_INCREMENT,
  `TITLE` varchar(50) NOT NULL,
  `USER_ID` int(11) NOT NULL,
  `SORT` int(11) NOT NULL,
  PRIMARY KEY (`ID`),
  KEY `IX_B_FORUM_PM_FOLDER_USER_IST` (`USER_ID`,`ID`,`SORT`,`TITLE`)
) ENGINE=MyISAM  DEFAULT CHARSET=cp1251 AUTO_INCREMENT=5 ;

--
-- Дамп данных таблицы `b_forum_pm_folder`
--

INSERT INTO `b_forum_pm_folder` (`ID`, `TITLE`, `USER_ID`, `SORT`) VALUES
(1, 'SYSTEM_FOLDER_1', 0, 0),
(2, 'SYSTEM_FOLDER_2', 0, 0),
(3, 'SYSTEM_FOLDER_3', 0, 0),
(4, 'SYSTEM_FOLDER_4', 0, 0);

-- --------------------------------------------------------

--
-- Структура таблицы `b_forum_points`
--

CREATE TABLE IF NOT EXISTS `b_forum_points` (
  `ID` int(11) NOT NULL AUTO_INCREMENT,
  `MIN_POINTS` int(11) NOT NULL,
  `CODE` varchar(100) DEFAULT NULL,
  `VOTES` int(11) NOT NULL,
  PRIMARY KEY (`ID`),
  UNIQUE KEY `UX_FORUM_P_MP` (`MIN_POINTS`)
) ENGINE=MyISAM DEFAULT CHARSET=cp1251 AUTO_INCREMENT=1 ;

-- --------------------------------------------------------

--
-- Структура таблицы `b_forum_points2post`
--

CREATE TABLE IF NOT EXISTS `b_forum_points2post` (
  `ID` int(11) NOT NULL AUTO_INCREMENT,
  `MIN_NUM_POSTS` int(11) NOT NULL,
  `POINTS_PER_POST` decimal(18,4) NOT NULL DEFAULT '0.0000',
  PRIMARY KEY (`ID`),
  UNIQUE KEY `UX_FORUM_P2P_MNP` (`MIN_NUM_POSTS`)
) ENGINE=MyISAM DEFAULT CHARSET=cp1251 AUTO_INCREMENT=1 ;

-- --------------------------------------------------------

--
-- Структура таблицы `b_forum_points_lang`
--

CREATE TABLE IF NOT EXISTS `b_forum_points_lang` (
  `POINTS_ID` int(11) NOT NULL,
  `LID` char(2) NOT NULL,
  `NAME` varchar(250) DEFAULT NULL,
  PRIMARY KEY (`POINTS_ID`,`LID`)
) ENGINE=MyISAM DEFAULT CHARSET=cp1251;

-- --------------------------------------------------------

--
-- Структура таблицы `b_forum_private_message`
--

CREATE TABLE IF NOT EXISTS `b_forum_private_message` (
  `ID` bigint(10) NOT NULL AUTO_INCREMENT,
  `AUTHOR_ID` int(11) DEFAULT '0',
  `RECIPIENT_ID` int(11) DEFAULT '0',
  `POST_DATE` datetime NOT NULL,
  `POST_SUBJ` varchar(50) NOT NULL,
  `POST_MESSAGE` text NOT NULL,
  `USER_ID` int(11) NOT NULL,
  `FOLDER_ID` int(11) NOT NULL,
  `IS_READ` varchar(50) NOT NULL,
  `REQUEST_IS_READ` char(1) NOT NULL,
  `USE_SMILES` varchar(50) NOT NULL,
  PRIMARY KEY (`ID`),
  KEY `IX_B_FORUM_PM_USER` (`USER_ID`),
  KEY `IX_B_FORUM_PM_AFR` (`AUTHOR_ID`,`FOLDER_ID`,`IS_READ`),
  KEY `IX_B_FORUM_PM_UFP` (`USER_ID`,`FOLDER_ID`,`POST_DATE`),
  KEY `IX_B_FORUM_PM_POST_DATE` (`POST_DATE`)
) ENGINE=MyISAM DEFAULT CHARSET=cp1251 AUTO_INCREMENT=1 ;

-- --------------------------------------------------------

--
-- Структура таблицы `b_forum_rank`
--

CREATE TABLE IF NOT EXISTS `b_forum_rank` (
  `ID` int(11) NOT NULL AUTO_INCREMENT,
  `CODE` varchar(100) DEFAULT NULL,
  `MIN_NUM_POSTS` int(11) NOT NULL DEFAULT '0',
  PRIMARY KEY (`ID`)
) ENGINE=MyISAM DEFAULT CHARSET=cp1251 AUTO_INCREMENT=1 ;

-- --------------------------------------------------------

--
-- Структура таблицы `b_forum_rank_lang`
--

CREATE TABLE IF NOT EXISTS `b_forum_rank_lang` (
  `ID` int(11) NOT NULL AUTO_INCREMENT,
  `RANK_ID` int(11) NOT NULL,
  `LID` char(2) NOT NULL,
  `NAME` varchar(100) NOT NULL,
  PRIMARY KEY (`ID`),
  UNIQUE KEY `UX_FORUM_RANK` (`RANK_ID`,`LID`)
) ENGINE=MyISAM DEFAULT CHARSET=cp1251 AUTO_INCREMENT=1 ;

-- --------------------------------------------------------

--
-- Структура таблицы `b_forum_smile`
--

CREATE TABLE IF NOT EXISTS `b_forum_smile` (
  `ID` smallint(3) NOT NULL AUTO_INCREMENT,
  `TYPE` char(1) NOT NULL DEFAULT 'S',
  `TYPING` varchar(100) DEFAULT NULL,
  `IMAGE` varchar(255) NOT NULL,
  `DESCRIPTION` varchar(255) DEFAULT NULL,
  `CLICKABLE` char(1) NOT NULL DEFAULT 'Y',
  `SORT` int(10) NOT NULL DEFAULT '150',
  `IMAGE_WIDTH` int(11) NOT NULL DEFAULT '0',
  `IMAGE_HEIGHT` int(11) NOT NULL DEFAULT '0',
  PRIMARY KEY (`ID`)
) ENGINE=MyISAM  DEFAULT CHARSET=cp1251 AUTO_INCREMENT=90 ;

--
-- Дамп данных таблицы `b_forum_smile`
--

INSERT INTO `b_forum_smile` (`ID`, `TYPE`, `TYPING`, `IMAGE`, `DESCRIPTION`, `CLICKABLE`, `SORT`, `IMAGE_WIDTH`, `IMAGE_HEIGHT`) VALUES
(68, 'S', ':D :-D', 'icon_biggrin.png', 'FICON_BIGGRIN', 'N', 30, 16, 16),
(69, 'S', ':) :-)', 'icon_smile.png', 'FICON_SMILE', 'N', 10, 16, 16),
(70, 'S', ':( :-(', 'icon_sad.png', 'FICON_SAD', 'N', 50, 16, 16),
(71, 'S', ':o :-o :shock:', 'icon_eek.png', 'FICON_EEK', 'N', 90, 16, 16),
(72, 'S', '8) 8-)', 'icon_cool.png', 'FICON_COOL', 'N', 40, 16, 16),
(73, 'S', ':{} :-{}', 'icon_kiss.png', 'FICON_KISS', 'N', 110, 16, 16),
(74, 'S', ':oops:', 'icon_redface.png', 'FICON_REDFACE', 'Y', 100, 16, 16),
(75, 'S', ':cry: :~(', 'icon_cry.png', 'FICON_CRY', 'Y', 70, 16, 16),
(76, 'S', ':evil: >:-<', 'icon_evil.png', 'FICON_EVIL', 'N', 80, 16, 16),
(77, 'S', ';) ;-)', 'icon_wink.png', 'FICON_WINK', 'N', 20, 16, 16),
(78, 'S', ':!:', 'icon_exclaim.png', 'FICON_EXCLAIM', 'Y', 130, 16, 16),
(79, 'S', ':?:', 'icon_question.png', 'FICON_QUESTION', 'Y', 120, 16, 16),
(80, 'S', ':idea:', 'icon_idea.png', 'FICON_IDEA', 'Y', 140, 16, 16),
(81, 'S', ':| :-|', 'icon_neutral.png', 'FICON_NEUTRAL', 'N', 60, 16, 16),
(82, 'S', ':\\  :-\\  :/ :-/', 'icon_confuse.png', 'FICON_CONFUSE', 'N', 60, 16, 16),
(83, 'I', '', 'icon1.gif', 'FICON_NOTE', 'Y', 150, 15, 15),
(84, 'I', '', 'icon2.gif', 'FICON_DIRRECTION', 'Y', 150, 15, 15),
(85, 'I', '', 'icon3.gif', 'FICON_IDEA2', 'Y', 150, 15, 15),
(86, 'I', '', 'icon4.gif', 'FICON_ATTANSION', 'Y', 150, 15, 15),
(87, 'I', '', 'icon5.gif', 'FICON_QUESTION2', 'Y', 150, 15, 15),
(88, 'I', '', 'icon6.gif', 'FICON_BAD', 'Y', 150, 15, 15),
(89, 'I', '', 'icon7.gif', 'FICON_GOOD', 'Y', 150, 15, 15);

-- --------------------------------------------------------

--
-- Структура таблицы `b_forum_smile_lang`
--

CREATE TABLE IF NOT EXISTS `b_forum_smile_lang` (
  `ID` int(11) NOT NULL AUTO_INCREMENT,
  `SMILE_ID` int(11) NOT NULL,
  `LID` char(2) NOT NULL,
  `NAME` varchar(255) NOT NULL,
  PRIMARY KEY (`ID`),
  UNIQUE KEY `UX_FORUM_SMILE_K` (`SMILE_ID`,`LID`)
) ENGINE=MyISAM  DEFAULT CHARSET=cp1251 AUTO_INCREMENT=45 ;

--
-- Дамп данных таблицы `b_forum_smile_lang`
--

INSERT INTO `b_forum_smile_lang` (`ID`, `SMILE_ID`, `LID`, `NAME`) VALUES
(1, 68, 'ru', 'Широкая улыбка'),
(2, 69, 'ru', 'С улыбкой'),
(3, 70, 'ru', 'Печально'),
(4, 71, 'ru', 'Удивленно'),
(5, 72, 'ru', 'Здорово'),
(6, 73, 'ru', 'Поцелуй'),
(7, 74, 'ru', 'Смущенно'),
(8, 75, 'ru', 'Очень грустно'),
(9, 76, 'ru', 'Со злостью'),
(10, 77, 'ru', 'Шутливо'),
(11, 78, 'ru', 'Восклицание'),
(12, 79, 'ru', 'Вопрос'),
(13, 80, 'ru', 'Идея'),
(14, 81, 'ru', 'Нет слов'),
(15, 82, 'ru', 'Озадаченно'),
(16, 83, 'ru', 'Заметка'),
(17, 84, 'ru', 'Направление'),
(18, 85, 'ru', 'Идея'),
(19, 86, 'ru', 'Внимание'),
(20, 87, 'ru', 'Вопрос'),
(21, 88, 'ru', 'Плохо'),
(22, 89, 'ru', 'Хорошо'),
(23, 68, 'en', 'Big grin'),
(24, 69, 'en', 'Smile'),
(25, 70, 'en', 'Sad'),
(26, 71, 'en', 'Surprised'),
(27, 72, 'en', 'Cool'),
(28, 73, 'en', 'Kiss'),
(29, 74, 'en', 'Embaressed'),
(30, 75, 'en', 'Crying'),
(31, 79, 'en', 'Question'),
(32, 78, 'en', 'Exclamation'),
(33, 77, 'en', 'Wink'),
(34, 76, 'en', 'Angry'),
(35, 80, 'en', 'Idea'),
(36, 81, 'en', 'Speechless'),
(37, 82, 'en', 'Skeptical'),
(38, 83, 'en', 'Note'),
(39, 84, 'en', 'Direction'),
(40, 85, 'en', 'Idea'),
(41, 86, 'en', 'Attention'),
(42, 87, 'en', 'Question'),
(43, 88, 'en', 'Thumbs Down'),
(44, 89, 'en', 'Thumbs Up');

-- --------------------------------------------------------

--
-- Структура таблицы `b_forum_stat`
--

CREATE TABLE IF NOT EXISTS `b_forum_stat` (
  `ID` bigint(20) NOT NULL AUTO_INCREMENT,
  `USER_ID` int(10) DEFAULT NULL,
  `IP_ADDRESS` varchar(128) DEFAULT NULL,
  `PHPSESSID` varchar(255) DEFAULT NULL,
  `LAST_VISIT` datetime DEFAULT NULL,
  `SITE_ID` char(2) DEFAULT NULL,
  `FORUM_ID` smallint(5) NOT NULL DEFAULT '0',
  `TOPIC_ID` int(10) DEFAULT NULL,
  `SHOW_NAME` varchar(101) DEFAULT NULL,
  PRIMARY KEY (`ID`),
  KEY `IX_B_FORUM_STAT_SITE_ID` (`SITE_ID`,`LAST_VISIT`),
  KEY `IX_B_FORUM_STAT_TOPIC_ID` (`TOPIC_ID`,`LAST_VISIT`),
  KEY `IX_B_FORUM_STAT_FORUM_ID` (`FORUM_ID`,`LAST_VISIT`),
  KEY `IX_B_FORUM_STAT_PHPSESSID` (`PHPSESSID`)
) ENGINE=MyISAM DEFAULT CHARSET=cp1251 AUTO_INCREMENT=1 ;

-- --------------------------------------------------------

--
-- Структура таблицы `b_forum_subscribe`
--

CREATE TABLE IF NOT EXISTS `b_forum_subscribe` (
  `ID` int(10) NOT NULL AUTO_INCREMENT,
  `USER_ID` int(10) NOT NULL,
  `FORUM_ID` int(10) NOT NULL,
  `TOPIC_ID` int(10) DEFAULT NULL,
  `START_DATE` datetime NOT NULL,
  `LAST_SEND` int(10) DEFAULT NULL,
  `NEW_TOPIC_ONLY` char(50) NOT NULL DEFAULT 'N',
  `SITE_ID` char(2) NOT NULL DEFAULT 'ru',
  `SOCNET_GROUP_ID` int(11) DEFAULT NULL,
  PRIMARY KEY (`ID`),
  UNIQUE KEY `UX_FORUM_SUBSCRIBE_USER` (`USER_ID`,`FORUM_ID`,`TOPIC_ID`,`SOCNET_GROUP_ID`)
) ENGINE=MyISAM DEFAULT CHARSET=cp1251 AUTO_INCREMENT=1 ;

-- --------------------------------------------------------

--
-- Структура таблицы `b_forum_topic`
--

CREATE TABLE IF NOT EXISTS `b_forum_topic` (
  `ID` bigint(20) NOT NULL AUTO_INCREMENT,
  `FORUM_ID` int(10) NOT NULL,
  `TOPIC_ID` bigint(20) DEFAULT NULL,
  `TITLE` varchar(255) NOT NULL,
  `TITLE_SEO` varchar(255) DEFAULT NULL,
  `TAGS` varchar(255) DEFAULT NULL,
  `DESCRIPTION` varchar(255) DEFAULT NULL,
  `ICON_ID` tinyint(2) DEFAULT NULL,
  `STATE` char(1) NOT NULL DEFAULT 'Y',
  `APPROVED` char(1) NOT NULL DEFAULT 'Y',
  `SORT` int(10) NOT NULL DEFAULT '150',
  `VIEWS` int(10) NOT NULL DEFAULT '0',
  `USER_START_ID` int(10) DEFAULT NULL,
  `USER_START_NAME` varchar(255) DEFAULT NULL,
  `START_DATE` datetime NOT NULL,
  `POSTS` int(10) NOT NULL DEFAULT '0',
  `LAST_POSTER_ID` int(10) DEFAULT NULL,
  `LAST_POSTER_NAME` varchar(255) NOT NULL,
  `LAST_POST_DATE` datetime NOT NULL,
  `LAST_MESSAGE_ID` bigint(20) DEFAULT NULL,
  `POSTS_UNAPPROVED` int(11) DEFAULT '0',
  `ABS_LAST_POSTER_ID` int(10) DEFAULT NULL,
  `ABS_LAST_POSTER_NAME` varchar(255) DEFAULT NULL,
  `ABS_LAST_POST_DATE` datetime DEFAULT NULL,
  `ABS_LAST_MESSAGE_ID` bigint(20) DEFAULT NULL,
  `XML_ID` varchar(255) DEFAULT NULL,
  `HTML` text,
  `SOCNET_GROUP_ID` int(10) DEFAULT NULL,
  `OWNER_ID` int(10) DEFAULT NULL,
  PRIMARY KEY (`ID`),
  KEY `IX_FORUM_TOPIC_FORUM` (`FORUM_ID`,`APPROVED`),
  KEY `IX_FORUM_TOPIC_APPROVED` (`APPROVED`),
  KEY `IX_FORUM_TOPIC_ABS_L_POST_DATE` (`ABS_LAST_POST_DATE`),
  KEY `IX_FORUM_TOPIC_LAST_POST_DATE` (`LAST_POST_DATE`),
  KEY `IX_FORUM_TOPIC_USER_START_ID` (`USER_START_ID`),
  KEY `IX_FORUM_TOPIC_DATE_USER_START_ID` (`START_DATE`,`USER_START_ID`),
  KEY `IX_FORUM_TOPIC_XML_ID` (`XML_ID`),
  KEY `IX_FORUM_TOPIC_TITLE_SEO` (`FORUM_ID`,`TITLE_SEO`),
  KEY `IX_FORUM_TOPIC_TITLE_SEO2` (`TITLE_SEO`)
) ENGINE=MyISAM DEFAULT CHARSET=cp1251 AUTO_INCREMENT=1 ;

-- --------------------------------------------------------

--
-- Структура таблицы `b_forum_user`
--

CREATE TABLE IF NOT EXISTS `b_forum_user` (
  `ID` bigint(10) NOT NULL AUTO_INCREMENT,
  `USER_ID` int(10) NOT NULL,
  `ALIAS` varchar(64) DEFAULT NULL,
  `DESCRIPTION` varchar(255) DEFAULT NULL,
  `IP_ADDRESS` varchar(128) DEFAULT NULL,
  `AVATAR` int(10) DEFAULT NULL,
  `NUM_POSTS` int(10) DEFAULT '0',
  `INTERESTS` text,
  `LAST_POST` int(10) DEFAULT NULL,
  `ALLOW_POST` char(1) NOT NULL DEFAULT 'Y',
  `LAST_VISIT` datetime NOT NULL,
  `DATE_REG` date NOT NULL,
  `REAL_IP_ADDRESS` varchar(128) DEFAULT NULL,
  `SIGNATURE` varchar(255) DEFAULT NULL,
  `SHOW_NAME` char(1) NOT NULL DEFAULT 'Y',
  `RANK_ID` int(11) DEFAULT NULL,
  `POINTS` int(11) NOT NULL DEFAULT '0',
  `HIDE_FROM_ONLINE` char(1) NOT NULL DEFAULT 'N',
  `SUBSC_GROUP_MESSAGE` char(1) NOT NULL DEFAULT 'N',
  `SUBSC_GET_MY_MESSAGE` char(1) NOT NULL DEFAULT 'Y',
  PRIMARY KEY (`ID`),
  UNIQUE KEY `IX_FORUM_USER_USER6` (`USER_ID`)
) ENGINE=MyISAM DEFAULT CHARSET=cp1251 AUTO_INCREMENT=1 ;

-- --------------------------------------------------------

--
-- Структура таблицы `b_forum_user_forum`
--

CREATE TABLE IF NOT EXISTS `b_forum_user_forum` (
  `ID` int(11) NOT NULL AUTO_INCREMENT,
  `USER_ID` int(11) DEFAULT NULL,
  `FORUM_ID` int(11) DEFAULT NULL,
  `LAST_VISIT` datetime DEFAULT NULL,
  `MAIN_LAST_VISIT` datetime DEFAULT NULL,
  PRIMARY KEY (`ID`),
  KEY `IX_B_FORUM_USER_FORUM_ID1` (`USER_ID`,`FORUM_ID`)
) ENGINE=MyISAM DEFAULT CHARSET=cp1251 AUTO_INCREMENT=1 ;

-- --------------------------------------------------------

--
-- Структура таблицы `b_forum_user_points`
--

CREATE TABLE IF NOT EXISTS `b_forum_user_points` (
  `FROM_USER_ID` int(11) NOT NULL,
  `TO_USER_ID` int(11) NOT NULL,
  `POINTS` int(11) NOT NULL DEFAULT '0',
  `DATE_UPDATE` datetime DEFAULT NULL,
  PRIMARY KEY (`FROM_USER_ID`,`TO_USER_ID`),
  KEY `IX_B_FORUM_USER_POINTS_TO_USER` (`TO_USER_ID`)
) ENGINE=MyISAM DEFAULT CHARSET=cp1251;

-- --------------------------------------------------------

--
-- Структура таблицы `b_forum_user_topic`
--

CREATE TABLE IF NOT EXISTS `b_forum_user_topic` (
  `ID` bigint(20) NOT NULL AUTO_INCREMENT,
  `TOPIC_ID` int(11) NOT NULL DEFAULT '0',
  `USER_ID` int(11) NOT NULL DEFAULT '0',
  `FORUM_ID` int(11) DEFAULT NULL,
  `LAST_VISIT` datetime DEFAULT NULL,
  PRIMARY KEY (`TOPIC_ID`,`USER_ID`),
  KEY `ID` (`ID`),
  KEY `IX_B_FORUM_USER_FORUM_ID2` (`USER_ID`,`FORUM_ID`,`TOPIC_ID`)
) ENGINE=MyISAM DEFAULT CHARSET=cp1251 AUTO_INCREMENT=1 ;

-- --------------------------------------------------------

--
-- Структура таблицы `b_group`
--

CREATE TABLE IF NOT EXISTS `b_group` (
  `ID` int(18) NOT NULL AUTO_INCREMENT,
  `TIMESTAMP_X` timestamp NOT NULL DEFAULT CURRENT_TIMESTAMP ON UPDATE CURRENT_TIMESTAMP,
  `ACTIVE` char(1) NOT NULL DEFAULT 'Y',
  `C_SORT` int(18) NOT NULL DEFAULT '100',
  `ANONYMOUS` char(1) NOT NULL DEFAULT 'N',
  `NAME` varchar(255) NOT NULL,
  `DESCRIPTION` varchar(255) DEFAULT NULL,
  `SECURITY_POLICY` text,
  `STRING_ID` varchar(255) DEFAULT NULL,
  PRIMARY KEY (`ID`)
) ENGINE=MyISAM  DEFAULT CHARSET=cp1251 AUTO_INCREMENT=8 ;

--
-- Дамп данных таблицы `b_group`
--

INSERT INTO `b_group` (`ID`, `TIMESTAMP_X`, `ACTIVE`, `C_SORT`, `ANONYMOUS`, `NAME`, `DESCRIPTION`, `SECURITY_POLICY`, `STRING_ID`) VALUES
(1, '2014-08-07 02:42:53', 'Y', 1, 'N', 'Администраторы', 'Полный доступ к управлению сайтом.', NULL, NULL),
(2, '2014-08-07 02:42:53', 'Y', 2, 'Y', 'Все пользователи (в том числе неавторизованные)', 'Все пользователи, включая неавторизованных.', NULL, NULL),
(3, '2014-08-07 02:42:53', 'Y', 3, 'N', 'Пользователи, имеющие право голосовать за рейтинг', 'В эту группу пользователи добавляются автоматически.', NULL, 'RATING_VOTE'),
(4, '2014-08-07 02:42:53', 'Y', 4, 'N', 'Пользователи имеющие право голосовать за авторитет', 'В эту группу пользователи добавляются автоматически.', NULL, 'RATING_VOTE_AUTHORITY'),
(5, '2014-08-07 02:48:05', 'Y', 3, 'N', 'Зарегистрированные пользователи', NULL, NULL, 'REGISTERED_USERS'),
(6, '2014-08-07 02:48:05', 'Y', 200, 'N', 'Администраторы интернет-магазина', 'Полный доступ к управлению интернет-магазином (в т.ч. заказами) и параметрами торгового каталога (типами цен, наценками, скидками и т.д.).', NULL, 'sale_administrator'),
(7, '2014-08-07 02:48:05', 'Y', 300, 'N', 'Контент-редакторы', 'Доступ к редактированию информации на сайте.', NULL, 'content_editor');

-- --------------------------------------------------------

--
-- Структура таблицы `b_group_collection_task`
--

CREATE TABLE IF NOT EXISTS `b_group_collection_task` (
  `GROUP_ID` int(11) NOT NULL,
  `TASK_ID` int(11) NOT NULL,
  `COLLECTION_ID` int(11) NOT NULL,
  PRIMARY KEY (`GROUP_ID`,`TASK_ID`,`COLLECTION_ID`)
) ENGINE=MyISAM DEFAULT CHARSET=cp1251;

-- --------------------------------------------------------

--
-- Структура таблицы `b_group_subordinate`
--

CREATE TABLE IF NOT EXISTS `b_group_subordinate` (
  `ID` int(18) NOT NULL,
  `AR_SUBGROUP_ID` varchar(255) NOT NULL,
  PRIMARY KEY (`ID`)
) ENGINE=MyISAM DEFAULT CHARSET=cp1251;

-- --------------------------------------------------------

--
-- Структура таблицы `b_group_task`
--

CREATE TABLE IF NOT EXISTS `b_group_task` (
  `GROUP_ID` int(18) NOT NULL,
  `TASK_ID` int(18) NOT NULL,
  `EXTERNAL_ID` varchar(50) DEFAULT '',
  PRIMARY KEY (`GROUP_ID`,`TASK_ID`)
) ENGINE=MyISAM DEFAULT CHARSET=cp1251;

--
-- Дамп данных таблицы `b_group_task`
--

INSERT INTO `b_group_task` (`GROUP_ID`, `TASK_ID`, `EXTERNAL_ID`) VALUES
(5, 2, ''),
(6, 50, ''),
(6, 14, ''),
(7, 2, ''),
(7, 26, '');

-- --------------------------------------------------------

--
-- Структура таблицы `b_hlblock_entity`
--

CREATE TABLE IF NOT EXISTS `b_hlblock_entity` (
  `ID` int(11) unsigned NOT NULL AUTO_INCREMENT,
  `NAME` varchar(100) NOT NULL,
  `TABLE_NAME` varchar(64) NOT NULL,
  PRIMARY KEY (`ID`)
) ENGINE=MyISAM  DEFAULT CHARSET=cp1251 AUTO_INCREMENT=3 ;

--
-- Дамп данных таблицы `b_hlblock_entity`
--

INSERT INTO `b_hlblock_entity` (`ID`, `NAME`, `TABLE_NAME`) VALUES
(1, 'ColorReference', 'eshop_color_reference'),
(2, 'BrandReference', 'eshop_brand_reference');

-- --------------------------------------------------------

--
-- Структура таблицы `b_hot_keys`
--

CREATE TABLE IF NOT EXISTS `b_hot_keys` (
  `ID` int(18) NOT NULL AUTO_INCREMENT,
  `KEYS_STRING` varchar(20) NOT NULL,
  `CODE_ID` int(18) NOT NULL,
  `USER_ID` int(18) NOT NULL,
  PRIMARY KEY (`ID`),
  UNIQUE KEY `ix_b_hot_keys_co_u` (`CODE_ID`,`USER_ID`),
  KEY `ix_hot_keys_code` (`CODE_ID`),
  KEY `ix_hot_keys_user` (`USER_ID`)
) ENGINE=MyISAM  DEFAULT CHARSET=cp1251 AUTO_INCREMENT=25 ;

--
-- Дамп данных таблицы `b_hot_keys`
--

INSERT INTO `b_hot_keys` (`ID`, `KEYS_STRING`, `CODE_ID`, `USER_ID`) VALUES
(1, 'Ctrl+Alt+85', 139, 0),
(2, 'Ctrl+Alt+80', 17, 0),
(3, 'Ctrl+Alt+70', 120, 0),
(4, 'Ctrl+Alt+68', 117, 0),
(5, 'Ctrl+Alt+81', 3, 0),
(6, 'Ctrl+Alt+75', 106, 0),
(7, 'Ctrl+Alt+79', 133, 0),
(8, 'Ctrl+Alt+70', 121, 0),
(9, 'Ctrl+Alt+69', 118, 0),
(10, 'Ctrl+Shift+83', 87, 0),
(11, 'Ctrl+Shift+88', 88, 0),
(12, 'Ctrl+Shift+76', 89, 0),
(13, 'Ctrl+Alt+85', 139, 1),
(14, 'Ctrl+Alt+80', 17, 1),
(15, 'Ctrl+Alt+70', 120, 1),
(16, 'Ctrl+Alt+68', 117, 1),
(17, 'Ctrl+Alt+81', 3, 1),
(18, 'Ctrl+Alt+75', 106, 1),
(19, 'Ctrl+Alt+79', 133, 1),
(20, 'Ctrl+Alt+70', 121, 1),
(21, 'Ctrl+Alt+69', 118, 1),
(22, 'Ctrl+Shift+83', 87, 1),
(23, 'Ctrl+Shift+88', 88, 1),
(24, 'Ctrl+Shift+76', 89, 1);

-- --------------------------------------------------------

--
-- Структура таблицы `b_hot_keys_code`
--

CREATE TABLE IF NOT EXISTS `b_hot_keys_code` (
  `ID` int(18) NOT NULL AUTO_INCREMENT,
  `CLASS_NAME` varchar(50) DEFAULT NULL,
  `CODE` varchar(255) DEFAULT NULL,
  `NAME` varchar(255) DEFAULT NULL,
  `COMMENTS` varchar(255) DEFAULT NULL,
  `TITLE_OBJ` varchar(50) DEFAULT NULL,
  `URL` varchar(255) DEFAULT NULL,
  `IS_CUSTOM` tinyint(1) NOT NULL DEFAULT '1',
  PRIMARY KEY (`ID`),
  KEY `ix_hot_keys_code_cn` (`CLASS_NAME`),
  KEY `ix_hot_keys_code_url` (`URL`)
) ENGINE=MyISAM  DEFAULT CHARSET=cp1251 AUTO_INCREMENT=140 ;

--
-- Дамп данных таблицы `b_hot_keys_code`
--

INSERT INTO `b_hot_keys_code` (`ID`, `CLASS_NAME`, `CODE`, `NAME`, `COMMENTS`, `TITLE_OBJ`, `URL`, `IS_CUSTOM`) VALUES
(3, 'CAdminTabControl', 'NextTab();', 'HK_DB_CADMINTC', 'HK_DB_CADMINTC_C', 'tab-container', '', 0),
(5, 'btn_new', 'var d=BX (''btn_new''); if (d) location.href = d.href;', 'HK_DB_BUT_ADD', 'HK_DB_BUT_ADD_C', 'btn_new', '', 0),
(6, 'btn_excel', 'var d=BX(''btn_excel''); if (d) location.href = d.href;', 'HK_DB_BUT_EXL', 'HK_DB_BUT_EXL_C', 'btn_excel', '', 0),
(7, 'btn_settings', 'var d=BX(''btn_settings''); if (d) location.href = d.href;', 'HK_DB_BUT_OPT', 'HK_DB_BUT_OPT_C', 'btn_settings', '', 0),
(8, 'btn_list', 'var d=BX(''btn_list''); if (d) location.href = d.href;', 'HK_DB_BUT_LST', 'HK_DB_BUT_LST_C', 'btn_list', '', 0),
(9, 'Edit_Save_Button', 'var d=BX .findChild(document, {attribute: {''name'': ''save''}}, true );  if (d) d.click();', 'HK_DB_BUT_SAVE', 'HK_DB_BUT_SAVE_C', 'Edit_Save_Button', '', 0),
(10, 'btn_delete', 'var d=BX(''btn_delete''); if (d) location.href = d.href;', 'HK_DB_BUT_DEL', 'HK_DB_BUT_DEL_C', 'btn_delete', '', 0),
(12, 'CAdminFilter', 'var d=BX .findChild(document, {attribute: {''name'': ''find''}}, true ); if (d) d.focus();', 'HK_DB_FLT_FND', 'HK_DB_FLT_FND_C', 'find', '', 0),
(13, 'CAdminFilter', 'var d=BX .findChild(document, {attribute: {''name'': ''set_filter''}}, true );  if (d) d.click();', 'HK_DB_FLT_BUT_F', 'HK_DB_FLT_BUT_F_C', 'set_filter', '', 0),
(14, 'CAdminFilter', 'var d=BX .findChild(document, {attribute: {''name'': ''del_filter''}}, true );  if (d) d.click();', 'HK_DB_FLT_BUT_CNL', 'HK_DB_FLT_BUT_CNL_C', 'del_filter', '', 0),
(15, 'bx-panel-admin-button-help-icon-id', 'var d=BX(''bx-panel-admin-button-help-icon-id''); if (d) location.href = d.href;', 'HK_DB_BUT_HLP', 'HK_DB_BUT_HLP_C', 'bx-panel-admin-button-help-icon-id', '', 0),
(17, 'Global', 'BXHotKeys.ShowSettings();', 'HK_DB_SHW_L', 'HK_DB_SHW_L_C', 'bx-panel-hotkeys', '', 0),
(19, 'Edit_Apply_Button', 'var d=BX .findChild(document, {attribute: {''name'': ''apply''}}, true );  if (d) d.click();', 'HK_DB_BUT_APPL', 'HK_DB_BUT_APPL_C', 'Edit_Apply_Button', '', 0),
(20, 'Edit_Cancel_Button', 'var d=BX .findChild(document, {attribute: {''name'': ''cancel''}}, true );  if (d) d.click();', 'HK_DB_BUT_CANCEL', 'HK_DB_BUT_CANCEL_C', 'Edit_Cancel_Button', '', 0),
(78, 'top_panel_templ_site', '', '-=AUTONAME=-', NULL, 'top_panel_templ_site', '', 0),
(77, 'top_panel_templ_templ_css', '', '-=AUTONAME=-', NULL, 'top_panel_templ_templ_css', '', 0),
(76, 'top_panel_templ_site_css', '', '-=AUTONAME=-', NULL, 'top_panel_templ_site_css', '', 0),
(74, 'top_panel_cache_not', '', '-=AUTONAME=-', NULL, 'top_panel_cache_not', '', 0),
(75, 'top_panel_edit_mode', '', '-=AUTONAME=-', NULL, 'top_panel_edit_mode', '', 0),
(73, 'top_panel_cache_comp', '', '-=AUTONAME=-', NULL, 'top_panel_cache_comp', '', 0),
(72, 'top_panel_cache_page', '', '-=AUTONAME=-', NULL, 'top_panel_cache_page', '', 0),
(71, 'main_top_panel_struct_panel', '', '-=AUTONAME=-', NULL, 'main_top_panel_struct_panel', '', 0),
(70, 'top_panel_access_folder_new', '', '-=AUTONAME=-', NULL, 'top_panel_access_folder_new', '', 0),
(68, 'top_panel_del_page', '', '-=AUTONAME=-', NULL, 'top_panel_del_page', '', 0),
(69, 'top_panel_folder_prop', '', '-=AUTONAME=-', NULL, 'top_panel_folder_prop', '', 0),
(82, 'top_panel_debug_incl', '', '-=AUTONAME=-', NULL, 'top_panel_debug_incl', '', 0),
(67, 'top_panel_edit_page_php', '', '-=AUTONAME=-', NULL, 'top_panel_edit_page_php', '', 0),
(65, 'top_panel_edit_page_html', '', '-=AUTONAME=-', NULL, 'top_panel_edit_page_html', '', 0),
(63, 'top_panel_edit_page', '', '-=AUTONAME=-', NULL, 'top_panel_edit_page', '', 0),
(64, 'top_panel_page_prop', '', '-=AUTONAME=-', NULL, 'top_panel_page_prop', '', 0),
(62, 'top_panel_create_folder', '', '-=AUTONAME=-', NULL, 'top_panel_create_folder', '', 0),
(60, 'top_panel_create_page', '', '-=AUTONAME=-', NULL, 'top_panel_create_page', '', 0),
(58, 'top_panel_bizproc_tasks', '', '-=AUTONAME=-', NULL, 'top_panel_bizproc_tasks', '', 0),
(57, 'top_panel_help', '', '-=AUTONAME=-', NULL, 'top_panel_help', '', 0),
(59, 'top_panel_add_fav', '', '-=AUTONAME=-', NULL, 'top_panel_add_fav', NULL, 0),
(56, 'top_panel_interface_settings', '', '-=AUTONAME=-', NULL, 'top_panel_interface_settings', '', 0),
(54, 'top_panel_org_fav', '', '-=AUTONAME=-', NULL, 'top_panel_org_fav', NULL, 0),
(55, 'top_panel_module_settings', '', '-=AUTONAME=-', NULL, 'top_panel_module_settings', '', 0),
(83, 'top_panel_debug_sql', '', '-=AUTONAME=-', NULL, 'top_panel_debug_sql', NULL, 0),
(81, 'top_panel_debug_time', '', '-=AUTONAME=-', NULL, 'top_panel_debug_time', '', 0),
(84, 'top_panel_debug_compr', '', '-=AUTONAME=-', NULL, 'top_panel_debug_compr', '', 0),
(85, 'MTP_SHORT_URI1', '', '-=AUTONAME=-', NULL, 'MTP_SHORT_URI1', '', 0),
(86, 'MTP_SHORT_URI_LIST', '', '-=AUTONAME=-', NULL, 'MTP_SHORT_URI_LIST', '', 0),
(87, 'FMST_PANEL_STICKER_ADD', '', '-=AUTONAME=-', NULL, 'FMST_PANEL_STICKER_ADD', '', 0),
(88, 'FMST_PANEL_STICKERS_SHOW', '', '-=AUTONAME=-', NULL, 'FMST_PANEL_STICKERS_SHOW', '', 0),
(89, 'FMST_PANEL_CUR_STICKER_LIST', '', '-=AUTONAME=-', NULL, 'FMST_PANEL_CUR_STICKER_LIST', '', 0),
(90, 'FMST_PANEL_ALL_STICKER_LIST', '', '-=AUTONAME=-', NULL, 'FMST_PANEL_ALL_STICKER_LIST', '', 0),
(91, 'top_panel_menu', 'var d=BX("bx-panel-menu"); if (d) d.click();', '-=AUTONAME=-', NULL, 'bx-panel-menu', '', 0),
(92, 'top_panel_admin', 'var d=BX(''bx-panel-admin-tab''); if (d) location.href = d.href;', '-=AUTONAME=-', NULL, 'bx-panel-admin-tab', '', 0),
(93, 'admin_panel_site', 'var d=BX(''bx-panel-view-tab''); if (d) location.href = d.href;', '-=AUTONAME=-', NULL, 'bx-panel-view-tab', '', 0),
(94, 'admin_panel_admin', 'var d=BX(''bx-panel-admin-tab''); if (d) location.href = d.href;', '-=AUTONAME=-', NULL, 'bx-panel-admin-tab', '', 0),
(111, 'top_panel_create_new', '', '-=AUTONAME=-', NULL, 'top_panel_create_new', '', 0),
(96, 'top_panel_folder_prop_new', '', '-=AUTONAME=-', NULL, 'top_panel_folder_prop_new', '', 0),
(97, 'main_top_panel_structure', '', '-=AUTONAME=-', NULL, 'main_top_panel_structure', '', 0),
(98, 'top_panel_clear_cache', '', '-=AUTONAME=-', NULL, 'top_panel_clear_cache', '', 0),
(99, 'top_panel_templ', '', '-=AUTONAME=-', NULL, 'top_panel_templ', '', 0),
(100, 'top_panel_debug', '', '-=AUTONAME=-', NULL, 'top_panel_debug', '', 0),
(101, 'MTP_SHORT_URI', '', '-=AUTONAME=-', NULL, 'MTP_SHORT_URI', '', 0),
(102, 'FMST_PANEL_STICKERS', '', '-=AUTONAME=-', NULL, 'FMST_PANEL_STICKERS', '', 0),
(103, 'top_panel_settings', '', '-=AUTONAME=-', NULL, 'top_panel_settings', '', 0),
(104, 'top_panel_fav', '', '-=AUTONAME=-', NULL, 'top_panel_fav', '', 0),
(106, 'Global', 'location.href=''/bitrix/admin/hot_keys_list.php?lang=ru'';', 'HK_DB_SHW_HK', '', '', '', 0),
(107, 'top_panel_edit_new', '', '-=AUTONAME=-', NULL, 'top_panel_edit_new', '', 0),
(108, 'FLOW_PANEL_CREATE_WITH_WF', '', '-=AUTONAME=-', NULL, 'FLOW_PANEL_CREATE_WITH_WF', '', 0),
(109, 'FLOW_PANEL_EDIT_WITH_WF', '', '-=AUTONAME=-', NULL, 'FLOW_PANEL_EDIT_WITH_WF', '', 0),
(110, 'FLOW_PANEL_HISTORY', '', '-=AUTONAME=-', NULL, 'FLOW_PANEL_HISTORY', '', 0),
(112, 'top_panel_create_folder_new', '', '-=AUTONAME=-', NULL, 'top_panel_create_folder_new', '', 0),
(139, 'Global', 'location.href=''/bitrix/admin/user_admin.php?lang=''+phpVars.LANGUAGE_ID;', 'HK_DB_SHW_U', '', '', '', 0),
(116, 'bx-panel-toggle', '', '-=AUTONAME=-', NULL, 'bx-panel-toggle', '', 0),
(118, 'bx-panel-expander', 'var d=BX(''bx-panel-expander''); if (d) BX.fireEvent(d, ''click'');', '-=AUTONAME=-', NULL, 'bx-panel-expander', '', 0),
(117, 'bx-panel-small-toggle', '', '-=AUTONAME=-', NULL, 'bx-panel-small-toggle', '', 0),
(119, 'bx-panel-hider', 'var d=BX(''bx-panel-hider''); if (d) d.click();', '-=AUTONAME=-', NULL, 'bx-panel-hider', '', 0),
(120, 'search-textbox-input', 'var d=BX(''search-textbox-input''); if (d) { d.click(); d.focus();}', '-=AUTONAME=-', '', 'search', '', 0),
(121, 'bx-search-input', 'var d=BX(''bx-search-input''); if (d) { d.click(); d.focus(); }', '-=AUTONAME=-', '', 'bx-search-input', '', 0),
(133, 'bx-panel-logout', 'var d=BX(''bx-panel-logout''); if (d) location.href = d.href;', '-=AUTONAME=-', '', 'bx-panel-logout', '', 0),
(138, 'CDialog', 'var d=BX(''btn_popup_save''); if (d) d.click();', 'HK_DB_D_EDIT_SAVE', '', 'btn_popup_save', '', 0),
(135, 'CDialog', 'var d=BX(''cancel''); if (d) d.click();', 'HK_DB_D_CANCEL', '', 'cancel', '', 0),
(136, 'CDialog', 'var d=BX(''close''); if (d) d.click();', 'HK_DB_D_CLOSE', '', 'close', '', 0),
(137, 'CDialog', 'var d=BX(''savebtn''); if (d) d.click();', 'HK_DB_D_SAVE', '', 'savebtn', '', 0);

-- --------------------------------------------------------

--
-- Структура таблицы `b_iblock`
--

CREATE TABLE IF NOT EXISTS `b_iblock` (
  `ID` int(11) NOT NULL AUTO_INCREMENT,
  `TIMESTAMP_X` timestamp NOT NULL DEFAULT CURRENT_TIMESTAMP ON UPDATE CURRENT_TIMESTAMP,
  `IBLOCK_TYPE_ID` varchar(50) NOT NULL,
  `LID` char(2) NOT NULL,
  `CODE` varchar(50) DEFAULT NULL,
  `NAME` varchar(255) NOT NULL,
  `ACTIVE` char(1) NOT NULL DEFAULT 'Y',
  `SORT` int(11) NOT NULL DEFAULT '500',
  `LIST_PAGE_URL` varchar(255) DEFAULT NULL,
  `DETAIL_PAGE_URL` varchar(255) DEFAULT NULL,
  `SECTION_PAGE_URL` varchar(255) DEFAULT NULL,
  `PICTURE` int(18) DEFAULT NULL,
  `DESCRIPTION` text,
  `DESCRIPTION_TYPE` char(4) NOT NULL DEFAULT 'text',
  `RSS_TTL` int(11) NOT NULL DEFAULT '24',
  `RSS_ACTIVE` char(1) NOT NULL DEFAULT 'Y',
  `RSS_FILE_ACTIVE` char(1) NOT NULL DEFAULT 'N',
  `RSS_FILE_LIMIT` int(11) DEFAULT NULL,
  `RSS_FILE_DAYS` int(11) DEFAULT NULL,
  `RSS_YANDEX_ACTIVE` char(1) NOT NULL DEFAULT 'N',
  `XML_ID` varchar(255) DEFAULT NULL,
  `TMP_ID` varchar(40) DEFAULT NULL,
  `INDEX_ELEMENT` char(1) NOT NULL DEFAULT 'Y',
  `INDEX_SECTION` char(1) NOT NULL DEFAULT 'N',
  `WORKFLOW` char(1) NOT NULL DEFAULT 'Y',
  `BIZPROC` char(1) NOT NULL DEFAULT 'N',
  `SECTION_CHOOSER` char(1) DEFAULT NULL,
  `LIST_MODE` char(1) DEFAULT NULL,
  `RIGHTS_MODE` char(1) DEFAULT NULL,
  `SECTION_PROPERTY` char(1) DEFAULT NULL,
  `VERSION` int(11) NOT NULL DEFAULT '1',
  `LAST_CONV_ELEMENT` int(11) NOT NULL DEFAULT '0',
  `SOCNET_GROUP_ID` int(18) DEFAULT NULL,
  `EDIT_FILE_BEFORE` varchar(255) DEFAULT NULL,
  `EDIT_FILE_AFTER` varchar(255) DEFAULT NULL,
  `SECTIONS_NAME` varchar(100) DEFAULT NULL,
  `SECTION_NAME` varchar(100) DEFAULT NULL,
  `ELEMENTS_NAME` varchar(100) DEFAULT NULL,
  `ELEMENT_NAME` varchar(100) DEFAULT NULL,
  PRIMARY KEY (`ID`),
  KEY `ix_iblock` (`IBLOCK_TYPE_ID`,`LID`,`ACTIVE`)
) ENGINE=MyISAM  DEFAULT CHARSET=cp1251 AUTO_INCREMENT=8 ;

--
-- Дамп данных таблицы `b_iblock`
--

INSERT INTO `b_iblock` (`ID`, `TIMESTAMP_X`, `IBLOCK_TYPE_ID`, `LID`, `CODE`, `NAME`, `ACTIVE`, `SORT`, `LIST_PAGE_URL`, `DETAIL_PAGE_URL`, `SECTION_PAGE_URL`, `PICTURE`, `DESCRIPTION`, `DESCRIPTION_TYPE`, `RSS_TTL`, `RSS_ACTIVE`, `RSS_FILE_ACTIVE`, `RSS_FILE_LIMIT`, `RSS_FILE_DAYS`, `RSS_YANDEX_ACTIVE`, `XML_ID`, `TMP_ID`, `INDEX_ELEMENT`, `INDEX_SECTION`, `WORKFLOW`, `BIZPROC`, `SECTION_CHOOSER`, `LIST_MODE`, `RIGHTS_MODE`, `SECTION_PROPERTY`, `VERSION`, `LAST_CONV_ELEMENT`, `SOCNET_GROUP_ID`, `EDIT_FILE_BEFORE`, `EDIT_FILE_AFTER`, `SECTIONS_NAME`, `SECTION_NAME`, `ELEMENTS_NAME`, `ELEMENT_NAME`) VALUES
(1, '2014-08-07 02:47:08', 'news', 's1', 'news', 'Новости', 'Y', 500, '#SITE_DIR#/news/', '#SITE_DIR#/news/#ELEMENT_CODE#/', NULL, NULL, NULL, 'text', 24, 'Y', 'N', NULL, NULL, 'N', 'clothes_news_s1', 'fbf9bba810b303c737209ac29879ea4c', 'Y', 'N', 'N', 'N', 'L', NULL, 'S', NULL, 1, 0, NULL, NULL, NULL, 'Разделы', 'Раздел', 'Новости', 'Новость'),
(2, '2014-08-13 02:17:51', 'catalog', 's1', 'clothes', 'Одежда', 'Y', 500, '#SITE_DIR#/catalog/', '#SITE_DIR#/catalog/#SECTION_CODE#/#ELEMENT_CODE#/', '#SITE_DIR#/catalog/#SECTION_CODE#/', NULL, 'Одежда нашей основной фабрики в Санкт-Петербурге.', 'html', 24, 'Y', 'N', NULL, NULL, 'N', 'clothes_s1', 'ec33ebe46cb9663430c885da165d318d', 'Y', 'Y', 'N', 'N', 'L', '', 'S', 'Y', 1, 0, NULL, '', '', 'Разделы', 'Раздел', 'Товары', 'Товар'),
(3, '2014-08-13 02:46:02', 'offers', 's1', 'clothes_offers', 'Одежда (предложения)', 'Y', 500, '#SITE_DIR#/catalog/', '#PRODUCT_URL#', '#SITE_DIR#/catalog/', NULL, '', 'text', 24, 'Y', 'N', NULL, NULL, 'N', 'clothes_offers_s1', '5bab4886e7e8f75839f550f97a4e9f4b', 'Y', 'N', 'N', 'N', 'L', '', 'S', 'Y', 1, 0, NULL, '', '', 'Разделы', 'Раздел', 'Торговые предложения', 'Торговое предложение'),
(6, '2014-08-13 02:34:19', 'content', 's1', 'sale_s1', 'Скидки и акции', 'Y', 500, '#SITE_DIR#/sale/', '#SITE_DIR#/sale/#ELEMENT_CODE#/', '', NULL, '', 'text', 24, 'Y', 'N', NULL, NULL, 'N', NULL, NULL, 'Y', 'Y', 'N', 'N', 'L', '', 'S', 'N', 1, 0, NULL, '', '', 'Разделы', 'Раздел', 'Элементы', 'Элемент'),
(7, '2014-08-13 03:52:26', 'content', 's1', 'tailor_tips_s1', 'Советы портного', 'Y', 500, '#SITE_DIR#/tailor_tips/', '#SITE_DIR#/tailor_tips/#ELEMENT_CODE#/', '', NULL, '', 'text', 24, 'Y', 'N', NULL, NULL, 'N', NULL, NULL, 'Y', 'Y', 'N', 'N', 'L', '', 'S', 'N', 1, 0, NULL, '', '', 'Разделы', 'Раздел', 'Элементы', 'Элемент');

-- --------------------------------------------------------

--
-- Структура таблицы `b_iblock_cache`
--

CREATE TABLE IF NOT EXISTS `b_iblock_cache` (
  `CACHE_KEY` varchar(35) NOT NULL,
  `CACHE` longtext NOT NULL,
  `CACHE_DATE` datetime NOT NULL DEFAULT '0000-00-00 00:00:00',
  PRIMARY KEY (`CACHE_KEY`)
) ENGINE=MyISAM DEFAULT CHARSET=cp1251;

--
-- Дамп данных таблицы `b_iblock_cache`
--

INSERT INTO `b_iblock_cache` (`CACHE_KEY`, `CACHE`, `CACHE_DATE`) VALUES
('31b7ecb348d351e36ae7cba4ca8cd8a0', 'a:14:{s:11:"PAGE_PARAMS";a:1:{i:0;s:10:"ELEMENT_ID";}s:9:"IBLOCK_ID";i:2;s:8:"MAX_VOTE";i:5;s:10:"VOTE_NAMES";a:5:{i:0;s:1:"1";i:1;s:1:"2";i:2;s:1:"3";i:3;s:1:"4";i:4;s:1:"5";}s:10:"CACHE_TYPE";s:1:"A";s:10:"CACHE_TIME";s:8:"36000000";s:17:"DISPLAY_AS_RATING";s:6:"rating";s:9:"READ_ONLY";N;s:12:"ELEMENT_CODE";s:0:"";s:14:"COMPONENT_NAME";s:18:"bitrix:iblock.vote";s:13:"TEMPLATE_NAME";s:5:"stars";s:11:"PARENT_NAME";s:22:"bitrix:catalog.element";s:20:"PARENT_TEMPLATE_NAME";s:0:"";s:20:"PARENT_TEMPLATE_PAGE";s:0:"";}', '2014-09-06 07:55:49');

-- --------------------------------------------------------

--
-- Структура таблицы `b_iblock_element`
--

CREATE TABLE IF NOT EXISTS `b_iblock_element` (
  `ID` int(11) NOT NULL AUTO_INCREMENT,
  `TIMESTAMP_X` datetime DEFAULT NULL,
  `MODIFIED_BY` int(18) DEFAULT NULL,
  `DATE_CREATE` datetime DEFAULT NULL,
  `CREATED_BY` int(18) DEFAULT NULL,
  `IBLOCK_ID` int(11) NOT NULL DEFAULT '0',
  `IBLOCK_SECTION_ID` int(11) DEFAULT NULL,
  `ACTIVE` char(1) NOT NULL DEFAULT 'Y',
  `ACTIVE_FROM` datetime DEFAULT NULL,
  `ACTIVE_TO` datetime DEFAULT NULL,
  `SORT` int(11) NOT NULL DEFAULT '500',
  `NAME` varchar(255) NOT NULL,
  `PREVIEW_PICTURE` int(18) DEFAULT NULL,
  `PREVIEW_TEXT` text,
  `PREVIEW_TEXT_TYPE` varchar(4) NOT NULL DEFAULT 'text',
  `DETAIL_PICTURE` int(18) DEFAULT NULL,
  `DETAIL_TEXT` longtext,
  `DETAIL_TEXT_TYPE` varchar(4) NOT NULL DEFAULT 'text',
  `SEARCHABLE_CONTENT` text,
  `WF_STATUS_ID` int(18) DEFAULT '1',
  `WF_PARENT_ELEMENT_ID` int(11) DEFAULT NULL,
  `WF_NEW` char(1) DEFAULT NULL,
  `WF_LOCKED_BY` int(18) DEFAULT NULL,
  `WF_DATE_LOCK` datetime DEFAULT NULL,
  `WF_COMMENTS` text,
  `IN_SECTIONS` char(1) NOT NULL DEFAULT 'N',
  `XML_ID` varchar(255) DEFAULT NULL,
  `CODE` varchar(255) DEFAULT NULL,
  `TAGS` varchar(255) DEFAULT NULL,
  `TMP_ID` varchar(40) DEFAULT NULL,
  `WF_LAST_HISTORY_ID` int(11) DEFAULT NULL,
  `SHOW_COUNTER` int(18) DEFAULT NULL,
  `SHOW_COUNTER_START` datetime DEFAULT NULL,
  PRIMARY KEY (`ID`),
  KEY `ix_iblock_element_1` (`IBLOCK_ID`,`IBLOCK_SECTION_ID`),
  KEY `ix_iblock_element_4` (`IBLOCK_ID`,`XML_ID`,`WF_PARENT_ELEMENT_ID`),
  KEY `ix_iblock_element_3` (`WF_PARENT_ELEMENT_ID`),
  KEY `ix_iblock_element_code` (`IBLOCK_ID`,`CODE`)
) ENGINE=MyISAM  DEFAULT CHARSET=cp1251 AUTO_INCREMENT=323 ;

--
-- Дамп данных таблицы `b_iblock_element`
--

INSERT INTO `b_iblock_element` (`ID`, `TIMESTAMP_X`, `MODIFIED_BY`, `DATE_CREATE`, `CREATED_BY`, `IBLOCK_ID`, `IBLOCK_SECTION_ID`, `ACTIVE`, `ACTIVE_FROM`, `ACTIVE_TO`, `SORT`, `NAME`, `PREVIEW_PICTURE`, `PREVIEW_TEXT`, `PREVIEW_TEXT_TYPE`, `DETAIL_PICTURE`, `DETAIL_TEXT`, `DETAIL_TEXT_TYPE`, `SEARCHABLE_CONTENT`, `WF_STATUS_ID`, `WF_PARENT_ELEMENT_ID`, `WF_NEW`, `WF_LOCKED_BY`, `WF_DATE_LOCK`, `WF_COMMENTS`, `IN_SECTIONS`, `XML_ID`, `CODE`, `TAGS`, `TMP_ID`, `WF_LAST_HISTORY_ID`, `SHOW_COUNTER`, `SHOW_COUNTER_START`) VALUES
(1, '2014-08-07 06:47:08', 1, '2014-08-07 06:47:08', 1, 1, NULL, 'Y', '2013-10-25 00:00:00', NULL, 500, 'Форум производителей одежды в России', NULL, 'С 20 по 23 февраля состоится <strong>Форум производителей одежды в России</strong> &ndash; важнейшее мероприятии отрасли в этом году.', 'html', NULL, '<p>С 20 по 23 февраля этого года состоится <strong>Форум производителей одежды в России</strong> &ndash; важнейшее мероприятии отрасли в текущем году. В экспозиции принимают участие свыше 160 компаний из <em>Беларуси, Австрии, Латвии, Литвы, России, Польши </em>и<em> Украины</em>. В составе форума состоится пять выставок:&quot;Московский Фэшн Салон&quot;, &quot;Технологии в Одежде&quot;, &quot;Офис Комфорт&quot;, &quot;Повседневная одежда&quot; и &quot;Детская одежда&quot;. Экспозиция будет строиться по принципу двух тематических секторов:<em> одежда</em> и <em>материалы для ее производства</em>.\r\n					<br />\r\n					</p>\r\n\r\n					<p>В секторе готовой одежды будут представлены:</p>\r\n\r\n					<ul>\r\n					<li>одежда для дома;</li>\r\n\r\n					<li>одежда для детей и молодежи;</li>\r\n\r\n					<li>аксессуары в одежде;</li>\r\n\r\n					<li>одежда для спорта и отдыха;</li>\r\n\r\n					<li>одежда для офиса.</li>\r\n					</ul>\r\n\r\n					<p>В секторе материалов для производства одежды будут демонстрироваться новинки рынка одежной фурнитуры, материалов, тканей, элементов и аксессуаров для производства одежды.\r\n					<br />\r\n					</p>\r\n\r\n					<p>Помимо расширенной экспозиции пяти тематических выставок &quot;Экспофорум&quot; подготовил разнообразную деловую программу форума производителей Одежды. В рамках выставки состоятся семинары и мастер-классы. И поистине масштабным в этом году обещает стать республиканский конкурс форума &quot;<strong>Народное признание</strong>&quot;. В этом году он выходит за рамки выставки и становится республиканским смотром образцов одежды.   </p>\r\n\r\n					<p><strong>Форум производителей Одежды</strong> предоставляет специалистам возможность познакомиться с тенденциями моды, провести переговоры, получить практические предложения рынка, увидеть перспективы развития и новые конкурентные преимущества. Впервые для участников конкурса будет подготовлен маркетинговый отчет по результатам опроса посетителей выставок <strong>Форума производителей Одежды</strong>.\r\n					<br />\r\n					</p>\r\n\r\n					<p><em>Прием заявок на участие в конкурсе осуществляется до 12 января этого года.</em></p>\r\n\r\n					<ul> </ul>\r\n ', 'html', 'ФОРУМ ПРОИЗВОДИТЕЛЕЙ ОДЕЖДЫ В РОССИИ\r\nС 20 ПО 23 ФЕВРАЛЯ СОСТОИТСЯ ФОРУМ ПРОИЗВОДИТЕЛЕЙ ОДЕЖДЫ В РОССИИ &NDASH; \r\nВАЖНЕЙШЕЕ МЕРОПРИЯТИИ ОТРАСЛИ В ЭТОМ ГОДУ.\r\nС 20 ПО 23 ФЕВРАЛЯ ЭТОГО ГОДА СОСТОИТСЯ ФОРУМ ПРОИЗВОДИТЕЛЕЙ ОДЕЖДЫ В РОССИИ &NDASH; \r\nВАЖНЕЙШЕЕ МЕРОПРИЯТИИ ОТРАСЛИ В ТЕКУЩЕМ ГОДУ. В ЭКСПОЗИЦИИ ПРИНИМАЮТ УЧАСТИЕ \r\nСВЫШЕ 160 КОМПАНИЙ ИЗ БЕЛАРУСИ, АВСТРИИ, ЛАТВИИ, ЛИТВЫ, РОССИИ, ПОЛЬШИ И \r\nУКРАИНЫ. В СОСТАВЕ ФОРУМА СОСТОИТСЯ ПЯТЬ ВЫСТАВОК:"МОСКОВСКИЙ ФЭШН САЛОН", \r\n"ТЕХНОЛОГИИ В ОДЕЖДЕ", "ОФИС КОМФОРТ", "ПОВСЕДНЕВНАЯ ОДЕЖДА" И "ДЕТСКАЯ \r\nОДЕЖДА". ЭКСПОЗИЦИЯ БУДЕТ СТРОИТЬСЯ ПО ПРИНЦИПУ ДВУХ ТЕМАТИЧЕСКИХ СЕКТОРОВ: ОДЕЖДА \r\nИ МАТЕРИАЛЫ ДЛЯ ЕЕ ПРОИЗВОДСТВА. \r\n \r\n\r\nВ СЕКТОРЕ ГОТОВОЙ ОДЕЖДЫ БУДУТ ПРЕДСТАВЛЕНЫ: \r\n\r\n- ОДЕЖДА ДЛЯ ДОМА; \r\n- ОДЕЖДА ДЛЯ ДЕТЕЙ И МОЛОДЕЖИ; \r\n- АКСЕССУАРЫ В ОДЕЖДЕ; \r\n- ОДЕЖДА ДЛЯ СПОРТА И ОТДЫХА; \r\n- ОДЕЖДА ДЛЯ ОФИСА. \r\n\r\nВ СЕКТОРЕ МАТЕРИАЛОВ ДЛЯ ПРОИЗВОДСТВА ОДЕЖДЫ БУДУТ ДЕМОНСТРИРОВАТЬСЯ НОВИНКИ \r\nРЫНКА ОДЕЖНОЙ ФУРНИТУРЫ, МАТЕРИАЛОВ, ТКАНЕЙ, ЭЛЕМЕНТОВ И АКСЕССУАРОВ ДЛЯ \r\nПРОИЗВОДСТВА ОДЕЖДЫ. \r\n \r\n\r\nПОМИМО РАСШИРЕННОЙ ЭКСПОЗИЦИИ ПЯТИ ТЕМАТИЧЕСКИХ ВЫСТАВОК "ЭКСПОФОРУМ" ПОДГОТОВИЛ \r\nРАЗНООБРАЗНУЮ ДЕЛОВУЮ ПРОГРАММУ ФОРУМА ПРОИЗВОДИТЕЛЕЙ ОДЕЖДЫ. В РАМКАХ ВЫСТАВКИ \r\nСОСТОЯТСЯ СЕМИНАРЫ И МАСТЕР-КЛАССЫ. И ПОИСТИНЕ МАСШТАБНЫМ В ЭТОМ ГОДУ ОБЕЩАЕТ \r\nСТАТЬ РЕСПУБЛИКАНСКИЙ КОНКУРС ФОРУМА "НАРОДНОЕ ПРИЗНАНИЕ". В ЭТОМ ГОДУ ОН \r\nВЫХОДИТ ЗА РАМКИ ВЫСТАВКИ И СТАНОВИТСЯ РЕСПУБЛИКАНСКИМ СМОТРОМ ОБРАЗЦОВ \r\nОДЕЖДЫ.    \r\n\r\nФОРУМ ПРОИЗВОДИТЕЛЕЙ ОДЕЖДЫ ПРЕДОСТАВЛЯЕТ СПЕЦИАЛИСТАМ ВОЗМОЖНОСТЬ ПОЗНАКОМИТЬСЯ \r\nС ТЕНДЕНЦИЯМИ МОДЫ, ПРОВЕСТИ ПЕРЕГОВОРЫ, ПОЛУЧИТЬ ПРАКТИЧЕСКИЕ ПРЕДЛОЖЕНИЯ \r\nРЫНКА, УВИДЕТЬ ПЕРСПЕКТИВЫ РАЗВИТИЯ И НОВЫЕ КОНКУРЕНТНЫЕ ПРЕИМУЩЕСТВА. ВПЕРВЫЕ \r\nДЛЯ УЧАСТНИКОВ КОНКУРСА БУДЕТ ПОДГОТОВЛЕН МАРКЕТИНГОВЫЙ ОТЧЕТ ПО РЕЗУЛЬТАТАМ \r\nОПРОСА ПОСЕТИТЕЛЕЙ ВЫСТАВОК ФОРУМА ПРОИЗВОДИТЕЛЕЙ ОДЕЖДЫ. \r\n \r\n\r\nПРИЕМ ЗАЯВОК НА УЧАСТИЕ В КОНКУРСЕ ОСУЩЕСТВЛЯЕТСЯ ДО 12 ЯНВАРЯ ЭТОГО ГОДА.', 1, NULL, NULL, NULL, NULL, NULL, 'N', '1', 'forum_of_producers_of_clothes_in_russia', '', '1517885505', NULL, NULL, NULL),
(2, '2014-08-07 06:47:08', 1, '2014-08-07 06:47:08', 1, 1, NULL, 'Y', '2013-10-26 00:00:00', NULL, 500, 'Международная выставка одежды Salon De Fashion', NULL, 'В следующем году состоится выставка одежды - Salon De Fashion, которая обещает быть еще более расширенной и интересной.', 'html', NULL, 'В следующем  году выставка Salon De Fashion обещает быть еще более расширенной и интересной. На выставке Salon De Fashion будут представлены все типы одежды для офиса и дома от платьев и шорт до VIP-аксессуаров, включая оборудование для производства и детской одежды. \r\n					<div>\r\n					<br />\r\n					</div>\r\n\r\n					<div>Заявки на участие подали более чем 1 500 компаний со всего мира. Предполагается, что за время проведения выставки ее посетят более 300 000 тысяч человек. Экспозиция выставки разместится на общей площади 149 871 кв.м. В следующем году эта поистине грандиозная выставка будет проводиться уже в 14-й раз.</div>\r\n				', 'html', 'МЕЖДУНАРОДНАЯ ВЫСТАВКА ОДЕЖДЫ SALON DE FASHION\r\nВ СЛЕДУЮЩЕМ ГОДУ СОСТОИТСЯ ВЫСТАВКА ОДЕЖДЫ - SALON DE FASHION, КОТОРАЯ \r\nОБЕЩАЕТ БЫТЬ ЕЩЕ БОЛЕЕ РАСШИРЕННОЙ И ИНТЕРЕСНОЙ.\r\nВ СЛЕДУЮЩЕМ  ГОДУ ВЫСТАВКА SALON DE FASHION ОБЕЩАЕТ БЫТЬ ЕЩЕ БОЛЕЕ РАСШИРЕННОЙ \r\nИ ИНТЕРЕСНОЙ. НА ВЫСТАВКЕ SALON DE FASHION БУДУТ ПРЕДСТАВЛЕНЫ ВСЕ ТИПЫ ОДЕЖДЫ \r\nДЛЯ ОФИСА И ДОМА ОТ ПЛАТЬЕВ И ШОРТ ДО VIP-АКСЕССУАРОВ, ВКЛЮЧАЯ ОБОРУДОВАНИЕ \r\nДЛЯ ПРОИЗВОДСТВА И ДЕТСКОЙ ОДЕЖДЫ.  \r\nЗАЯВКИ НА УЧАСТИЕ ПОДАЛИ БОЛЕЕ ЧЕМ 1 500 КОМПАНИЙ СО ВСЕГО МИРА. ПРЕДПОЛАГАЕТСЯ, \r\nЧТО ЗА ВРЕМЯ ПРОВЕДЕНИЯ ВЫСТАВКИ ЕЕ ПОСЕТЯТ БОЛЕЕ 300 000 ТЫСЯЧ ЧЕЛОВЕК. \r\nЭКСПОЗИЦИЯ ВЫСТАВКИ РАЗМЕСТИТСЯ НА ОБЩЕЙ ПЛОЩАДИ 149 871 КВ.М. В СЛЕДУЮЩЕМ ГОДУ \r\nЭТА ПОИСТИНЕ ГРАНДИОЗНАЯ ВЫСТАВКА БУДЕТ ПРОВОДИТЬСЯ УЖЕ В 14-Й РАЗ.', 1, NULL, NULL, NULL, NULL, NULL, 'N', '8', 'exhibition_salon_de_fashion', '', '-251870512', NULL, NULL, NULL),
(3, '2014-08-07 06:47:08', 1, '2014-08-07 06:47:08', 1, 1, NULL, 'Y', '2013-10-27 00:00:00', NULL, 500, 'Новое веяние в одежде - получено прочное водостойкое соединение', NULL, 'Получено новое прочное водостойкое клеевое соединение.Изобретение относится к области получения и применения клеящих составов, используемых в обработке тканей, кожи и других материалов. Данная клеевая композиция предназначена только для горячего прессования и имеет в своем составе многокомпонентный очень гибкий отвердитель. Который даст возможность делать новые виды аппликаций и соединения тканей и различных типов материалов.', 'html', NULL, '<b>Авторы изобретения</b>: Разиньков Егор Михайлович и Зайцева Анна Анатольевна\r\n					<br />\r\n					Патент Российской Федерации RU2277566\r\n					<br />\r\n\r\n					<h3>Описание изобретения</h3>\r\n\r\n					<p>Изобретение относится к области получения и применения клеящих составов, используемых в производстве одежды и аксессуаров. Данная клеевая композиция предназначена только для горячего прессования и имеет в своем составе многокомпонентный гибкий отвердитель. Прототипом клеевой композиции является клей, состоящий из карбамидоформальдегидной смолы, сополимера акрилонитрила с N-винилкапролактамом и отвердитель. В качестве отвердителя применяют хлористый аммоний либо акриловую кислоту. </p>\r\n\r\n					<p>Изобретение решает задачу по получению прочного и водостойкого клеевого соединения. Это достигается тем, что клеевая композиция, включающая синтетическую смолу и отвердитель, согласно изобретению, дополнительно содержит модификатор, причем в качестве синтетической смолы клеевая композиция включает карбамидомеламиноформальдегидную смолу с отвердителем 2542, в качестве модификатора - карбамидоформальдегидную смолу, а в качестве отвердителя - 10%-ный раствор щавелевой кислоты при следующем соотношении компонентов, мас.ч.: </p>\r\n\r\n					<table cellspacing="0">\r\n					<tbody>\r\n					<tr> <td>Карбамидомеламиноформальдегидная смола</td><td>64,5-79,2</td> </tr>\r\n\r\n					<tr> <td>10%-ный Раствор щавелевой кислоты</td><td>4,4-20,5</td> </tr>\r\n\r\n					<tr> <td> Отвердитель для карбамидомеламиноформальдегидной </td><td>0,6-2,0</td> </tr>\r\n\r\n					<tr> <td> смолы 2542</td><td>13,0-15,8</td> </tr>\r\n					</tbody>\r\n					</table>\r\n', 'html', 'НОВОЕ ВЕЯНИЕ В ОДЕЖДЕ - ПОЛУЧЕНО ПРОЧНОЕ ВОДОСТОЙКОЕ СОЕДИНЕНИЕ\r\nПОЛУЧЕНО НОВОЕ ПРОЧНОЕ ВОДОСТОЙКОЕ КЛЕЕВОЕ СОЕДИНЕНИЕ.ИЗОБРЕТЕНИЕ ОТНОСИТСЯ \r\nК ОБЛАСТИ ПОЛУЧЕНИЯ И ПРИМЕНЕНИЯ КЛЕЯЩИХ СОСТАВОВ, ИСПОЛЬЗУЕМЫХ В ОБРАБОТКЕ \r\nТКАНЕЙ, КОЖИ И ДРУГИХ МАТЕРИАЛОВ. ДАННАЯ КЛЕЕВАЯ КОМПОЗИЦИЯ ПРЕДНАЗНАЧЕНА \r\nТОЛЬКО ДЛЯ ГОРЯЧЕГО ПРЕССОВАНИЯ И ИМЕЕТ В СВОЕМ СОСТАВЕ МНОГОКОМПОНЕНТНЫЙ \r\nОЧЕНЬ ГИБКИЙ ОТВЕРДИТЕЛЬ. КОТОРЫЙ ДАСТ ВОЗМОЖНОСТЬ ДЕЛАТЬ НОВЫЕ ВИДЫ АППЛИКАЦИЙ \r\nИ СОЕДИНЕНИЯ ТКАНЕЙ И РАЗЛИЧНЫХ ТИПОВ МАТЕРИАЛОВ.\r\nАВТОРЫ ИЗОБРЕТЕНИЯ: РАЗИНЬКОВ ЕГОР МИХАЙЛОВИЧ И ЗАЙЦЕВА АННА АНАТОЛЬЕВНА \r\nПАТЕНТ РОССИЙСКОЙ ФЕДЕРАЦИИ RU2277566 \r\nОПИСАНИЕ ИЗОБРЕТЕНИЯ \r\n\r\nИЗОБРЕТЕНИЕ ОТНОСИТСЯ К ОБЛАСТИ ПОЛУЧЕНИЯ И ПРИМЕНЕНИЯ КЛЕЯЩИХ СОСТАВОВ, \r\nИСПОЛЬЗУЕМЫХ В ПРОИЗВОДСТВЕ ОДЕЖДЫ И АКСЕССУАРОВ. ДАННАЯ КЛЕЕВАЯ КОМПОЗИЦИЯ \r\nПРЕДНАЗНАЧЕНА ТОЛЬКО ДЛЯ ГОРЯЧЕГО ПРЕССОВАНИЯ И ИМЕЕТ В СВОЕМ СОСТАВЕ МНОГОКОМПОНЕНТНЫЙ \r\nГИБКИЙ ОТВЕРДИТЕЛЬ. ПРОТОТИПОМ КЛЕЕВОЙ КОМПОЗИЦИИ ЯВЛЯЕТСЯ КЛЕЙ, СОСТОЯЩИЙ \r\nИЗ КАРБАМИДОФОРМАЛЬДЕГИДНОЙ СМОЛЫ, СОПОЛИМЕРА АКРИЛОНИТРИЛА С N-ВИНИЛКАПРОЛАКТАМОМ \r\nИ ОТВЕРДИТЕЛЬ. В КАЧЕСТВЕ ОТВЕРДИТЕЛЯ ПРИМЕНЯЮТ ХЛОРИСТЫЙ АММОНИЙ ЛИБО АКРИЛОВУЮ \r\nКИСЛОТУ. \r\n\r\nИЗОБРЕТЕНИЕ РЕШАЕТ ЗАДАЧУ ПО ПОЛУЧЕНИЮ ПРОЧНОГО И ВОДОСТОЙКОГО КЛЕЕВОГО \r\nСОЕДИНЕНИЯ. ЭТО ДОСТИГАЕТСЯ ТЕМ, ЧТО КЛЕЕВАЯ КОМПОЗИЦИЯ, ВКЛЮЧАЮЩАЯ СИНТЕТИЧЕСКУЮ \r\nСМОЛУ И ОТВЕРДИТЕЛЬ, СОГЛАСНО ИЗОБРЕТЕНИЮ, ДОПОЛНИТЕЛЬНО СОДЕРЖИТ МОДИФИКАТОР, \r\nПРИЧЕМ В КАЧЕСТВЕ СИНТЕТИЧЕСКОЙ СМОЛЫ КЛЕЕВАЯ КОМПОЗИЦИЯ ВКЛЮЧАЕТ КАРБАМИДОМЕЛАМИНОФОРМАЛЬДЕГИДНУЮ \r\nСМОЛУ С ОТВЕРДИТЕЛЕМ 2542, В КАЧЕСТВЕ МОДИФИКАТОРА - КАРБАМИДОФОРМАЛЬДЕГИДНУЮ \r\nСМОЛУ, А В КАЧЕСТВЕ ОТВЕРДИТЕЛЯ - 10%-НЫЙ РАСТВОР ЩАВЕЛЕВОЙ КИСЛОТЫ ПРИ \r\nСЛЕДУЮЩЕМ СООТНОШЕНИИ КОМПОНЕНТОВ, МАС.Ч.: \r\n КАРБАМИДОМЕЛАМИНОФОРМАЛЬДЕГИДНАЯ СМОЛА    64,5-79,2     \r\n 10%-НЫЙ РАСТВОР ЩАВЕЛЕВОЙ КИСЛОТЫ    4,4-20,5     \r\n ОТВЕРДИТЕЛЬ ДЛЯ КАРБАМИДОМЕЛАМИНОФОРМАЛЬДЕГИДНОЙ     0,6-2,0     \r\n СМОЛЫ 2542    13,0-15,8', 1, NULL, NULL, NULL, NULL, NULL, 'N', '9', 'waterproof_connection', '', '-2116248551', NULL, NULL, NULL),
(320, '2014-08-13 08:45:25', 1, '2014-08-13 07:29:48', 1, 2, 17, 'Y', NULL, NULL, 500, 'Слон обыкновенный', 932, '', 'text', 933, '', 'text', 'СЛОН ОБЫКНОВЕННЫЙ\r\n\r\n', 1, NULL, NULL, NULL, NULL, NULL, 'Y', '320', 'slon_obyknovennyy', '', '0', NULL, 7, '2014-08-13 07:30:14'),
(322, '2014-08-18 05:57:52', 1, '2014-08-18 05:57:52', 1, 7, NULL, 'Y', NULL, NULL, 500, 'Как ухаживать за мехом?', 938, 'Выбрать качественное меховое изделие очень нелегко. Но обеспечить качественный уход за ним ещё сложнее. А ведь меха – удовольствие не из дешёвых, поэтому хочется, чтобы покупка радовала максимально долго. Итак, для того, чтобы меховая шубка служила долго, необходимо следовать следующим правилам...', 'text', 939, 'Выбрать качественное меховое изделие очень нелегко. Но обеспечить качественный уход за ним ещё сложнее. А ведь меха – удовольствие не из дешёвых, поэтому хочется, чтобы покупка радовала максимально долго. Итак, для того, чтобы меховая шубка служила долго, необходимо следовать следующим правилам... \r\n\r\nКатегорически не рекомендуется носить на плече сумочки – так как на месте контакта шубки с ремешком сумки ворс «сломается», а со временем мех и вовсе сотрется и выпадет. Ради сохранности любимой шубы стоит перейти на портфели или же просто носить сумку в руке. \r\n\r\nКак и кожа человека, меховые изделия очень чувствительны к «пересушке». Поэтому меховые изделия не стоит сушить вблизи нагревательных приборов, хранить под прямыми солнечными лучами. Также не рекомендуется включать обогрев сиденья автомобиля. Кроме того, нельзя стоять возле выхлопной трубы автомобиля – нескольких минут вполне достаточно для того, чтобы окончательно «убить» мех. Также крайне нежелательно использовать вблизи меха духи, лаки для волос и другие аэрозольные распылители.\r\n', 'text', 'КАК УХАЖИВАТЬ ЗА МЕХОМ?\r\nВЫБРАТЬ КАЧЕСТВЕННОЕ МЕХОВОЕ ИЗДЕЛИЕ ОЧЕНЬ НЕЛЕГКО. НО ОБЕСПЕЧИТЬ КАЧЕСТВЕННЫЙ УХОД ЗА НИМ ЕЩЁ СЛОЖНЕЕ. А ВЕДЬ МЕХА – УДОВОЛЬСТВИЕ НЕ ИЗ ДЕШЁВЫХ, ПОЭТОМУ ХОЧЕТСЯ, ЧТОБЫ ПОКУПКА РАДОВАЛА МАКСИМАЛЬНО ДОЛГО. ИТАК, ДЛЯ ТОГО, ЧТОБЫ МЕХОВАЯ ШУБКА СЛУЖИЛА ДОЛГО, НЕОБХОДИМО СЛЕДОВАТЬ СЛЕДУЮЩИМ ПРАВИЛАМ...\r\nВЫБРАТЬ КАЧЕСТВЕННОЕ МЕХОВОЕ ИЗДЕЛИЕ ОЧЕНЬ НЕЛЕГКО. НО ОБЕСПЕЧИТЬ КАЧЕСТВЕННЫЙ УХОД ЗА НИМ ЕЩЁ СЛОЖНЕЕ. А ВЕДЬ МЕХА – УДОВОЛЬСТВИЕ НЕ ИЗ ДЕШЁВЫХ, ПОЭТОМУ ХОЧЕТСЯ, ЧТОБЫ ПОКУПКА РАДОВАЛА МАКСИМАЛЬНО ДОЛГО. ИТАК, ДЛЯ ТОГО, ЧТОБЫ МЕХОВАЯ ШУБКА СЛУЖИЛА ДОЛГО, НЕОБХОДИМО СЛЕДОВАТЬ СЛЕДУЮЩИМ ПРАВИЛАМ... \r\n\r\nКАТЕГОРИЧЕСКИ НЕ РЕКОМЕНДУЕТСЯ НОСИТЬ НА ПЛЕЧЕ СУМОЧКИ – ТАК КАК НА МЕСТЕ КОНТАКТА ШУБКИ С РЕМЕШКОМ СУМКИ ВОРС «СЛОМАЕТСЯ», А СО ВРЕМЕНЕМ МЕХ И ВОВСЕ СОТРЕТСЯ И ВЫПАДЕТ. РАДИ СОХРАННОСТИ ЛЮБИМОЙ ШУБЫ СТОИТ ПЕРЕЙТИ НА ПОРТФЕЛИ ИЛИ ЖЕ ПРОСТО НОСИТЬ СУМКУ В РУКЕ. \r\n\r\nКАК И КОЖА ЧЕЛОВЕКА, МЕХОВЫЕ ИЗДЕЛИЯ ОЧЕНЬ ЧУВСТВИТЕЛЬНЫ К «ПЕРЕСУШКЕ». ПОЭТОМУ МЕХОВЫЕ ИЗДЕЛИЯ НЕ СТОИТ СУШИТЬ ВБЛИЗИ НАГРЕВАТЕЛЬНЫХ ПРИБОРОВ, ХРАНИТЬ ПОД ПРЯМЫМИ СОЛНЕЧНЫМИ ЛУЧАМИ. ТАКЖЕ НЕ РЕКОМЕНДУЕТСЯ ВКЛЮЧАТЬ ОБОГРЕВ СИДЕНЬЯ АВТОМОБИЛЯ. КРОМЕ ТОГО, НЕЛЬЗЯ СТОЯТЬ ВОЗЛЕ ВЫХЛОПНОЙ ТРУБЫ АВТОМОБИЛЯ – НЕСКОЛЬКИХ МИНУТ ВПОЛНЕ ДОСТАТОЧНО ДЛЯ ТОГО, ЧТОБЫ ОКОНЧАТЕЛЬНО «УБИТЬ» МЕХ. ТАКЖЕ КРАЙНЕ НЕЖЕЛАТЕЛЬНО ИСПОЛЬЗОВАТЬ ВБЛИЗИ МЕХА ДУХИ, ЛАКИ ДЛЯ ВОЛОС И ДРУГИЕ АЭРОЗОЛЬНЫЕ РАСПЫЛИТЕЛИ.\r\n', 1, NULL, NULL, NULL, NULL, NULL, 'N', '322', 'kak-ukhazhivat-za-mekhom', '', '0', NULL, NULL, NULL),
(318, '2014-08-13 08:36:07', 1, '2014-08-07 07:58:45', 1, 2, 17, 'Y', NULL, NULL, 500, 'Супер шуба', 928, 'лргнгщнр', 'text', 929, '', 'text', 'СУПЕР ШУБА\r\nЛРГНГЩНР\r\n', 1, NULL, NULL, NULL, NULL, NULL, 'Y', '318', 'super_shuba', '', '0', NULL, 11, '2014-08-07 07:58:59'),
(321, '2014-08-18 12:20:56', 1, '2014-08-14 08:50:27', 1, 2, 18, 'Y', NULL, NULL, 500, 'Шапка норковая', 942, '', 'text', 943, '', 'text', 'ШАПКА НОРКОВАЯ\r\n\r\n', 1, NULL, NULL, NULL, NULL, NULL, 'Y', '321', 'shapka_norkovaya', '', '0', NULL, 7, '2014-08-14 08:50:42');

-- --------------------------------------------------------

--
-- Структура таблицы `b_iblock_element_iprop`
--

CREATE TABLE IF NOT EXISTS `b_iblock_element_iprop` (
  `IBLOCK_ID` int(11) NOT NULL,
  `SECTION_ID` int(11) NOT NULL,
  `ELEMENT_ID` int(11) NOT NULL,
  `IPROP_ID` int(11) NOT NULL,
  `VALUE` text NOT NULL,
  PRIMARY KEY (`ELEMENT_ID`,`IPROP_ID`),
  KEY `ix_b_iblock_element_iprop_0` (`IPROP_ID`),
  KEY `ix_b_iblock_element_iprop_1` (`IBLOCK_ID`)
) ENGINE=MyISAM DEFAULT CHARSET=cp1251;

--
-- Дамп данных таблицы `b_iblock_element_iprop`
--

INSERT INTO `b_iblock_element_iprop` (`IBLOCK_ID`, `SECTION_ID`, `ELEMENT_ID`, `IPROP_ID`, `VALUE`) VALUES
(2, 17, 318, 12, 'super-shuba'),
(2, 18, 321, 1, 'Каталог Шапка норковая от магазина Одежда+'),
(2, 17, 318, 6, 'картинка Супер шуба от магазина Одежда+'),
(2, 17, 318, 7, 'картинка Супер шуба магазин Одежда+ являющийся официальным дистрибьютором в России '),
(2, 17, 318, 8, 'В магазине Одежда+ собран огромный каталог, где не последняя роль отведена разделу Супер шуба, представленный официальным дистрибьютором в России'),
(2, 17, 318, 11, 'Каталог Супер шуба от магазина "Русский Шик"'),
(2, 17, 318, 10, 'Супер шуба, купить Супер шуба, приобрести Супер шуба, Супер шуба в различных цветах, Супер шуба от дистрибьютора'),
(2, 17, 318, 9, 'картинка Супер шуба от магазина Одежда+'),
(2, 17, 318, 5, 'super-shuba'),
(2, 17, 320, 10, 'Слон обыкновенный, купить Слон обыкновенный, приобрести Слон обыкновенный, Слон обыкновенный в различных цветах, Слон обыкновенный от дистрибьютора'),
(2, 17, 318, 4, 'картинка Супер шуба магазин Одежда+ являющийся официальным дистрибьютором в России '),
(2, 17, 318, 2, 'Супер шуба, купить Супер шуба, приобрести Супер шуба, Супер шуба в различных цветах, Супер шуба от дистрибьютора'),
(2, 17, 318, 3, 'В магазине Одежда+ собран огромный каталог, где не последняя роль отведена разделу Супер шуба, представленный официальным дистрибьютором в России'),
(2, 17, 320, 12, 'slon-obyknovennyy'),
(2, 17, 318, 1, 'Каталог Супер шуба от магазина Одежда+'),
(2, 17, 320, 11, 'Каталог Слон обыкновенный от магазина "Русский Шик"'),
(2, 17, 320, 9, 'картинка Слон обыкновенный от магазина Одежда+'),
(2, 17, 320, 4, 'картинка Слон обыкновенный магазин Одежда+ являющийся официальным дистрибьютором в России '),
(2, 17, 320, 8, 'В магазине Одежда+ собран огромный каталог, где не последняя роль отведена разделу Слон обыкновенный, представленный официальным дистрибьютором в России'),
(2, 17, 320, 6, 'картинка Слон обыкновенный от магазина Одежда+'),
(2, 17, 320, 7, 'картинка Слон обыкновенный магазин Одежда+ являющийся официальным дистрибьютором в России '),
(2, 17, 320, 5, 'slon-obyknovennyy'),
(2, 18, 321, 2, 'Шапка норковая, купить Шапка норковая, приобрести Шапка норковая, Шапка норковая в различных цветах, Шапка норковая от дистрибьютора'),
(2, 17, 320, 1, 'Каталог Слон обыкновенный от магазина Одежда+'),
(2, 17, 320, 2, 'Слон обыкновенный, купить Слон обыкновенный, приобрести Слон обыкновенный, Слон обыкновенный в различных цветах, Слон обыкновенный от дистрибьютора'),
(2, 17, 320, 3, 'В магазине Одежда+ собран огромный каталог, где не последняя роль отведена разделу Слон обыкновенный, представленный официальным дистрибьютором в России'),
(2, 18, 321, 3, 'В магазине Одежда+ собран огромный каталог, где не последняя роль отведена разделу Шапка норковая, представленный официальным дистрибьютором в России'),
(2, 18, 321, 4, 'картинка Шапка норковая магазин Одежда+ являющийся официальным дистрибьютором в России '),
(2, 18, 321, 5, 'shapka-norkovaya'),
(2, 18, 321, 6, 'картинка Шапка норковая от магазина Одежда+'),
(2, 18, 321, 7, 'картинка Шапка норковая магазин Одежда+ являющийся официальным дистрибьютором в России '),
(2, 18, 321, 8, 'В магазине Одежда+ собран огромный каталог, где не последняя роль отведена разделу Шапка норковая, представленный официальным дистрибьютором в России'),
(2, 18, 321, 9, 'картинка Шапка норковая от магазина Одежда+'),
(2, 18, 321, 10, 'Шапка норковая, купить Шапка норковая, приобрести Шапка норковая, Шапка норковая в различных цветах, Шапка норковая от дистрибьютора'),
(2, 18, 321, 11, 'Каталог Шапка норковая от магазина "Русский Шик"'),
(2, 18, 321, 12, 'shapka-norkovaya');

-- --------------------------------------------------------

--
-- Структура таблицы `b_iblock_element_lock`
--

CREATE TABLE IF NOT EXISTS `b_iblock_element_lock` (
  `IBLOCK_ELEMENT_ID` int(11) NOT NULL,
  `DATE_LOCK` datetime DEFAULT NULL,
  `LOCKED_BY` varchar(32) DEFAULT NULL,
  PRIMARY KEY (`IBLOCK_ELEMENT_ID`)
) ENGINE=MyISAM DEFAULT CHARSET=cp1251;

-- --------------------------------------------------------

--
-- Структура таблицы `b_iblock_element_property`
--

CREATE TABLE IF NOT EXISTS `b_iblock_element_property` (
  `ID` int(11) NOT NULL AUTO_INCREMENT,
  `IBLOCK_PROPERTY_ID` int(11) NOT NULL,
  `IBLOCK_ELEMENT_ID` int(11) NOT NULL,
  `VALUE` text NOT NULL,
  `VALUE_TYPE` char(4) NOT NULL DEFAULT 'text',
  `VALUE_ENUM` int(11) DEFAULT NULL,
  `VALUE_NUM` decimal(18,4) DEFAULT NULL,
  `DESCRIPTION` varchar(255) DEFAULT NULL,
  PRIMARY KEY (`ID`),
  KEY `ix_iblock_element_property_1` (`IBLOCK_ELEMENT_ID`,`IBLOCK_PROPERTY_ID`),
  KEY `ix_iblock_element_property_2` (`IBLOCK_PROPERTY_ID`),
  KEY `ix_iblock_element_prop_enum` (`VALUE_ENUM`,`IBLOCK_PROPERTY_ID`),
  KEY `ix_iblock_element_prop_num` (`VALUE_NUM`,`IBLOCK_PROPERTY_ID`)
) ENGINE=MyISAM  DEFAULT CHARSET=cp1251 AUTO_INCREMENT=2107 ;

--
-- Дамп данных таблицы `b_iblock_element_property`
--

INSERT INTO `b_iblock_element_property` (`ID`, `IBLOCK_PROPERTY_ID`, `IBLOCK_ELEMENT_ID`, `VALUE`, `VALUE_TYPE`, `VALUE_ENUM`, `VALUE_NUM`, `DESCRIPTION`) VALUES
(2091, 8, 321, 'Россия', 'text', NULL, 0.0000, ''),
(2088, 84, 320, '22', 'text', 22, NULL, NULL),
(2084, 84, 318, '23', 'text', 23, NULL, NULL),
(2073, 11, 320, '936', 'text', NULL, 936.0000, ''),
(2072, 11, 320, '935', 'text', NULL, 935.0000, ''),
(2071, 11, 320, '934', 'text', NULL, 934.0000, ''),
(2089, 63, 320, '20', 'text', 20, NULL, NULL),
(2066, 10, 320, 'Натурально-слоновий', 'text', NULL, 0.0000, ''),
(2065, 9, 320, 'Слон', 'text', NULL, 0.0000, ''),
(2064, 8, 320, 'Африка', 'text', NULL, 0.0000, ''),
(2063, 7, 320, 'СО00002', 'text', NULL, 0.0000, ''),
(2106, 63, 321, '19', 'text', 19, NULL, NULL),
(2105, 84, 321, '22', 'text', 22, NULL, NULL),
(2094, 11, 321, '937', 'text', NULL, 937.0000, ''),
(2093, 10, 321, 'Черный', 'text', NULL, 0.0000, ''),
(2092, 9, 321, 'Норка', 'text', NULL, 0.0000, ''),
(2086, 63, 318, '19', 'text', 19, NULL, NULL),
(2087, 63, 318, '20', 'text', 20, NULL, NULL),
(2090, 7, 321, 'sh4050', 'text', NULL, 0.0000, ''),
(2048, 7, 318, 'СШ00001', 'text', NULL, 0.0000, ''),
(2100, 11, 321, '940', 'text', NULL, 940.0000, ''),
(2085, 63, 318, '18', 'text', 18, NULL, NULL),
(2057, 8, 318, 'Китай', 'text', NULL, 0.0000, ''),
(2058, 9, 318, 'Медведь', 'text', NULL, 0.0000, ''),
(2059, 10, 318, 'Серый', 'text', NULL, 0.0000, '');

-- --------------------------------------------------------

--
-- Структура таблицы `b_iblock_element_right`
--

CREATE TABLE IF NOT EXISTS `b_iblock_element_right` (
  `IBLOCK_ID` int(11) NOT NULL,
  `SECTION_ID` int(11) NOT NULL,
  `ELEMENT_ID` int(11) NOT NULL,
  `RIGHT_ID` int(11) NOT NULL,
  `IS_INHERITED` char(1) NOT NULL,
  PRIMARY KEY (`RIGHT_ID`,`ELEMENT_ID`,`SECTION_ID`),
  KEY `ix_b_iblock_element_right_1` (`ELEMENT_ID`,`IBLOCK_ID`),
  KEY `ix_b_iblock_element_right_2` (`IBLOCK_ID`,`RIGHT_ID`)
) ENGINE=MyISAM DEFAULT CHARSET=cp1251;

-- --------------------------------------------------------

--
-- Структура таблицы `b_iblock_fields`
--

CREATE TABLE IF NOT EXISTS `b_iblock_fields` (
  `IBLOCK_ID` int(18) NOT NULL,
  `FIELD_ID` varchar(50) NOT NULL,
  `IS_REQUIRED` char(1) DEFAULT NULL,
  `DEFAULT_VALUE` longtext,
  PRIMARY KEY (`IBLOCK_ID`,`FIELD_ID`)
) ENGINE=MyISAM DEFAULT CHARSET=cp1251;

--
-- Дамп данных таблицы `b_iblock_fields`
--

INSERT INTO `b_iblock_fields` (`IBLOCK_ID`, `FIELD_ID`, `IS_REQUIRED`, `DEFAULT_VALUE`) VALUES
(1, 'IBLOCK_SECTION', 'N', ''),
(1, 'ACTIVE', 'Y', 'Y'),
(1, 'ACTIVE_FROM', 'N', '=today'),
(1, 'ACTIVE_TO', 'N', ''),
(1, 'SORT', 'N', '0'),
(1, 'NAME', 'Y', ''),
(1, 'PREVIEW_PICTURE', 'N', 'a:20:{s:11:"FROM_DETAIL";s:1:"N";s:5:"SCALE";s:1:"N";s:5:"WIDTH";s:0:"";s:6:"HEIGHT";s:0:"";s:13:"IGNORE_ERRORS";s:1:"N";s:6:"METHOD";s:8:"resample";s:11:"COMPRESSION";i:95;s:18:"DELETE_WITH_DETAIL";s:1:"N";s:18:"UPDATE_WITH_DETAIL";s:1:"N";s:18:"USE_WATERMARK_TEXT";s:1:"N";s:14:"WATERMARK_TEXT";N;s:19:"WATERMARK_TEXT_FONT";N;s:20:"WATERMARK_TEXT_COLOR";N;s:19:"WATERMARK_TEXT_SIZE";s:0:"";s:23:"WATERMARK_TEXT_POSITION";N;s:18:"USE_WATERMARK_FILE";s:1:"N";s:14:"WATERMARK_FILE";N;s:20:"WATERMARK_FILE_ALPHA";s:0:"";s:23:"WATERMARK_FILE_POSITION";N;s:20:"WATERMARK_FILE_ORDER";N;}'),
(1, 'PREVIEW_TEXT_TYPE', 'Y', 'text'),
(1, 'PREVIEW_TEXT', 'N', ''),
(1, 'DETAIL_PICTURE', 'N', 'a:17:{s:5:"SCALE";s:1:"N";s:5:"WIDTH";s:0:"";s:6:"HEIGHT";s:0:"";s:13:"IGNORE_ERRORS";s:1:"N";s:6:"METHOD";s:8:"resample";s:11:"COMPRESSION";i:95;s:18:"USE_WATERMARK_TEXT";s:1:"N";s:14:"WATERMARK_TEXT";N;s:19:"WATERMARK_TEXT_FONT";N;s:20:"WATERMARK_TEXT_COLOR";N;s:19:"WATERMARK_TEXT_SIZE";s:0:"";s:23:"WATERMARK_TEXT_POSITION";N;s:18:"USE_WATERMARK_FILE";s:1:"N";s:14:"WATERMARK_FILE";N;s:20:"WATERMARK_FILE_ALPHA";s:0:"";s:23:"WATERMARK_FILE_POSITION";N;s:20:"WATERMARK_FILE_ORDER";N;}'),
(1, 'DETAIL_TEXT_TYPE', 'Y', 'text'),
(1, 'DETAIL_TEXT', 'N', ''),
(1, 'XML_ID', 'N', ''),
(1, 'CODE', 'Y', 'a:8:{s:6:"UNIQUE";s:1:"Y";s:15:"TRANSLITERATION";s:1:"Y";s:9:"TRANS_LEN";i:100;s:10:"TRANS_CASE";s:1:"L";s:11:"TRANS_SPACE";s:1:"_";s:11:"TRANS_OTHER";s:1:"_";s:9:"TRANS_EAT";s:1:"Y";s:10:"USE_GOOGLE";s:1:"Y";}'),
(1, 'TAGS', 'N', ''),
(1, 'SECTION_NAME', 'Y', ''),
(1, 'SECTION_PICTURE', 'N', 'a:20:{s:11:"FROM_DETAIL";s:1:"N";s:5:"SCALE";s:1:"N";s:5:"WIDTH";s:0:"";s:6:"HEIGHT";s:0:"";s:13:"IGNORE_ERRORS";s:1:"N";s:6:"METHOD";s:8:"resample";s:11:"COMPRESSION";i:95;s:18:"DELETE_WITH_DETAIL";s:1:"N";s:18:"UPDATE_WITH_DETAIL";s:1:"N";s:18:"USE_WATERMARK_TEXT";s:1:"N";s:14:"WATERMARK_TEXT";N;s:19:"WATERMARK_TEXT_FONT";N;s:20:"WATERMARK_TEXT_COLOR";N;s:19:"WATERMARK_TEXT_SIZE";s:0:"";s:23:"WATERMARK_TEXT_POSITION";N;s:18:"USE_WATERMARK_FILE";s:1:"N";s:14:"WATERMARK_FILE";N;s:20:"WATERMARK_FILE_ALPHA";s:0:"";s:23:"WATERMARK_FILE_POSITION";N;s:20:"WATERMARK_FILE_ORDER";N;}'),
(1, 'SECTION_DESCRIPTION_TYPE', 'Y', 'text'),
(1, 'SECTION_DESCRIPTION', 'N', ''),
(1, 'SECTION_DETAIL_PICTURE', 'N', 'a:17:{s:5:"SCALE";s:1:"N";s:5:"WIDTH";s:0:"";s:6:"HEIGHT";s:0:"";s:13:"IGNORE_ERRORS";s:1:"N";s:6:"METHOD";s:8:"resample";s:11:"COMPRESSION";i:95;s:18:"USE_WATERMARK_TEXT";s:1:"N";s:14:"WATERMARK_TEXT";N;s:19:"WATERMARK_TEXT_FONT";N;s:20:"WATERMARK_TEXT_COLOR";N;s:19:"WATERMARK_TEXT_SIZE";s:0:"";s:23:"WATERMARK_TEXT_POSITION";N;s:18:"USE_WATERMARK_FILE";s:1:"N";s:14:"WATERMARK_FILE";N;s:20:"WATERMARK_FILE_ALPHA";s:0:"";s:23:"WATERMARK_FILE_POSITION";N;s:20:"WATERMARK_FILE_ORDER";N;}'),
(1, 'SECTION_XML_ID', 'N', ''),
(1, 'SECTION_CODE', 'N', 'a:8:{s:6:"UNIQUE";s:1:"N";s:15:"TRANSLITERATION";s:1:"N";s:9:"TRANS_LEN";i:100;s:10:"TRANS_CASE";s:1:"L";s:11:"TRANS_SPACE";s:1:"_";s:11:"TRANS_OTHER";s:1:"_";s:9:"TRANS_EAT";s:1:"Y";s:10:"USE_GOOGLE";s:1:"N";}'),
(1, 'LOG_SECTION_ADD', 'N', NULL),
(1, 'LOG_SECTION_EDIT', 'N', NULL),
(1, 'LOG_SECTION_DELETE', 'N', NULL),
(1, 'LOG_ELEMENT_ADD', 'N', NULL),
(1, 'LOG_ELEMENT_EDIT', 'N', NULL),
(1, 'LOG_ELEMENT_DELETE', 'N', NULL),
(1, 'XML_IMPORT_START_TIME', 'N', '2014-08-07 06:47:08'),
(2, 'IBLOCK_SECTION', 'Y', ''),
(2, 'ACTIVE', 'Y', 'Y'),
(2, 'ACTIVE_FROM', 'N', ''),
(2, 'ACTIVE_TO', 'N', ''),
(2, 'SORT', 'N', '0'),
(2, 'NAME', 'Y', ''),
(2, 'PREVIEW_PICTURE', 'N', 'a:20:{s:11:"FROM_DETAIL";s:1:"Y";s:5:"SCALE";s:1:"Y";s:5:"WIDTH";s:0:"";s:6:"HEIGHT";s:0:"";s:13:"IGNORE_ERRORS";s:1:"N";s:6:"METHOD";s:8:"resample";s:11:"COMPRESSION";i:95;s:18:"DELETE_WITH_DETAIL";s:1:"N";s:18:"UPDATE_WITH_DETAIL";s:1:"Y";s:18:"USE_WATERMARK_TEXT";s:1:"N";s:14:"WATERMARK_TEXT";s:0:"";s:19:"WATERMARK_TEXT_FONT";s:0:"";s:20:"WATERMARK_TEXT_COLOR";s:0:"";s:19:"WATERMARK_TEXT_SIZE";s:0:"";s:23:"WATERMARK_TEXT_POSITION";s:2:"tl";s:18:"USE_WATERMARK_FILE";s:1:"N";s:14:"WATERMARK_FILE";s:0:"";s:20:"WATERMARK_FILE_ALPHA";s:0:"";s:23:"WATERMARK_FILE_POSITION";s:2:"tl";s:20:"WATERMARK_FILE_ORDER";N;}'),
(2, 'PREVIEW_TEXT_TYPE', 'Y', 'text'),
(2, 'PREVIEW_TEXT', 'N', ''),
(2, 'DETAIL_PICTURE', 'N', 'a:17:{s:5:"SCALE";s:1:"Y";s:5:"WIDTH";s:0:"";s:6:"HEIGHT";s:0:"";s:13:"IGNORE_ERRORS";s:1:"N";s:6:"METHOD";s:8:"resample";s:11:"COMPRESSION";i:95;s:18:"USE_WATERMARK_TEXT";s:1:"N";s:14:"WATERMARK_TEXT";s:0:"";s:19:"WATERMARK_TEXT_FONT";s:0:"";s:20:"WATERMARK_TEXT_COLOR";s:0:"";s:19:"WATERMARK_TEXT_SIZE";s:0:"";s:23:"WATERMARK_TEXT_POSITION";s:2:"tl";s:18:"USE_WATERMARK_FILE";s:1:"N";s:14:"WATERMARK_FILE";s:0:"";s:20:"WATERMARK_FILE_ALPHA";s:0:"";s:23:"WATERMARK_FILE_POSITION";s:2:"tl";s:20:"WATERMARK_FILE_ORDER";N;}'),
(2, 'DETAIL_TEXT_TYPE', 'Y', 'text'),
(2, 'DETAIL_TEXT', 'N', ''),
(2, 'XML_ID', 'N', ''),
(2, 'CODE', 'N', 'a:8:{s:6:"UNIQUE";s:1:"Y";s:15:"TRANSLITERATION";s:1:"Y";s:9:"TRANS_LEN";i:100;s:10:"TRANS_CASE";s:1:"L";s:11:"TRANS_SPACE";s:1:"_";s:11:"TRANS_OTHER";s:1:"_";s:9:"TRANS_EAT";s:1:"Y";s:10:"USE_GOOGLE";s:1:"N";}'),
(2, 'TAGS', 'N', ''),
(2, 'SECTION_NAME', 'Y', ''),
(2, 'SECTION_PICTURE', 'N', 'a:20:{s:11:"FROM_DETAIL";s:1:"Y";s:5:"SCALE";s:1:"Y";s:5:"WIDTH";s:0:"";s:6:"HEIGHT";s:0:"";s:13:"IGNORE_ERRORS";s:1:"N";s:6:"METHOD";s:8:"resample";s:11:"COMPRESSION";i:95;s:18:"DELETE_WITH_DETAIL";s:1:"N";s:18:"UPDATE_WITH_DETAIL";s:1:"N";s:18:"USE_WATERMARK_TEXT";s:1:"N";s:14:"WATERMARK_TEXT";s:0:"";s:19:"WATERMARK_TEXT_FONT";s:0:"";s:20:"WATERMARK_TEXT_COLOR";s:0:"";s:19:"WATERMARK_TEXT_SIZE";s:0:"";s:23:"WATERMARK_TEXT_POSITION";s:2:"tl";s:18:"USE_WATERMARK_FILE";s:1:"N";s:14:"WATERMARK_FILE";s:0:"";s:20:"WATERMARK_FILE_ALPHA";s:0:"";s:23:"WATERMARK_FILE_POSITION";s:2:"tl";s:20:"WATERMARK_FILE_ORDER";N;}'),
(2, 'SECTION_DESCRIPTION_TYPE', 'Y', 'text'),
(2, 'SECTION_DESCRIPTION', 'N', ''),
(2, 'SECTION_DETAIL_PICTURE', 'N', 'a:17:{s:5:"SCALE";s:1:"Y";s:5:"WIDTH";s:0:"";s:6:"HEIGHT";s:0:"";s:13:"IGNORE_ERRORS";s:1:"N";s:6:"METHOD";s:8:"resample";s:11:"COMPRESSION";i:95;s:18:"USE_WATERMARK_TEXT";s:1:"N";s:14:"WATERMARK_TEXT";s:0:"";s:19:"WATERMARK_TEXT_FONT";s:0:"";s:20:"WATERMARK_TEXT_COLOR";s:0:"";s:19:"WATERMARK_TEXT_SIZE";s:0:"";s:23:"WATERMARK_TEXT_POSITION";s:2:"tl";s:18:"USE_WATERMARK_FILE";s:1:"N";s:14:"WATERMARK_FILE";s:0:"";s:20:"WATERMARK_FILE_ALPHA";s:0:"";s:23:"WATERMARK_FILE_POSITION";s:2:"tl";s:20:"WATERMARK_FILE_ORDER";N;}'),
(2, 'SECTION_XML_ID', 'N', ''),
(2, 'SECTION_CODE', 'Y', 'a:8:{s:6:"UNIQUE";s:1:"Y";s:15:"TRANSLITERATION";s:1:"Y";s:9:"TRANS_LEN";i:100;s:10:"TRANS_CASE";s:1:"L";s:11:"TRANS_SPACE";s:1:"_";s:11:"TRANS_OTHER";s:1:"_";s:9:"TRANS_EAT";s:1:"Y";s:10:"USE_GOOGLE";s:1:"N";}'),
(2, 'LOG_SECTION_ADD', 'N', NULL),
(2, 'LOG_SECTION_EDIT', 'N', NULL),
(2, 'LOG_SECTION_DELETE', 'N', NULL),
(2, 'LOG_ELEMENT_ADD', 'N', NULL),
(2, 'LOG_ELEMENT_EDIT', 'N', NULL),
(2, 'LOG_ELEMENT_DELETE', 'N', NULL),
(2, 'XML_IMPORT_START_TIME', 'N', '2014-08-07 06:47:33'),
(3, 'IBLOCK_SECTION', 'N', ''),
(3, 'ACTIVE', 'Y', 'Y'),
(3, 'ACTIVE_FROM', 'N', ''),
(3, 'ACTIVE_TO', 'N', ''),
(3, 'SORT', 'N', '0'),
(3, 'NAME', 'Y', ''),
(3, 'PREVIEW_PICTURE', 'N', 'a:20:{s:11:"FROM_DETAIL";s:1:"N";s:5:"SCALE";s:1:"N";s:5:"WIDTH";s:0:"";s:6:"HEIGHT";s:0:"";s:13:"IGNORE_ERRORS";s:1:"N";s:6:"METHOD";s:8:"resample";s:11:"COMPRESSION";i:95;s:18:"DELETE_WITH_DETAIL";s:1:"N";s:18:"UPDATE_WITH_DETAIL";s:1:"N";s:18:"USE_WATERMARK_TEXT";s:1:"N";s:14:"WATERMARK_TEXT";s:0:"";s:19:"WATERMARK_TEXT_FONT";s:0:"";s:20:"WATERMARK_TEXT_COLOR";s:0:"";s:19:"WATERMARK_TEXT_SIZE";s:0:"";s:23:"WATERMARK_TEXT_POSITION";s:2:"tl";s:18:"USE_WATERMARK_FILE";s:1:"N";s:14:"WATERMARK_FILE";s:0:"";s:20:"WATERMARK_FILE_ALPHA";s:0:"";s:23:"WATERMARK_FILE_POSITION";s:2:"tl";s:20:"WATERMARK_FILE_ORDER";N;}'),
(3, 'PREVIEW_TEXT_TYPE', 'Y', 'text'),
(3, 'PREVIEW_TEXT', 'N', ''),
(3, 'DETAIL_PICTURE', 'N', 'a:17:{s:5:"SCALE";s:1:"N";s:5:"WIDTH";s:0:"";s:6:"HEIGHT";s:0:"";s:13:"IGNORE_ERRORS";s:1:"N";s:6:"METHOD";s:8:"resample";s:11:"COMPRESSION";i:95;s:18:"USE_WATERMARK_TEXT";s:1:"N";s:14:"WATERMARK_TEXT";s:0:"";s:19:"WATERMARK_TEXT_FONT";s:0:"";s:20:"WATERMARK_TEXT_COLOR";s:0:"";s:19:"WATERMARK_TEXT_SIZE";s:0:"";s:23:"WATERMARK_TEXT_POSITION";s:2:"tl";s:18:"USE_WATERMARK_FILE";s:1:"N";s:14:"WATERMARK_FILE";s:0:"";s:20:"WATERMARK_FILE_ALPHA";s:0:"";s:23:"WATERMARK_FILE_POSITION";s:2:"tl";s:20:"WATERMARK_FILE_ORDER";N;}'),
(3, 'DETAIL_TEXT_TYPE', 'Y', 'text'),
(3, 'DETAIL_TEXT', 'N', ''),
(3, 'XML_ID', 'N', ''),
(3, 'CODE', 'N', 'a:8:{s:6:"UNIQUE";s:1:"Y";s:15:"TRANSLITERATION";s:1:"Y";s:9:"TRANS_LEN";i:100;s:10:"TRANS_CASE";s:1:"L";s:11:"TRANS_SPACE";s:1:"_";s:11:"TRANS_OTHER";s:1:"_";s:9:"TRANS_EAT";s:1:"Y";s:10:"USE_GOOGLE";s:1:"Y";}'),
(3, 'TAGS', 'N', ''),
(3, 'SECTION_NAME', 'Y', ''),
(3, 'SECTION_PICTURE', 'N', 'a:20:{s:11:"FROM_DETAIL";s:1:"N";s:5:"SCALE";s:1:"N";s:5:"WIDTH";s:0:"";s:6:"HEIGHT";s:0:"";s:13:"IGNORE_ERRORS";s:1:"N";s:6:"METHOD";s:8:"resample";s:11:"COMPRESSION";i:95;s:18:"DELETE_WITH_DETAIL";s:1:"N";s:18:"UPDATE_WITH_DETAIL";s:1:"N";s:18:"USE_WATERMARK_TEXT";s:1:"N";s:14:"WATERMARK_TEXT";s:0:"";s:19:"WATERMARK_TEXT_FONT";s:0:"";s:20:"WATERMARK_TEXT_COLOR";s:0:"";s:19:"WATERMARK_TEXT_SIZE";s:0:"";s:23:"WATERMARK_TEXT_POSITION";s:2:"tl";s:18:"USE_WATERMARK_FILE";s:1:"N";s:14:"WATERMARK_FILE";s:0:"";s:20:"WATERMARK_FILE_ALPHA";s:0:"";s:23:"WATERMARK_FILE_POSITION";s:2:"tl";s:20:"WATERMARK_FILE_ORDER";N;}'),
(3, 'SECTION_DESCRIPTION_TYPE', 'Y', 'text'),
(3, 'SECTION_DESCRIPTION', 'N', ''),
(3, 'SECTION_DETAIL_PICTURE', 'N', 'a:17:{s:5:"SCALE";s:1:"N";s:5:"WIDTH";s:0:"";s:6:"HEIGHT";s:0:"";s:13:"IGNORE_ERRORS";s:1:"N";s:6:"METHOD";s:8:"resample";s:11:"COMPRESSION";i:95;s:18:"USE_WATERMARK_TEXT";s:1:"N";s:14:"WATERMARK_TEXT";s:0:"";s:19:"WATERMARK_TEXT_FONT";s:0:"";s:20:"WATERMARK_TEXT_COLOR";s:0:"";s:19:"WATERMARK_TEXT_SIZE";s:0:"";s:23:"WATERMARK_TEXT_POSITION";s:2:"tl";s:18:"USE_WATERMARK_FILE";s:1:"N";s:14:"WATERMARK_FILE";s:0:"";s:20:"WATERMARK_FILE_ALPHA";s:0:"";s:23:"WATERMARK_FILE_POSITION";s:2:"tl";s:20:"WATERMARK_FILE_ORDER";N;}'),
(3, 'SECTION_XML_ID', 'N', ''),
(3, 'SECTION_CODE', 'N', 'a:8:{s:6:"UNIQUE";s:1:"Y";s:15:"TRANSLITERATION";s:1:"Y";s:9:"TRANS_LEN";i:100;s:10:"TRANS_CASE";s:1:"L";s:11:"TRANS_SPACE";s:1:"_";s:11:"TRANS_OTHER";s:1:"_";s:9:"TRANS_EAT";s:1:"Y";s:10:"USE_GOOGLE";s:1:"Y";}'),
(3, 'LOG_SECTION_ADD', 'N', NULL),
(3, 'LOG_SECTION_EDIT', 'N', NULL),
(3, 'LOG_SECTION_DELETE', 'N', NULL),
(3, 'LOG_ELEMENT_ADD', 'N', NULL),
(3, 'LOG_ELEMENT_EDIT', 'N', NULL),
(3, 'LOG_ELEMENT_DELETE', 'N', NULL),
(3, 'XML_IMPORT_START_TIME', 'N', '2014-08-07 06:47:54'),
(6, 'LOG_ELEMENT_EDIT', 'N', NULL),
(6, 'LOG_ELEMENT_ADD', 'N', NULL),
(6, 'SECTION_XML_ID', 'N', ''),
(6, 'SECTION_CODE', 'N', 'a:8:{s:6:"UNIQUE";s:1:"N";s:15:"TRANSLITERATION";s:1:"N";s:9:"TRANS_LEN";i:100;s:10:"TRANS_CASE";s:1:"L";s:11:"TRANS_SPACE";s:1:"-";s:11:"TRANS_OTHER";s:1:"-";s:9:"TRANS_EAT";s:1:"Y";s:10:"USE_GOOGLE";s:1:"N";}'),
(6, 'LOG_SECTION_ADD', 'N', NULL),
(6, 'LOG_SECTION_EDIT', 'N', NULL),
(6, 'LOG_SECTION_DELETE', 'N', NULL),
(6, 'SECTION_DESCRIPTION_TYPE', 'Y', 'text'),
(6, 'SECTION_DESCRIPTION', 'N', ''),
(6, 'SECTION_DETAIL_PICTURE', 'N', 'a:17:{s:5:"SCALE";s:1:"N";s:5:"WIDTH";s:0:"";s:6:"HEIGHT";s:0:"";s:13:"IGNORE_ERRORS";s:1:"N";s:6:"METHOD";s:8:"resample";s:11:"COMPRESSION";i:95;s:18:"USE_WATERMARK_TEXT";s:1:"N";s:14:"WATERMARK_TEXT";s:0:"";s:19:"WATERMARK_TEXT_FONT";s:0:"";s:20:"WATERMARK_TEXT_COLOR";s:0:"";s:19:"WATERMARK_TEXT_SIZE";s:0:"";s:23:"WATERMARK_TEXT_POSITION";s:2:"tl";s:18:"USE_WATERMARK_FILE";s:1:"N";s:14:"WATERMARK_FILE";s:0:"";s:20:"WATERMARK_FILE_ALPHA";s:0:"";s:23:"WATERMARK_FILE_POSITION";s:2:"tl";s:20:"WATERMARK_FILE_ORDER";N;}'),
(6, 'DETAIL_TEXT_TYPE', 'Y', 'text'),
(6, 'DETAIL_TEXT', 'N', ''),
(6, 'XML_ID', 'N', ''),
(6, 'CODE', 'Y', 'a:8:{s:6:"UNIQUE";s:1:"Y";s:15:"TRANSLITERATION";s:1:"Y";s:9:"TRANS_LEN";i:100;s:10:"TRANS_CASE";s:1:"L";s:11:"TRANS_SPACE";s:1:"-";s:11:"TRANS_OTHER";s:1:"-";s:9:"TRANS_EAT";s:1:"Y";s:10:"USE_GOOGLE";s:1:"N";}'),
(6, 'TAGS', 'N', ''),
(6, 'SECTION_NAME', 'Y', ''),
(6, 'SECTION_PICTURE', 'N', 'a:20:{s:11:"FROM_DETAIL";s:1:"N";s:5:"SCALE";s:1:"N";s:5:"WIDTH";s:0:"";s:6:"HEIGHT";s:0:"";s:13:"IGNORE_ERRORS";s:1:"N";s:6:"METHOD";s:8:"resample";s:11:"COMPRESSION";i:95;s:18:"DELETE_WITH_DETAIL";s:1:"N";s:18:"UPDATE_WITH_DETAIL";s:1:"N";s:18:"USE_WATERMARK_TEXT";s:1:"N";s:14:"WATERMARK_TEXT";s:0:"";s:19:"WATERMARK_TEXT_FONT";s:0:"";s:20:"WATERMARK_TEXT_COLOR";s:0:"";s:19:"WATERMARK_TEXT_SIZE";s:0:"";s:23:"WATERMARK_TEXT_POSITION";s:2:"tl";s:18:"USE_WATERMARK_FILE";s:1:"N";s:14:"WATERMARK_FILE";s:0:"";s:20:"WATERMARK_FILE_ALPHA";s:0:"";s:23:"WATERMARK_FILE_POSITION";s:2:"tl";s:20:"WATERMARK_FILE_ORDER";N;}'),
(6, 'PREVIEW_TEXT_TYPE', 'Y', 'text'),
(6, 'PREVIEW_TEXT', 'N', ''),
(6, 'DETAIL_PICTURE', 'N', 'a:17:{s:5:"SCALE";s:1:"Y";s:5:"WIDTH";s:0:"";s:6:"HEIGHT";s:0:"";s:13:"IGNORE_ERRORS";s:1:"N";s:6:"METHOD";s:8:"resample";s:11:"COMPRESSION";i:95;s:18:"USE_WATERMARK_TEXT";s:1:"N";s:14:"WATERMARK_TEXT";s:0:"";s:19:"WATERMARK_TEXT_FONT";s:0:"";s:20:"WATERMARK_TEXT_COLOR";s:0:"";s:19:"WATERMARK_TEXT_SIZE";s:0:"";s:23:"WATERMARK_TEXT_POSITION";s:2:"tl";s:18:"USE_WATERMARK_FILE";s:1:"N";s:14:"WATERMARK_FILE";s:0:"";s:20:"WATERMARK_FILE_ALPHA";s:0:"";s:23:"WATERMARK_FILE_POSITION";s:2:"tl";s:20:"WATERMARK_FILE_ORDER";N;}'),
(6, 'PREVIEW_PICTURE', 'N', 'a:20:{s:11:"FROM_DETAIL";s:1:"Y";s:5:"SCALE";s:1:"Y";s:5:"WIDTH";s:0:"";s:6:"HEIGHT";s:0:"";s:13:"IGNORE_ERRORS";s:1:"N";s:6:"METHOD";s:8:"resample";s:11:"COMPRESSION";i:95;s:18:"DELETE_WITH_DETAIL";s:1:"N";s:18:"UPDATE_WITH_DETAIL";s:1:"N";s:18:"USE_WATERMARK_TEXT";s:1:"N";s:14:"WATERMARK_TEXT";s:0:"";s:19:"WATERMARK_TEXT_FONT";s:0:"";s:20:"WATERMARK_TEXT_COLOR";s:0:"";s:19:"WATERMARK_TEXT_SIZE";s:0:"";s:23:"WATERMARK_TEXT_POSITION";s:2:"tl";s:18:"USE_WATERMARK_FILE";s:1:"N";s:14:"WATERMARK_FILE";s:0:"";s:20:"WATERMARK_FILE_ALPHA";s:0:"";s:23:"WATERMARK_FILE_POSITION";s:2:"tl";s:20:"WATERMARK_FILE_ORDER";N;}'),
(6, 'NAME', 'Y', ''),
(6, 'SORT', 'N', '0'),
(6, 'ACTIVE_TO', 'N', ''),
(6, 'ACTIVE_FROM', 'N', ''),
(6, 'ACTIVE', 'Y', 'Y'),
(6, 'IBLOCK_SECTION', 'N', ''),
(6, 'LOG_ELEMENT_DELETE', 'N', NULL),
(6, 'XML_IMPORT_START_TIME', 'N', NULL),
(7, 'IBLOCK_SECTION', 'N', ''),
(7, 'ACTIVE', 'Y', 'Y'),
(7, 'ACTIVE_FROM', 'N', ''),
(7, 'ACTIVE_TO', 'N', ''),
(7, 'SORT', 'N', '0'),
(7, 'NAME', 'Y', ''),
(7, 'PREVIEW_PICTURE', 'N', 'a:20:{s:11:"FROM_DETAIL";s:1:"Y";s:5:"SCALE";s:1:"Y";s:5:"WIDTH";s:0:"";s:6:"HEIGHT";s:0:"";s:13:"IGNORE_ERRORS";s:1:"N";s:6:"METHOD";s:8:"resample";s:11:"COMPRESSION";i:95;s:18:"DELETE_WITH_DETAIL";s:1:"N";s:18:"UPDATE_WITH_DETAIL";s:1:"N";s:18:"USE_WATERMARK_TEXT";s:1:"N";s:14:"WATERMARK_TEXT";s:0:"";s:19:"WATERMARK_TEXT_FONT";s:0:"";s:20:"WATERMARK_TEXT_COLOR";s:0:"";s:19:"WATERMARK_TEXT_SIZE";s:0:"";s:23:"WATERMARK_TEXT_POSITION";s:2:"tl";s:18:"USE_WATERMARK_FILE";s:1:"N";s:14:"WATERMARK_FILE";s:0:"";s:20:"WATERMARK_FILE_ALPHA";s:0:"";s:23:"WATERMARK_FILE_POSITION";s:2:"tl";s:20:"WATERMARK_FILE_ORDER";N;}'),
(7, 'PREVIEW_TEXT_TYPE', 'Y', 'text'),
(7, 'PREVIEW_TEXT', 'N', ''),
(7, 'DETAIL_PICTURE', 'N', 'a:17:{s:5:"SCALE";s:1:"Y";s:5:"WIDTH";s:0:"";s:6:"HEIGHT";s:0:"";s:13:"IGNORE_ERRORS";s:1:"N";s:6:"METHOD";s:8:"resample";s:11:"COMPRESSION";i:95;s:18:"USE_WATERMARK_TEXT";s:1:"N";s:14:"WATERMARK_TEXT";s:0:"";s:19:"WATERMARK_TEXT_FONT";s:0:"";s:20:"WATERMARK_TEXT_COLOR";s:0:"";s:19:"WATERMARK_TEXT_SIZE";s:0:"";s:23:"WATERMARK_TEXT_POSITION";s:2:"tl";s:18:"USE_WATERMARK_FILE";s:1:"N";s:14:"WATERMARK_FILE";s:0:"";s:20:"WATERMARK_FILE_ALPHA";s:0:"";s:23:"WATERMARK_FILE_POSITION";s:2:"tl";s:20:"WATERMARK_FILE_ORDER";N;}'),
(7, 'DETAIL_TEXT_TYPE', 'Y', 'text'),
(7, 'DETAIL_TEXT', 'N', ''),
(7, 'XML_ID', 'N', ''),
(7, 'CODE', 'Y', 'a:8:{s:6:"UNIQUE";s:1:"Y";s:15:"TRANSLITERATION";s:1:"Y";s:9:"TRANS_LEN";i:100;s:10:"TRANS_CASE";s:1:"L";s:11:"TRANS_SPACE";s:1:"-";s:11:"TRANS_OTHER";s:1:"-";s:9:"TRANS_EAT";s:1:"Y";s:10:"USE_GOOGLE";s:1:"N";}'),
(7, 'TAGS', 'N', ''),
(7, 'SECTION_NAME', 'Y', ''),
(7, 'SECTION_PICTURE', 'N', 'a:20:{s:11:"FROM_DETAIL";s:1:"N";s:5:"SCALE";s:1:"N";s:5:"WIDTH";s:0:"";s:6:"HEIGHT";s:0:"";s:13:"IGNORE_ERRORS";s:1:"N";s:6:"METHOD";s:8:"resample";s:11:"COMPRESSION";i:95;s:18:"DELETE_WITH_DETAIL";s:1:"N";s:18:"UPDATE_WITH_DETAIL";s:1:"N";s:18:"USE_WATERMARK_TEXT";s:1:"N";s:14:"WATERMARK_TEXT";s:0:"";s:19:"WATERMARK_TEXT_FONT";s:0:"";s:20:"WATERMARK_TEXT_COLOR";s:0:"";s:19:"WATERMARK_TEXT_SIZE";s:0:"";s:23:"WATERMARK_TEXT_POSITION";s:2:"tl";s:18:"USE_WATERMARK_FILE";s:1:"N";s:14:"WATERMARK_FILE";s:0:"";s:20:"WATERMARK_FILE_ALPHA";s:0:"";s:23:"WATERMARK_FILE_POSITION";s:2:"tl";s:20:"WATERMARK_FILE_ORDER";N;}'),
(7, 'SECTION_DESCRIPTION_TYPE', 'Y', 'text'),
(7, 'SECTION_DESCRIPTION', 'N', ''),
(7, 'SECTION_DETAIL_PICTURE', 'N', 'a:17:{s:5:"SCALE";s:1:"N";s:5:"WIDTH";s:0:"";s:6:"HEIGHT";s:0:"";s:13:"IGNORE_ERRORS";s:1:"N";s:6:"METHOD";s:8:"resample";s:11:"COMPRESSION";i:95;s:18:"USE_WATERMARK_TEXT";s:1:"N";s:14:"WATERMARK_TEXT";s:0:"";s:19:"WATERMARK_TEXT_FONT";s:0:"";s:20:"WATERMARK_TEXT_COLOR";s:0:"";s:19:"WATERMARK_TEXT_SIZE";s:0:"";s:23:"WATERMARK_TEXT_POSITION";s:2:"tl";s:18:"USE_WATERMARK_FILE";s:1:"N";s:14:"WATERMARK_FILE";s:0:"";s:20:"WATERMARK_FILE_ALPHA";s:0:"";s:23:"WATERMARK_FILE_POSITION";s:2:"tl";s:20:"WATERMARK_FILE_ORDER";N;}'),
(7, 'SECTION_XML_ID', 'N', ''),
(7, 'SECTION_CODE', 'N', 'a:8:{s:6:"UNIQUE";s:1:"N";s:15:"TRANSLITERATION";s:1:"N";s:9:"TRANS_LEN";i:100;s:10:"TRANS_CASE";s:1:"L";s:11:"TRANS_SPACE";s:1:"-";s:11:"TRANS_OTHER";s:1:"-";s:9:"TRANS_EAT";s:1:"Y";s:10:"USE_GOOGLE";s:1:"N";}'),
(7, 'LOG_SECTION_ADD', 'N', NULL),
(7, 'LOG_SECTION_EDIT', 'N', NULL),
(7, 'LOG_SECTION_DELETE', 'N', NULL),
(7, 'LOG_ELEMENT_ADD', 'N', NULL),
(7, 'LOG_ELEMENT_EDIT', 'N', NULL),
(7, 'LOG_ELEMENT_DELETE', 'N', NULL),
(7, 'XML_IMPORT_START_TIME', 'N', NULL);

-- --------------------------------------------------------

--
-- Структура таблицы `b_iblock_group`
--

CREATE TABLE IF NOT EXISTS `b_iblock_group` (
  `IBLOCK_ID` int(11) NOT NULL,
  `GROUP_ID` int(11) NOT NULL,
  `PERMISSION` char(1) NOT NULL,
  UNIQUE KEY `ux_iblock_group_1` (`IBLOCK_ID`,`GROUP_ID`)
) ENGINE=MyISAM DEFAULT CHARSET=cp1251;

--
-- Дамп данных таблицы `b_iblock_group`
--

INSERT INTO `b_iblock_group` (`IBLOCK_ID`, `GROUP_ID`, `PERMISSION`) VALUES
(1, 2, 'R'),
(1, 1, 'X'),
(2, 2, 'R'),
(2, 1, 'X'),
(3, 2, 'R'),
(3, 1, 'X'),
(6, 1, 'X'),
(7, 1, 'X');

-- --------------------------------------------------------

--
-- Структура таблицы `b_iblock_iblock_iprop`
--

CREATE TABLE IF NOT EXISTS `b_iblock_iblock_iprop` (
  `IBLOCK_ID` int(11) NOT NULL,
  `IPROP_ID` int(11) NOT NULL,
  `VALUE` text NOT NULL,
  PRIMARY KEY (`IBLOCK_ID`,`IPROP_ID`),
  KEY `ix_b_iblock_iblock_iprop_0` (`IPROP_ID`)
) ENGINE=MyISAM DEFAULT CHARSET=cp1251;

-- --------------------------------------------------------

--
-- Структура таблицы `b_iblock_iproperty`
--

CREATE TABLE IF NOT EXISTS `b_iblock_iproperty` (
  `ID` int(11) NOT NULL AUTO_INCREMENT,
  `IBLOCK_ID` int(11) NOT NULL,
  `CODE` varchar(50) NOT NULL,
  `ENTITY_TYPE` char(1) NOT NULL,
  `ENTITY_ID` int(11) NOT NULL,
  `TEMPLATE` text NOT NULL,
  PRIMARY KEY (`ID`),
  KEY `ix_b_iblock_iprop_0` (`IBLOCK_ID`,`ENTITY_TYPE`,`ENTITY_ID`)
) ENGINE=MyISAM  DEFAULT CHARSET=cp1251 AUTO_INCREMENT=18 ;

--
-- Дамп данных таблицы `b_iblock_iproperty`
--

INSERT INTO `b_iblock_iproperty` (`ID`, `IBLOCK_ID`, `CODE`, `ENTITY_TYPE`, `ENTITY_ID`, `TEMPLATE`) VALUES
(1, 2, 'ELEMENT_META_TITLE', 'B', 2, 'Каталог {=this.Name} от магазина Одежда+'),
(2, 2, 'ELEMENT_META_KEYWORDS', 'B', 2, '{=this.Name}, купить {=this.Name}, приобрести {=this.Name}, {=this.Name} в различных цветах, {=this.Name} от дистрибьютора'),
(3, 2, 'ELEMENT_META_DESCRIPTION', 'B', 2, 'В магазине Одежда+ собран огромный каталог, где не последняя роль отведена разделу {=this.Name}, представленный официальным дистрибьютором в России'),
(4, 2, 'ELEMENT_DETAIL_PICTURE_FILE_TITLE', 'B', 2, 'картинка {=this.Name} магазин Одежда+ являющийся официальным дистрибьютором в России '),
(5, 2, 'ELEMENT_DETAIL_PICTURE_FILE_NAME', 'B', 2, '{=lower this.Name}/lt-'),
(6, 2, 'ELEMENT_DETAIL_PICTURE_FILE_ALT', 'B', 2, 'картинка {=this.Name} от магазина Одежда+'),
(7, 2, 'ELEMENT_PREVIEW_PICTURE_FILE_TITLE', 'B', 2, 'картинка {=this.Name} магазин Одежда+ являющийся официальным дистрибьютором в России '),
(8, 2, 'SECTION_META_DESCRIPTION', 'B', 2, 'В магазине Одежда+ собран огромный каталог, где не последняя роль отведена разделу {=this.Name}, представленный официальным дистрибьютором в России'),
(9, 2, 'ELEMENT_PREVIEW_PICTURE_FILE_ALT', 'B', 2, 'картинка {=this.Name} от магазина Одежда+'),
(10, 2, 'SECTION_META_KEYWORDS', 'B', 2, '{=this.Name}, купить {=this.Name}, приобрести {=this.Name}, {=this.Name} в различных цветах, {=this.Name} от дистрибьютора'),
(11, 2, 'SECTION_META_TITLE', 'B', 2, 'Каталог {=this.Name} от магазина "Русский Шик"'),
(12, 2, 'ELEMENT_PREVIEW_PICTURE_FILE_NAME', 'B', 2, '{=lower this.Name}/lt-');

-- --------------------------------------------------------

--
-- Структура таблицы `b_iblock_messages`
--

CREATE TABLE IF NOT EXISTS `b_iblock_messages` (
  `IBLOCK_ID` int(18) NOT NULL,
  `MESSAGE_ID` varchar(50) NOT NULL,
  `MESSAGE_TEXT` varchar(255) DEFAULT NULL,
  PRIMARY KEY (`IBLOCK_ID`,`MESSAGE_ID`)
) ENGINE=MyISAM DEFAULT CHARSET=cp1251;

--
-- Дамп данных таблицы `b_iblock_messages`
--

INSERT INTO `b_iblock_messages` (`IBLOCK_ID`, `MESSAGE_ID`, `MESSAGE_TEXT`) VALUES
(1, 'ELEMENT_NAME', 'Новость'),
(1, 'ELEMENTS_NAME', 'Новости'),
(1, 'ELEMENT_ADD', 'Добавить новость'),
(1, 'ELEMENT_EDIT', 'Изменить новость'),
(1, 'ELEMENT_DELETE', 'Удалить новость'),
(1, 'SECTION_NAME', 'Раздел'),
(1, 'SECTIONS_NAME', 'Разделы'),
(1, 'SECTION_ADD', 'Добавить раздел'),
(1, 'SECTION_EDIT', 'Изменить раздел'),
(1, 'SECTION_DELETE', 'Удалить раздел'),
(3, 'SECTION_DELETE', 'Удалить раздел'),
(6, 'SECTION_DELETE', 'Удалить раздел'),
(6, 'SECTION_EDIT', 'Изменить раздел'),
(6, 'SECTION_ADD', 'Добавить раздел'),
(6, 'SECTIONS_NAME', 'Разделы'),
(6, 'SECTION_NAME', 'Раздел'),
(3, 'SECTION_EDIT', 'Изменить раздел'),
(3, 'SECTION_ADD', 'Добавить раздел'),
(3, 'SECTIONS_NAME', 'Разделы'),
(3, 'SECTION_NAME', 'Раздел'),
(3, 'ELEMENT_DELETE', 'Удалить'),
(3, 'ELEMENT_EDIT', 'Изменить'),
(3, 'ELEMENT_ADD', 'Добавить'),
(3, 'ELEMENTS_NAME', 'Торговые предложения'),
(6, 'ELEMENT_DELETE', 'Удалить элемент'),
(6, 'ELEMENT_EDIT', 'Изменить элемент'),
(6, 'ELEMENT_ADD', 'Добавить элемент'),
(6, 'ELEMENTS_NAME', 'Элементы'),
(6, 'ELEMENT_NAME', 'Элемент'),
(2, 'SECTION_DELETE', 'Удалить раздел'),
(2, 'SECTION_EDIT', 'Изменить раздел'),
(2, 'SECTION_ADD', 'Добавить раздел'),
(2, 'SECTIONS_NAME', 'Разделы'),
(2, 'SECTION_NAME', 'Раздел'),
(2, 'ELEMENT_DELETE', 'Удалить товар'),
(2, 'ELEMENT_EDIT', 'Изменить товар'),
(2, 'ELEMENT_ADD', 'Добавить товар'),
(2, 'ELEMENTS_NAME', 'Товары'),
(2, 'ELEMENT_NAME', 'Товар'),
(3, 'ELEMENT_NAME', 'Торговое предложение'),
(7, 'SECTION_ADD', 'Добавить раздел'),
(7, 'SECTIONS_NAME', 'Разделы'),
(7, 'SECTION_NAME', 'Раздел'),
(7, 'ELEMENT_DELETE', 'Удалить элемент'),
(7, 'ELEMENT_EDIT', 'Изменить элемент'),
(7, 'ELEMENT_ADD', 'Добавить элемент'),
(7, 'ELEMENTS_NAME', 'Элементы'),
(7, 'ELEMENT_NAME', 'Элемент'),
(7, 'SECTION_EDIT', 'Изменить раздел'),
(7, 'SECTION_DELETE', 'Удалить раздел');

-- --------------------------------------------------------

--
-- Структура таблицы `b_iblock_offers_tmp`
--

CREATE TABLE IF NOT EXISTS `b_iblock_offers_tmp` (
  `ID` int(11) unsigned NOT NULL AUTO_INCREMENT,
  `PRODUCT_IBLOCK_ID` int(11) unsigned NOT NULL,
  `OFFERS_IBLOCK_ID` int(11) unsigned NOT NULL,
  `TIMESTAMP_X` timestamp NOT NULL DEFAULT CURRENT_TIMESTAMP,
  PRIMARY KEY (`ID`)
) ENGINE=MyISAM  DEFAULT CHARSET=cp1251 AUTO_INCREMENT=3 ;

--
-- Дамп данных таблицы `b_iblock_offers_tmp`
--

INSERT INTO `b_iblock_offers_tmp` (`ID`, `PRODUCT_IBLOCK_ID`, `OFFERS_IBLOCK_ID`, `TIMESTAMP_X`) VALUES
(1, 2, 3, '2014-08-07 03:57:23'),
(2, 2, 3, '2014-08-13 01:52:38');

-- --------------------------------------------------------

--
-- Структура таблицы `b_iblock_property`
--

CREATE TABLE IF NOT EXISTS `b_iblock_property` (
  `ID` int(11) NOT NULL AUTO_INCREMENT,
  `TIMESTAMP_X` timestamp NOT NULL DEFAULT CURRENT_TIMESTAMP ON UPDATE CURRENT_TIMESTAMP,
  `IBLOCK_ID` int(11) NOT NULL,
  `NAME` varchar(255) NOT NULL,
  `ACTIVE` char(1) NOT NULL DEFAULT 'Y',
  `SORT` int(11) NOT NULL DEFAULT '500',
  `CODE` varchar(50) DEFAULT NULL,
  `DEFAULT_VALUE` text,
  `PROPERTY_TYPE` char(1) NOT NULL DEFAULT 'S',
  `ROW_COUNT` int(11) NOT NULL DEFAULT '1',
  `COL_COUNT` int(11) NOT NULL DEFAULT '30',
  `LIST_TYPE` char(1) NOT NULL DEFAULT 'L',
  `MULTIPLE` char(1) NOT NULL DEFAULT 'N',
  `XML_ID` varchar(100) DEFAULT NULL,
  `FILE_TYPE` varchar(200) DEFAULT NULL,
  `MULTIPLE_CNT` int(11) DEFAULT NULL,
  `TMP_ID` varchar(40) DEFAULT NULL,
  `LINK_IBLOCK_ID` int(18) DEFAULT NULL,
  `WITH_DESCRIPTION` char(1) DEFAULT NULL,
  `SEARCHABLE` char(1) NOT NULL DEFAULT 'N',
  `FILTRABLE` char(1) NOT NULL DEFAULT 'N',
  `IS_REQUIRED` char(1) DEFAULT NULL,
  `VERSION` int(11) NOT NULL DEFAULT '1',
  `USER_TYPE` varchar(255) DEFAULT NULL,
  `USER_TYPE_SETTINGS` text,
  `HINT` varchar(255) DEFAULT NULL,
  PRIMARY KEY (`ID`),
  KEY `ix_iblock_property_1` (`IBLOCK_ID`),
  KEY `ix_iblock_property_3` (`LINK_IBLOCK_ID`),
  KEY `ix_iblock_property_2` (`CODE`)
) ENGINE=MyISAM  DEFAULT CHARSET=cp1251 AUTO_INCREMENT=86 ;

--
-- Дамп данных таблицы `b_iblock_property`
--

INSERT INTO `b_iblock_property` (`ID`, `TIMESTAMP_X`, `IBLOCK_ID`, `NAME`, `ACTIVE`, `SORT`, `CODE`, `DEFAULT_VALUE`, `PROPERTY_TYPE`, `ROW_COUNT`, `COL_COUNT`, `LIST_TYPE`, `MULTIPLE`, `XML_ID`, `FILE_TYPE`, `MULTIPLE_CNT`, `TMP_ID`, `LINK_IBLOCK_ID`, `WITH_DESCRIPTION`, `SEARCHABLE`, `FILTRABLE`, `IS_REQUIRED`, `VERSION`, `USER_TYPE`, `USER_TYPE_SETTINGS`, `HINT`) VALUES
(1, '2014-08-13 07:53:14', 2, 'Заголовок для SEO', 'N', 110, 'SEO_TITLE', '', 'S', 1, 50, 'L', 'N', '331', '', 5, NULL, 0, 'N', 'N', 'N', 'N', 1, NULL, NULL, ''),
(2, '2014-08-13 07:53:14', 2, 'Ключевые слова для SEO', 'N', 120, 'SEO_KEYWORDS', '', 'S', 1, 50, 'L', 'N', '335', '', 5, NULL, 0, 'N', 'N', 'N', 'N', 1, NULL, NULL, ''),
(3, '2014-08-13 07:53:14', 2, 'Описание для SEO', 'N', 130, 'SEO_DESCRIPTION', '', 'S', 3, 38, 'L', 'N', '337', '', 5, NULL, 0, 'N', 'N', 'N', 'N', 1, NULL, NULL, ''),
(85, '2014-08-13 04:22:09', 2, 'Новинки сезона', 'Y', 420, 'NOVINKA', '', 'L', 1, 30, 'L', 'N', NULL, '', 5, NULL, 0, 'N', 'N', 'N', 'N', 1, NULL, NULL, ''),
(7, '2014-08-13 01:49:44', 2, 'Артикул', 'Y', 310, 'ARTICLE', '', 'S', 1, 30, 'L', 'N', '10', '', 5, NULL, 0, 'N', 'N', 'N', 'N', 1, NULL, NULL, ''),
(8, '2014-08-13 01:49:44', 2, 'Производство', 'Y', 340, 'MANUFACTURING', '', 'S', 1, 30, 'L', 'N', '12', '', 5, NULL, 0, 'N', 'N', 'N', 'N', 1, NULL, NULL, ''),
(9, '2014-08-13 04:16:33', 2, 'Материал', 'Y', 330, 'MATERIAL', '', 'S', 1, 30, 'L', 'N', '11', '', 1, NULL, 0, 'N', 'N', 'N', 'N', 1, NULL, NULL, ''),
(10, '2014-08-13 01:49:44', 2, 'Цвет', 'Y', 320, 'COLOR', '', 'S', 1, 30, 'L', 'N', '291', '', 3, NULL, 0, 'N', 'N', 'N', 'N', 1, NULL, NULL, ''),
(11, '2014-08-07 02:52:00', 2, 'Картинки галереи', 'Y', 500, 'MORE_PHOTO', '', 'F', 1, 30, 'L', 'Y', 'MORE_PHOTO', 'jpg, gif, bmp, png, jpeg', 5, NULL, 0, 'Y', 'N', 'N', 'N', 1, NULL, NULL, ''),
(12, '2014-08-18 08:11:36', 2, 'С этим товаром рекомендуем', 'N', 410, 'RECOMMEND', '', 'E', 1, 30, 'L', 'N', '461', '', 5, NULL, 2, 'N', 'N', 'N', 'N', 1, NULL, NULL, ''),
(84, '2014-08-18 01:53:52', 2, 'Тип изделия', 'Y', 200, 'PRODUCT_TYPE', '', 'L', 1, 30, 'L', 'N', NULL, '', 5, NULL, 0, 'N', 'N', 'N', 'N', 1, NULL, NULL, ''),
(83, '2014-08-13 03:53:31', 7, 'Галерея', 'Y', 500, 'GALLERY', '', 'F', 1, 30, 'L', 'Y', NULL, '', 5, NULL, 0, 'N', 'N', 'N', 'N', 1, NULL, NULL, ''),
(82, '2014-08-13 03:53:31', 7, 'Описание для SEO', 'Y', 500, 'SEO_DESCRIPTION', '', 'S', 1, 30, 'L', 'N', NULL, '', 5, NULL, 0, 'N', 'N', 'N', 'N', 1, NULL, NULL, ''),
(79, '2014-08-13 04:10:44', 2, 'Количество комментариев', 'Y', 500, 'BLOG_COMMENTS_CNT', '', 'N', 1, 30, 'L', 'N', NULL, '', 5, NULL, 0, 'N', 'N', 'N', 'N', 1, NULL, NULL, ''),
(78, '2014-08-13 04:10:44', 2, 'ID поста блога для комментариев', 'Y', 500, 'BLOG_POST_ID', '', 'N', 1, 30, 'L', 'N', NULL, '', 5, NULL, 0, 'N', 'N', 'N', 'N', 1, NULL, NULL, ''),
(81, '2014-08-13 03:53:31', 7, 'Ключевые слова для SEO', 'Y', 500, 'SEO_KEYWORDS', '', 'S', 1, 30, 'L', 'N', NULL, '', 5, NULL, 0, 'N', 'N', 'N', 'N', 1, NULL, NULL, ''),
(80, '2014-08-13 03:53:31', 7, 'Заголовок для SEO', 'Y', 500, 'SEO_TITLE', '', 'S', 1, 30, 'L', 'N', NULL, '', 5, NULL, 0, 'N', 'N', 'N', 'N', 1, NULL, NULL, ''),
(27, '2014-08-13 02:46:02', 3, 'Элемент каталога', 'Y', 100, 'CML2_LINK', '', 'E', 1, 30, 'L', 'N', 'CML2_LINK', '', 5, NULL, 2, 'N', 'N', 'Y', 'N', 1, 'SKU', 'a:9:{s:4:"VIEW";s:1:"A";s:8:"SHOW_ADD";s:1:"N";s:9:"MAX_WIDTH";i:0;s:10:"MIN_HEIGHT";i:24;s:10:"MAX_HEIGHT";i:1000;s:7:"BAN_SYM";s:2:",;";s:7:"REP_SYM";s:1:" ";s:13:"OTHER_REP_SYM";s:0:"";s:11:"IBLOCK_MESS";s:1:"N";}', ''),
(28, '2014-08-13 02:46:02', 3, 'Артикул', 'Y', 200, 'ARTNUMBER', '', 'S', 1, 60, 'L', 'N', '38', '', 5, NULL, 0, 'N', 'Y', 'Y', 'N', 1, NULL, NULL, ''),
(29, '2014-08-13 02:46:02', 3, 'Размеры обуви', 'Y', 300, 'SIZES_SHOES', '', 'L', 1, 30, 'L', 'N', '4510', '', 5, NULL, 0, 'N', 'N', 'N', 'N', 1, NULL, NULL, ''),
(30, '2014-08-13 02:46:02', 3, 'Размеры одежды ', 'Y', 400, 'SIZES_CLOTHES', '', 'L', 1, 30, 'L', 'N', '40', '', 5, NULL, 0, 'N', 'N', 'N', 'N', 1, NULL, NULL, ''),
(31, '2014-08-13 02:46:02', 3, 'Цвет', 'Y', 200, 'COLOR_REF', '', 'S', 1, 30, 'L', 'N', 'COLOR_REF', '', 5, NULL, 0, 'N', 'N', 'N', 'N', 1, 'directory', 'a:5:{s:4:"size";i:1;s:5:"width";i:0;s:5:"group";s:1:"N";s:8:"multiple";s:1:"N";s:10:"TABLE_NAME";s:21:"eshop_color_reference";}', ''),
(32, '2014-08-13 02:46:02', 3, 'Картинки', 'Y', 500, 'MORE_PHOTO', '', 'F', 1, 60, 'L', 'Y', '39', 'jpg, gif, bmp, png, jpeg', 5, NULL, 0, 'N', 'N', 'N', 'N', 1, NULL, NULL, ''),
(70, '2014-08-13 03:53:26', 6, 'Галерея', 'Y', 500, 'GALLERY', '', 'F', 1, 30, 'L', 'Y', NULL, '', 5, NULL, 0, 'N', 'N', 'N', 'N', 1, NULL, NULL, ''),
(69, '2014-08-13 02:28:09', 6, 'Период', 'Y', 500, 'PERIOD', '', 'S', 1, 30, 'L', 'N', NULL, '', 5, NULL, 0, 'N', 'N', 'N', 'N', 1, NULL, NULL, ''),
(63, '2014-08-13 04:28:02', 2, 'Размер', 'Y', 210, 'SIZE', '', 'L', 1, 30, 'L', 'Y', NULL, '', 5, NULL, 0, 'N', 'N', 'N', 'N', 1, NULL, NULL, ''),
(67, '2014-08-13 02:28:09', 6, 'Описание для SEO', 'Y', 500, 'SEO_DESCRIPTION', '', 'S', 1, 30, 'L', 'N', NULL, '', 5, NULL, 0, 'N', 'N', 'N', 'N', 1, NULL, NULL, ''),
(68, '2014-08-13 02:28:09', 6, 'Товары, участвующие в акции', 'Y', 500, 'LINK', '', 'E', 1, 30, 'L', 'N', NULL, '', 5, NULL, 0, 'N', 'N', 'N', 'N', 1, NULL, NULL, ''),
(66, '2014-08-13 02:28:09', 6, 'Ключевые слова для SEO', 'Y', 500, 'SEO_KEYWORDS', '', 'S', 1, 30, 'L', 'N', NULL, '', 5, NULL, 0, 'N', 'N', 'N', 'N', 1, NULL, NULL, ''),
(65, '2014-08-13 02:28:09', 6, 'Заголовок для SEO', 'Y', 500, 'SEO_TITLE', '', 'S', 1, 30, 'L', 'N', NULL, '', 5, NULL, 0, 'N', 'N', 'N', 'N', 1, NULL, NULL, '');

-- --------------------------------------------------------

--
-- Структура таблицы `b_iblock_property_enum`
--

CREATE TABLE IF NOT EXISTS `b_iblock_property_enum` (
  `ID` int(11) NOT NULL AUTO_INCREMENT,
  `PROPERTY_ID` int(11) NOT NULL,
  `VALUE` varchar(255) NOT NULL,
  `DEF` char(1) NOT NULL DEFAULT 'N',
  `SORT` int(11) NOT NULL DEFAULT '500',
  `XML_ID` varchar(200) NOT NULL,
  `TMP_ID` varchar(40) DEFAULT NULL,
  PRIMARY KEY (`ID`),
  UNIQUE KEY `ux_iblock_property_enum` (`PROPERTY_ID`,`XML_ID`)
) ENGINE=MyISAM  DEFAULT CHARSET=cp1251 AUTO_INCREMENT=26 ;

--
-- Дамп данных таблицы `b_iblock_property_enum`
--

INSERT INTO `b_iblock_property_enum` (`ID`, `PROPERTY_ID`, `VALUE`, `DEF`, `SORT`, `XML_ID`, `TMP_ID`) VALUES
(18, 63, '46 (170x44x60)', 'N', 20, 'SIZE46', NULL),
(17, 63, '44 (170x44x60)', 'N', 10, 'SIZE44', NULL),
(4, 29, '35', 'Y', 100, 'd5c054b792e65b6f093fa81313570f0b', NULL),
(5, 29, '36', 'N', 200, '07be2c1628d03a7cf0f194eeb3595853', NULL),
(6, 29, '37', 'N', 300, 'bcf799ba1361be1e5c3c8a38aac331d3', NULL),
(7, 29, '38', 'N', 400, '05954c7cb32f164bdf507c34230b547d', NULL),
(8, 29, '39', 'N', 500, 'cbe3a6965734b6cea57ffdf6b0259254', NULL),
(9, 29, '40', 'N', 600, '9f7530be7c4439529be99615cf2cdf1f', NULL),
(10, 30, 'XS', 'Y', 100, 'a11f96c3b88d222460d9796067d28b0c', NULL),
(11, 30, 'S', 'N', 200, 'be1079a982cc85bbdfec9b2cffe132c2', NULL),
(12, 30, 'M', 'N', 300, 'a2f1730e4dacc24cae7fd200e20ecb15', NULL),
(13, 30, 'L', 'N', 400, '309a4b56bb562106fcaffaa45595c200', NULL),
(14, 30, 'XL', 'N', 500, '98d8be59b4d50201222aa8fa85410395', NULL),
(15, 30, 'XXL', 'N', 600, '58178408c32af4f9205a5f0d1f16b90c', NULL),
(16, 30, 'XXXL', 'N', 700, '07249452260df37df35152cef9352bec', NULL),
(19, 63, '48 (170x44x60)', 'N', 30, 'SIZE48', NULL),
(20, 63, '50 (170x44x60)', 'N', 40, 'SIZE50', NULL),
(21, 84, 'Меховые жилеты', 'N', 500, 'TYPE_FUR_VESTS', NULL),
(22, 84, 'Жакеты из меха', 'N', 500, 'TYPE_FUR_TUNICS', NULL),
(23, 84, 'Куртки меховые', 'N', 500, 'TYPE_FUR_JACKETS', NULL),
(24, 85, 'Новинка', 'N', 10, 'NEW', NULL),
(25, 84, 'Шубы', 'N', 500, 'FUR_COAT', NULL);

-- --------------------------------------------------------

--
-- Структура таблицы `b_iblock_right`
--

CREATE TABLE IF NOT EXISTS `b_iblock_right` (
  `ID` int(11) NOT NULL AUTO_INCREMENT,
  `IBLOCK_ID` int(11) NOT NULL,
  `GROUP_CODE` varchar(50) NOT NULL,
  `ENTITY_TYPE` varchar(32) NOT NULL,
  `ENTITY_ID` int(11) NOT NULL,
  `DO_INHERIT` char(1) NOT NULL,
  `TASK_ID` int(11) NOT NULL,
  `OP_SREAD` char(1) NOT NULL,
  `OP_EREAD` char(1) NOT NULL,
  `XML_ID` varchar(32) DEFAULT NULL,
  PRIMARY KEY (`ID`),
  KEY `ix_b_iblock_right_iblock_id` (`IBLOCK_ID`,`ENTITY_TYPE`,`ENTITY_ID`),
  KEY `ix_b_iblock_right_group_code` (`GROUP_CODE`,`IBLOCK_ID`),
  KEY `ix_b_iblock_right_entity` (`ENTITY_ID`,`ENTITY_TYPE`),
  KEY `ix_b_iblock_right_op_eread` (`ID`,`OP_EREAD`,`GROUP_CODE`),
  KEY `ix_b_iblock_right_op_sread` (`ID`,`OP_SREAD`,`GROUP_CODE`),
  KEY `ix_b_iblock_right_task_id` (`TASK_ID`)
) ENGINE=MyISAM DEFAULT CHARSET=cp1251 AUTO_INCREMENT=1 ;

-- --------------------------------------------------------

--
-- Структура таблицы `b_iblock_rss`
--

CREATE TABLE IF NOT EXISTS `b_iblock_rss` (
  `ID` int(11) NOT NULL AUTO_INCREMENT,
  `IBLOCK_ID` int(11) NOT NULL,
  `NODE` varchar(50) NOT NULL,
  `NODE_VALUE` varchar(250) DEFAULT NULL,
  PRIMARY KEY (`ID`)
) ENGINE=MyISAM DEFAULT CHARSET=cp1251 AUTO_INCREMENT=1 ;

-- --------------------------------------------------------

--
-- Структура таблицы `b_iblock_section`
--

CREATE TABLE IF NOT EXISTS `b_iblock_section` (
  `ID` int(11) NOT NULL AUTO_INCREMENT,
  `TIMESTAMP_X` timestamp NOT NULL DEFAULT CURRENT_TIMESTAMP ON UPDATE CURRENT_TIMESTAMP,
  `MODIFIED_BY` int(18) DEFAULT NULL,
  `DATE_CREATE` datetime DEFAULT NULL,
  `CREATED_BY` int(18) DEFAULT NULL,
  `IBLOCK_ID` int(11) NOT NULL,
  `IBLOCK_SECTION_ID` int(11) DEFAULT NULL,
  `ACTIVE` char(1) NOT NULL DEFAULT 'Y',
  `GLOBAL_ACTIVE` char(1) NOT NULL DEFAULT 'Y',
  `SORT` int(11) NOT NULL DEFAULT '500',
  `NAME` varchar(255) NOT NULL,
  `PICTURE` int(18) DEFAULT NULL,
  `LEFT_MARGIN` int(18) DEFAULT NULL,
  `RIGHT_MARGIN` int(18) DEFAULT NULL,
  `DEPTH_LEVEL` int(18) DEFAULT NULL,
  `DESCRIPTION` text,
  `DESCRIPTION_TYPE` char(4) NOT NULL DEFAULT 'text',
  `SEARCHABLE_CONTENT` text,
  `CODE` varchar(255) DEFAULT NULL,
  `XML_ID` varchar(255) DEFAULT NULL,
  `TMP_ID` varchar(40) DEFAULT NULL,
  `DETAIL_PICTURE` int(18) DEFAULT NULL,
  `SOCNET_GROUP_ID` int(18) DEFAULT NULL,
  PRIMARY KEY (`ID`),
  KEY `ix_iblock_section_1` (`IBLOCK_ID`,`IBLOCK_SECTION_ID`),
  KEY `ix_iblock_section_depth_level` (`IBLOCK_ID`,`DEPTH_LEVEL`),
  KEY `ix_iblock_section_left_margin` (`IBLOCK_ID`,`LEFT_MARGIN`,`RIGHT_MARGIN`),
  KEY `ix_iblock_section_right_margin` (`IBLOCK_ID`,`RIGHT_MARGIN`,`LEFT_MARGIN`),
  KEY `ix_iblock_section_code` (`IBLOCK_ID`,`CODE`)
) ENGINE=MyISAM  DEFAULT CHARSET=cp1251 AUTO_INCREMENT=20 ;

--
-- Дамп данных таблицы `b_iblock_section`
--

INSERT INTO `b_iblock_section` (`ID`, `TIMESTAMP_X`, `MODIFIED_BY`, `DATE_CREATE`, `CREATED_BY`, `IBLOCK_ID`, `IBLOCK_SECTION_ID`, `ACTIVE`, `GLOBAL_ACTIVE`, `SORT`, `NAME`, `PICTURE`, `LEFT_MARGIN`, `RIGHT_MARGIN`, `DEPTH_LEVEL`, `DESCRIPTION`, `DESCRIPTION_TYPE`, `SEARCHABLE_CONTENT`, `CODE`, `XML_ID`, `TMP_ID`, `DETAIL_PICTURE`, `SOCNET_GROUP_ID`) VALUES
(18, '2014-08-13 01:53:30', 1, '2014-08-13 05:53:30', 1, 2, NULL, 'Y', 'Y', 500, 'Аксессуары', NULL, 1, 2, 1, '', 'text', 'АКСЕССУАРЫ\r\n', 'accessories', NULL, NULL, NULL, NULL),
(19, '2014-08-13 02:16:51', 1, '2014-08-13 06:16:51', 1, 2, NULL, 'Y', 'Y', 500, 'Меховые шкурки', NULL, 5, 6, 1, '', 'text', 'МЕХОВЫЕ ШКУРКИ\r\n', 'furskins', NULL, NULL, NULL, NULL),
(17, '2014-08-13 02:17:51', 1, '2014-08-07 07:57:18', 1, 2, NULL, 'Y', 'Y', 500, 'Женщинам', NULL, 3, 4, 1, '', 'text', 'ЖЕНЩИНАМ\r\n', 'women', NULL, NULL, NULL, NULL);

-- --------------------------------------------------------

--
-- Структура таблицы `b_iblock_section_element`
--

CREATE TABLE IF NOT EXISTS `b_iblock_section_element` (
  `IBLOCK_SECTION_ID` int(11) NOT NULL,
  `IBLOCK_ELEMENT_ID` int(11) NOT NULL,
  `ADDITIONAL_PROPERTY_ID` int(18) DEFAULT NULL,
  UNIQUE KEY `ux_iblock_section_element` (`IBLOCK_SECTION_ID`,`IBLOCK_ELEMENT_ID`,`ADDITIONAL_PROPERTY_ID`),
  KEY `UX_IBLOCK_SECTION_ELEMENT2` (`IBLOCK_ELEMENT_ID`)
) ENGINE=MyISAM DEFAULT CHARSET=cp1251;

--
-- Дамп данных таблицы `b_iblock_section_element`
--

INSERT INTO `b_iblock_section_element` (`IBLOCK_SECTION_ID`, `IBLOCK_ELEMENT_ID`, `ADDITIONAL_PROPERTY_ID`) VALUES
(17, 318, NULL),
(17, 320, NULL),
(18, 321, NULL);

-- --------------------------------------------------------

--
-- Структура таблицы `b_iblock_section_iprop`
--

CREATE TABLE IF NOT EXISTS `b_iblock_section_iprop` (
  `IBLOCK_ID` int(11) NOT NULL,
  `SECTION_ID` int(11) NOT NULL,
  `IPROP_ID` int(11) NOT NULL,
  `VALUE` text NOT NULL,
  PRIMARY KEY (`SECTION_ID`,`IPROP_ID`),
  KEY `ix_b_iblock_section_iprop_0` (`IPROP_ID`),
  KEY `ix_b_iblock_section_iprop_1` (`IBLOCK_ID`)
) ENGINE=MyISAM DEFAULT CHARSET=cp1251;

--
-- Дамп данных таблицы `b_iblock_section_iprop`
--

INSERT INTO `b_iblock_section_iprop` (`IBLOCK_ID`, `SECTION_ID`, `IPROP_ID`, `VALUE`) VALUES
(2, 19, 11, 'Каталог Меховые шкурки от магазина "Русский Шик"'),
(2, 19, 8, 'В магазине Одежда+ собран огромный каталог, где не последняя роль отведена разделу Меховые шкурки, представленный официальным дистрибьютором в России'),
(2, 19, 12, 'mekhovye-shkurki'),
(2, 19, 9, 'картинка Меховые шкурки от магазина Одежда+'),
(2, 19, 10, 'Меховые шкурки, купить Меховые шкурки, приобрести Меховые шкурки, Меховые шкурки в различных цветах, Меховые шкурки от дистрибьютора'),
(2, 19, 6, 'картинка Меховые шкурки от магазина Одежда+'),
(2, 19, 7, 'картинка Меховые шкурки магазин Одежда+ являющийся официальным дистрибьютором в России '),
(2, 19, 5, 'mekhovye-shkurki'),
(2, 19, 4, 'картинка Меховые шкурки магазин Одежда+ являющийся официальным дистрибьютором в России '),
(2, 19, 2, 'Меховые шкурки, купить Меховые шкурки, приобрести Меховые шкурки, Меховые шкурки в различных цветах, Меховые шкурки от дистрибьютора'),
(2, 19, 3, 'В магазине Одежда+ собран огромный каталог, где не последняя роль отведена разделу Меховые шкурки, представленный официальным дистрибьютором в России'),
(2, 17, 12, 'zhenshchinam'),
(2, 19, 1, 'Каталог Меховые шкурки от магазина Одежда+'),
(2, 17, 11, 'Каталог Женщинам от магазина "Русский Шик"'),
(2, 17, 6, 'картинка Женщинам от магазина Одежда+'),
(2, 17, 7, 'картинка Женщинам магазин Одежда+ являющийся официальным дистрибьютором в России '),
(2, 17, 8, 'В магазине Одежда+ собран огромный каталог, где не последняя роль отведена разделу Женщинам, представленный официальным дистрибьютором в России'),
(2, 17, 9, 'картинка Женщинам от магазина Одежда+'),
(2, 17, 10, 'Женщинам, купить Женщинам, приобрести Женщинам, Женщинам в различных цветах, Женщинам от дистрибьютора'),
(2, 17, 5, 'zhenshchinam'),
(2, 17, 4, 'картинка Женщинам магазин Одежда+ являющийся официальным дистрибьютором в России '),
(2, 17, 1, 'Каталог Женщинам от магазина Одежда+'),
(2, 17, 2, 'Женщинам, купить Женщинам, приобрести Женщинам, Женщинам в различных цветах, Женщинам от дистрибьютора'),
(2, 17, 3, 'В магазине Одежда+ собран огромный каталог, где не последняя роль отведена разделу Женщинам, представленный официальным дистрибьютором в России'),
(2, 18, 10, 'Аксессуары, купить Аксессуары, приобрести Аксессуары, Аксессуары в различных цветах, Аксессуары от дистрибьютора'),
(2, 18, 11, 'Каталог Аксессуары от магазина "Русский Шик"'),
(2, 18, 12, 'aksessuary'),
(2, 18, 9, 'картинка Аксессуары от магазина Одежда+'),
(2, 18, 8, 'В магазине Одежда+ собран огромный каталог, где не последняя роль отведена разделу Аксессуары, представленный официальным дистрибьютором в России'),
(2, 18, 6, 'картинка Аксессуары от магазина Одежда+'),
(2, 18, 7, 'картинка Аксессуары магазин Одежда+ являющийся официальным дистрибьютором в России '),
(2, 18, 5, 'aksessuary'),
(2, 18, 4, 'картинка Аксессуары магазин Одежда+ являющийся официальным дистрибьютором в России '),
(2, 18, 3, 'В магазине Одежда+ собран огромный каталог, где не последняя роль отведена разделу Аксессуары, представленный официальным дистрибьютором в России'),
(2, 18, 2, 'Аксессуары, купить Аксессуары, приобрести Аксессуары, Аксессуары в различных цветах, Аксессуары от дистрибьютора'),
(2, 18, 1, 'Каталог Аксессуары от магазина Одежда+');

-- --------------------------------------------------------

--
-- Структура таблицы `b_iblock_section_property`
--

CREATE TABLE IF NOT EXISTS `b_iblock_section_property` (
  `IBLOCK_ID` int(11) NOT NULL,
  `SECTION_ID` int(11) NOT NULL,
  `PROPERTY_ID` int(11) NOT NULL,
  `SMART_FILTER` char(1) DEFAULT NULL,
  PRIMARY KEY (`IBLOCK_ID`,`SECTION_ID`,`PROPERTY_ID`),
  KEY `ix_b_iblock_section_property_1` (`PROPERTY_ID`),
  KEY `ix_b_iblock_section_property_2` (`SECTION_ID`)
) ENGINE=MyISAM DEFAULT CHARSET=cp1251;

--
-- Дамп данных таблицы `b_iblock_section_property`
--

INSERT INTO `b_iblock_section_property` (`IBLOCK_ID`, `SECTION_ID`, `PROPERTY_ID`, `SMART_FILTER`) VALUES
(2, 0, 1, 'N'),
(2, 0, 2, 'N'),
(2, 0, 3, 'N'),
(2, 19, 28, 'Y'),
(2, 18, 32, NULL),
(2, 18, 30, NULL),
(2, 0, 7, 'N'),
(2, 0, 8, 'N'),
(2, 0, 9, 'N'),
(2, 0, 10, 'N'),
(2, 0, 12, 'N'),
(2, 18, 29, 'Y'),
(2, 18, 28, 'Y'),
(2, 0, 11, 'N'),
(2, 0, 63, 'Y'),
(2, 0, 79, 'N'),
(2, 19, 32, NULL),
(3, 0, 28, 'Y'),
(3, 0, 29, 'Y'),
(3, 0, 30, 'N'),
(3, 0, 32, 'N'),
(2, 19, 30, NULL),
(2, 19, 29, 'Y'),
(2, 0, 78, 'N'),
(2, 0, 84, 'Y'),
(2, 0, 85, 'N');

-- --------------------------------------------------------

--
-- Структура таблицы `b_iblock_section_right`
--

CREATE TABLE IF NOT EXISTS `b_iblock_section_right` (
  `IBLOCK_ID` int(11) NOT NULL,
  `SECTION_ID` int(11) NOT NULL,
  `RIGHT_ID` int(11) NOT NULL,
  `IS_INHERITED` char(1) NOT NULL,
  PRIMARY KEY (`RIGHT_ID`,`SECTION_ID`),
  KEY `ix_b_iblock_section_right_1` (`SECTION_ID`,`IBLOCK_ID`),
  KEY `ix_b_iblock_section_right_2` (`IBLOCK_ID`,`RIGHT_ID`)
) ENGINE=MyISAM DEFAULT CHARSET=cp1251;

-- --------------------------------------------------------

--
-- Структура таблицы `b_iblock_sequence`
--

CREATE TABLE IF NOT EXISTS `b_iblock_sequence` (
  `IBLOCK_ID` int(18) NOT NULL,
  `CODE` varchar(50) NOT NULL,
  `SEQ_VALUE` int(11) DEFAULT NULL,
  PRIMARY KEY (`IBLOCK_ID`,`CODE`)
) ENGINE=MyISAM DEFAULT CHARSET=cp1251;

-- --------------------------------------------------------

--
-- Структура таблицы `b_iblock_site`
--

CREATE TABLE IF NOT EXISTS `b_iblock_site` (
  `IBLOCK_ID` int(18) NOT NULL,
  `SITE_ID` char(2) NOT NULL,
  PRIMARY KEY (`IBLOCK_ID`,`SITE_ID`)
) ENGINE=MyISAM DEFAULT CHARSET=cp1251;

--
-- Дамп данных таблицы `b_iblock_site`
--

INSERT INTO `b_iblock_site` (`IBLOCK_ID`, `SITE_ID`) VALUES
(1, 's1'),
(2, 's1'),
(3, 's1'),
(6, 's1'),
(7, 's1');

-- --------------------------------------------------------

--
-- Структура таблицы `b_iblock_type`
--

CREATE TABLE IF NOT EXISTS `b_iblock_type` (
  `ID` varchar(50) NOT NULL,
  `SECTIONS` char(1) NOT NULL DEFAULT 'Y',
  `EDIT_FILE_BEFORE` varchar(255) DEFAULT NULL,
  `EDIT_FILE_AFTER` varchar(255) DEFAULT NULL,
  `IN_RSS` char(1) NOT NULL DEFAULT 'N',
  `SORT` int(18) NOT NULL DEFAULT '500',
  PRIMARY KEY (`ID`)
) ENGINE=MyISAM DEFAULT CHARSET=cp1251;

--
-- Дамп данных таблицы `b_iblock_type`
--

INSERT INTO `b_iblock_type` (`ID`, `SECTIONS`, `EDIT_FILE_BEFORE`, `EDIT_FILE_AFTER`, `IN_RSS`, `SORT`) VALUES
('news', 'N', NULL, NULL, 'Y', 200),
('services', 'Y', NULL, NULL, 'N', 300),
('catalog', 'Y', NULL, NULL, 'N', 100),
('offers', 'Y', NULL, NULL, 'N', 200),
('references', 'N', NULL, NULL, 'N', 400),
('content', 'Y', '', '', 'N', 500);

-- --------------------------------------------------------

--
-- Структура таблицы `b_iblock_type_lang`
--

CREATE TABLE IF NOT EXISTS `b_iblock_type_lang` (
  `IBLOCK_TYPE_ID` varchar(50) NOT NULL,
  `LID` char(2) NOT NULL,
  `NAME` varchar(100) NOT NULL,
  `SECTION_NAME` varchar(100) DEFAULT NULL,
  `ELEMENT_NAME` varchar(100) NOT NULL
) ENGINE=MyISAM DEFAULT CHARSET=cp1251;

--
-- Дамп данных таблицы `b_iblock_type_lang`
--

INSERT INTO `b_iblock_type_lang` (`IBLOCK_TYPE_ID`, `LID`, `NAME`, `SECTION_NAME`, `ELEMENT_NAME`) VALUES
('news', 'en', 'News', '', 'News'),
('news', 'ru', 'Новости', '', 'Новости'),
('services', 'en', 'Services', 'Sections', 'Elements'),
('services', 'ru', 'Сервисы', 'Разделы', 'Элементы'),
('catalog', 'en', 'Catalog', 'Sections', 'Products'),
('catalog', 'ru', 'Каталоги', 'Разделы', 'Товары'),
('offers', 'en', 'SKU', 'Sections', 'SKU''s'),
('offers', 'ru', 'Торговые предложения', 'Разделы', 'Предложения'),
('references', 'en', 'References', '', 'Reference'),
('references', 'ru', 'Справочники', '', 'Справочник'),
('content', 'en', 'Content', 'Ssections', 'Articles'),
('content', 'ru', 'Контент', 'Разделы', 'Элементы');

-- --------------------------------------------------------

--
-- Структура таблицы `b_lang`
--

CREATE TABLE IF NOT EXISTS `b_lang` (
  `LID` char(2) NOT NULL,
  `SORT` int(18) NOT NULL DEFAULT '100',
  `DEF` char(1) NOT NULL DEFAULT 'N',
  `ACTIVE` char(1) NOT NULL DEFAULT 'Y',
  `NAME` varchar(50) NOT NULL,
  `DIR` varchar(50) NOT NULL,
  `FORMAT_DATE` varchar(50) DEFAULT NULL,
  `FORMAT_DATETIME` varchar(50) DEFAULT NULL,
  `FORMAT_NAME` varchar(255) DEFAULT NULL,
  `WEEK_START` int(11) DEFAULT NULL,
  `CHARSET` varchar(255) DEFAULT NULL,
  `LANGUAGE_ID` char(2) NOT NULL,
  `DOC_ROOT` varchar(255) DEFAULT NULL,
  `DOMAIN_LIMITED` char(1) NOT NULL DEFAULT 'N',
  `SERVER_NAME` varchar(255) DEFAULT NULL,
  `SITE_NAME` varchar(255) DEFAULT NULL,
  `EMAIL` varchar(255) DEFAULT NULL,
  `CULTURE_ID` int(11) DEFAULT NULL,
  PRIMARY KEY (`LID`)
) ENGINE=MyISAM DEFAULT CHARSET=cp1251;

--
-- Дамп данных таблицы `b_lang`
--

INSERT INTO `b_lang` (`LID`, `SORT`, `DEF`, `ACTIVE`, `NAME`, `DIR`, `FORMAT_DATE`, `FORMAT_DATETIME`, `FORMAT_NAME`, `WEEK_START`, `CHARSET`, `LANGUAGE_ID`, `DOC_ROOT`, `DOMAIN_LIMITED`, `SERVER_NAME`, `SITE_NAME`, `EMAIL`, `CULTURE_ID`) VALUES
('s1', 1, 'Y', 'Y', 'Интернет-магазин (Сайт по умолчанию)', '/', NULL, NULL, NULL, NULL, NULL, 'ru', '', 'N', 'russianshik.bureauit.com', 'Русский Шик', 'sale@russianshik.bureauit.com', 1);

-- --------------------------------------------------------

--
-- Структура таблицы `b_language`
--

CREATE TABLE IF NOT EXISTS `b_language` (
  `LID` char(2) NOT NULL,
  `SORT` int(11) NOT NULL DEFAULT '100',
  `DEF` char(1) NOT NULL DEFAULT 'N',
  `ACTIVE` char(1) NOT NULL DEFAULT 'Y',
  `NAME` varchar(50) NOT NULL,
  `FORMAT_DATE` varchar(50) DEFAULT NULL,
  `FORMAT_DATETIME` varchar(50) DEFAULT NULL,
  `FORMAT_NAME` varchar(255) DEFAULT NULL,
  `WEEK_START` int(11) DEFAULT NULL,
  `CHARSET` varchar(255) DEFAULT NULL,
  `DIRECTION` char(1) DEFAULT NULL,
  `CULTURE_ID` int(11) DEFAULT NULL,
  PRIMARY KEY (`LID`)
) ENGINE=MyISAM DEFAULT CHARSET=cp1251;

--
-- Дамп данных таблицы `b_language`
--

INSERT INTO `b_language` (`LID`, `SORT`, `DEF`, `ACTIVE`, `NAME`, `FORMAT_DATE`, `FORMAT_DATETIME`, `FORMAT_NAME`, `WEEK_START`, `CHARSET`, `DIRECTION`, `CULTURE_ID`) VALUES
('ru', 1, 'Y', 'Y', 'Russian', NULL, NULL, NULL, NULL, NULL, NULL, 1),
('en', 2, 'N', 'Y', 'English', NULL, NULL, NULL, NULL, NULL, NULL, 2);

-- --------------------------------------------------------

--
-- Структура таблицы `b_lang_domain`
--

CREATE TABLE IF NOT EXISTS `b_lang_domain` (
  `LID` char(2) NOT NULL,
  `DOMAIN` varchar(255) NOT NULL,
  PRIMARY KEY (`LID`,`DOMAIN`)
) ENGINE=MyISAM DEFAULT CHARSET=cp1251;

-- --------------------------------------------------------

--
-- Структура таблицы `b_list_rubric`
--

CREATE TABLE IF NOT EXISTS `b_list_rubric` (
  `ID` int(11) NOT NULL AUTO_INCREMENT,
  `LID` char(2) NOT NULL,
  `CODE` varchar(100) DEFAULT NULL,
  `NAME` varchar(100) DEFAULT NULL,
  `DESCRIPTION` text,
  `SORT` int(11) NOT NULL DEFAULT '100',
  `ACTIVE` char(1) NOT NULL DEFAULT 'Y',
  `AUTO` char(1) NOT NULL DEFAULT 'N',
  `DAYS_OF_MONTH` varchar(100) DEFAULT NULL,
  `DAYS_OF_WEEK` varchar(15) DEFAULT NULL,
  `TIMES_OF_DAY` varchar(255) DEFAULT NULL,
  `TEMPLATE` varchar(100) DEFAULT NULL,
  `LAST_EXECUTED` datetime DEFAULT NULL,
  `VISIBLE` char(1) NOT NULL DEFAULT 'Y',
  `FROM_FIELD` varchar(255) DEFAULT NULL,
  PRIMARY KEY (`ID`)
) ENGINE=MyISAM  DEFAULT CHARSET=cp1251 AUTO_INCREMENT=2 ;

--
-- Дамп данных таблицы `b_list_rubric`
--

INSERT INTO `b_list_rubric` (`ID`, `LID`, `CODE`, `NAME`, `DESCRIPTION`, `SORT`, `ACTIVE`, `AUTO`, `DAYS_OF_MONTH`, `DAYS_OF_WEEK`, `TIMES_OF_DAY`, `TEMPLATE`, `LAST_EXECUTED`, `VISIBLE`, `FROM_FIELD`) VALUES
(1, 's1', NULL, 'Новости магазина', 'Ежедневная рассылка новостей магазина.', 100, 'Y', 'Y', '', '1,2,3,4,5,6,7', '05:00', 'bitrix/php_interface/subscribe/templates/store_news_s1', '2014-08-20 05:00:00', 'Y', 'neivweb@gmail.com');

-- --------------------------------------------------------

--
-- Структура таблицы `b_medialib_collection`
--

CREATE TABLE IF NOT EXISTS `b_medialib_collection` (
  `ID` int(11) NOT NULL AUTO_INCREMENT,
  `NAME` varchar(255) NOT NULL,
  `DESCRIPTION` text,
  `ACTIVE` char(1) NOT NULL DEFAULT 'Y',
  `DATE_UPDATE` datetime NOT NULL,
  `OWNER_ID` int(11) DEFAULT NULL,
  `PARENT_ID` int(11) DEFAULT NULL,
  `SITE_ID` char(2) DEFAULT NULL,
  `KEYWORDS` varchar(255) DEFAULT NULL,
  `ITEMS_COUNT` int(11) DEFAULT NULL,
  `ML_TYPE` int(11) NOT NULL DEFAULT '0',
  PRIMARY KEY (`ID`)
) ENGINE=MyISAM DEFAULT CHARSET=cp1251 AUTO_INCREMENT=1 ;

-- --------------------------------------------------------

--
-- Структура таблицы `b_medialib_collection_item`
--

CREATE TABLE IF NOT EXISTS `b_medialib_collection_item` (
  `COLLECTION_ID` int(11) NOT NULL,
  `ITEM_ID` int(11) NOT NULL,
  PRIMARY KEY (`ITEM_ID`,`COLLECTION_ID`)
) ENGINE=MyISAM DEFAULT CHARSET=cp1251;

-- --------------------------------------------------------

--
-- Структура таблицы `b_medialib_item`
--

CREATE TABLE IF NOT EXISTS `b_medialib_item` (
  `ID` int(11) NOT NULL AUTO_INCREMENT,
  `NAME` varchar(255) NOT NULL,
  `ITEM_TYPE` char(30) NOT NULL,
  `DESCRIPTION` text,
  `DATE_CREATE` datetime NOT NULL,
  `DATE_UPDATE` datetime NOT NULL,
  `SOURCE_ID` int(11) NOT NULL,
  `KEYWORDS` varchar(255) DEFAULT NULL,
  `SEARCHABLE_CONTENT` text,
  PRIMARY KEY (`ID`)
) ENGINE=MyISAM DEFAULT CHARSET=cp1251 AUTO_INCREMENT=1 ;

-- --------------------------------------------------------

--
-- Структура таблицы `b_medialib_type`
--

CREATE TABLE IF NOT EXISTS `b_medialib_type` (
  `ID` int(11) NOT NULL AUTO_INCREMENT,
  `NAME` varchar(255) DEFAULT NULL,
  `CODE` varchar(255) NOT NULL,
  `EXT` varchar(255) NOT NULL,
  `SYSTEM` char(1) NOT NULL DEFAULT 'N',
  `DESCRIPTION` text,
  PRIMARY KEY (`ID`)
) ENGINE=MyISAM  DEFAULT CHARSET=cp1251 AUTO_INCREMENT=4 ;

--
-- Дамп данных таблицы `b_medialib_type`
--

INSERT INTO `b_medialib_type` (`ID`, `NAME`, `CODE`, `EXT`, `SYSTEM`, `DESCRIPTION`) VALUES
(1, 'image_name', 'image', 'jpg,jpeg,gif,png', 'Y', 'image_desc'),
(2, 'video_name', 'video', 'flv,mp4,wmv', 'Y', 'video_desc'),
(3, 'sound_name', 'sound', 'mp3,wma,aac', 'Y', 'sound_desc');

-- --------------------------------------------------------

--
-- Структура таблицы `b_module`
--

CREATE TABLE IF NOT EXISTS `b_module` (
  `ID` varchar(50) NOT NULL,
  `DATE_ACTIVE` timestamp NOT NULL DEFAULT CURRENT_TIMESTAMP ON UPDATE CURRENT_TIMESTAMP,
  PRIMARY KEY (`ID`)
) ENGINE=MyISAM DEFAULT CHARSET=cp1251;

--
-- Дамп данных таблицы `b_module`
--

INSERT INTO `b_module` (`ID`, `DATE_ACTIVE`) VALUES
('main', '2014-08-07 02:42:53'),
('bitrix.eshop', '2014-08-07 02:42:53'),
('bitrix.sitecorporate', '2014-08-07 02:42:54'),
('bitrixcloud', '2014-08-07 02:42:54'),
('blog', '2014-08-07 02:42:57'),
('catalog', '2014-08-07 02:42:58'),
('clouds', '2014-08-07 02:42:59'),
('compression', '2014-08-07 02:43:00'),
('currency', '2014-08-07 02:43:01'),
('fileman', '2014-08-07 02:43:02'),
('form', '2014-08-07 02:43:03'),
('forum', '2014-08-07 02:43:04'),
('highloadblock', '2014-08-07 02:43:05'),
('iblock', '2014-08-07 02:43:06'),
('mobileapp', '2014-08-07 02:43:06'),
('perfmon', '2014-08-07 02:43:07'),
('photogallery', '2014-08-07 02:43:08'),
('pull', '2014-08-07 02:43:09'),
('report', '2014-08-07 02:43:10'),
('sale', '2014-08-07 02:44:06'),
('scale', '2014-08-07 02:44:07'),
('search', '2014-08-07 02:44:07'),
('security', '2014-08-07 02:44:08'),
('seo', '2014-08-07 02:44:09'),
('socialservices', '2014-08-07 02:44:10'),
('subscribe', '2014-08-07 02:44:10'),
('vote', '2014-08-07 02:44:11'),
('eshopapp', '2014-08-07 02:48:09');

-- --------------------------------------------------------

--
-- Структура таблицы `b_module_group`
--

CREATE TABLE IF NOT EXISTS `b_module_group` (
  `ID` int(11) NOT NULL AUTO_INCREMENT,
  `MODULE_ID` varchar(50) NOT NULL,
  `GROUP_ID` int(11) NOT NULL,
  `G_ACCESS` varchar(255) NOT NULL,
  `SITE_ID` char(2) DEFAULT NULL,
  PRIMARY KEY (`ID`),
  UNIQUE KEY `UK_GROUP_MODULE` (`MODULE_ID`,`GROUP_ID`,`SITE_ID`)
) ENGINE=MyISAM  DEFAULT CHARSET=cp1251 AUTO_INCREMENT=6 ;

--
-- Дамп данных таблицы `b_module_group`
--

INSERT INTO `b_module_group` (`ID`, `MODULE_ID`, `GROUP_ID`, `G_ACCESS`, `SITE_ID`) VALUES
(1, 'main', 6, 'Q', NULL),
(2, 'sale', 6, 'U', NULL),
(3, 'catalog', 6, 'T', NULL),
(4, 'main', 7, 'P', NULL),
(5, 'fileman', 7, 'F', NULL);

-- --------------------------------------------------------

--
-- Структура таблицы `b_module_to_module`
--

CREATE TABLE IF NOT EXISTS `b_module_to_module` (
  `ID` int(11) NOT NULL AUTO_INCREMENT,
  `TIMESTAMP_X` timestamp NOT NULL DEFAULT CURRENT_TIMESTAMP ON UPDATE CURRENT_TIMESTAMP,
  `SORT` int(18) NOT NULL DEFAULT '100',
  `FROM_MODULE_ID` varchar(50) NOT NULL,
  `MESSAGE_ID` varchar(50) NOT NULL,
  `TO_MODULE_ID` varchar(50) NOT NULL,
  `TO_PATH` varchar(255) DEFAULT NULL,
  `TO_CLASS` varchar(50) DEFAULT NULL,
  `TO_METHOD` varchar(50) DEFAULT NULL,
  `TO_METHOD_ARG` varchar(255) DEFAULT NULL,
  `VERSION` int(18) DEFAULT NULL,
  PRIMARY KEY (`ID`),
  KEY `ix_module_to_module` (`FROM_MODULE_ID`,`MESSAGE_ID`,`TO_MODULE_ID`,`TO_CLASS`,`TO_METHOD`)
) ENGINE=MyISAM  DEFAULT CHARSET=cp1251 AUTO_INCREMENT=267 ;

--
-- Дамп данных таблицы `b_module_to_module`
--

INSERT INTO `b_module_to_module` (`ID`, `TIMESTAMP_X`, `SORT`, `FROM_MODULE_ID`, `MESSAGE_ID`, `TO_MODULE_ID`, `TO_PATH`, `TO_CLASS`, `TO_METHOD`, `TO_METHOD_ARG`, `VERSION`) VALUES
(1, '2014-08-07 02:42:53', 100, 'iblock', 'OnIBlockPropertyBuildList', 'main', '/modules/main/tools/prop_userid.php', 'CIBlockPropertyUserID', 'GetUserTypeDescription', '', 1),
(2, '2014-08-07 02:42:53', 100, 'main', 'OnUserDelete', 'main', '/modules/main/classes/mysql/favorites.php', 'CFavorites', 'OnUserDelete', '', 1),
(3, '2014-08-07 02:42:53', 100, 'main', 'OnLanguageDelete', 'main', '/modules/main/classes/mysql/favorites.php', 'CFavorites', 'OnLanguageDelete', '', 1),
(4, '2014-08-07 02:42:53', 100, 'main', 'OnUserDelete', 'main', '', 'CUserOptions', 'OnUserDelete', '', 1),
(5, '2014-08-07 02:42:53', 100, 'main', 'OnChangeFile', 'main', '', 'CMain', 'OnChangeFileComponent', '', 1),
(6, '2014-08-07 02:42:53', 100, 'main', 'OnUserTypeRightsCheck', 'main', '', 'CUser', 'UserTypeRightsCheck', '', 1),
(7, '2014-08-07 02:42:53', 100, 'main', 'OnUserLogin', 'main', '', 'UpdateTools', 'CheckUpdates', '', 1),
(8, '2014-08-07 02:42:53', 100, 'main', 'OnModuleUpdate', 'main', '', 'UpdateTools', 'SetUpdateResult', '', 1),
(9, '2014-08-07 02:42:53', 100, 'main', 'OnUpdateCheck', 'main', '', 'UpdateTools', 'SetUpdateError', '', 1),
(10, '2014-08-07 02:42:53', 100, 'main', 'OnPanelCreate', 'main', '', 'CUndo', 'CheckNotifyMessage', '', 1),
(11, '2014-08-07 02:42:53', 100, 'main', 'OnAfterAddRating', 'main', '', 'CRatingsComponentsMain', 'OnAfterAddRating', '', 1),
(12, '2014-08-07 02:42:53', 100, 'main', 'OnAfterUpdateRating', 'main', '', 'CRatingsComponentsMain', 'OnAfterUpdateRating', '', 1),
(13, '2014-08-07 02:42:53', 100, 'main', 'OnSetRatingsConfigs', 'main', '', 'CRatingsComponentsMain', 'OnSetRatingConfigs', '', 1),
(14, '2014-08-07 02:42:53', 100, 'main', 'OnGetRatingsConfigs', 'main', '', 'CRatingsComponentsMain', 'OnGetRatingConfigs', '', 1),
(15, '2014-08-07 02:42:53', 100, 'main', 'OnGetRatingsObjects', 'main', '', 'CRatingsComponentsMain', 'OnGetRatingObject', '', 1),
(16, '2014-08-07 02:42:53', 100, 'main', 'OnGetRatingContentOwner', 'main', '', 'CRatingsComponentsMain', 'OnGetRatingContentOwner', '', 1),
(17, '2014-08-07 02:42:53', 100, 'main', 'OnAfterAddRatingRule', 'main', '', 'CRatingRulesMain', 'OnAfterAddRatingRule', '', 1),
(18, '2014-08-07 02:42:53', 100, 'main', 'OnAfterUpdateRatingRule', 'main', '', 'CRatingRulesMain', 'OnAfterUpdateRatingRule', '', 1),
(19, '2014-08-07 02:42:53', 100, 'main', 'OnGetRatingRuleObjects', 'main', '', 'CRatingRulesMain', 'OnGetRatingRuleObjects', '', 1),
(20, '2014-08-07 02:42:53', 100, 'main', 'OnGetRatingRuleConfigs', 'main', '', 'CRatingRulesMain', 'OnGetRatingRuleConfigs', '', 1),
(21, '2014-08-07 02:42:53', 100, 'main', 'OnAfterUserAdd', 'main', '', 'CRatings', 'OnAfterUserRegister', '', 1),
(22, '2014-08-07 02:42:53', 100, 'main', 'OnUserDelete', 'main', '', 'CRatings', 'OnUserDelete', '', 1),
(23, '2014-08-07 02:42:53', 100, 'main', 'OnUserDelete', 'main', '', 'CAccess', 'OnUserDelete', '', 1),
(24, '2014-08-07 02:42:53', 100, 'main', 'OnAfterGroupAdd', 'main', '', 'CGroupAuthProvider', 'OnAfterGroupAdd', '', 1),
(25, '2014-08-07 02:42:53', 100, 'main', 'OnBeforeGroupUpdate', 'main', '', 'CGroupAuthProvider', 'OnBeforeGroupUpdate', '', 1),
(26, '2014-08-07 02:42:53', 100, 'main', 'OnBeforeGroupDelete', 'main', '', 'CGroupAuthProvider', 'OnBeforeGroupDelete', '', 1),
(27, '2014-08-07 02:42:53', 100, 'main', 'OnAfterSetUserGroup', 'main', '', 'CGroupAuthProvider', 'OnAfterSetUserGroup', '', 1),
(28, '2014-08-07 02:42:53', 100, 'main', 'OnUserLogin', 'main', '', 'CGroupAuthProvider', 'OnUserLogin', '', 1),
(29, '2014-08-07 02:42:53', 100, 'main', 'OnEventLogGetAuditTypes', 'main', '', 'CEventMain', 'GetAuditTypes', '', 1),
(30, '2014-08-07 02:42:53', 100, 'main', 'OnEventLogGetAuditHandlers', 'main', '', 'CEventMain', 'MakeMainObject', '', 1),
(31, '2014-08-07 02:42:53', 100, 'perfmon', 'OnGetTableSchema', 'main', '', 'CTableSchema', 'OnGetTableSchema', '', 1),
(32, '2014-08-07 02:42:53', 110, 'main', 'OnUserTypeBuildList', 'main', '', 'CUserTypeString', 'GetUserTypeDescription', '', 1),
(33, '2014-08-07 02:42:53', 120, 'main', 'OnUserTypeBuildList', 'main', '', 'CUserTypeInteger', 'GetUserTypeDescription', '', 1),
(34, '2014-08-07 02:42:53', 130, 'main', 'OnUserTypeBuildList', 'main', '', 'CUserTypeDouble', 'GetUserTypeDescription', '', 1),
(35, '2014-08-07 02:42:53', 140, 'main', 'OnUserTypeBuildList', 'main', '', 'CUserTypeDateTime', 'GetUserTypeDescription', '', 1),
(36, '2014-08-07 02:42:53', 145, 'main', 'OnUserTypeBuildList', 'main', '', 'CUserTypeDate', 'GetUserTypeDescription', '', 1),
(37, '2014-08-07 02:42:53', 150, 'main', 'OnUserTypeBuildList', 'main', '', 'CUserTypeBoolean', 'GetUserTypeDescription', '', 1),
(38, '2014-08-07 02:42:53', 160, 'main', 'OnUserTypeBuildList', 'main', '', 'CUserTypeFile', 'GetUserTypeDescription', '', 1),
(39, '2014-08-07 02:42:53', 170, 'main', 'OnUserTypeBuildList', 'main', '', 'CUserTypeEnum', 'GetUserTypeDescription', '', 1),
(40, '2014-08-07 02:42:53', 180, 'main', 'OnUserTypeBuildList', 'main', '', 'CUserTypeIBlockSection', 'GetUserTypeDescription', '', 1),
(41, '2014-08-07 02:42:53', 190, 'main', 'OnUserTypeBuildList', 'main', '', 'CUserTypeIBlockElement', 'GetUserTypeDescription', '', 1),
(42, '2014-08-07 02:42:53', 200, 'main', 'OnUserTypeBuildList', 'main', '', 'CUserTypeStringFormatted', 'GetUserTypeDescription', '', 1),
(43, '2014-08-07 02:42:53', 100, 'main', 'OnBeforeProlog', 'bitrix.eshop', '', 'CEShop', 'ShowPanel', '', 1),
(44, '2014-08-07 02:42:54', 100, 'main', 'OnBeforeProlog', 'bitrix.sitecorporate', '', 'CSiteCorporate', 'ShowPanel', '', 1),
(45, '2014-08-07 02:42:54', 100, 'main', 'OnAdminInformerInsertItems', 'bitrixcloud', '', 'CBitrixCloudCDN', 'OnAdminInformerInsertItems', '', 1),
(46, '2014-08-07 02:42:54', 100, 'main', 'OnAdminInformerInsertItems', 'bitrixcloud', '', 'CBitrixCloudBackup', 'OnAdminInformerInsertItems', '', 1),
(47, '2014-08-07 02:42:54', 100, 'mobileapp', 'OnBeforeAdminMobileMenuBuild', 'bitrixcloud', '', 'CBitrixCloudMobile', 'OnBeforeAdminMobileMenuBuild', '', 1),
(48, '2014-08-07 02:42:57', 100, 'search', 'OnReindex', 'blog', '', 'CBlogSearch', 'OnSearchReindex', '', 1),
(49, '2014-08-07 02:42:57', 100, 'main', 'OnUserDelete', 'blog', '', 'CBlogUser', 'Delete', '', 1),
(50, '2014-08-07 02:42:57', 100, 'main', 'OnSiteDelete', 'blog', '', 'CBlogSitePath', 'DeleteBySiteID', '', 1),
(51, '2014-08-07 02:42:57', 100, 'socialnetwork', 'OnSocNetGroupDelete', 'blog', '', 'CBlogSoNetPost', 'OnGroupDelete', '', 1),
(52, '2014-08-07 02:42:57', 100, 'socialnetwork', 'OnSocNetFeaturesAdd', 'blog', '', 'CBlogSearch', 'SetSoNetFeatureIndexSearch', '', 1),
(53, '2014-08-07 02:42:57', 100, 'socialnetwork', 'OnSocNetFeaturesUpdate', 'blog', '', 'CBlogSearch', 'SetSoNetFeatureIndexSearch', '', 1),
(54, '2014-08-07 02:42:57', 100, 'socialnetwork', 'OnSocNetFeaturesPermsAdd', 'blog', '', 'CBlogSearch', 'SetSoNetFeaturePermIndexSearch', '', 1),
(55, '2014-08-07 02:42:57', 100, 'socialnetwork', 'OnSocNetFeaturesPermsUpdate', 'blog', '', 'CBlogSearch', 'SetSoNetFeaturePermIndexSearch', '', 1),
(56, '2014-08-07 02:42:57', 200, 'main', 'OnAfterAddRating', 'blog', '', 'CRatingsComponentsBlog', 'OnAfterAddRating', '', 1),
(57, '2014-08-07 02:42:57', 200, 'main', 'OnAfterUpdateRating', 'blog', '', 'CRatingsComponentsBlog', 'OnAfterUpdateRating', '', 1),
(58, '2014-08-07 02:42:57', 200, 'main', 'OnSetRatingsConfigs', 'blog', '', 'CRatingsComponentsBlog', 'OnSetRatingConfigs', '', 1),
(59, '2014-08-07 02:42:57', 200, 'main', 'OnGetRatingsConfigs', 'blog', '', 'CRatingsComponentsBlog', 'OnGetRatingConfigs', '', 1),
(60, '2014-08-07 02:42:57', 200, 'main', 'OnGetRatingsObjects', 'blog', '', 'CRatingsComponentsBlog', 'OnGetRatingObject', '', 1),
(61, '2014-08-07 02:42:57', 200, 'main', 'OnGetRatingContentOwner', 'blog', '', 'CRatingsComponentsBlog', 'OnGetRatingContentOwner', '', 1),
(62, '2014-08-07 02:42:57', 100, 'im', 'OnGetNotifySchema', 'blog', '', 'CBlogNotifySchema', 'OnGetNotifySchema', '', 1),
(63, '2014-08-07 02:42:58', 100, 'iblock', 'OnIBlockDelete', 'catalog', '', 'CCatalog', 'OnIBlockDelete', '', 1),
(64, '2014-08-07 02:42:58', 100, 'iblock', 'OnIBlockElementDelete', 'catalog', '', 'CCatalogProduct', 'OnIBlockElementDelete', '', 1),
(65, '2014-08-07 02:42:58', 100, 'iblock', 'OnIBlockElementDelete', 'catalog', '', 'CPrice', 'OnIBlockElementDelete', '', 1),
(66, '2014-08-07 02:42:58', 100, 'iblock', 'OnIBlockElementDelete', 'catalog', '', 'CCatalogStoreProduct', 'OnIBlockElementDelete', '', 1),
(67, '2014-08-07 02:42:58', 100, 'iblock', 'OnIBlockElementDelete', 'catalog', '', 'CCatalogDocs', 'OnIBlockElementDelete', '', 1),
(68, '2014-08-07 02:42:58', 100, 'iblock', 'OnBeforeIBlockElementDelete', 'catalog', '', 'CCatalogDocs', 'OnBeforeIBlockElementDelete', '', 1),
(69, '2014-08-07 02:42:58', 100, 'currency', 'OnCurrencyDelete', 'catalog', '', 'CPrice', 'OnCurrencyDelete', '', 1),
(70, '2014-08-07 02:42:58', 100, 'main', 'OnGroupDelete', 'catalog', '', 'CCatalogProductGroups', 'OnGroupDelete', '', 1),
(71, '2014-08-07 02:42:58', 100, 'iblock', 'OnAfterIBlockElementUpdate', 'catalog', '', 'CCatalogProduct', 'OnAfterIBlockElementUpdate', '', 1),
(72, '2014-08-07 02:42:58', 100, 'currency', 'OnModuleUnInstall', 'catalog', '', '', 'CurrencyModuleUnInstallCatalog', '', 1),
(73, '2014-08-07 02:42:58', 300, 'iblock', 'OnBeforeIBlockDelete', 'catalog', '', 'CCatalog', 'OnBeforeCatalogDelete', '', 1),
(74, '2014-08-07 02:42:58', 10000, 'iblock', 'OnBeforeIBlockElementDelete', 'catalog', '', 'CCatalog', 'OnBeforeIBlockElementDelete', '', 1),
(75, '2014-08-07 02:42:58', 100, 'main', 'OnEventLogGetAuditTypes', 'catalog', '', 'CCatalogEvent', 'GetAuditTypes', '', 1),
(76, '2014-08-07 02:42:58', 100, 'sale', 'OnSetCouponList', 'catalog', '', 'CCatalogDiscountCoupon', 'OnSetCouponList', '', 1),
(77, '2014-08-07 02:42:58', 100, 'sale', 'OnClearCouponList', 'catalog', '', 'CCatalogDiscountCoupon', 'OnClearCouponList', '', 1),
(78, '2014-08-07 02:42:58', 100, 'main', 'OnBuildGlobalMenu', 'catalog', '', 'CCatalogAdmin', 'OnBuildGlobalMenu', '', 1),
(79, '2014-08-07 02:42:58', 100, 'main', 'OnAdminListDisplay', 'catalog', '', 'CCatalogAdmin', 'OnAdminListDisplay', '', 1),
(80, '2014-08-07 02:42:58', 100, 'main', 'OnBuildGlobalMenu', 'catalog', '', 'CCatalogAdmin', 'OnBuildSaleMenu', '', 1),
(81, '2014-08-07 02:42:58', 100, 'catalog', 'OnCondCatControlBuildList', 'catalog', '', 'CCatalogCondCtrlGroup', 'GetControlDescr', '', 1),
(82, '2014-08-07 02:42:58', 200, 'catalog', 'OnCondCatControlBuildList', 'catalog', '', 'CCatalogCondCtrlIBlockFields', 'GetControlDescr', '', 1),
(83, '2014-08-07 02:42:58', 300, 'catalog', 'OnCondCatControlBuildList', 'catalog', '', 'CCatalogCondCtrlIBlockProps', 'GetControlDescr', '', 1),
(84, '2014-08-07 02:42:58', 100, 'catalog', 'OnDocumentBarcodeDelete', 'catalog', '', 'CCatalogStoreDocsElement', 'OnDocumentBarcodeDelete', '', 1),
(85, '2014-08-07 02:42:58', 100, 'catalog', 'OnBeforeDocumentDelete', 'catalog', '', 'CCatalogStoreDocsBarcode', 'OnBeforeDocumentDelete', '', 1),
(86, '2014-08-07 02:42:58', 100, 'catalog', 'OnCatalogStoreDelete', 'catalog', '', 'CCatalogDocs', 'OnCatalogStoreDelete', '', 1),
(87, '2014-08-07 02:42:58', 100, 'iblock', 'OnBeforeIBlockPropertyDelete', 'catalog', '', 'CCatalog', 'OnBeforeIBlockPropertyDelete', '', 1),
(88, '2014-08-07 02:42:58', 1100, 'sale', 'OnCondSaleControlBuildList', 'catalog', '', 'CCatalogCondCtrlBasketProductFields', 'GetControlDescr', '', 1),
(89, '2014-08-07 02:42:58', 1200, 'sale', 'OnCondSaleControlBuildList', 'catalog', '', 'CCatalogCondCtrlBasketProductProps', 'GetControlDescr', '', 1),
(90, '2014-08-07 02:42:58', 1200, 'sale', 'OnCondSaleActionsControlBuildList', 'catalog', '', 'CCatalogActionCtrlBasketProductFields', 'GetControlDescr', '', 1),
(91, '2014-08-07 02:42:58', 1300, 'sale', 'OnCondSaleActionsControlBuildList', 'catalog', '', 'CCatalogActionCtrlBasketProductProps', 'GetControlDescr', '', 1),
(92, '2014-08-07 02:42:58', 100, 'sale', 'OnExtendBasketItems', 'catalog', '', 'CCatalogDiscount', 'ExtendBasketItems', '', 1),
(93, '2014-08-07 02:42:58', 100, 'iblock', 'OnModuleUnInstall', 'catalog', '', 'CCatalog', 'OnIBlockModuleUnInstall', '', 1),
(94, '2014-08-07 02:42:59', 100, 'main', 'OnEventLogGetAuditTypes', 'clouds', '', 'CCloudStorage', 'GetAuditTypes', '', 1),
(95, '2014-08-07 02:42:59', 100, 'main', 'OnBeforeProlog', 'clouds', '', 'CCloudStorage', 'OnBeforeProlog', '', 1),
(96, '2014-08-07 02:42:59', 100, 'main', 'OnAdminListDisplay', 'clouds', '', 'CCloudStorage', 'OnAdminListDisplay', '', 1),
(97, '2014-08-07 02:42:59', 100, 'main', 'OnBuildGlobalMenu', 'clouds', '', 'CCloudStorage', 'OnBuildGlobalMenu', '', 1),
(98, '2014-08-07 02:42:59', 100, 'main', 'OnFileSave', 'clouds', '', 'CCloudStorage', 'OnFileSave', '', 1),
(99, '2014-08-07 02:42:59', 100, 'main', 'OnGetFileSRC', 'clouds', '', 'CCloudStorage', 'OnGetFileSRC', '', 1),
(100, '2014-08-07 02:42:59', 100, 'main', 'OnFileCopy', 'clouds', '', 'CCloudStorage', 'OnFileCopy', '', 1),
(101, '2014-08-07 02:42:59', 100, 'main', 'OnFileDelete', 'clouds', '', 'CCloudStorage', 'OnFileDelete', '', 1),
(102, '2014-08-07 02:42:59', 100, 'main', 'OnMakeFileArray', 'clouds', '', 'CCloudStorage', 'OnMakeFileArray', '', 1),
(103, '2014-08-07 02:42:59', 100, 'main', 'OnBeforeResizeImage', 'clouds', '', 'CCloudStorage', 'OnBeforeResizeImage', '', 1),
(104, '2014-08-07 02:42:59', 100, 'main', 'OnAfterResizeImage', 'clouds', '', 'CCloudStorage', 'OnAfterResizeImage', '', 1),
(105, '2014-08-07 02:42:59', 100, 'clouds', 'OnGetStorageService', 'clouds', '', 'CCloudStorageService_AmazonS3', 'GetObject', '', 1),
(106, '2014-08-07 02:42:59', 100, 'clouds', 'OnGetStorageService', 'clouds', '', 'CCloudStorageService_GoogleStorage', 'GetObject', '', 1),
(107, '2014-08-07 02:42:59', 100, 'clouds', 'OnGetStorageService', 'clouds', '', 'CCloudStorageService_OpenStackStorage', 'GetObject', '', 1),
(108, '2014-08-07 02:42:59', 100, 'clouds', 'OnGetStorageService', 'clouds', '', 'CCloudStorageService_RackSpaceCloudFiles', 'GetObject', '', 1),
(109, '2014-08-07 02:42:59', 100, 'clouds', 'OnGetStorageService', 'clouds', '', 'CCloudStorageService_ClodoRU', 'GetObject', '', 1),
(110, '2014-08-07 02:42:59', 100, 'clouds', 'OnGetStorageService', 'clouds', '', 'CCloudStorageService_Selectel', 'GetObject', '', 1),
(111, '2014-08-07 02:43:00', 1, 'main', 'OnPageStart', 'compression', '', 'CCompress', 'OnPageStart', '', 1),
(112, '2014-08-07 02:43:00', 10000, 'main', 'OnAfterEpilog', 'compression', '', 'CCompress', 'OnAfterEpilog', '', 1),
(113, '2014-08-07 02:43:02', 100, 'main', 'OnGroupDelete', 'fileman', '', 'CFileman', 'OnGroupDelete', '', 1),
(114, '2014-08-07 02:43:02', 100, 'main', 'OnPanelCreate', 'fileman', '', 'CFileman', 'OnPanelCreate', '', 1),
(115, '2014-08-07 02:43:02', 100, 'main', 'OnModuleUpdate', 'fileman', '', 'CFileman', 'OnModuleUpdate', '', 1),
(116, '2014-08-07 02:43:02', 100, 'main', 'OnModuleInstalled', 'fileman', '', 'CFileman', 'ClearComponentsListCache', '', 1),
(117, '2014-08-07 02:43:02', 100, 'iblock', 'OnIBlockPropertyBuildList', 'fileman', '', 'CIBlockPropertyMapGoogle', 'GetUserTypeDescription', '', 1),
(118, '2014-08-07 02:43:02', 100, 'iblock', 'OnIBlockPropertyBuildList', 'fileman', '', 'CIBlockPropertyMapYandex', 'GetUserTypeDescription', '', 1),
(119, '2014-08-07 02:43:02', 100, 'iblock', 'OnIBlockPropertyBuildList', 'fileman', '', 'CIBlockPropertyVideo', 'GetUserTypeDescription', '', 1),
(120, '2014-08-07 02:43:02', 100, 'main', 'OnUserTypeBuildList', 'fileman', '', 'CUserTypeVideo', 'GetUserTypeDescription', '', 1),
(121, '2014-08-07 02:43:02', 100, 'main', 'OnEventLogGetAuditTypes', 'fileman', '', 'CEventFileman', 'GetAuditTypes', '', 1),
(122, '2014-08-07 02:43:02', 100, 'main', 'OnEventLogGetAuditHandlers', 'fileman', '', 'CEventFileman', 'MakeFilemanObject', '', 1),
(123, '2014-08-07 02:43:04', 100, 'main', 'OnGroupDelete', 'forum', '', 'CForumNew', 'OnGroupDelete', '', 1),
(124, '2014-08-07 02:43:04', 100, 'main', 'OnBeforeLangDelete', 'forum', '', 'CForumNew', 'OnBeforeLangDelete', '', 1),
(125, '2014-08-07 02:43:04', 100, 'main', 'OnFileDelete', 'forum', '', 'CForumFiles', 'OnFileDelete', '', 1),
(126, '2014-08-07 02:43:04', 100, 'search', 'OnReindex', 'forum', '', 'CForumNew', 'OnReindex', '', 1),
(127, '2014-08-07 02:43:04', 100, 'main', 'OnUserDelete', 'forum', '', 'CForumUser', 'OnUserDelete', '', 1),
(128, '2014-08-07 02:43:04', 100, 'iblock', 'OnIBlockPropertyBuildList', 'main', '/modules/forum/tools/prop_topicid.php', 'CIBlockPropertyTopicID', 'GetUserTypeDescription', '', 1),
(129, '2014-08-07 02:43:04', 100, 'iblock', 'OnBeforeIBlockElementDelete', 'forum', '', 'CForumTopic', 'OnBeforeIBlockElementDelete', '', 1),
(130, '2014-08-07 02:43:04', 100, 'main', 'OnEventLogGetAuditTypes', 'forum', '', 'CForumEventLog', 'GetAuditTypes', '', 1),
(131, '2014-08-07 02:43:04', 100, 'main', 'OnEventLogGetAuditHandlers', 'forum', '', 'CEventForum', 'MakeForumObject', '', 1),
(132, '2014-08-07 02:43:04', 100, 'socialnetwork', 'OnSocNetGroupDelete', 'forum', '', 'CForumUser', 'OnSocNetGroupDelete', '', 1),
(133, '2014-08-07 02:43:04', 100, 'socialnetwork', 'OnSocNetLogFormatEvent', 'forum', '', 'CForumMessage', 'OnSocNetLogFormatEvent', '', 1),
(134, '2014-08-07 02:43:04', 100, 'mail', 'OnGetFilterList', 'forum', '', 'CForumEMail', 'OnGetSocNetFilterList', '', 1),
(135, '2014-08-07 02:43:04', 100, 'main', 'OnAfterAddRating', 'forum', '', 'CRatingsComponentsForum', 'OnAfterAddRating', '', 1),
(136, '2014-08-07 02:43:04', 100, 'main', 'OnAfterUpdateRating', 'forum', '', 'CRatingsComponentsForum', 'OnAfterUpdateRating', '', 1),
(137, '2014-08-07 02:43:04', 100, 'main', 'OnSetRatingsConfigs', 'forum', '', 'CRatingsComponentsForum', 'OnSetRatingConfigs', '', 1),
(138, '2014-08-07 02:43:04', 100, 'main', 'OnGetRatingsConfigs', 'forum', '', 'CRatingsComponentsForum', 'OnGetRatingConfigs', '', 1),
(139, '2014-08-07 02:43:04', 100, 'main', 'OnGetRatingsObjects', 'forum', '', 'CRatingsComponentsForum', 'OnGetRatingObject', '', 1),
(140, '2014-08-07 02:43:04', 100, 'main', 'OnGetRatingContentOwner', 'forum', '', 'CRatingsComponentsForum', 'OnGetRatingContentOwner', '', 1),
(141, '2014-08-07 02:43:04', 100, 'im', 'OnGetNotifySchema', 'forum', '', 'CForumNotifySchema', 'OnGetNotifySchema', '', 1),
(142, '2014-08-07 02:43:04', 100, 'main', 'OnAfterRegisterModule', 'main', '/modules/forum/install/index.php', 'forum', 'InstallUserFields', '', 1),
(143, '2014-08-07 02:43:05', 100, 'main', 'OnBeforeUserTypeAdd', 'highloadblock', '', '\\Bitrix\\Highloadblock\\HighloadBlockTable', 'OnBeforeUserTypeAdd', '', 1),
(144, '2014-08-07 02:43:05', 100, 'main', 'OnBeforeUserTypeDelete', 'highloadblock', '', '\\Bitrix\\Highloadblock\\HighloadBlockTable', 'OnBeforeUserTypeDelete', '', 1),
(145, '2014-08-07 02:43:05', 100, 'iblock', 'OnIBlockPropertyBuildList', 'highloadblock', '', 'CIBlockPropertyDirectory', 'GetUserTypeDescription', '', 1),
(146, '2014-08-07 02:43:06', 100, 'main', 'OnGroupDelete', 'iblock', '', 'CIBlock', 'OnGroupDelete', '', 1),
(147, '2014-08-07 02:43:06', 100, 'main', 'OnBeforeLangDelete', 'iblock', '', 'CIBlock', 'OnBeforeLangDelete', '', 1),
(148, '2014-08-07 02:43:06', 100, 'main', 'OnLangDelete', 'iblock', '', 'CIBlock', 'OnLangDelete', '', 1),
(149, '2014-08-07 02:43:06', 100, 'main', 'OnUserTypeRightsCheck', 'iblock', '', 'CIBlockSection', 'UserTypeRightsCheck', '', 1),
(150, '2014-08-07 02:43:06', 100, 'search', 'OnReindex', 'iblock', '', 'CIBlock', 'OnSearchReindex', '', 1),
(151, '2014-08-07 02:43:06', 100, 'search', 'OnSearchGetURL', 'iblock', '', 'CIBlock', 'OnSearchGetURL', '', 1),
(152, '2014-08-07 02:43:06', 100, 'main', 'OnEventLogGetAuditTypes', 'iblock', '', 'CIBlock', 'GetAuditTypes', '', 1),
(153, '2014-08-07 02:43:06', 100, 'main', 'OnEventLogGetAuditHandlers', 'iblock', '', 'CEventIBlock', 'MakeIBlockObject', '', 1),
(154, '2014-08-07 02:43:06', 200, 'main', 'OnGetRatingContentOwner', 'iblock', '', 'CRatingsComponentsIBlock', 'OnGetRatingContentOwner', '', 1),
(155, '2014-08-07 02:43:06', 100, 'main', 'OnTaskOperationsChanged', 'iblock', '', 'CIBlockRightsStorage', 'OnTaskOperationsChanged', '', 1),
(156, '2014-08-07 02:43:06', 100, 'main', 'OnGroupDelete', 'iblock', '', 'CIBlockRightsStorage', 'OnGroupDelete', '', 1),
(157, '2014-08-07 02:43:06', 100, 'main', 'OnUserDelete', 'iblock', '', 'CIBlockRightsStorage', 'OnUserDelete', '', 1),
(158, '2014-08-07 02:43:06', 100, 'perfmon', 'OnGetTableSchema', 'iblock', '', 'iblock', 'OnGetTableSchema', '', 1),
(159, '2014-08-07 02:43:06', 10, 'iblock', 'OnIBlockPropertyBuildList', 'iblock', '', 'CIBlockProperty', '_DateTime_GetUserTypeDescription', '', 1),
(160, '2014-08-07 02:43:06', 20, 'iblock', 'OnIBlockPropertyBuildList', 'iblock', '', 'CIBlockProperty', '_XmlID_GetUserTypeDescription', '', 1),
(161, '2014-08-07 02:43:06', 30, 'iblock', 'OnIBlockPropertyBuildList', 'iblock', '', 'CIBlockProperty', '_FileMan_GetUserTypeDescription', '', 1),
(162, '2014-08-07 02:43:06', 40, 'iblock', 'OnIBlockPropertyBuildList', 'iblock', '', 'CIBlockProperty', '_HTML_GetUserTypeDescription', '', 1),
(163, '2014-08-07 02:43:06', 50, 'iblock', 'OnIBlockPropertyBuildList', 'iblock', '', 'CIBlockProperty', '_ElementList_GetUserTypeDescription', '', 1),
(164, '2014-08-07 02:43:06', 60, 'iblock', 'OnIBlockPropertyBuildList', 'iblock', '', 'CIBlockProperty', '_Sequence_GetUserTypeDescription', '', 1),
(165, '2014-08-07 02:43:06', 70, 'iblock', 'OnIBlockPropertyBuildList', 'iblock', '', 'CIBlockProperty', '_ElementAutoComplete_GetUserTypeDescription', '', 1),
(166, '2014-08-07 02:43:06', 80, 'iblock', 'OnIBlockPropertyBuildList', 'iblock', '', 'CIBlockProperty', '_SKU_GetUserTypeDescription', '', 1),
(167, '2014-08-07 02:43:06', 100, 'pull', 'OnGetDependentModule', 'mobileapp', '', 'CMobileAppPullSchema', 'OnGetDependentModule', '', 1),
(168, '2014-08-07 02:43:08', 100, 'iblock', 'OnBeforeIBlockElementDelete', 'photogallery', '', 'CPhotogalleryElement', 'OnBeforeIBlockElementDelete', '', 1),
(169, '2014-08-07 02:43:08', 100, 'iblock', 'OnAfterIBlockElementAdd', 'photogallery', '', 'CPhotogalleryElement', 'OnAfterIBlockElementAdd', '', 1),
(170, '2014-08-07 02:43:08', 100, 'search', 'BeforeIndex', 'photogallery', '', 'CRatingsComponentsPhotogallery', 'BeforeIndex', '', 1),
(171, '2014-08-07 02:43:08', 100, 'im', 'OnGetNotifySchema', 'photogallery', '', 'CPhotogalleryNotifySchema', 'OnGetNotifySchema', '', 1),
(172, '2014-08-07 02:43:09', 3, 'main', 'OnProlog', 'main', '/modules/pull/ajax_hit.php', '', '', '', 1),
(173, '2014-08-07 02:43:09', 100, 'main', 'OnEpilog', 'pull', '', 'CPullWatch', 'DeferredSql', '', 1),
(174, '2014-08-07 02:43:09', 100, 'perfmon', 'OnGetTableSchema', 'pull', '', 'CPullTableSchema', 'OnGetTableSchema', '', 1),
(175, '2014-08-07 02:43:09', 100, 'main', 'OnAfterRegisterModule', 'pull', '', 'CPullOptions', 'ClearCheckCache', '', 1),
(176, '2014-08-07 02:43:09', 100, 'main', 'OnAfterUnRegisterModule', 'pull', '', 'CPullOptions', 'ClearCheckCache', '', 1),
(177, '2014-08-07 02:44:06', 100, 'main', 'OnUserLogin', 'sale', '', 'CSaleUser', 'OnUserLogin', '', 1),
(178, '2014-08-07 02:44:06', 100, 'main', 'OnUserLogout', 'sale', '', 'CSaleUser', 'OnUserLogout', '', 1),
(179, '2014-08-07 02:44:06', 100, 'main', 'OnBeforeLangDelete', 'sale', '', 'CSalePersonType', 'OnBeforeLangDelete', '', 1),
(180, '2014-08-07 02:44:06', 100, 'main', 'OnLanguageDelete', 'sale', '', 'CSaleLocation', 'OnLangDelete', '', 1),
(181, '2014-08-07 02:44:06', 100, 'main', 'OnLanguageDelete', 'sale', '', 'CSaleLocationGroup', 'OnLangDelete', '', 1),
(182, '2014-08-07 02:44:06', 100, 'main', 'OnUserDelete', 'sale', '', 'CSaleOrderUserProps', 'OnUserDelete', '', 1),
(183, '2014-08-07 02:44:06', 100, 'main', 'OnUserDelete', 'sale', '', 'CSaleUserAccount', 'OnUserDelete', '', 1),
(184, '2014-08-07 02:44:06', 100, 'main', 'OnUserDelete', 'sale', '', 'CSaleAuxiliary', 'OnUserDelete', '', 1),
(185, '2014-08-07 02:44:06', 100, 'main', 'OnUserDelete', 'sale', '', 'CSaleUser', 'OnUserDelete', '', 1),
(186, '2014-08-07 02:44:06', 100, 'main', 'OnUserDelete', 'sale', '', 'CSaleRecurring', 'OnUserDelete', '', 1),
(187, '2014-08-07 02:44:06', 100, 'main', 'OnUserDelete', 'sale', '', 'CSaleUserCards', 'OnUserDelete', '', 1),
(188, '2014-08-07 02:44:06', 100, 'main', 'OnBeforeUserDelete', 'sale', '', 'CSaleOrder', 'OnBeforeUserDelete', '', 1),
(189, '2014-08-07 02:44:06', 100, 'main', 'OnBeforeUserDelete', 'sale', '', 'CSaleAffiliate', 'OnBeforeUserDelete', '', 1),
(190, '2014-08-07 02:44:06', 100, 'main', 'OnBeforeUserDelete', 'sale', '', 'CSaleUserAccount', 'OnBeforeUserDelete', '', 1),
(191, '2014-08-07 02:44:06', 100, 'main', 'OnBeforeProlog', 'main', '/modules/sale/affiliate.php', '', '', '', 1),
(192, '2014-08-07 02:44:06', 100, 'main', 'OnEventLogGetAuditTypes', 'sale', '', 'CSaleYMHandler', 'OnEventLogGetAuditTypes', '', 1),
(193, '2014-08-07 02:44:06', 100, 'currency', 'OnBeforeCurrencyDelete', 'sale', '', 'CSaleOrder', 'OnBeforeCurrencyDelete', '', 1),
(194, '2014-08-07 02:44:06', 100, 'currency', 'OnBeforeCurrencyDelete', 'sale', '', 'CSaleLang', 'OnBeforeCurrencyDelete', '', 1),
(195, '2014-08-07 02:44:06', 100, 'currency', 'OnModuleUnInstall', 'sale', '', '', 'CurrencyModuleUnInstallSale', '', 1),
(196, '2014-08-07 02:44:06', 100, 'catalog', 'OnSaleOrderSumm', 'sale', '', 'CSaleOrder', '__SaleOrderCount', '', 1),
(197, '2014-08-07 02:44:06', 100, 'mobileapp', 'OnBeforeAdminMobileMenuBuild', 'sale', '', 'CSaleMobileOrderUtils', 'buildSaleAdminMobileMenu', '', 1),
(198, '2014-08-07 02:44:06', 100, 'sale', 'OnCondSaleControlBuildList', 'sale', '', 'CSaleCondCtrlGroup', 'GetControlDescr', '', 1),
(199, '2014-08-07 02:44:06', 200, 'sale', 'OnCondSaleControlBuildList', 'sale', '', 'CSaleCondCtrlBasketGroup', 'GetControlDescr', '', 1),
(200, '2014-08-07 02:44:06', 300, 'sale', 'OnCondSaleControlBuildList', 'sale', '', 'CSaleCondCtrlBasketFields', 'GetControlDescr', '', 1),
(201, '2014-08-07 02:44:06', 1000, 'sale', 'OnCondSaleControlBuildList', 'sale', '', 'CSaleCondCtrlOrderFields', 'GetControlDescr', '', 1),
(202, '2014-08-07 02:44:06', 10000, 'sale', 'OnCondSaleControlBuildList', 'sale', '', 'CSaleCondCtrlCommon', 'GetControlDescr', '', 1),
(203, '2014-08-07 02:44:06', 100, 'sale', 'OnCondSaleActionsControlBuildList', 'sale', '', 'CSaleActionCtrlGroup', 'GetControlDescr', '', 1),
(204, '2014-08-07 02:44:06', 200, 'sale', 'OnCondSaleActionsControlBuildList', 'sale', '', 'CSaleActionCtrlDelivery', 'GetControlDescr', '', 1),
(205, '2014-08-07 02:44:06', 300, 'sale', 'OnCondSaleActionsControlBuildList', 'sale', '', 'CSaleActionCtrlBasketGroup', 'GetControlDescr', '', 1),
(206, '2014-08-07 02:44:06', 1000, 'sale', 'OnCondSaleActionsControlBuildList', 'sale', '', 'CSaleActionCtrlSubGroup', 'GetControlDescr', '', 1),
(207, '2014-08-07 02:44:06', 1100, 'sale', 'OnCondSaleActionsControlBuildList', 'sale', '', 'CSaleActionCondCtrlBasketFields', 'GetControlDescr', '', 1),
(208, '2014-08-07 02:44:06', 100, 'sale', 'OnOrderDelete', 'sale', '', 'CSaleMobileOrderPull', 'onOrderDelete', '', 1),
(209, '2014-08-07 02:44:06', 100, 'sale', 'OnOrderAdd', 'sale', '', 'CSaleMobileOrderPull', 'onOrderAdd', '', 1),
(210, '2014-08-07 02:44:06', 100, 'sale', 'OnOrderUpdate', 'sale', '', 'CSaleMobileOrderPull', 'onOrderUpdate', '', 1),
(211, '2014-08-07 02:44:06', 100, 'sale', 'OnSaleStatusOrder', 'sale', '', 'CSaleYMHandler', 'onSaleStatusOrder', '', 1),
(212, '2014-08-07 02:44:06', 100, 'sale', 'OnSaleCancelOrder', 'sale', '', 'CSaleYMHandler', 'onSaleCancelOrder', '', 1),
(213, '2014-08-07 02:44:06', 100, 'sale', 'OnBasketOrder', 'sale', '', '\\Bitrix\\Sale\\Product2ProductTable', 'onSaleOrderAdd', '', 1),
(214, '2014-08-07 02:44:06', 100, 'sale', 'OnSaleStatusOrder', 'sale', '', '\\Bitrix\\Sale\\Product2ProductTable', 'onSaleStatusOrderHandler', '', 1),
(215, '2014-08-07 02:44:06', 100, 'sale', 'OnSaleDeliveryOrder', 'sale', '', '\\Bitrix\\Sale\\Product2ProductTable', 'onSaleDeliveryOrderHandler', '', 1),
(216, '2014-08-07 02:44:06', 100, 'sale', 'OnSaleDeductOrder', 'sale', '', '\\Bitrix\\Sale\\Product2ProductTable', 'onSaleDeductOrderHandler', '', 1),
(217, '2014-08-07 02:44:06', 100, 'sale', 'OnSaleCancelOrder', 'sale', '', '\\Bitrix\\Sale\\Product2ProductTable', 'onSaleCancelOrderHandler', '', 1),
(218, '2014-08-07 02:44:06', 100, 'sale', 'OnSalePayOrder', 'sale', '', '\\Bitrix\\Sale\\Product2ProductTable', 'onSalePayOrderHandler', '', 1),
(219, '2014-08-07 02:44:07', 100, 'main', 'OnEventLogGetAuditTypes', 'scale', '', '\\Bitrix\\Scale\\Logger', 'onEventLogGetAuditTypes', '', 1),
(220, '2014-08-07 02:44:07', 100, 'main', 'OnChangePermissions', 'search', '', 'CSearch', 'OnChangeFilePermissions', '', 1),
(221, '2014-08-07 02:44:07', 100, 'main', 'OnChangeFile', 'search', '', 'CSearch', 'OnChangeFile', '', 1),
(222, '2014-08-07 02:44:07', 100, 'main', 'OnGroupDelete', 'search', '', 'CSearch', 'OnGroupDelete', '', 1),
(223, '2014-08-07 02:44:07', 100, 'main', 'OnLangDelete', 'search', '', 'CSearch', 'OnLangDelete', '', 1),
(224, '2014-08-07 02:44:07', 100, 'main', 'OnAfterUserUpdate', 'search', '', 'CSearchUser', 'OnAfterUserUpdate', '', 1),
(225, '2014-08-07 02:44:07', 100, 'main', 'OnUserDelete', 'search', '', 'CSearchUser', 'DeleteByUserID', '', 1),
(226, '2014-08-07 02:44:07', 100, 'cluster', 'OnGetTableList', 'search', '', 'search', 'OnGetTableList', '', 1),
(227, '2014-08-07 02:44:07', 100, 'perfmon', 'OnGetTableSchema', 'search', '', 'search', 'OnGetTableSchema', '', 1),
(228, '2014-08-07 02:44:08', 90, 'main', 'OnEpilog', 'search', '', 'CSearchStatistic', 'OnEpilog', '', 1),
(229, '2014-08-07 02:44:08', 100, 'main', 'OnUserDelete', 'security', '', 'CSecurityUser', 'OnUserDelete', '', 1),
(230, '2014-08-07 02:44:08', 100, 'main', 'OnEventLogGetAuditTypes', 'security', '', 'CSecurityFilter', 'GetAuditTypes', '', 1),
(231, '2014-08-07 02:44:08', 100, 'main', 'OnEventLogGetAuditTypes', 'security', '', 'CSecurityAntiVirus', 'GetAuditTypes', '', 1),
(232, '2014-08-07 02:44:08', 100, 'main', 'OnAdminInformerInsertItems', 'security', '', 'CSecurityFilter', 'OnAdminInformerInsertItems', '', 1),
(233, '2014-08-07 02:44:08', 100, 'main', 'OnAdminInformerInsertItems', 'security', '', 'CSecuritySiteChecker', 'OnAdminInformerInsertItems', '', 1),
(234, '2014-08-07 02:44:08', 5, 'main', 'OnBeforeProlog', 'security', '', 'CSecurityFilter', 'OnBeforeProlog', '', 1),
(235, '2014-08-07 02:44:08', 9999, 'main', 'OnEndBufferContent', 'security', '', 'CSecurityXSSDetect', 'OnEndBufferContent', '', 1),
(236, '2014-08-07 02:44:08', -1, 'main', 'OnPageStart', 'security', '', 'CSecurityAntiVirus', 'OnPageStart', '', 1),
(237, '2014-08-07 02:44:08', 10000, 'main', 'OnEndBufferContent', 'security', '', 'CSecurityAntiVirus', 'OnEndBufferContent', '', 1),
(238, '2014-08-07 02:44:08', 10001, 'main', 'OnAfterEpilog', 'security', '', 'CSecurityAntiVirus', 'OnAfterEpilog', '', 1),
(239, '2014-08-07 02:44:09', 100, 'main', 'OnPanelCreate', 'seo', '', 'CSeoEventHandlers', 'SeoOnPanelCreate', '', 2),
(240, '2014-08-07 02:44:09', 100, 'fileman', 'OnIncludeHTMLEditorScript', 'seo', '', 'CSeoEventHandlers', 'OnIncludeHTMLEditorScript', '', 2),
(241, '2014-08-07 02:44:09', 100, 'iblock', 'OnAfterIBlockSectionAdd', 'seo', '', '\\Bitrix\\Seo\\SitemapIblock', 'addSection', '', 2),
(242, '2014-08-07 02:44:09', 100, 'iblock', 'OnAfterIBlockElementAdd', 'seo', '', '\\Bitrix\\Seo\\SitemapIblock', 'addElement', '', 2),
(243, '2014-08-07 02:44:09', 100, 'iblock', 'OnBeforeIBlockSectionDelete', 'seo', '', '\\Bitrix\\Seo\\SitemapIblock', 'beforeDeleteSection', '', 2),
(244, '2014-08-07 02:44:09', 100, 'iblock', 'OnBeforeIBlockElementDelete', 'seo', '', '\\Bitrix\\Seo\\SitemapIblock', 'beforeDeleteElement', '', 2),
(245, '2014-08-07 02:44:09', 100, 'iblock', 'OnAfterIBlockSectionDelete', 'seo', '', '\\Bitrix\\Seo\\SitemapIblock', 'deleteSection', '', 2),
(246, '2014-08-07 02:44:09', 100, 'iblock', 'OnAfterIBlockElementDelete', 'seo', '', '\\Bitrix\\Seo\\SitemapIblock', 'deleteElement', '', 2),
(247, '2014-08-07 02:44:09', 100, 'iblock', 'OnBeforeIBlockSectionUpdate', 'seo', '', '\\Bitrix\\Seo\\SitemapIblock', 'beforeUpdateSection', '', 2),
(248, '2014-08-07 02:44:09', 100, 'iblock', 'OnBeforeIBlockElementUpdate', 'seo', '', '\\Bitrix\\Seo\\SitemapIblock', 'beforeUpdateElement', '', 2),
(249, '2014-08-07 02:44:09', 100, 'iblock', 'OnAfterIBlockSectionUpdate', 'seo', '', '\\Bitrix\\Seo\\SitemapIblock', 'updateSection', '', 2),
(250, '2014-08-07 02:44:09', 100, 'iblock', 'OnAfterIBlockElementUpdate', 'seo', '', '\\Bitrix\\Seo\\SitemapIblock', 'updateElement', '', 2),
(251, '2014-08-07 02:44:09', 100, 'forum', 'onAfterTopicAdd', 'seo', '', '\\Bitrix\\Seo\\SitemapForum', 'addTopic', '', 2),
(252, '2014-08-07 02:44:09', 100, 'forum', 'onAfterTopicUpdate', 'seo', '', '\\Bitrix\\Seo\\SitemapForum', 'updateTopic', '', 2),
(253, '2014-08-07 02:44:09', 100, 'forum', 'onAfterTopicDelete', 'seo', '', '\\Bitrix\\Seo\\SitemapForum', 'deleteTopic', '', 2),
(254, '2014-08-07 02:44:10', 100, 'main', 'OnUserDelete', 'socialservices', '', 'CSocServAuthDB', 'OnUserDelete', '', 1),
(255, '2014-08-07 02:44:10', 100, 'timeman', 'OnAfterTMReportDailyAdd', 'socialservices', '', 'CSocServAuthDB', 'OnAfterTMReportDailyAdd', '', 1),
(256, '2014-08-07 02:44:10', 100, 'timeman', 'OnAfterTMDayStart', 'socialservices', '', 'CSocServAuthDB', 'OnAfterTMDayStart', '', 1),
(257, '2014-08-07 02:44:10', 100, 'timeman', 'OnTimeManShow', 'socialservices', '', 'CSocServEventHandlers', 'OnTimeManShow', '', 1),
(258, '2014-08-07 02:44:10', 100, 'main', 'OnBeforeLangDelete', 'subscribe', '', 'CRubric', 'OnBeforeLangDelete', '', 1),
(259, '2014-08-07 02:44:10', 100, 'main', 'OnUserDelete', 'subscribe', '', 'CSubscription', 'OnUserDelete', '', 1),
(260, '2014-08-07 02:44:10', 100, 'main', 'OnUserLogout', 'subscribe', '', 'CSubscription', 'OnUserLogout', '', 1),
(261, '2014-08-07 02:44:10', 100, 'main', 'OnGroupDelete', 'subscribe', '', 'CPosting', 'OnGroupDelete', '', 1),
(262, '2014-08-07 02:44:11', 100, 'main', 'OnBeforeProlog', 'main', '/modules/vote/keepvoting.php', '', '', '', 1),
(263, '2014-08-07 02:44:11', 200, 'main', 'OnUserTypeBuildList', 'vote', '', 'CUserTypeVote', 'GetUserTypeDescription', '', 1),
(264, '2014-08-07 02:44:11', 200, 'main', 'OnUserLogin', 'vote', '', 'CVoteUser', 'OnUserLogin', '', 1),
(265, '2014-08-07 02:44:11', 100, 'im', 'OnGetNotifySchema', 'vote', '', 'CVoteNotifySchema', 'OnGetNotifySchema', '', 1),
(266, '2014-08-07 02:45:10', 100, 'main', 'OnBeforeProlog', 'main', '/modules/main/install/wizard_sol/panel_button.php', 'CWizardSolPanel', 'ShowPanel', '', 1);

-- --------------------------------------------------------

--
-- Структура таблицы `b_operation`
--

CREATE TABLE IF NOT EXISTS `b_operation` (
  `ID` int(18) NOT NULL AUTO_INCREMENT,
  `NAME` varchar(50) NOT NULL,
  `MODULE_ID` varchar(50) NOT NULL,
  `DESCRIPTION` varchar(255) DEFAULT NULL,
  `BINDING` varchar(50) DEFAULT 'module',
  PRIMARY KEY (`ID`)
) ENGINE=MyISAM  DEFAULT CHARSET=cp1251 AUTO_INCREMENT=123 ;

--
-- Дамп данных таблицы `b_operation`
--

INSERT INTO `b_operation` (`ID`, `NAME`, `MODULE_ID`, `DESCRIPTION`, `BINDING`) VALUES
(1, 'edit_php', 'main', NULL, 'module'),
(2, 'view_own_profile', 'main', NULL, 'module'),
(3, 'edit_own_profile', 'main', NULL, 'module'),
(4, 'view_all_users', 'main', NULL, 'module'),
(5, 'view_groups', 'main', NULL, 'module'),
(6, 'view_tasks', 'main', NULL, 'module'),
(7, 'view_other_settings', 'main', NULL, 'module'),
(8, 'view_subordinate_users', 'main', NULL, 'module'),
(9, 'edit_subordinate_users', 'main', NULL, 'module'),
(10, 'edit_all_users', 'main', NULL, 'module'),
(11, 'edit_groups', 'main', NULL, 'module'),
(12, 'edit_tasks', 'main', NULL, 'module'),
(13, 'edit_other_settings', 'main', NULL, 'module'),
(14, 'cache_control', 'main', NULL, 'module'),
(15, 'lpa_template_edit', 'main', NULL, 'module'),
(16, 'view_event_log', 'main', NULL, 'module'),
(17, 'edit_ratings', 'main', NULL, 'module'),
(18, 'manage_short_uri', 'main', NULL, 'module'),
(19, 'fm_view_permission', 'main', NULL, 'file'),
(20, 'fm_view_file', 'main', NULL, 'file'),
(21, 'fm_view_listing', 'main', NULL, 'file'),
(22, 'fm_edit_existent_folder', 'main', NULL, 'file'),
(23, 'fm_create_new_file', 'main', NULL, 'file'),
(24, 'fm_edit_existent_file', 'main', NULL, 'file'),
(25, 'fm_create_new_folder', 'main', NULL, 'file'),
(26, 'fm_delete_file', 'main', NULL, 'file'),
(27, 'fm_delete_folder', 'main', NULL, 'file'),
(28, 'fm_edit_in_workflow', 'main', NULL, 'file'),
(29, 'fm_rename_file', 'main', NULL, 'file'),
(30, 'fm_rename_folder', 'main', NULL, 'file'),
(31, 'fm_upload_file', 'main', NULL, 'file'),
(32, 'fm_add_to_menu', 'main', NULL, 'file'),
(33, 'fm_download_file', 'main', NULL, 'file'),
(34, 'fm_lpa', 'main', NULL, 'file'),
(35, 'fm_edit_permission', 'main', NULL, 'file'),
(36, 'catalog_read', 'catalog', NULL, 'module'),
(37, 'catalog_price', 'catalog', NULL, 'module'),
(38, 'catalog_group', 'catalog', NULL, 'module'),
(39, 'catalog_discount', 'catalog', NULL, 'module'),
(40, 'catalog_vat', 'catalog', NULL, 'module'),
(41, 'catalog_store', 'catalog', NULL, 'module'),
(42, 'catalog_purchas_info', 'catalog', NULL, 'module'),
(43, 'catalog_export_edit', 'catalog', NULL, 'module'),
(44, 'catalog_export_exec', 'catalog', NULL, 'module'),
(45, 'catalog_import_edit', 'catalog', NULL, 'module'),
(46, 'catalog_import_exec', 'catalog', NULL, 'module'),
(47, 'catalog_measure', 'catalog', NULL, 'module'),
(48, 'catalog_settings', 'catalog', NULL, 'module'),
(49, 'clouds_browse', 'clouds', NULL, 'module'),
(50, 'clouds_upload', 'clouds', NULL, 'module'),
(51, 'clouds_config', 'clouds', NULL, 'module'),
(52, 'fileman_view_all_settings', 'fileman', '', 'module'),
(53, 'fileman_edit_menu_types', 'fileman', '', 'module'),
(54, 'fileman_add_element_to_menu', 'fileman', '', 'module'),
(55, 'fileman_edit_menu_elements', 'fileman', '', 'module'),
(56, 'fileman_edit_existent_files', 'fileman', '', 'module'),
(57, 'fileman_edit_existent_folders', 'fileman', '', 'module'),
(58, 'fileman_admin_files', 'fileman', '', 'module'),
(59, 'fileman_admin_folders', 'fileman', '', 'module'),
(60, 'fileman_view_permissions', 'fileman', '', 'module'),
(61, 'fileman_edit_all_settings', 'fileman', '', 'module'),
(62, 'fileman_upload_files', 'fileman', '', 'module'),
(63, 'fileman_view_file_structure', 'fileman', '', 'module'),
(64, 'fileman_install_control', 'fileman', '', 'module'),
(65, 'medialib_view_collection', 'fileman', '', 'medialib'),
(66, 'medialib_new_collection', 'fileman', '', 'medialib'),
(67, 'medialib_edit_collection', 'fileman', '', 'medialib'),
(68, 'medialib_del_collection', 'fileman', '', 'medialib'),
(69, 'medialib_access', 'fileman', '', 'medialib'),
(70, 'medialib_new_item', 'fileman', '', 'medialib'),
(71, 'medialib_edit_item', 'fileman', '', 'medialib'),
(72, 'medialib_del_item', 'fileman', '', 'medialib'),
(73, 'sticker_view', 'fileman', '', 'stickers'),
(74, 'sticker_edit', 'fileman', '', 'stickers'),
(75, 'sticker_new', 'fileman', '', 'stickers'),
(76, 'sticker_del', 'fileman', '', 'stickers'),
(77, 'section_read', 'iblock', NULL, 'iblock'),
(78, 'element_read', 'iblock', NULL, 'iblock'),
(79, 'section_element_bind', 'iblock', NULL, 'iblock'),
(80, 'iblock_admin_display', 'iblock', NULL, 'iblock'),
(81, 'element_edit', 'iblock', NULL, 'iblock'),
(82, 'element_edit_price', 'iblock', NULL, 'iblock'),
(83, 'element_delete', 'iblock', NULL, 'iblock'),
(84, 'element_bizproc_start', 'iblock', NULL, 'iblock'),
(85, 'section_edit', 'iblock', NULL, 'iblock'),
(86, 'section_delete', 'iblock', NULL, 'iblock'),
(87, 'section_section_bind', 'iblock', NULL, 'iblock'),
(88, 'element_edit_any_wf_status', 'iblock', NULL, 'iblock'),
(89, 'iblock_edit', 'iblock', NULL, 'iblock'),
(90, 'iblock_delete', 'iblock', NULL, 'iblock'),
(91, 'iblock_rights_edit', 'iblock', NULL, 'iblock'),
(92, 'iblock_export', 'iblock', NULL, 'iblock'),
(93, 'section_rights_edit', 'iblock', NULL, 'iblock'),
(94, 'element_rights_edit', 'iblock', NULL, 'iblock'),
(95, 'security_filter_bypass', 'security', NULL, 'module'),
(96, 'security_edit_user_otp', 'security', NULL, 'module'),
(97, 'security_module_settings_read', 'security', NULL, 'module'),
(98, 'security_panel_view', 'security', NULL, 'module'),
(99, 'security_filter_settings_read', 'security', NULL, 'module'),
(100, 'security_otp_settings_read', 'security', NULL, 'module'),
(101, 'security_iprule_admin_settings_read', 'security', NULL, 'module'),
(102, 'security_session_settings_read', 'security', NULL, 'module'),
(103, 'security_redirect_settings_read', 'security', NULL, 'module'),
(104, 'security_stat_activity_settings_read', 'security', NULL, 'module'),
(105, 'security_iprule_settings_read', 'security', NULL, 'module'),
(106, 'security_antivirus_settings_read', 'security', NULL, 'module'),
(107, 'security_frame_settings_read', 'security', NULL, 'module'),
(108, 'security_module_settings_write', 'security', NULL, 'module'),
(109, 'security_filter_settings_write', 'security', NULL, 'module'),
(110, 'security_otp_settings_write', 'security', NULL, 'module'),
(111, 'security_iprule_admin_settings_write', 'security', NULL, 'module'),
(112, 'security_session_settings_write', 'security', NULL, 'module'),
(113, 'security_redirect_settings_write', 'security', NULL, 'module'),
(114, 'security_stat_activity_settings_write', 'security', NULL, 'module'),
(115, 'security_iprule_settings_write', 'security', NULL, 'module'),
(116, 'security_file_verifier_sign', 'security', NULL, 'module'),
(117, 'security_file_verifier_collect', 'security', NULL, 'module'),
(118, 'security_file_verifier_verify', 'security', NULL, 'module'),
(119, 'security_antivirus_settings_write', 'security', NULL, 'module'),
(120, 'security_frame_settings_write', 'security', NULL, 'module'),
(121, 'seo_settings', 'seo', '', 'module'),
(122, 'seo_tools', 'seo', '', 'module');

-- --------------------------------------------------------

--
-- Структура таблицы `b_option`
--

CREATE TABLE IF NOT EXISTS `b_option` (
  `MODULE_ID` varchar(50) DEFAULT NULL,
  `NAME` varchar(50) NOT NULL,
  `VALUE` text,
  `DESCRIPTION` varchar(255) DEFAULT NULL,
  `SITE_ID` char(2) DEFAULT NULL,
  UNIQUE KEY `ix_option` (`MODULE_ID`,`NAME`,`SITE_ID`),
  KEY `ix_option_name` (`NAME`)
) ENGINE=MyISAM DEFAULT CHARSET=cp1251;

--
-- Дамп данных таблицы `b_option`
--

INSERT INTO `b_option` (`MODULE_ID`, `NAME`, `VALUE`, `DESCRIPTION`, `SITE_ID`) VALUES
('main', 'rating_authority_rating', '2', NULL, NULL),
('main', 'rating_assign_rating_group_add', '1', NULL, NULL),
('main', 'rating_assign_rating_group_delete', '1', NULL, NULL),
('main', 'rating_assign_rating_group', '3', NULL, NULL),
('main', 'rating_assign_authority_group_add', '2', NULL, NULL),
('main', 'rating_assign_authority_group_delete', '2', NULL, NULL),
('main', 'rating_assign_authority_group', '4', NULL, NULL),
('main', 'rating_community_size', '1', NULL, NULL),
('main', 'rating_community_authority', '30', NULL, NULL),
('main', 'rating_vote_weight', '10', NULL, NULL),
('main', 'rating_normalization_type', 'auto', NULL, NULL),
('main', 'rating_normalization', '10', NULL, NULL),
('main', 'rating_count_vote', '10', NULL, NULL),
('main', 'rating_authority_weight_formula', 'Y', NULL, NULL),
('main', 'rating_community_last_visit', '90', NULL, NULL),
('main', 'rating_text_like_y', 'Мне нравится', NULL, NULL),
('main', 'rating_text_like_n', 'Больше не нравится', NULL, NULL),
('main', 'rating_text_like_d', 'Это нравится', NULL, NULL),
('main', 'rating_assign_type', 'auto', NULL, NULL),
('main', 'rating_vote_type', 'like', NULL, NULL),
('main', 'rating_self_vote', 'Y', NULL, NULL),
('main', 'rating_vote_show', 'Y', NULL, NULL),
('main', 'rating_vote_template', 'like', NULL, NULL),
('main', 'rating_start_authority', '3', NULL, NULL),
('main', 'auth_comp2', 'Y', NULL, NULL),
('main', 'PARAM_MAX_SITES', '2', NULL, NULL),
('main', 'PARAM_MAX_USERS', '0', NULL, NULL),
('main', 'distributive6', 'Y', NULL, NULL),
('main', '~new_license11_sign', 'Y', NULL, NULL),
('main', 'GROUP_DEFAULT_TASK', '1', NULL, NULL),
('main', 'vendor', '1c_bitrix', NULL, NULL),
('main', 'admin_lid', 'ru', NULL, NULL),
('main', 'update_site', 'www.bitrixsoft.com', NULL, NULL),
('main', 'update_site_ns', 'Y', NULL, NULL),
('main', 'optimize_css_files', 'Y', NULL, NULL),
('main', 'optimize_js_files', 'Y', NULL, NULL),
('main', 'server_uniq_id', '0b1918594fd99126d1d14c25f59aa390', NULL, NULL),
('blog', 'socNetNewPerms', 'Y', NULL, NULL),
('fileman', 'use_editor_3', 'Y', NULL, NULL),
('forum', 'FILTER_DICT_W', '1', NULL, 'ru'),
('forum', 'FILTER_DICT_T', '2', NULL, 'ru'),
('forum', 'FILTER_DICT_W', '3', NULL, 'en'),
('forum', 'FILTER_DICT_T', '4', NULL, 'en'),
('forum', 'FILTER', 'N', NULL, NULL),
('sale', 'viewed_capability', 'Y', NULL, NULL),
('sale', 'viewed_count', '10', NULL, NULL),
('sale', 'viewed_time', '5', NULL, NULL),
('sale', 'p2p_status_list', 'a:7:{i:0;s:1:"N";i:1;s:1:"P";i:2;s:1:"F";i:3;s:10:"F_CANCELED";i:4;s:10:"F_DELIVERY";i:5;s:5:"F_PAY";i:6;s:5:"F_OUT";}', NULL, NULL),
('sale', 'product_reserve_clear_period', '3', NULL, NULL),
('search', 'version', 'v2.0', NULL, NULL),
('search', 'dbnode_id', 'N', NULL, NULL),
('search', 'dbnode_status', 'ok', NULL, NULL),
('security', 'ipcheck_disable_file', '/bitrix/modules/ipcheck_disable_0bc2cfe1f9a56094842c68e691604562', NULL, NULL),
('vote', 'VOTE_DIR', '', NULL, NULL),
('vote', 'VOTE_COMPATIBLE_OLD_TEMPLATE', 'N', NULL, NULL),
('main', 'email_from', 'sale@russianshik.bureauit.com', NULL, NULL),
('fileman', 'different_set', 'Y', NULL, NULL),
('fileman', 'menutypes', 'a:3:{s:4:\\"left\\";s:10:\\"Левое меню\\";s:3:\\"top\\";s:12:\\"Верхнее меню\\";s:6:\\"bottom\\";s:11:\\"Нижнее меню\\";}', NULL, 's1'),
('main', 'upload_dir', 'upload', NULL, NULL),
('main', 'wizard_template_id', 'eshop_adapt_horizontal', NULL, 's1'),
('main', 'wizard_eshop_adapt_theme_id', 'wood', NULL, 's1'),
('fileman', 'num_menu_param', '2', NULL, 's1'),
('sale', 'SHOP_SITE_s1', 's1', NULL, NULL),
('fileman', 'propstypes', 'a:4:{s:11:"description";s:17:"Описание страницы";s:8:"keywords";s:14:"Ключевые слова";s:5:"title";s:23:"Заголовок окна браузера";s:14:"keywords_inner";s:18:"Продвигаемые слова";}', NULL, 's1'),
('search', 'suggest_save_days', '250', NULL, NULL),
('search', 'use_tf_cache', 'Y', NULL, NULL),
('search', 'use_word_distance', 'Y', NULL, NULL),
('search', 'use_social_rating', 'Y', NULL, NULL),
('iblock', 'use_htmledit', 'Y', NULL, NULL),
('main', 'captcha_registration', 'Y', NULL, NULL),
('socialservices', 'auth_services', 'a:12:{s:9:"VKontakte";s:1:"N";s:8:"MyMailRu";s:1:"N";s:7:"Twitter";s:1:"N";s:8:"Facebook";s:1:"N";s:11:"Livejournal";s:1:"Y";s:12:"YandexOpenID";s:1:"Y";s:7:"Rambler";s:1:"Y";s:12:"MailRuOpenID";s:1:"Y";s:12:"Liveinternet";s:1:"Y";s:7:"Blogger";s:1:"Y";s:6:"OpenID";s:1:"Y";s:6:"LiveID";s:1:"N";}', NULL, NULL),
('iblock', 'combined_list_mode', 'Y', NULL, NULL),
('catalog', 'do_use_discount_product', 'Y', NULL, NULL),
('catalog', 'do_use_discount_section', 'Y', NULL, NULL),
('catalog', 'do_use_discount_iblock', 'Y', NULL, NULL),
('catalog', 'do_use_discount_cat_group', 'N', NULL, NULL),
('catalog', 'do_use_discount_group', 'N', NULL, NULL),
('eshop', 'shopLocalization', 'ru', NULL, 's1'),
('eshop', 'shopLocation', 'Москва', NULL, 's1'),
('eshop', 'shopOfName', 'ООО "Интернет-магазин"', NULL, 's1'),
('eshop', 'shopAdr', 'ул. Пушкина 19', NULL, 's1'),
('eshop', 'shopINN', '1234567890', NULL, 's1'),
('eshop', 'shopKPP', '123456789', NULL, 's1'),
('eshop', 'shopNS', '0000 0000 0000 0000 0000', NULL, 's1'),
('eshop', 'shopBANK', 'ОАО "Сбербанк России", г. Москва', NULL, 's1'),
('eshop', 'shopBANKREKV', 'БИК 044525225', NULL, 's1'),
('eshop', 'shopKS', '30101 810 4 0000 0000225', NULL, 's1'),
('eshop', 'siteTelephone', '8 (495) 212 85 06', NULL, 's1'),
('eshop', 'shopEmail', 'sale@russianshik.bureauit.com', NULL, 's1'),
('eshop', 'siteName', 'Русский Шик', NULL, 's1'),
('eshop', 'personTypeFiz', 'Y', NULL, 's1'),
('eshop', 'personTypeUr', 'Y', NULL, 's1'),
('sale', 'default_currency', 'RUB', NULL, NULL),
('sale', 'delete_after', '30', NULL, NULL),
('sale', 'order_list_date', '30', NULL, NULL),
('sale', 'MAX_LOCK_TIME', '30', NULL, NULL),
('sale', 'GRAPH_WEIGHT', '600', NULL, NULL),
('sale', 'GRAPH_HEIGHT', '600', NULL, NULL),
('sale', 'path2user_ps_files', '/bitrix/php_interface/include/sale_payment/', NULL, NULL),
('sale', 'lock_catalog', 'Y', NULL, NULL),
('sale', 'order_list_fields', 'ID,USER,PAY_SYSTEM,PRICE,STATUS,PAYED,PS_STATUS,CANCELED,BASKET', NULL, NULL),
('sale', 'GROUP_DEFAULT_RIGHT', 'D', NULL, NULL),
('sale', 'affiliate_param_name', 'partner', NULL, NULL),
('sale', 'show_order_sum', 'N', NULL, NULL),
('sale', 'show_order_product_xml_id', 'N', NULL, NULL),
('sale', 'show_paysystem_action_id', 'N', NULL, NULL),
('sale', 'affiliate_plan_type', 'N', NULL, NULL),
('sale', '1C_SALE_SITE_LIST', 's1', NULL, NULL),
('sale', '1C_EXPORT_PAYED_ORDERS', 'N', NULL, NULL),
('sale', '1C_EXPORT_ALLOW_DELIVERY_ORDERS', 'N', NULL, NULL),
('sale', '1C_EXPORT_FINAL_ORDERS', '', NULL, NULL),
('sale', '1C_FINAL_STATUS_ON_DELIVERY', 'F', NULL, NULL),
('sale', '1C_REPLACE_CURRENCY', 'руб.', NULL, NULL),
('sale', '1C_SALE_USE_ZIP', 'Y', NULL, NULL),
('sale', 'weight_unit', 'кг', NULL, 's1'),
('sale', 'WEIGHT_different_set', 'N', NULL, 's1'),
('sale', 'ADDRESS_different_set', 'N', NULL, NULL),
('sale', 'measurement_path', '/bitrix/modules/sale/measurements.php', NULL, NULL),
('sale', 'delivery_handles_custom_path', '/bitrix/php_interface/include/sale_delivery/', NULL, NULL),
('sale', 'location_zip', '101000', NULL, NULL),
('sale', 'weight_koef', '1000', NULL, 's1'),
('sale', 'recalc_product_list', 'Y', NULL, NULL),
('sale', 'recalc_product_list_period', '4', NULL, NULL),
('sale', 'order_email', 'sale@russianshik.bureauit.com', NULL, NULL),
('sale', 'encode_fuser_id', 'Y', NULL, NULL),
('sale', 'location', '671', NULL, NULL),
('sale', 'delivery_rus_post_prev_loc', '671', NULL, NULL),
('sale', 'delivery_regs_to_zones', 'a:79:{i:1;s:1:"2";i:4;s:1:"3";i:22;s:1:"3";i:28;s:1:"4";i:29;s:1:"2";i:30;s:1:"2";i:2;s:1:"2";i:31;s:1:"2";i:32;s:1:"1";i:3;s:1:"4";i:33;s:1:"1";i:34;s:1:"2";i:35;s:1:"1";i:36;s:1:"2";i:5;s:1:"3";i:77;s:1:"5";i:75;s:1:"4";i:37;s:1:"1";i:6;s:1:"2";i:38;s:1:"4";i:7;s:1:"2";i:39;s:1:"2";i:8;s:1:"2";i:40;s:1:"1";i:41;s:1:"5";i:9;s:1:"2";i:10;s:1:"2";i:42;s:1:"3";i:43;s:1:"2";i:11;s:1:"2";i:23;s:1:"2";i:24;s:1:"3";i:45;s:1:"3";i:47;s:1:"2";i:48;s:1:"1";i:49;s:1:"5";i:12;s:1:"2";i:13;s:1:"2";i:50;s:1:"1";i:51;s:1:"2";i:78;s:1:"2";i:52;s:1:"1";i:53;s:1:"2";i:54;s:1:"3";i:55;s:1:"3";i:56;s:1:"2";i:57;s:1:"1";i:58;s:1:"2";i:59;s:1:"2";i:25;s:1:"5";i:60;s:1:"2";i:61;s:1:"2";i:62;s:1:"1";i:63;s:1:"2";i:64;s:1:"2";i:14;s:1:"4";i:65;s:1:"5";i:66;s:1:"2";i:15;s:1:"2";i:67;s:1:"1";i:26;s:1:"2";i:68;s:1:"1";i:16;s:1:"2";i:69;s:1:"1";i:70;s:1:"3";i:71;s:1:"1";i:17;s:1:"3";i:72;s:1:"3";i:18;s:1:"2";i:73;s:1:"2";i:27;s:1:"5";i:19;s:1:"3";i:79;s:1:"3";i:74;s:1:"2";i:20;s:1:"3";i:21;s:1:"2";i:80;s:1:"5";i:81;s:1:"3";i:76;s:1:"1";}', NULL, NULL),
('sale', 'delivery_rus_post_tarifs', 'a:23:{i:1;s:6:"130.90";i:2;s:6:"132.70";i:3;s:6:"138.10";i:4;s:6:"168.20";i:5;s:6:"189.50";i:6;s:5:"10.00";i:7;s:5:"11.60";i:8;s:5:"16.90";i:9;s:5:"24.30";i:10;s:5:"28.10";i:11;s:5:"30.00";i:12;s:5:"30.00";i:13;s:5:"40.00";i:14;s:5:"30.00";i:15;s:6:"254.70";i:16;s:5:"76.50";i:17;s:5:"76.50";i:18;s:5:"30.00";i:19;s:0:"";i:20;s:4:"0.04";i:21;s:0:"";s:1:"*";s:5:"15.00";s:2:"**";s:5:"35.00";}', NULL, NULL),
('sale', 'delivery_rus_post_first_prev_loc', '671', NULL, NULL),
('sale', 'delivery_rus_post_first_tarifs', 'a:10:{i:1;s:5:"27.14";i:2;s:5:"55.46";i:3;s:6:"106.20";i:4;s:4:"3.42";i:5;s:6:"114.46";i:6;s:6:"154.58";i:7;s:5:"17.11";i:8;s:5:"23.60";i:9;s:5:"64.90";i:10;s:4:"0.04";}', NULL, NULL),
('subscribe', 'subscribe_section', '#SITE_DIR#personal/subscribe/', NULL, NULL),
('main', 'new_user_registration', 'Y', NULL, NULL),
('main', 'site_name', 'Русский Шик', NULL, NULL),
('main', 'CAPTCHA_transparentTextPercent', '0', NULL, NULL),
('main', 'CAPTCHA_arBGColor_1', 'FFFFFF', NULL, NULL),
('main', 'CAPTCHA_arBGColor_2', 'FFFFFF', NULL, NULL),
('main', 'CAPTCHA_numEllipses', '0', NULL, NULL),
('main', 'CAPTCHA_arEllipseColor_1', '7F7F7F', NULL, NULL),
('main', 'CAPTCHA_arEllipseColor_2', 'FFFFFF', NULL, NULL),
('main', 'CAPTCHA_bLinesOverText', 'Y', NULL, NULL),
('main', 'CAPTCHA_numLines', '0', NULL, NULL),
('main', 'CAPTCHA_arLineColor_1', 'FFFFFF', NULL, NULL),
('main', 'CAPTCHA_arLineColor_2', 'FFFFFF', NULL, NULL),
('main', 'CAPTCHA_textStartX', '40', NULL, NULL),
('main', 'CAPTCHA_textFontSize', '26', NULL, NULL),
('main', 'CAPTCHA_arTextColor_1', '000000', NULL, NULL),
('main', 'CAPTCHA_arTextColor_2', '000000', NULL, NULL),
('main', 'CAPTCHA_textAngel_1', '-15', NULL, NULL),
('main', 'CAPTCHA_textAngel_2', '15', NULL, NULL),
('main', 'CAPTCHA_textDistance_1', '-2', NULL, NULL),
('main', 'CAPTCHA_textDistance_2', '-2', NULL, NULL),
('main', 'CAPTCHA_bWaveTransformation', 'Y', NULL, NULL),
('main', 'CAPTCHA_arBorderColor', '000000', NULL, NULL),
('main', 'CAPTCHA_arTTFFiles', 'bitrix_captcha.ttf', NULL, NULL),
('main', 'CAPTCHA_letters', 'ABCDEFGHJKLMNPQRSTWXYZ23456789', NULL, NULL),
('main', 'CAPTCHA_presets', '2', NULL, NULL),
('socialnetwork', 'allow_tooltip', 'N', NULL, 's1'),
('main', 'new_user_registration_def_group', '5', NULL, NULL),
('eshop', 'wizard_installed', 'Y', NULL, 's1'),
('sale', 'subscribe_prod', 'a:1:{s:2:"s1";a:1:{s:9:"del_after";s:3:"100";}}', NULL, NULL),
('eshop', 'catalogView', 'list', NULL, 's1'),
('catalog', 'default_use_store_control', 'N', NULL, NULL),
('sale', 'product_reserve_condition', 'O', NULL, NULL),
('catalog', 'allow_negative_amount', 'Y', NULL, NULL),
('catalog', 'default_can_buy_zero', 'Y', NULL, NULL),
('catalog', 'default_quantity_trace', 'Y', NULL, NULL),
('eshop', 'installEshopApp', 'Y', NULL, 's1'),
('main', 'wizard_firsteshop_s1', 'Y', NULL, NULL),
('main', 'wizard_solution', 'eshop', NULL, 's1'),
('fileman', 'stickers_use_hotkeys', 'N', NULL, NULL),
('main', 'crc_code', 'dFp0TUVWR1NXcQ==', NULL, NULL),
('eshop', 'eshop_banner', 'Y', NULL, 's1'),
('catalog', 'GROUP_DEFAULT_TASK', '12', NULL, NULL),
('main', 'captcha_password', 'U7FRZm6277', NULL, NULL),
('fileman', 'GROUP_DEFAULT_TASK', '22', NULL, NULL),
('main', '~support_finish_date', '', NULL, NULL),
('cluster', 'PARAM_MAX_SERVERS', '2', NULL, NULL),
('main', '~cpf_map_value', 'YToxOntpOjA7czo1OiJTbWFsbCI7fQ==', NULL, NULL),
('main', '~update_autocheck_result', 'a:3:{s:10:"check_date";i:0;s:6:"result";b:0;s:5:"error";s:0:"";}', NULL, NULL),
('main', 'update_system_check', '19.08.2014 13:53:26', NULL, NULL),
('main', '~new_license14_5_sign', 'Y', NULL, NULL),
('main', '~PARAM_MAX_SERVERS', '2', NULL, NULL),
('main', '~PARAM_COMPOSITE', 'N', NULL, NULL);

-- --------------------------------------------------------

--
-- Структура таблицы `b_perf_cache`
--

CREATE TABLE IF NOT EXISTS `b_perf_cache` (
  `ID` int(18) NOT NULL AUTO_INCREMENT,
  `HIT_ID` int(18) DEFAULT NULL,
  `COMPONENT_ID` int(18) DEFAULT NULL,
  `NN` int(18) DEFAULT NULL,
  `CACHE_SIZE` float DEFAULT NULL,
  `OP_MODE` char(1) DEFAULT NULL,
  `MODULE_NAME` text,
  `COMPONENT_NAME` text,
  `BASE_DIR` text,
  `INIT_DIR` text,
  `FILE_NAME` text,
  `FILE_PATH` text,
  PRIMARY KEY (`ID`),
  UNIQUE KEY `IX_B_PERF_CACHE_0` (`HIT_ID`,`NN`),
  KEY `IX_B_PERF_CACHE_1` (`COMPONENT_ID`)
) ENGINE=MyISAM DEFAULT CHARSET=cp1251 AUTO_INCREMENT=1 ;

-- --------------------------------------------------------

--
-- Структура таблицы `b_perf_cluster`
--

CREATE TABLE IF NOT EXISTS `b_perf_cluster` (
  `ID` int(11) NOT NULL AUTO_INCREMENT,
  `TIMESTAMP_X` timestamp NOT NULL DEFAULT CURRENT_TIMESTAMP ON UPDATE CURRENT_TIMESTAMP,
  `THREADS` int(11) DEFAULT NULL,
  `HITS` int(11) DEFAULT NULL,
  `ERRORS` int(11) DEFAULT NULL,
  `PAGES_PER_SECOND` float DEFAULT NULL,
  `PAGE_EXEC_TIME` float DEFAULT NULL,
  `PAGE_RESP_TIME` float DEFAULT NULL,
  PRIMARY KEY (`ID`)
) ENGINE=MyISAM DEFAULT CHARSET=cp1251 AUTO_INCREMENT=1 ;

-- --------------------------------------------------------

--
-- Структура таблицы `b_perf_component`
--

CREATE TABLE IF NOT EXISTS `b_perf_component` (
  `ID` int(18) NOT NULL AUTO_INCREMENT,
  `HIT_ID` int(18) DEFAULT NULL,
  `NN` int(18) DEFAULT NULL,
  `CACHE_TYPE` char(1) DEFAULT NULL,
  `CACHE_SIZE` int(11) DEFAULT NULL,
  `CACHE_COUNT_R` int(11) DEFAULT NULL,
  `CACHE_COUNT_W` int(11) DEFAULT NULL,
  `CACHE_COUNT_C` int(11) DEFAULT NULL,
  `COMPONENT_TIME` float DEFAULT NULL,
  `QUERIES` int(11) DEFAULT NULL,
  `QUERIES_TIME` float DEFAULT NULL,
  `COMPONENT_NAME` text,
  PRIMARY KEY (`ID`),
  UNIQUE KEY `IX_B_PERF_COMPONENT_0` (`HIT_ID`,`NN`)
) ENGINE=MyISAM DEFAULT CHARSET=cp1251 AUTO_INCREMENT=1 ;

-- --------------------------------------------------------

--
-- Структура таблицы `b_perf_error`
--

CREATE TABLE IF NOT EXISTS `b_perf_error` (
  `ID` int(18) NOT NULL AUTO_INCREMENT,
  `HIT_ID` int(18) DEFAULT NULL,
  `ERRNO` int(18) DEFAULT NULL,
  `ERRSTR` text,
  `ERRFILE` text,
  `ERRLINE` int(18) DEFAULT NULL,
  PRIMARY KEY (`ID`),
  KEY `IX_B_PERF_ERROR_0` (`HIT_ID`)
) ENGINE=MyISAM DEFAULT CHARSET=cp1251 AUTO_INCREMENT=1 ;

-- --------------------------------------------------------

--
-- Структура таблицы `b_perf_history`
--

CREATE TABLE IF NOT EXISTS `b_perf_history` (
  `ID` int(18) NOT NULL AUTO_INCREMENT,
  `TIMESTAMP_X` timestamp NOT NULL DEFAULT CURRENT_TIMESTAMP ON UPDATE CURRENT_TIMESTAMP,
  `TOTAL_MARK` float DEFAULT NULL,
  `ACCELERATOR_ENABLED` char(1) DEFAULT NULL,
  PRIMARY KEY (`ID`)
) ENGINE=MyISAM DEFAULT CHARSET=cp1251 AUTO_INCREMENT=1 ;

-- --------------------------------------------------------

--
-- Структура таблицы `b_perf_hit`
--

CREATE TABLE IF NOT EXISTS `b_perf_hit` (
  `ID` int(11) NOT NULL AUTO_INCREMENT,
  `DATE_HIT` datetime DEFAULT NULL,
  `IS_ADMIN` char(1) DEFAULT NULL,
  `REQUEST_METHOD` varchar(50) DEFAULT NULL,
  `SERVER_NAME` varchar(50) DEFAULT NULL,
  `SERVER_PORT` int(11) DEFAULT NULL,
  `SCRIPT_NAME` text,
  `REQUEST_URI` text,
  `INCLUDED_FILES` int(11) DEFAULT NULL,
  `MEMORY_PEAK_USAGE` int(11) DEFAULT NULL,
  `CACHE_TYPE` char(1) DEFAULT NULL,
  `CACHE_SIZE` int(11) DEFAULT NULL,
  `CACHE_COUNT_R` int(11) DEFAULT NULL,
  `CACHE_COUNT_W` int(11) DEFAULT NULL,
  `CACHE_COUNT_C` int(11) DEFAULT NULL,
  `QUERIES` int(11) DEFAULT NULL,
  `QUERIES_TIME` float DEFAULT NULL,
  `COMPONENTS` int(11) DEFAULT NULL,
  `COMPONENTS_TIME` float DEFAULT NULL,
  `SQL_LOG` char(1) DEFAULT NULL,
  `PAGE_TIME` float DEFAULT NULL,
  `PROLOG_TIME` float DEFAULT NULL,
  `PROLOG_BEFORE_TIME` float DEFAULT NULL,
  `AGENTS_TIME` float DEFAULT NULL,
  `PROLOG_AFTER_TIME` float DEFAULT NULL,
  `WORK_AREA_TIME` float DEFAULT NULL,
  `EPILOG_TIME` float DEFAULT NULL,
  `EPILOG_BEFORE_TIME` float DEFAULT NULL,
  `EVENTS_TIME` float DEFAULT NULL,
  `EPILOG_AFTER_TIME` float DEFAULT NULL,
  `MENU_RECALC` int(11) DEFAULT NULL,
  PRIMARY KEY (`ID`),
  KEY `IX_B_PERF_HIT_0` (`DATE_HIT`)
) ENGINE=MyISAM DEFAULT CHARSET=cp1251 AUTO_INCREMENT=1 ;

-- --------------------------------------------------------

--
-- Структура таблицы `b_perf_index_ban`
--

CREATE TABLE IF NOT EXISTS `b_perf_index_ban` (
  `ID` int(11) NOT NULL AUTO_INCREMENT,
  `BAN_TYPE` char(1) DEFAULT NULL,
  `TABLE_NAME` varchar(50) DEFAULT NULL,
  `COLUMN_NAMES` varchar(250) DEFAULT NULL,
  PRIMARY KEY (`ID`)
) ENGINE=MyISAM DEFAULT CHARSET=cp1251 AUTO_INCREMENT=1 ;

-- --------------------------------------------------------

--
-- Структура таблицы `b_perf_index_complete`
--

CREATE TABLE IF NOT EXISTS `b_perf_index_complete` (
  `ID` int(11) NOT NULL AUTO_INCREMENT,
  `BANNED` char(1) DEFAULT NULL,
  `TABLE_NAME` varchar(50) DEFAULT NULL,
  `COLUMN_NAMES` varchar(250) DEFAULT NULL,
  `INDEX_NAME` varchar(50) DEFAULT NULL,
  PRIMARY KEY (`ID`),
  KEY `ix_b_perf_index_complete_0` (`TABLE_NAME`)
) ENGINE=MyISAM DEFAULT CHARSET=cp1251 AUTO_INCREMENT=1 ;

-- --------------------------------------------------------

--
-- Структура таблицы `b_perf_index_suggest`
--

CREATE TABLE IF NOT EXISTS `b_perf_index_suggest` (
  `ID` int(11) NOT NULL AUTO_INCREMENT,
  `SQL_MD5` char(32) DEFAULT NULL,
  `SQL_COUNT` int(11) DEFAULT NULL,
  `SQL_TIME` float DEFAULT NULL,
  `TABLE_NAME` varchar(50) DEFAULT NULL,
  `TABLE_ALIAS` varchar(50) DEFAULT NULL,
  `COLUMN_NAMES` varchar(250) DEFAULT NULL,
  `SQL_TEXT` text,
  `SQL_EXPLAIN` longtext,
  PRIMARY KEY (`ID`),
  KEY `ix_b_perf_index_suggest_0` (`SQL_MD5`)
) ENGINE=MyISAM DEFAULT CHARSET=cp1251 AUTO_INCREMENT=1 ;

-- --------------------------------------------------------

--
-- Структура таблицы `b_perf_index_suggest_sql`
--

CREATE TABLE IF NOT EXISTS `b_perf_index_suggest_sql` (
  `SUGGEST_ID` int(11) NOT NULL DEFAULT '0',
  `SQL_ID` int(11) NOT NULL DEFAULT '0',
  PRIMARY KEY (`SUGGEST_ID`,`SQL_ID`),
  KEY `ix_b_perf_index_suggest_sql_0` (`SQL_ID`,`SUGGEST_ID`)
) ENGINE=MyISAM DEFAULT CHARSET=cp1251;

-- --------------------------------------------------------

--
-- Структура таблицы `b_perf_sql`
--

CREATE TABLE IF NOT EXISTS `b_perf_sql` (
  `ID` int(18) NOT NULL AUTO_INCREMENT,
  `HIT_ID` int(18) DEFAULT NULL,
  `COMPONENT_ID` int(18) DEFAULT NULL,
  `NN` int(18) DEFAULT NULL,
  `QUERY_TIME` float DEFAULT NULL,
  `NODE_ID` int(18) DEFAULT NULL,
  `MODULE_NAME` text,
  `COMPONENT_NAME` text,
  `SQL_TEXT` text,
  PRIMARY KEY (`ID`),
  UNIQUE KEY `IX_B_PERF_SQL_0` (`HIT_ID`,`NN`),
  KEY `IX_B_PERF_SQL_1` (`COMPONENT_ID`)
) ENGINE=MyISAM DEFAULT CHARSET=cp1251 AUTO_INCREMENT=1 ;

-- --------------------------------------------------------

--
-- Структура таблицы `b_perf_sql_backtrace`
--

CREATE TABLE IF NOT EXISTS `b_perf_sql_backtrace` (
  `SQL_ID` int(18) NOT NULL DEFAULT '0',
  `NN` int(18) NOT NULL DEFAULT '0',
  `FILE_NAME` varchar(500) DEFAULT NULL,
  `LINE_NO` int(18) DEFAULT NULL,
  `CLASS_NAME` varchar(500) DEFAULT NULL,
  `FUNCTION_NAME` varchar(500) DEFAULT NULL,
  PRIMARY KEY (`SQL_ID`,`NN`)
) ENGINE=MyISAM DEFAULT CHARSET=cp1251;

-- --------------------------------------------------------

--
-- Структура таблицы `b_perf_tab_column_stat`
--

CREATE TABLE IF NOT EXISTS `b_perf_tab_column_stat` (
  `ID` int(11) NOT NULL AUTO_INCREMENT,
  `TABLE_NAME` varchar(50) DEFAULT NULL,
  `COLUMN_NAME` varchar(50) DEFAULT NULL,
  `TABLE_ROWS` float DEFAULT NULL,
  `COLUMN_ROWS` float DEFAULT NULL,
  `VALUE` varchar(100) DEFAULT NULL,
  PRIMARY KEY (`ID`),
  KEY `ix_b_perf_tab_column_stat` (`TABLE_NAME`,`COLUMN_NAME`)
) ENGINE=MyISAM DEFAULT CHARSET=cp1251 AUTO_INCREMENT=1 ;

-- --------------------------------------------------------

--
-- Структура таблицы `b_perf_tab_stat`
--

CREATE TABLE IF NOT EXISTS `b_perf_tab_stat` (
  `TABLE_NAME` varchar(50) NOT NULL DEFAULT '',
  `TABLE_SIZE` float DEFAULT NULL,
  `TABLE_ROWS` float DEFAULT NULL,
  PRIMARY KEY (`TABLE_NAME`)
) ENGINE=MyISAM DEFAULT CHARSET=cp1251;

-- --------------------------------------------------------

--
-- Структура таблицы `b_perf_test`
--

CREATE TABLE IF NOT EXISTS `b_perf_test` (
  `ID` int(18) NOT NULL AUTO_INCREMENT,
  `REFERENCE_ID` int(18) DEFAULT NULL,
  `NAME` varchar(200) DEFAULT NULL,
  PRIMARY KEY (`ID`),
  KEY `IX_B_PERF_TEST_0` (`REFERENCE_ID`)
) ENGINE=MyISAM DEFAULT CHARSET=cp1251 AUTO_INCREMENT=1 ;

-- --------------------------------------------------------

--
-- Структура таблицы `b_posting`
--

CREATE TABLE IF NOT EXISTS `b_posting` (
  `ID` int(11) NOT NULL AUTO_INCREMENT,
  `TIMESTAMP_X` timestamp NOT NULL DEFAULT CURRENT_TIMESTAMP ON UPDATE CURRENT_TIMESTAMP,
  `STATUS` char(1) NOT NULL DEFAULT 'D',
  `VERSION` char(1) DEFAULT NULL,
  `DATE_SENT` datetime DEFAULT NULL,
  `SENT_BCC` mediumtext,
  `FROM_FIELD` varchar(255) NOT NULL,
  `TO_FIELD` varchar(255) DEFAULT NULL,
  `BCC_FIELD` mediumtext,
  `EMAIL_FILTER` varchar(255) DEFAULT NULL,
  `SUBJECT` varchar(255) NOT NULL,
  `BODY_TYPE` varchar(4) NOT NULL DEFAULT 'text',
  `BODY` mediumtext NOT NULL,
  `DIRECT_SEND` char(1) NOT NULL DEFAULT 'N',
  `CHARSET` varchar(50) DEFAULT NULL,
  `MSG_CHARSET` varchar(255) DEFAULT NULL,
  `SUBSCR_FORMAT` varchar(4) DEFAULT NULL,
  `ERROR_EMAIL` mediumtext,
  `AUTO_SEND_TIME` datetime DEFAULT NULL,
  `BCC_TO_SEND` mediumtext,
  PRIMARY KEY (`ID`)
) ENGINE=MyISAM DEFAULT CHARSET=cp1251 AUTO_INCREMENT=1 ;

-- --------------------------------------------------------

--
-- Структура таблицы `b_posting_email`
--

CREATE TABLE IF NOT EXISTS `b_posting_email` (
  `ID` int(11) NOT NULL AUTO_INCREMENT,
  `POSTING_ID` int(11) NOT NULL,
  `STATUS` char(1) NOT NULL,
  `EMAIL` varchar(255) NOT NULL,
  `SUBSCRIPTION_ID` int(11) DEFAULT NULL,
  `USER_ID` int(11) DEFAULT NULL,
  PRIMARY KEY (`ID`),
  KEY `ix_posting_email_status` (`POSTING_ID`,`STATUS`),
  KEY `ix_posting_email_email` (`POSTING_ID`,`EMAIL`)
) ENGINE=MyISAM DEFAULT CHARSET=cp1251 AUTO_INCREMENT=1 ;

-- --------------------------------------------------------

--
-- Структура таблицы `b_posting_file`
--

CREATE TABLE IF NOT EXISTS `b_posting_file` (
  `POSTING_ID` int(11) NOT NULL,
  `FILE_ID` int(11) NOT NULL,
  UNIQUE KEY `UK_POSTING_POSTING_FILE` (`POSTING_ID`,`FILE_ID`)
) ENGINE=MyISAM DEFAULT CHARSET=cp1251;

-- --------------------------------------------------------

--
-- Структура таблицы `b_posting_group`
--

CREATE TABLE IF NOT EXISTS `b_posting_group` (
  `POSTING_ID` int(11) NOT NULL,
  `GROUP_ID` int(11) NOT NULL,
  UNIQUE KEY `UK_POSTING_POSTING_GROUP` (`POSTING_ID`,`GROUP_ID`)
) ENGINE=MyISAM DEFAULT CHARSET=cp1251;

-- --------------------------------------------------------

--
-- Структура таблицы `b_posting_rubric`
--

CREATE TABLE IF NOT EXISTS `b_posting_rubric` (
  `POSTING_ID` int(11) NOT NULL,
  `LIST_RUBRIC_ID` int(11) NOT NULL,
  UNIQUE KEY `UK_POSTING_POSTING_RUBRIC` (`POSTING_ID`,`LIST_RUBRIC_ID`)
) ENGINE=MyISAM DEFAULT CHARSET=cp1251;

-- --------------------------------------------------------

--
-- Структура таблицы `b_pull_channel`
--

CREATE TABLE IF NOT EXISTS `b_pull_channel` (
  `ID` int(18) NOT NULL AUTO_INCREMENT,
  `USER_ID` int(18) NOT NULL,
  `CHANNEL_ID` varchar(50) NOT NULL,
  `LAST_ID` int(18) DEFAULT NULL,
  `DATE_CREATE` datetime NOT NULL,
  PRIMARY KEY (`ID`),
  UNIQUE KEY `IX_PULL_CN_UID` (`USER_ID`),
  KEY `IX_PULL_CN_CID` (`CHANNEL_ID`),
  KEY `IX_PULL_CN_D` (`DATE_CREATE`)
) ENGINE=MyISAM  DEFAULT CHARSET=cp1251 AUTO_INCREMENT=11 ;

--
-- Дамп данных таблицы `b_pull_channel`
--

INSERT INTO `b_pull_channel` (`ID`, `USER_ID`, `CHANNEL_ID`, `LAST_ID`, `DATE_CREATE`) VALUES
(10, 1, '6d2756c1ca8c0f0903eb88a74f814bf9', 0, '2014-08-20 05:26:46');

-- --------------------------------------------------------

--
-- Структура таблицы `b_pull_push`
--

CREATE TABLE IF NOT EXISTS `b_pull_push` (
  `ID` int(18) NOT NULL AUTO_INCREMENT,
  `USER_ID` int(18) NOT NULL,
  `DEVICE_TYPE` varchar(50) DEFAULT NULL,
  `APP_ID` varchar(50) DEFAULT NULL,
  `UNIQUE_HASH` varchar(50) DEFAULT NULL,
  `DEVICE_ID` varchar(255) DEFAULT NULL,
  `DEVICE_NAME` varchar(50) DEFAULT NULL,
  `DEVICE_TOKEN` varchar(255) NOT NULL,
  `DATE_CREATE` datetime NOT NULL,
  `DATE_AUTH` datetime DEFAULT NULL,
  PRIMARY KEY (`ID`),
  KEY `IX_PULL_PSH_UID` (`USER_ID`),
  KEY `IX_PULL_PSH_UH` (`UNIQUE_HASH`)
) ENGINE=MyISAM DEFAULT CHARSET=cp1251 AUTO_INCREMENT=1 ;

-- --------------------------------------------------------

--
-- Структура таблицы `b_pull_push_queue`
--

CREATE TABLE IF NOT EXISTS `b_pull_push_queue` (
  `ID` int(18) NOT NULL AUTO_INCREMENT,
  `USER_ID` int(18) NOT NULL,
  `TAG` varchar(255) DEFAULT NULL,
  `SUB_TAG` varchar(255) DEFAULT NULL,
  `MESSAGE` varchar(255) NOT NULL,
  `PARAMS` text,
  `BADGE` int(11) DEFAULT NULL,
  `DATE_CREATE` datetime DEFAULT NULL,
  `APP_ID` varchar(50) DEFAULT NULL,
  PRIMARY KEY (`ID`),
  KEY `IX_PULL_PSHQ_UT` (`USER_ID`,`TAG`),
  KEY `IX_PULL_PSHQ_UST` (`USER_ID`,`SUB_TAG`),
  KEY `IX_PULL_PSHQ_UID` (`USER_ID`),
  KEY `IX_PULL_PSHQ_DC` (`DATE_CREATE`),
  KEY `IX_PULL_PSHQ_AID` (`APP_ID`)
) ENGINE=MyISAM DEFAULT CHARSET=cp1251 AUTO_INCREMENT=1 ;

-- --------------------------------------------------------

--
-- Структура таблицы `b_pull_stack`
--

CREATE TABLE IF NOT EXISTS `b_pull_stack` (
  `ID` int(18) NOT NULL AUTO_INCREMENT,
  `CHANNEL_ID` varchar(50) NOT NULL,
  `MESSAGE` text NOT NULL,
  `DATE_CREATE` datetime NOT NULL,
  PRIMARY KEY (`ID`),
  KEY `IX_PULL_STACK_CID` (`CHANNEL_ID`),
  KEY `IX_PULL_STACK_D` (`DATE_CREATE`)
) ENGINE=MyISAM  DEFAULT CHARSET=cp1251 AUTO_INCREMENT=10 ;

--
-- Дамп данных таблицы `b_pull_stack`
--

INSERT INTO `b_pull_stack` (`ID`, `CHANNEL_ID`, `MESSAGE`, `DATE_CREATE`) VALUES
(9, 'f8ed3557f801d03dbca84b87bd9a29b1', 'a:3:{s:9:"module_id";s:4:"pull";s:7:"command";s:11:"channel_die";s:6:"params";a:1:{s:4:"from";s:14:"delete by user";}}', '2014-08-19 19:49:41'),
(8, '31a10197c5e7034bb72fc2349d2c05cb', 'a:3:{s:9:"module_id";s:4:"pull";s:7:"command";s:11:"channel_die";s:6:"params";a:1:{s:4:"from";s:14:"delete by user";}}', '2014-08-19 06:02:25');

-- --------------------------------------------------------

--
-- Структура таблицы `b_pull_watch`
--

CREATE TABLE IF NOT EXISTS `b_pull_watch` (
  `ID` int(18) NOT NULL AUTO_INCREMENT,
  `USER_ID` int(18) NOT NULL,
  `CHANNEL_ID` varchar(50) NOT NULL,
  `TAG` varchar(255) NOT NULL,
  `DATE_CREATE` datetime NOT NULL,
  PRIMARY KEY (`ID`),
  KEY `IX_PULL_W_UT` (`USER_ID`,`TAG`),
  KEY `IX_PULL_W_D` (`DATE_CREATE`),
  KEY `IX_PULL_W_T` (`TAG`)
) ENGINE=MyISAM DEFAULT CHARSET=cp1251 AUTO_INCREMENT=1 ;

-- --------------------------------------------------------

--
-- Структура таблицы `b_rating`
--

CREATE TABLE IF NOT EXISTS `b_rating` (
  `ID` int(11) NOT NULL AUTO_INCREMENT,
  `ACTIVE` char(1) NOT NULL,
  `NAME` varchar(512) NOT NULL,
  `ENTITY_ID` varchar(50) NOT NULL,
  `CALCULATION_METHOD` varchar(3) NOT NULL DEFAULT 'SUM',
  `CREATED` datetime DEFAULT NULL,
  `LAST_MODIFIED` datetime DEFAULT NULL,
  `LAST_CALCULATED` datetime DEFAULT NULL,
  `POSITION` char(1) DEFAULT 'N',
  `AUTHORITY` char(1) DEFAULT 'N',
  `CALCULATED` char(1) NOT NULL DEFAULT 'N',
  `CONFIGS` text,
  PRIMARY KEY (`ID`)
) ENGINE=MyISAM  DEFAULT CHARSET=cp1251 AUTO_INCREMENT=3 ;

--
-- Дамп данных таблицы `b_rating`
--

INSERT INTO `b_rating` (`ID`, `ACTIVE`, `NAME`, `ENTITY_ID`, `CALCULATION_METHOD`, `CREATED`, `LAST_MODIFIED`, `LAST_CALCULATED`, `POSITION`, `AUTHORITY`, `CALCULATED`, `CONFIGS`) VALUES
(1, 'N', 'Рейтинг', 'USER', 'SUM', '2014-08-07 06:42:53', NULL, NULL, 'Y', 'N', 'N', 'a:3:{s:4:"MAIN";a:2:{s:4:"VOTE";a:1:{s:4:"USER";a:2:{s:11:"COEFFICIENT";s:1:"1";s:5:"LIMIT";s:2:"30";}}s:6:"RATING";a:1:{s:5:"BONUS";a:2:{s:6:"ACTIVE";s:1:"Y";s:11:"COEFFICIENT";s:1:"1";}}}s:5:"FORUM";a:2:{s:4:"VOTE";a:2:{s:5:"TOPIC";a:3:{s:6:"ACTIVE";s:1:"Y";s:11:"COEFFICIENT";s:3:"0.5";s:5:"LIMIT";s:2:"30";}s:4:"POST";a:3:{s:6:"ACTIVE";s:1:"Y";s:11:"COEFFICIENT";s:3:"0.1";s:5:"LIMIT";s:2:"30";}}s:6:"RATING";a:1:{s:8:"ACTIVITY";a:9:{s:6:"ACTIVE";s:1:"Y";s:16:"TODAY_TOPIC_COEF";s:3:"0.4";s:15:"WEEK_TOPIC_COEF";s:3:"0.2";s:16:"MONTH_TOPIC_COEF";s:3:"0.1";s:14:"ALL_TOPIC_COEF";s:1:"0";s:15:"TODAY_POST_COEF";s:3:"0.2";s:14:"WEEK_POST_COEF";s:3:"0.1";s:15:"MONTH_POST_COEF";s:4:"0.05";s:13:"ALL_POST_COEF";s:1:"0";}}}s:4:"BLOG";a:2:{s:4:"VOTE";a:2:{s:4:"POST";a:3:{s:6:"ACTIVE";s:1:"Y";s:11:"COEFFICIENT";s:3:"0.5";s:5:"LIMIT";s:2:"30";}s:7:"COMMENT";a:3:{s:6:"ACTIVE";s:1:"Y";s:11:"COEFFICIENT";s:3:"0.1";s:5:"LIMIT";s:2:"30";}}s:6:"RATING";a:1:{s:8:"ACTIVITY";a:9:{s:6:"ACTIVE";s:1:"Y";s:15:"TODAY_POST_COEF";s:3:"0.4";s:14:"WEEK_POST_COEF";s:3:"0.2";s:15:"MONTH_POST_COEF";s:3:"0.1";s:13:"ALL_POST_COEF";s:1:"0";s:18:"TODAY_COMMENT_COEF";s:3:"0.2";s:17:"WEEK_COMMENT_COEF";s:3:"0.1";s:18:"MONTH_COMMENT_COEF";s:4:"0.05";s:16:"ALL_COMMENT_COEF";s:1:"0";}}}}'),
(2, 'N', 'Авторитет', 'USER', 'SUM', '2014-08-07 06:42:53', NULL, NULL, 'Y', 'Y', 'N', 'a:3:{s:4:"MAIN";a:2:{s:4:"VOTE";a:1:{s:4:"USER";a:3:{s:6:"ACTIVE";s:1:"Y";s:11:"COEFFICIENT";s:1:"1";s:5:"LIMIT";s:1:"0";}}s:6:"RATING";a:1:{s:5:"BONUS";a:2:{s:6:"ACTIVE";s:1:"Y";s:11:"COEFFICIENT";s:1:"1";}}}s:5:"FORUM";a:2:{s:4:"VOTE";a:2:{s:5:"TOPIC";a:2:{s:11:"COEFFICIENT";s:1:"1";s:5:"LIMIT";s:2:"30";}s:4:"POST";a:2:{s:11:"COEFFICIENT";s:1:"1";s:5:"LIMIT";s:2:"30";}}s:6:"RATING";a:1:{s:8:"ACTIVITY";a:8:{s:16:"TODAY_TOPIC_COEF";s:2:"20";s:15:"WEEK_TOPIC_COEF";s:2:"10";s:16:"MONTH_TOPIC_COEF";s:1:"5";s:14:"ALL_TOPIC_COEF";s:1:"0";s:15:"TODAY_POST_COEF";s:3:"0.4";s:14:"WEEK_POST_COEF";s:3:"0.2";s:15:"MONTH_POST_COEF";s:3:"0.1";s:13:"ALL_POST_COEF";s:1:"0";}}}s:4:"BLOG";a:2:{s:4:"VOTE";a:2:{s:4:"POST";a:2:{s:11:"COEFFICIENT";s:1:"1";s:5:"LIMIT";s:2:"30";}s:7:"COMMENT";a:2:{s:11:"COEFFICIENT";s:1:"1";s:5:"LIMIT";s:2:"30";}}s:6:"RATING";a:1:{s:8:"ACTIVITY";a:8:{s:15:"TODAY_POST_COEF";s:3:"0.4";s:14:"WEEK_POST_COEF";s:3:"0.2";s:15:"MONTH_POST_COEF";s:3:"0.1";s:13:"ALL_POST_COEF";s:1:"0";s:18:"TODAY_COMMENT_COEF";s:3:"0.2";s:17:"WEEK_COMMENT_COEF";s:3:"0.1";s:18:"MONTH_COMMENT_COEF";s:4:"0.05";s:16:"ALL_COMMENT_COEF";s:1:"0";}}}}');

-- --------------------------------------------------------

--
-- Структура таблицы `b_rating_component`
--

CREATE TABLE IF NOT EXISTS `b_rating_component` (
  `ID` int(11) NOT NULL AUTO_INCREMENT,
  `RATING_ID` int(11) NOT NULL,
  `ACTIVE` char(1) NOT NULL DEFAULT 'N',
  `ENTITY_ID` varchar(50) NOT NULL,
  `MODULE_ID` varchar(50) NOT NULL,
  `RATING_TYPE` varchar(50) NOT NULL,
  `NAME` varchar(50) NOT NULL,
  `COMPLEX_NAME` varchar(200) NOT NULL,
  `CLASS` varchar(255) NOT NULL,
  `CALC_METHOD` varchar(255) NOT NULL,
  `EXCEPTION_METHOD` varchar(255) DEFAULT NULL,
  `LAST_MODIFIED` datetime DEFAULT NULL,
  `LAST_CALCULATED` datetime DEFAULT NULL,
  `NEXT_CALCULATION` datetime DEFAULT NULL,
  `REFRESH_INTERVAL` int(11) NOT NULL,
  `CONFIG` text,
  PRIMARY KEY (`ID`),
  KEY `IX_RATING_ID_1` (`RATING_ID`,`ACTIVE`,`NEXT_CALCULATION`)
) ENGINE=MyISAM DEFAULT CHARSET=cp1251 AUTO_INCREMENT=1 ;

-- --------------------------------------------------------

--
-- Структура таблицы `b_rating_component_results`
--

CREATE TABLE IF NOT EXISTS `b_rating_component_results` (
  `ID` int(11) NOT NULL AUTO_INCREMENT,
  `RATING_ID` int(11) NOT NULL,
  `ENTITY_TYPE_ID` varchar(50) NOT NULL,
  `ENTITY_ID` int(11) NOT NULL,
  `MODULE_ID` varchar(50) NOT NULL,
  `RATING_TYPE` varchar(50) NOT NULL,
  `NAME` varchar(50) NOT NULL,
  `COMPLEX_NAME` varchar(200) NOT NULL,
  `CURRENT_VALUE` decimal(18,4) DEFAULT NULL,
  PRIMARY KEY (`ID`),
  KEY `IX_ENTITY_TYPE_ID` (`ENTITY_TYPE_ID`),
  KEY `IX_COMPLEX_NAME` (`COMPLEX_NAME`),
  KEY `IX_RATING_ID_2` (`RATING_ID`,`COMPLEX_NAME`)
) ENGINE=MyISAM DEFAULT CHARSET=cp1251 AUTO_INCREMENT=1 ;

-- --------------------------------------------------------

--
-- Структура таблицы `b_rating_prepare`
--

CREATE TABLE IF NOT EXISTS `b_rating_prepare` (
  `ID` int(11) DEFAULT NULL
) ENGINE=MyISAM DEFAULT CHARSET=cp1251;

-- --------------------------------------------------------

--
-- Структура таблицы `b_rating_results`
--

CREATE TABLE IF NOT EXISTS `b_rating_results` (
  `ID` int(11) NOT NULL AUTO_INCREMENT,
  `RATING_ID` int(11) NOT NULL,
  `ENTITY_TYPE_ID` varchar(50) NOT NULL,
  `ENTITY_ID` int(11) NOT NULL,
  `CURRENT_VALUE` decimal(18,4) DEFAULT NULL,
  `PREVIOUS_VALUE` decimal(18,4) DEFAULT NULL,
  `CURRENT_POSITION` int(11) DEFAULT '0',
  `PREVIOUS_POSITION` int(11) DEFAULT '0',
  PRIMARY KEY (`ID`),
  KEY `IX_RATING_3` (`RATING_ID`,`ENTITY_TYPE_ID`,`ENTITY_ID`),
  KEY `IX_RATING_4` (`RATING_ID`,`ENTITY_ID`)
) ENGINE=MyISAM DEFAULT CHARSET=cp1251 AUTO_INCREMENT=1 ;

-- --------------------------------------------------------

--
-- Структура таблицы `b_rating_rule`
--

CREATE TABLE IF NOT EXISTS `b_rating_rule` (
  `ID` int(11) NOT NULL AUTO_INCREMENT,
  `ACTIVE` char(1) NOT NULL DEFAULT 'N',
  `NAME` varchar(256) NOT NULL,
  `ENTITY_TYPE_ID` varchar(50) NOT NULL,
  `CONDITION_NAME` varchar(200) NOT NULL,
  `CONDITION_MODULE` varchar(50) DEFAULT NULL,
  `CONDITION_CLASS` varchar(255) NOT NULL,
  `CONDITION_METHOD` varchar(255) NOT NULL,
  `CONDITION_CONFIG` text NOT NULL,
  `ACTION_NAME` varchar(200) NOT NULL,
  `ACTION_CONFIG` text NOT NULL,
  `ACTIVATE` char(1) NOT NULL DEFAULT 'N',
  `ACTIVATE_CLASS` varchar(255) NOT NULL,
  `ACTIVATE_METHOD` varchar(255) NOT NULL,
  `DEACTIVATE` char(1) NOT NULL DEFAULT 'N',
  `DEACTIVATE_CLASS` varchar(255) NOT NULL,
  `DEACTIVATE_METHOD` varchar(255) NOT NULL,
  `CREATED` datetime DEFAULT NULL,
  `LAST_MODIFIED` datetime DEFAULT NULL,
  `LAST_APPLIED` datetime DEFAULT NULL,
  PRIMARY KEY (`ID`)
) ENGINE=MyISAM  DEFAULT CHARSET=cp1251 AUTO_INCREMENT=6 ;

--
-- Дамп данных таблицы `b_rating_rule`
--

INSERT INTO `b_rating_rule` (`ID`, `ACTIVE`, `NAME`, `ENTITY_TYPE_ID`, `CONDITION_NAME`, `CONDITION_MODULE`, `CONDITION_CLASS`, `CONDITION_METHOD`, `CONDITION_CONFIG`, `ACTION_NAME`, `ACTION_CONFIG`, `ACTIVATE`, `ACTIVATE_CLASS`, `ACTIVATE_METHOD`, `DEACTIVATE`, `DEACTIVATE_CLASS`, `DEACTIVATE_METHOD`, `CREATED`, `LAST_MODIFIED`, `LAST_APPLIED`) VALUES
(1, 'N', 'Добавление в группу пользователей, имеющих право голосовать за рейтинг', 'USER', 'AUTHORITY', NULL, 'CRatingRulesMain', 'ratingCheck', 'a:1:{s:9:"AUTHORITY";a:2:{s:16:"RATING_CONDITION";i:1;s:12:"RATING_VALUE";i:1;}}', 'ADD_TO_GROUP', 'a:1:{s:12:"ADD_TO_GROUP";a:1:{s:8:"GROUP_ID";s:1:"3";}}', 'N', 'CRatingRulesMain', 'addToGroup', 'N', 'CRatingRulesMain ', 'addToGroup', '2014-08-07 06:42:53', '2014-08-07 06:42:53', NULL),
(2, 'N', 'Удаление из группы пользователей, не имеющих права голосовать за рейтинг', 'USER', 'AUTHORITY', NULL, 'CRatingRulesMain', 'ratingCheck', 'a:1:{s:9:"AUTHORITY";a:2:{s:16:"RATING_CONDITION";i:2;s:12:"RATING_VALUE";i:1;}}', 'REMOVE_FROM_GROUP', 'a:1:{s:17:"REMOVE_FROM_GROUP";a:1:{s:8:"GROUP_ID";s:1:"3";}}', 'N', 'CRatingRulesMain', 'removeFromGroup', 'N', 'CRatingRulesMain ', 'removeFromGroup', '2014-08-07 06:42:53', '2014-08-07 06:42:53', NULL),
(3, 'N', 'Добавление в группу пользователей, имеющих право голосовать за авторитет', 'USER', 'AUTHORITY', NULL, 'CRatingRulesMain', 'ratingCheck', 'a:1:{s:9:"AUTHORITY";a:2:{s:16:"RATING_CONDITION";i:1;s:12:"RATING_VALUE";i:2;}}', 'ADD_TO_GROUP', 'a:1:{s:12:"ADD_TO_GROUP";a:1:{s:8:"GROUP_ID";s:1:"4";}}', 'N', 'CRatingRulesMain', 'addToGroup', 'N', 'CRatingRulesMain ', 'addToGroup', '2014-08-07 06:42:53', '2014-08-07 06:42:53', NULL),
(4, 'N', 'Удаление из группы пользователей, не имеющих права голосовать за авторитет', 'USER', 'AUTHORITY', NULL, 'CRatingRulesMain', 'ratingCheck', 'a:1:{s:9:"AUTHORITY";a:2:{s:16:"RATING_CONDITION";i:2;s:12:"RATING_VALUE";i:2;}}', 'REMOVE_FROM_GROUP', 'a:1:{s:17:"REMOVE_FROM_GROUP";a:1:{s:8:"GROUP_ID";s:1:"4";}}', 'N', 'CRatingRulesMain', 'removeFromGroup', 'N', 'CRatingRulesMain ', 'removeFromGroup', '2014-08-07 06:42:53', '2014-08-07 06:42:53', NULL),
(5, 'Y', 'Автоматическое голосование за авторитет пользователя', 'USER', 'VOTE', NULL, 'CRatingRulesMain', 'voteCheck', 'a:1:{s:4:"VOTE";a:6:{s:10:"VOTE_LIMIT";i:90;s:11:"VOTE_RESULT";i:10;s:16:"VOTE_FORUM_TOPIC";d:0.5;s:15:"VOTE_FORUM_POST";d:0.10000000000000001;s:14:"VOTE_BLOG_POST";d:0.5;s:17:"VOTE_BLOG_COMMENT";d:0.10000000000000001;}}', 'empty', 'a:0:{}', 'N', 'empty', 'empty', 'N', 'empty ', 'empty', '2014-08-07 06:42:53', '2014-08-07 06:42:53', NULL);

-- --------------------------------------------------------

--
-- Структура таблицы `b_rating_rule_vetting`
--

CREATE TABLE IF NOT EXISTS `b_rating_rule_vetting` (
  `ID` int(11) NOT NULL AUTO_INCREMENT,
  `RULE_ID` int(11) NOT NULL,
  `ENTITY_TYPE_ID` varchar(50) NOT NULL,
  `ENTITY_ID` int(11) NOT NULL,
  `ACTIVATE` char(1) NOT NULL DEFAULT 'N',
  `APPLIED` char(1) NOT NULL DEFAULT 'N',
  PRIMARY KEY (`ID`),
  KEY `RULE_ID` (`RULE_ID`,`ENTITY_TYPE_ID`,`ENTITY_ID`)
) ENGINE=MyISAM DEFAULT CHARSET=cp1251 AUTO_INCREMENT=1 ;

-- --------------------------------------------------------

--
-- Структура таблицы `b_rating_user`
--

CREATE TABLE IF NOT EXISTS `b_rating_user` (
  `ID` int(11) NOT NULL AUTO_INCREMENT,
  `RATING_ID` int(11) NOT NULL,
  `ENTITY_ID` int(11) NOT NULL,
  `BONUS` decimal(18,4) DEFAULT '0.0000',
  `VOTE_WEIGHT` decimal(18,4) DEFAULT '0.0000',
  `VOTE_COUNT` int(11) DEFAULT '0',
  PRIMARY KEY (`ID`),
  KEY `RATING_ID` (`RATING_ID`,`ENTITY_ID`)
) ENGINE=MyISAM  DEFAULT CHARSET=cp1251 AUTO_INCREMENT=2 ;

--
-- Дамп данных таблицы `b_rating_user`
--

INSERT INTO `b_rating_user` (`ID`, `RATING_ID`, `ENTITY_ID`, `BONUS`, `VOTE_WEIGHT`, `VOTE_COUNT`) VALUES
(1, 2, 1, 3.0000, 30.0000, 13);

-- --------------------------------------------------------

--
-- Структура таблицы `b_rating_vote`
--

CREATE TABLE IF NOT EXISTS `b_rating_vote` (
  `ID` int(11) NOT NULL AUTO_INCREMENT,
  `RATING_VOTING_ID` int(11) NOT NULL,
  `ENTITY_TYPE_ID` varchar(50) NOT NULL,
  `ENTITY_ID` int(11) NOT NULL,
  `OWNER_ID` int(11) NOT NULL,
  `VALUE` decimal(18,4) NOT NULL,
  `ACTIVE` char(1) NOT NULL,
  `CREATED` datetime NOT NULL,
  `USER_ID` int(11) NOT NULL,
  `USER_IP` varchar(64) NOT NULL,
  PRIMARY KEY (`ID`),
  KEY `IX_RAT_VOTE_ID` (`RATING_VOTING_ID`,`USER_ID`),
  KEY `IX_RAT_VOTE_ID_2` (`ENTITY_TYPE_ID`,`ENTITY_ID`,`USER_ID`),
  KEY `IX_RAT_VOTE_ID_3` (`OWNER_ID`,`CREATED`),
  KEY `IX_RAT_VOTE_ID_4` (`USER_ID`),
  KEY `IX_RAT_VOTE_ID_5` (`CREATED`,`VALUE`),
  KEY `IX_RAT_VOTE_ID_6` (`ACTIVE`),
  KEY `IX_RAT_VOTE_ID_7` (`RATING_VOTING_ID`,`CREATED`),
  KEY `IX_RAT_VOTE_ID_8` (`ENTITY_TYPE_ID`,`CREATED`),
  KEY `IX_RAT_VOTE_ID_9` (`CREATED`,`USER_ID`)
) ENGINE=MyISAM DEFAULT CHARSET=cp1251 AUTO_INCREMENT=1 ;

-- --------------------------------------------------------

--
-- Структура таблицы `b_rating_vote_group`
--

CREATE TABLE IF NOT EXISTS `b_rating_vote_group` (
  `ID` int(11) NOT NULL AUTO_INCREMENT,
  `GROUP_ID` int(11) NOT NULL,
  `TYPE` char(1) NOT NULL,
  PRIMARY KEY (`ID`),
  KEY `RATING_ID` (`GROUP_ID`,`TYPE`)
) ENGINE=MyISAM  DEFAULT CHARSET=cp1251 AUTO_INCREMENT=7 ;

--
-- Дамп данных таблицы `b_rating_vote_group`
--

INSERT INTO `b_rating_vote_group` (`ID`, `GROUP_ID`, `TYPE`) VALUES
(1, 1, 'R'),
(2, 3, 'R'),
(3, 1, 'R'),
(4, 3, 'R'),
(5, 1, 'A'),
(6, 4, 'A');

-- --------------------------------------------------------

--
-- Структура таблицы `b_rating_voting`
--

CREATE TABLE IF NOT EXISTS `b_rating_voting` (
  `ID` int(11) NOT NULL AUTO_INCREMENT,
  `ENTITY_TYPE_ID` varchar(50) NOT NULL,
  `ENTITY_ID` int(11) NOT NULL,
  `OWNER_ID` int(11) NOT NULL,
  `ACTIVE` char(1) NOT NULL,
  `CREATED` datetime DEFAULT NULL,
  `LAST_CALCULATED` datetime DEFAULT NULL,
  `TOTAL_VALUE` decimal(18,4) NOT NULL,
  `TOTAL_VOTES` int(11) NOT NULL,
  `TOTAL_POSITIVE_VOTES` int(11) NOT NULL,
  `TOTAL_NEGATIVE_VOTES` int(11) NOT NULL,
  PRIMARY KEY (`ID`),
  KEY `IX_ENTITY_TYPE_ID_2` (`ENTITY_TYPE_ID`,`ENTITY_ID`,`ACTIVE`),
  KEY `IX_ENTITY_TYPE_ID_4` (`TOTAL_VALUE`)
) ENGINE=MyISAM DEFAULT CHARSET=cp1251 AUTO_INCREMENT=1 ;

-- --------------------------------------------------------

--
-- Структура таблицы `b_rating_voting_prepare`
--

CREATE TABLE IF NOT EXISTS `b_rating_voting_prepare` (
  `ID` int(11) NOT NULL AUTO_INCREMENT,
  `RATING_VOTING_ID` int(11) NOT NULL,
  `TOTAL_VALUE` decimal(18,4) NOT NULL,
  `TOTAL_VOTES` int(11) NOT NULL,
  `TOTAL_POSITIVE_VOTES` int(11) NOT NULL,
  `TOTAL_NEGATIVE_VOTES` int(11) NOT NULL,
  PRIMARY KEY (`ID`),
  KEY `IX_RATING_VOTING_ID` (`RATING_VOTING_ID`)
) ENGINE=MyISAM DEFAULT CHARSET=cp1251 AUTO_INCREMENT=1 ;

-- --------------------------------------------------------

--
-- Структура таблицы `b_rating_weight`
--

CREATE TABLE IF NOT EXISTS `b_rating_weight` (
  `ID` int(11) NOT NULL AUTO_INCREMENT,
  `RATING_FROM` decimal(18,4) NOT NULL,
  `RATING_TO` decimal(18,4) NOT NULL,
  `WEIGHT` decimal(18,4) DEFAULT '0.0000',
  `COUNT` int(11) DEFAULT '0',
  PRIMARY KEY (`ID`)
) ENGINE=MyISAM  DEFAULT CHARSET=cp1251 AUTO_INCREMENT=2 ;

--
-- Дамп данных таблицы `b_rating_weight`
--

INSERT INTO `b_rating_weight` (`ID`, `RATING_FROM`, `RATING_TO`, `WEIGHT`, `COUNT`) VALUES
(1, -1000000.0000, 1000000.0000, 1.0000, 10);

-- --------------------------------------------------------

--
-- Структура таблицы `b_report`
--

CREATE TABLE IF NOT EXISTS `b_report` (
  `ID` int(11) unsigned NOT NULL AUTO_INCREMENT,
  `OWNER_ID` varchar(20) NOT NULL,
  `TITLE` varchar(255) NOT NULL,
  `DESCRIPTION` text NOT NULL,
  `CREATED_DATE` datetime NOT NULL,
  `CREATED_BY` int(11) unsigned NOT NULL,
  `SETTINGS` text NOT NULL,
  `MARK_DEFAULT` smallint(5) unsigned DEFAULT NULL,
  PRIMARY KEY (`ID`),
  KEY `OWNER_ID` (`OWNER_ID`)
) ENGINE=MyISAM DEFAULT CHARSET=cp1251 AUTO_INCREMENT=1 ;

-- --------------------------------------------------------

--
-- Структура таблицы `b_sale_affiliate`
--

CREATE TABLE IF NOT EXISTS `b_sale_affiliate` (
  `ID` int(11) NOT NULL AUTO_INCREMENT,
  `SITE_ID` char(2) NOT NULL,
  `USER_ID` int(11) NOT NULL,
  `AFFILIATE_ID` int(11) DEFAULT NULL,
  `PLAN_ID` int(11) NOT NULL,
  `ACTIVE` char(1) NOT NULL DEFAULT 'Y',
  `TIMESTAMP_X` timestamp NOT NULL DEFAULT CURRENT_TIMESTAMP ON UPDATE CURRENT_TIMESTAMP,
  `DATE_CREATE` datetime NOT NULL,
  `PAID_SUM` decimal(18,4) NOT NULL DEFAULT '0.0000',
  `APPROVED_SUM` decimal(18,4) NOT NULL DEFAULT '0.0000',
  `PENDING_SUM` decimal(18,4) NOT NULL DEFAULT '0.0000',
  `ITEMS_NUMBER` int(11) NOT NULL DEFAULT '0',
  `ITEMS_SUM` decimal(18,4) NOT NULL DEFAULT '0.0000',
  `LAST_CALCULATE` datetime DEFAULT NULL,
  `AFF_SITE` varchar(200) DEFAULT NULL,
  `AFF_DESCRIPTION` text,
  `FIX_PLAN` char(1) NOT NULL DEFAULT 'N',
  PRIMARY KEY (`ID`),
  UNIQUE KEY `IX_SAA_USER_ID` (`USER_ID`,`SITE_ID`),
  KEY `IX_SAA_AFFILIATE_ID` (`AFFILIATE_ID`)
) ENGINE=MyISAM DEFAULT CHARSET=cp1251 AUTO_INCREMENT=1 ;

-- --------------------------------------------------------

--
-- Структура таблицы `b_sale_affiliate_plan`
--

CREATE TABLE IF NOT EXISTS `b_sale_affiliate_plan` (
  `ID` int(11) NOT NULL AUTO_INCREMENT,
  `SITE_ID` char(2) NOT NULL,
  `NAME` varchar(250) NOT NULL,
  `DESCRIPTION` text,
  `TIMESTAMP_X` timestamp NOT NULL DEFAULT CURRENT_TIMESTAMP ON UPDATE CURRENT_TIMESTAMP,
  `ACTIVE` char(1) NOT NULL DEFAULT 'Y',
  `BASE_RATE` decimal(18,4) NOT NULL DEFAULT '0.0000',
  `BASE_RATE_TYPE` char(1) NOT NULL DEFAULT 'P',
  `BASE_RATE_CURRENCY` char(3) DEFAULT NULL,
  `MIN_PAY` decimal(18,4) NOT NULL DEFAULT '0.0000',
  `MIN_PLAN_VALUE` decimal(18,4) DEFAULT NULL,
  `VALUE_CURRENCY` char(3) DEFAULT NULL,
  PRIMARY KEY (`ID`)
) ENGINE=MyISAM DEFAULT CHARSET=cp1251 AUTO_INCREMENT=1 ;

-- --------------------------------------------------------

--
-- Структура таблицы `b_sale_affiliate_plan_section`
--

CREATE TABLE IF NOT EXISTS `b_sale_affiliate_plan_section` (
  `ID` int(11) NOT NULL AUTO_INCREMENT,
  `PLAN_ID` int(11) NOT NULL,
  `MODULE_ID` varchar(50) NOT NULL DEFAULT 'catalog',
  `SECTION_ID` varchar(255) NOT NULL,
  `RATE` decimal(18,4) NOT NULL DEFAULT '0.0000',
  `RATE_TYPE` char(1) NOT NULL DEFAULT 'P',
  `RATE_CURRENCY` char(3) DEFAULT NULL,
  PRIMARY KEY (`ID`),
  UNIQUE KEY `IX_SAP_PLAN_ID` (`PLAN_ID`,`MODULE_ID`,`SECTION_ID`)
) ENGINE=MyISAM DEFAULT CHARSET=cp1251 AUTO_INCREMENT=1 ;

-- --------------------------------------------------------

--
-- Структура таблицы `b_sale_affiliate_tier`
--

CREATE TABLE IF NOT EXISTS `b_sale_affiliate_tier` (
  `ID` int(11) NOT NULL AUTO_INCREMENT,
  `SITE_ID` char(2) NOT NULL,
  `RATE1` decimal(18,4) NOT NULL DEFAULT '0.0000',
  `RATE2` decimal(18,4) NOT NULL DEFAULT '0.0000',
  `RATE3` decimal(18,4) NOT NULL DEFAULT '0.0000',
  `RATE4` decimal(18,4) NOT NULL DEFAULT '0.0000',
  `RATE5` decimal(18,4) NOT NULL DEFAULT '0.0000',
  PRIMARY KEY (`ID`),
  UNIQUE KEY `IX_SAT_SITE_ID` (`SITE_ID`)
) ENGINE=MyISAM DEFAULT CHARSET=cp1251 AUTO_INCREMENT=1 ;

-- --------------------------------------------------------

--
-- Структура таблицы `b_sale_affiliate_transact`
--

CREATE TABLE IF NOT EXISTS `b_sale_affiliate_transact` (
  `ID` int(11) NOT NULL AUTO_INCREMENT,
  `AFFILIATE_ID` int(11) NOT NULL,
  `TIMESTAMP_X` timestamp NOT NULL DEFAULT CURRENT_TIMESTAMP ON UPDATE CURRENT_TIMESTAMP,
  `TRANSACT_DATE` datetime NOT NULL,
  `AMOUNT` decimal(18,4) NOT NULL,
  `CURRENCY` char(3) NOT NULL,
  `DEBIT` char(1) NOT NULL DEFAULT 'N',
  `DESCRIPTION` varchar(100) NOT NULL,
  `EMPLOYEE_ID` int(11) DEFAULT NULL,
  PRIMARY KEY (`ID`),
  KEY `IX_SAT_AFFILIATE_ID` (`AFFILIATE_ID`)
) ENGINE=MyISAM DEFAULT CHARSET=cp1251 AUTO_INCREMENT=1 ;

-- --------------------------------------------------------

--
-- Структура таблицы `b_sale_auxiliary`
--

CREATE TABLE IF NOT EXISTS `b_sale_auxiliary` (
  `ID` int(11) NOT NULL AUTO_INCREMENT,
  `TIMESTAMP_X` timestamp NOT NULL DEFAULT CURRENT_TIMESTAMP ON UPDATE CURRENT_TIMESTAMP,
  `ITEM` varchar(255) NOT NULL,
  `ITEM_MD5` varchar(32) NOT NULL,
  `USER_ID` int(11) NOT NULL,
  `DATE_INSERT` datetime NOT NULL,
  PRIMARY KEY (`ID`),
  UNIQUE KEY `IX_STT_USER_ITEM` (`USER_ID`,`ITEM_MD5`)
) ENGINE=MyISAM DEFAULT CHARSET=cp1251 AUTO_INCREMENT=1 ;

-- --------------------------------------------------------

--
-- Структура таблицы `b_sale_basket`
--

CREATE TABLE IF NOT EXISTS `b_sale_basket` (
  `ID` int(11) NOT NULL AUTO_INCREMENT,
  `FUSER_ID` int(11) NOT NULL,
  `ORDER_ID` int(11) DEFAULT NULL,
  `PRODUCT_ID` int(11) NOT NULL,
  `PRODUCT_PRICE_ID` int(11) DEFAULT NULL,
  `PRICE` decimal(18,2) NOT NULL,
  `CURRENCY` char(3) NOT NULL,
  `DATE_INSERT` datetime NOT NULL,
  `DATE_UPDATE` datetime NOT NULL,
  `WEIGHT` double(18,2) DEFAULT NULL,
  `QUANTITY` double(18,2) NOT NULL DEFAULT '0.00',
  `LID` char(2) NOT NULL,
  `DELAY` char(1) NOT NULL DEFAULT 'N',
  `NAME` varchar(255) NOT NULL,
  `CAN_BUY` char(1) NOT NULL DEFAULT 'Y',
  `MODULE` varchar(100) DEFAULT NULL,
  `CALLBACK_FUNC` varchar(100) DEFAULT NULL,
  `NOTES` varchar(250) DEFAULT NULL,
  `ORDER_CALLBACK_FUNC` varchar(100) DEFAULT NULL,
  `DETAIL_PAGE_URL` varchar(250) DEFAULT NULL,
  `DISCOUNT_PRICE` decimal(18,2) NOT NULL DEFAULT '0.00',
  `CANCEL_CALLBACK_FUNC` varchar(100) DEFAULT NULL,
  `PAY_CALLBACK_FUNC` varchar(100) DEFAULT NULL,
  `PRODUCT_PROVIDER_CLASS` varchar(100) DEFAULT NULL,
  `CATALOG_XML_ID` varchar(100) DEFAULT NULL,
  `PRODUCT_XML_ID` varchar(100) DEFAULT NULL,
  `DISCOUNT_NAME` varchar(255) DEFAULT NULL,
  `DISCOUNT_VALUE` char(32) DEFAULT NULL,
  `DISCOUNT_COUPON` char(32) DEFAULT NULL,
  `VAT_RATE` decimal(18,2) DEFAULT '0.00',
  `SUBSCRIBE` char(1) NOT NULL DEFAULT 'N',
  `DEDUCTED` char(1) NOT NULL DEFAULT 'N',
  `RESERVED` char(1) NOT NULL DEFAULT 'N',
  `BARCODE_MULTI` char(1) NOT NULL DEFAULT 'N',
  `RESERVE_QUANTITY` double DEFAULT NULL,
  `CUSTOM_PRICE` char(1) NOT NULL DEFAULT 'N',
  `DIMENSIONS` varchar(255) DEFAULT NULL,
  `TYPE` int(11) DEFAULT NULL,
  `SET_PARENT_ID` int(11) DEFAULT NULL,
  `MEASURE_CODE` int(11) DEFAULT NULL,
  `MEASURE_NAME` varchar(50) DEFAULT NULL,
  PRIMARY KEY (`ID`),
  KEY `IXS_BASKET_LID` (`LID`),
  KEY `IXS_BASKET_USER_ID` (`FUSER_ID`),
  KEY `IXS_BASKET_ORDER_ID` (`ORDER_ID`),
  KEY `IXS_BASKET_PRODUCT_ID` (`PRODUCT_ID`),
  KEY `IXS_BASKET_PRODUCT_PRICE_ID` (`PRODUCT_PRICE_ID`),
  KEY `IXS_SBAS_XML_ID` (`PRODUCT_XML_ID`,`CATALOG_XML_ID`)
) ENGINE=MyISAM  DEFAULT CHARSET=cp1251 AUTO_INCREMENT=15 ;

--
-- Дамп данных таблицы `b_sale_basket`
--

INSERT INTO `b_sale_basket` (`ID`, `FUSER_ID`, `ORDER_ID`, `PRODUCT_ID`, `PRODUCT_PRICE_ID`, `PRICE`, `CURRENCY`, `DATE_INSERT`, `DATE_UPDATE`, `WEIGHT`, `QUANTITY`, `LID`, `DELAY`, `NAME`, `CAN_BUY`, `MODULE`, `CALLBACK_FUNC`, `NOTES`, `ORDER_CALLBACK_FUNC`, `DETAIL_PAGE_URL`, `DISCOUNT_PRICE`, `CANCEL_CALLBACK_FUNC`, `PAY_CALLBACK_FUNC`, `PRODUCT_PROVIDER_CLASS`, `CATALOG_XML_ID`, `PRODUCT_XML_ID`, `DISCOUNT_NAME`, `DISCOUNT_VALUE`, `DISCOUNT_COUPON`, `VAT_RATE`, `SUBSCRIBE`, `DEDUCTED`, `RESERVED`, `BARCODE_MULTI`, `RESERVE_QUANTITY`, `CUSTOM_PRICE`, `DIMENSIONS`, `TYPE`, `SET_PARENT_ID`, `MEASURE_CODE`, `MEASURE_NAME`) VALUES
(1, 1, 1, 89, 48, 2199.00, 'RUB', '2014-08-07 06:48:03', '2014-08-07 06:48:03', 0.00, 1.00, 's1', 'N', 'Штаны Цветочная Поляна', 'Y', 'catalog', '', 'Розничная цена', '', '/catalog/pants/pants-flower-glade/', 0.00, '', '', 'CCatalogProductProvider', NULL, '249', NULL, NULL, NULL, 0.00, 'N', 'N', 'N', 'N', NULL, 'N', 'a:3:{s:5:"WIDTH";s:1:"0";s:6:"HEIGHT";s:1:"0";s:6:"LENGTH";s:1:"0";}', NULL, NULL, NULL, NULL),
(2, 1, 1, 60, 19, 1999.00, 'RUB', '2014-08-07 06:48:03', '2014-08-07 06:48:03', 0.00, 1.00, 's1', 'N', 'Штаны Полосатый Рейс', 'Y', 'catalog', '', 'Розничная цена', '', '/catalog/pants/pants-striped-flight/', 0.00, '', '', 'CCatalogProductProvider', NULL, '204', NULL, NULL, NULL, 0.00, 'N', 'N', 'N', 'N', NULL, 'N', 'a:3:{s:5:"WIDTH";s:1:"0";s:6:"HEIGHT";s:1:"0";s:6:"LENGTH";s:1:"0";}', NULL, NULL, NULL, NULL),
(3, 1, 1, 134, 93, 1313.10, 'RUB', '2014-08-07 06:48:03', '2014-08-07 06:48:03', 0.00, 1.00, 's1', 'N', 'Нижнее белье Ночь Морозных Узоров', 'Y', 'catalog', '', 'Розничная цена', '', '/catalog/underwear/lingerie-night-frost-patterns/', 145.90, '', '', 'CCatalogProductProvider', NULL, '328', '[1] Скидка на нижнее белье', '10%', NULL, 0.00, 'N', 'N', 'N', 'N', NULL, 'N', 'a:3:{s:5:"WIDTH";s:1:"0";s:6:"HEIGHT";s:1:"0";s:6:"LENGTH";s:1:"0";}', NULL, NULL, NULL, NULL),
(4, 1, 2, 227, 186, 899.00, 'RUB', '2014-08-07 06:48:03', '2014-08-07 06:48:03', 0.00, 1.00, 's1', 'N', 'Пантолеты Кости на Пляже', 'Y', 'catalog', '', 'Розничная цена', '', '/catalog/pantolety/pantolety-bones-on-the-beach/', 0.00, '', '', 'CCatalogProductProvider', NULL, '504', NULL, NULL, NULL, 0.00, 'N', 'N', 'N', 'N', NULL, 'N', 'a:3:{s:5:"WIDTH";s:1:"0";s:6:"HEIGHT";s:1:"0";s:6:"LENGTH";s:1:"0";}', NULL, NULL, NULL, NULL),
(5, 1, 2, 132, 91, 1313.10, 'RUB', '2014-08-07 06:48:03', '2014-08-07 06:48:03', 0.00, 1.00, 's1', 'N', 'Нижнее белье Ночь Морозных Узоров', 'Y', 'catalog', '', 'Розничная цена', '', '/catalog/underwear/lingerie-night-frost-patterns/', 145.90, '', '', 'CCatalogProductProvider', NULL, '325', '[1] Скидка на нижнее белье', '10%', NULL, 0.00, 'N', 'N', 'N', 'N', NULL, 'N', 'a:3:{s:5:"WIDTH";s:1:"0";s:6:"HEIGHT";s:1:"0";s:6:"LENGTH";s:1:"0";}', NULL, NULL, NULL, NULL),
(6, 1, 2, 72, 31, 2199.00, 'RUB', '2014-08-07 06:48:03', '2014-08-07 06:48:03', 0.00, 1.00, 's1', 'N', 'Штаны Цветочная Поляна', 'Y', 'catalog', '', 'Розничная цена', '', '/catalog/pants/pants-flower-glade/', 0.00, '', '', 'CCatalogProductProvider', NULL, '225', NULL, NULL, NULL, 0.00, 'N', 'N', 'N', 'N', NULL, 'N', 'a:3:{s:5:"WIDTH";s:1:"0";s:6:"HEIGHT";s:1:"0";s:6:"LENGTH";s:1:"0";}', NULL, NULL, NULL, NULL),
(7, 1, 2, 66, 25, 1899.00, 'RUB', '2014-08-07 06:48:03', '2014-08-07 06:48:03', 0.00, 1.00, 's1', 'N', 'Штаны Жизнь в Абстракции', 'Y', 'catalog', '', 'Розничная цена', '', '/catalog/pants/pants-life-in-abstraction/', 0.00, '', '', 'CCatalogProductProvider', NULL, '214', NULL, NULL, NULL, 0.00, 'N', 'N', 'N', 'N', NULL, 'N', 'a:3:{s:5:"WIDTH";s:1:"0";s:6:"HEIGHT";s:1:"0";s:6:"LENGTH";s:1:"0";}', NULL, NULL, NULL, NULL),
(8, 1, 3, 78, 37, 2199.00, 'RUB', '2014-08-07 06:48:03', '2014-08-07 06:48:03', 0.00, 1.00, 's1', 'N', 'Штаны Цветочная Поляна', 'Y', 'catalog', '', 'Розничная цена', '', '/catalog/pants/pants-flower-glade/', 0.00, '', '', 'CCatalogProductProvider', NULL, '234', NULL, NULL, NULL, 0.00, 'N', 'N', 'N', 'N', NULL, 'N', 'a:3:{s:5:"WIDTH";s:1:"0";s:6:"HEIGHT";s:1:"0";s:6:"LENGTH";s:1:"0";}', NULL, NULL, NULL, NULL),
(9, 1, 3, 64, 23, 1899.00, 'RUB', '2014-08-07 06:48:03', '2014-08-07 06:48:03', 0.00, 1.00, 's1', 'N', 'Штаны Жизнь в Абстракции', 'Y', 'catalog', '', 'Розничная цена', '', '/catalog/pants/pants-life-in-abstraction/', 0.00, '', '', 'CCatalogProductProvider', NULL, '212', NULL, NULL, NULL, 0.00, 'N', 'N', 'N', 'N', NULL, 'N', 'a:3:{s:5:"WIDTH";s:1:"0";s:6:"HEIGHT";s:1:"0";s:6:"LENGTH";s:1:"0";}', NULL, NULL, NULL, NULL),
(10, 1, 4, 124, 83, 989.10, 'RUB', '2014-08-07 06:48:03', '2014-08-07 06:48:03', 0.00, 1.00, 's1', 'N', 'Нижнее белье Интимный Вечер', 'Y', 'catalog', '', 'Розничная цена', '', '/catalog/underwear/lingerie-intimate-evening/', 109.90, '', '', 'CCatalogProductProvider', NULL, '312', '[1] Скидка на нижнее белье', '10%', NULL, 0.00, 'N', 'N', 'N', 'N', NULL, 'N', 'a:3:{s:5:"WIDTH";s:1:"0";s:6:"HEIGHT";s:1:"0";s:6:"LENGTH";s:1:"0";}', NULL, NULL, NULL, NULL),
(11, 1, 5, 128, 87, 1079.10, 'RUB', '2014-08-07 06:48:03', '2014-08-07 06:48:03', 0.00, 1.00, 's1', 'N', 'Нижнее белье Интимный Вечер', 'Y', 'catalog', '', 'Розничная цена', '', '/catalog/underwear/lingerie-intimate-evening/', 119.90, '', '', 'CCatalogProductProvider', NULL, '318', '[1] Скидка на нижнее белье', '10%', NULL, 0.00, 'N', 'N', 'N', 'N', NULL, 'N', 'a:3:{s:5:"WIDTH";s:1:"0";s:6:"HEIGHT";s:1:"0";s:6:"LENGTH";s:1:"0";}', NULL, NULL, NULL, NULL),
(12, 1, 5, 47, 6, 1999.00, 'RUB', '2014-08-07 06:48:03', '2014-08-07 06:48:03', 0.00, 1.00, 's1', 'N', 'Штаны Полосатый Рейс', 'Y', 'catalog', '', 'Розничная цена', '', '/catalog/pants/pants-striped-flight/', 0.00, '', '', 'CCatalogProductProvider', NULL, '186', NULL, NULL, NULL, 0.00, 'N', 'N', 'N', 'N', NULL, 'N', 'a:3:{s:5:"WIDTH";s:1:"0";s:6:"HEIGHT";s:1:"0";s:6:"LENGTH";s:1:"0";}', NULL, NULL, NULL, NULL),
(13, 1, 5, 225, 184, 2999.00, 'RUB', '2014-08-07 06:48:03', '2014-08-07 06:48:03', 0.00, 1.00, 's1', 'N', 'Туфли Вечерняя Бабочка', 'Y', 'catalog', '', 'Розничная цена', '', '/catalog/women-s-shoes/shoes-evening-butterfly/', 0.00, '', '', 'CCatalogProductProvider', NULL, '499', NULL, NULL, NULL, 0.00, 'N', 'N', 'N', 'N', NULL, 'N', 'a:3:{s:5:"WIDTH";s:1:"0";s:6:"HEIGHT";s:1:"0";s:6:"LENGTH";s:1:"0";}', NULL, NULL, NULL, NULL),
(14, 1, NULL, 321, 280, 1000.00, 'RUB', '2014-08-15 07:38:25', '2014-08-15 07:38:37', 0.00, 1.00, 's1', 'N', 'Шапка норковая', 'Y', 'catalog', NULL, 'Розничная цена', NULL, '/catalog/accessories/shapka_norkovaya/', 0.00, NULL, NULL, 'CCatalogProductProvider', 'clothes_s1', '321', NULL, NULL, NULL, 0.00, 'N', 'N', 'N', 'N', NULL, 'N', 'a:3:{s:5:"WIDTH";s:1:"0";s:6:"HEIGHT";s:1:"0";s:6:"LENGTH";s:1:"0";}', NULL, NULL, 796, 'шт');

-- --------------------------------------------------------

--
-- Структура таблицы `b_sale_basket_props`
--

CREATE TABLE IF NOT EXISTS `b_sale_basket_props` (
  `ID` int(11) NOT NULL AUTO_INCREMENT,
  `BASKET_ID` int(11) NOT NULL,
  `NAME` varchar(255) NOT NULL,
  `VALUE` varchar(255) DEFAULT NULL,
  `CODE` varchar(255) DEFAULT NULL,
  `SORT` int(11) NOT NULL DEFAULT '100',
  PRIMARY KEY (`ID`),
  KEY `IXS_BASKET_PROPS_BASKET` (`BASKET_ID`),
  KEY `IXS_BASKET_PROPS_CODE` (`CODE`)
) ENGINE=MyISAM  DEFAULT CHARSET=cp1251 AUTO_INCREMENT=3 ;

--
-- Дамп данных таблицы `b_sale_basket_props`
--

INSERT INTO `b_sale_basket_props` (`ID`, `BASKET_ID`, `NAME`, `VALUE`, `CODE`, `SORT`) VALUES
(1, 14, 'Catalog XML_ID', 'clothes_s1', 'CATALOG.XML_ID', 100),
(2, 14, 'Product XML_ID', '321', 'PRODUCT.XML_ID', 100);

-- --------------------------------------------------------

--
-- Структура таблицы `b_sale_delivery`
--

CREATE TABLE IF NOT EXISTS `b_sale_delivery` (
  `ID` int(11) NOT NULL AUTO_INCREMENT,
  `NAME` varchar(255) NOT NULL,
  `LID` char(2) NOT NULL,
  `PERIOD_FROM` int(11) DEFAULT NULL,
  `PERIOD_TO` int(11) DEFAULT NULL,
  `PERIOD_TYPE` char(1) DEFAULT NULL,
  `WEIGHT_FROM` int(11) DEFAULT NULL,
  `WEIGHT_TO` int(11) DEFAULT NULL,
  `ORDER_PRICE_FROM` decimal(18,2) DEFAULT NULL,
  `ORDER_PRICE_TO` decimal(18,2) DEFAULT NULL,
  `ORDER_CURRENCY` char(3) DEFAULT NULL,
  `ACTIVE` char(1) NOT NULL DEFAULT 'Y',
  `PRICE` decimal(18,2) NOT NULL,
  `CURRENCY` char(3) NOT NULL,
  `SORT` int(11) NOT NULL DEFAULT '100',
  `DESCRIPTION` text,
  `LOGOTIP` int(11) DEFAULT NULL,
  `STORE` text,
  PRIMARY KEY (`ID`),
  KEY `IXS_DELIVERY_LID` (`LID`)
) ENGINE=MyISAM  DEFAULT CHARSET=cp1251 AUTO_INCREMENT=3 ;

--
-- Дамп данных таблицы `b_sale_delivery`
--

INSERT INTO `b_sale_delivery` (`ID`, `NAME`, `LID`, `PERIOD_FROM`, `PERIOD_TO`, `PERIOD_TYPE`, `WEIGHT_FROM`, `WEIGHT_TO`, `ORDER_PRICE_FROM`, `ORDER_PRICE_TO`, `ORDER_CURRENCY`, `ACTIVE`, `PRICE`, `CURRENCY`, `SORT`, `DESCRIPTION`, `LOGOTIP`, `STORE`) VALUES
(1, 'Доставка курьером', 's1', 0, 0, 'D', 0, 0, 0.00, 0.00, 'RUB', 'N', 500.00, 'RUB', 100, 'Доставка осуществляется в течение дня в удобное для вас время.', NULL, NULL),
(2, 'Самовывоз', 's1', 0, 0, 'D', 0, 0, 0.00, 0.00, 'RUB', 'N', 0.00, 'RUB', 200, 'Вы можете самостоятельно забрать заказ из нашего магазина.', NULL, NULL);

-- --------------------------------------------------------

--
-- Структура таблицы `b_sale_delivery2location`
--

CREATE TABLE IF NOT EXISTS `b_sale_delivery2location` (
  `DELIVERY_ID` int(11) NOT NULL,
  `LOCATION_ID` int(11) NOT NULL,
  `LOCATION_TYPE` char(1) NOT NULL DEFAULT 'L',
  PRIMARY KEY (`DELIVERY_ID`,`LOCATION_ID`,`LOCATION_TYPE`)
) ENGINE=MyISAM DEFAULT CHARSET=cp1251;

--
-- Дамп данных таблицы `b_sale_delivery2location`
--

INSERT INTO `b_sale_delivery2location` (`DELIVERY_ID`, `LOCATION_ID`, `LOCATION_TYPE`) VALUES
(1, 1, 'G'),
(1, 1, 'L'),
(1, 2, 'L'),
(1, 3, 'L'),
(1, 4, 'L'),
(1, 5, 'L'),
(1, 6, 'L'),
(1, 7, 'L'),
(1, 8, 'L'),
(1, 9, 'L'),
(1, 10, 'L'),
(1, 11, 'L'),
(1, 12, 'L'),
(1, 13, 'L'),
(1, 14, 'L'),
(1, 15, 'L'),
(1, 16, 'L'),
(1, 17, 'L'),
(1, 18, 'L'),
(1, 19, 'L'),
(1, 20, 'L'),
(1, 21, 'L'),
(1, 22, 'L'),
(1, 23, 'L'),
(1, 24, 'L'),
(1, 25, 'L'),
(1, 26, 'L'),
(1, 27, 'L'),
(1, 28, 'L'),
(1, 29, 'L'),
(1, 30, 'L'),
(1, 31, 'L'),
(1, 32, 'L'),
(1, 33, 'L'),
(1, 34, 'L'),
(1, 35, 'L'),
(1, 36, 'L'),
(1, 37, 'L'),
(1, 38, 'L'),
(1, 39, 'L'),
(1, 40, 'L'),
(1, 41, 'L'),
(1, 42, 'L'),
(1, 43, 'L'),
(1, 44, 'L'),
(1, 45, 'L'),
(1, 46, 'L'),
(1, 47, 'L'),
(1, 48, 'L'),
(1, 49, 'L'),
(1, 50, 'L'),
(1, 51, 'L'),
(1, 52, 'L'),
(1, 53, 'L'),
(1, 54, 'L'),
(1, 55, 'L'),
(1, 56, 'L'),
(1, 57, 'L'),
(1, 58, 'L'),
(1, 59, 'L'),
(1, 60, 'L'),
(1, 61, 'L'),
(1, 62, 'L'),
(1, 63, 'L'),
(1, 64, 'L'),
(1, 65, 'L'),
(1, 66, 'L'),
(1, 67, 'L'),
(1, 68, 'L'),
(1, 69, 'L'),
(1, 70, 'L'),
(1, 71, 'L'),
(1, 72, 'L'),
(1, 73, 'L'),
(1, 74, 'L'),
(1, 75, 'L'),
(1, 76, 'L'),
(1, 77, 'L'),
(1, 78, 'L'),
(1, 79, 'L'),
(1, 80, 'L'),
(1, 81, 'L'),
(1, 82, 'L'),
(1, 83, 'L'),
(1, 84, 'L'),
(1, 85, 'L'),
(1, 86, 'L'),
(1, 87, 'L'),
(1, 88, 'L'),
(1, 89, 'L'),
(1, 90, 'L'),
(1, 91, 'L'),
(1, 92, 'L'),
(1, 93, 'L'),
(1, 94, 'L'),
(1, 95, 'L'),
(1, 96, 'L'),
(1, 97, 'L'),
(1, 98, 'L'),
(1, 99, 'L'),
(1, 100, 'L'),
(1, 101, 'L'),
(1, 102, 'L'),
(1, 103, 'L'),
(1, 104, 'L'),
(1, 105, 'L'),
(1, 106, 'L'),
(1, 107, 'L'),
(1, 108, 'L'),
(1, 109, 'L'),
(1, 110, 'L'),
(1, 111, 'L'),
(1, 112, 'L'),
(1, 113, 'L'),
(1, 114, 'L'),
(1, 115, 'L'),
(1, 116, 'L'),
(1, 117, 'L'),
(1, 118, 'L'),
(1, 119, 'L'),
(1, 120, 'L'),
(1, 121, 'L'),
(1, 122, 'L'),
(1, 123, 'L'),
(1, 124, 'L'),
(1, 125, 'L'),
(1, 126, 'L'),
(1, 127, 'L'),
(1, 128, 'L'),
(1, 129, 'L'),
(1, 130, 'L'),
(1, 131, 'L'),
(1, 132, 'L'),
(1, 133, 'L'),
(1, 134, 'L'),
(1, 135, 'L'),
(1, 136, 'L'),
(1, 137, 'L'),
(1, 138, 'L'),
(1, 139, 'L'),
(1, 140, 'L'),
(1, 141, 'L'),
(1, 142, 'L'),
(1, 143, 'L'),
(1, 144, 'L'),
(1, 145, 'L'),
(1, 146, 'L'),
(1, 147, 'L'),
(1, 148, 'L'),
(1, 149, 'L'),
(1, 150, 'L'),
(1, 151, 'L'),
(1, 152, 'L'),
(1, 153, 'L'),
(1, 154, 'L'),
(1, 155, 'L'),
(1, 156, 'L'),
(1, 157, 'L'),
(1, 158, 'L'),
(1, 159, 'L'),
(1, 160, 'L'),
(1, 161, 'L'),
(1, 162, 'L'),
(1, 163, 'L'),
(1, 164, 'L'),
(1, 165, 'L'),
(1, 166, 'L'),
(1, 167, 'L'),
(1, 168, 'L'),
(1, 169, 'L'),
(1, 170, 'L'),
(1, 171, 'L'),
(1, 172, 'L'),
(1, 173, 'L'),
(1, 174, 'L'),
(1, 175, 'L'),
(1, 176, 'L'),
(1, 177, 'L'),
(1, 178, 'L'),
(1, 179, 'L'),
(1, 180, 'L'),
(1, 181, 'L'),
(1, 182, 'L'),
(1, 183, 'L'),
(1, 184, 'L'),
(1, 185, 'L'),
(1, 186, 'L'),
(1, 187, 'L'),
(1, 188, 'L'),
(1, 189, 'L'),
(1, 190, 'L'),
(1, 191, 'L'),
(1, 192, 'L'),
(1, 193, 'L'),
(1, 194, 'L'),
(1, 195, 'L'),
(1, 196, 'L'),
(1, 197, 'L'),
(1, 198, 'L'),
(1, 199, 'L'),
(1, 200, 'L'),
(1, 201, 'L'),
(1, 202, 'L'),
(1, 203, 'L'),
(1, 204, 'L'),
(1, 205, 'L'),
(1, 206, 'L'),
(1, 207, 'L'),
(1, 208, 'L'),
(1, 209, 'L'),
(1, 210, 'L'),
(1, 211, 'L'),
(1, 212, 'L'),
(1, 213, 'L'),
(1, 214, 'L'),
(1, 215, 'L'),
(1, 216, 'L'),
(1, 217, 'L'),
(1, 218, 'L'),
(1, 219, 'L'),
(1, 220, 'L'),
(1, 221, 'L'),
(1, 222, 'L'),
(1, 223, 'L'),
(1, 224, 'L'),
(1, 225, 'L'),
(1, 226, 'L'),
(1, 227, 'L'),
(1, 228, 'L'),
(1, 229, 'L'),
(1, 230, 'L'),
(1, 231, 'L'),
(1, 232, 'L'),
(1, 233, 'L'),
(1, 234, 'L'),
(1, 235, 'L'),
(1, 236, 'L'),
(1, 237, 'L'),
(1, 238, 'L'),
(1, 239, 'L'),
(1, 240, 'L'),
(1, 241, 'L'),
(1, 242, 'L'),
(1, 243, 'L'),
(1, 244, 'L'),
(1, 245, 'L'),
(1, 246, 'L'),
(1, 247, 'L'),
(1, 248, 'L'),
(1, 249, 'L'),
(1, 250, 'L'),
(1, 251, 'L'),
(1, 252, 'L'),
(1, 253, 'L'),
(1, 254, 'L'),
(1, 255, 'L'),
(1, 256, 'L'),
(1, 257, 'L'),
(1, 258, 'L'),
(1, 259, 'L'),
(1, 260, 'L'),
(1, 261, 'L'),
(1, 262, 'L'),
(1, 263, 'L'),
(1, 264, 'L'),
(1, 265, 'L'),
(1, 266, 'L'),
(1, 267, 'L'),
(1, 268, 'L'),
(1, 269, 'L'),
(1, 270, 'L'),
(1, 271, 'L'),
(1, 272, 'L'),
(1, 273, 'L'),
(1, 274, 'L'),
(1, 275, 'L'),
(1, 276, 'L'),
(1, 277, 'L'),
(1, 278, 'L'),
(1, 279, 'L'),
(1, 280, 'L'),
(1, 281, 'L'),
(1, 282, 'L'),
(1, 283, 'L'),
(1, 284, 'L'),
(1, 285, 'L'),
(1, 286, 'L'),
(1, 287, 'L'),
(1, 288, 'L'),
(1, 289, 'L'),
(1, 290, 'L'),
(1, 291, 'L'),
(1, 292, 'L'),
(1, 293, 'L'),
(1, 294, 'L'),
(1, 295, 'L'),
(1, 296, 'L'),
(1, 297, 'L'),
(1, 298, 'L'),
(1, 299, 'L'),
(1, 300, 'L'),
(1, 301, 'L'),
(1, 302, 'L'),
(1, 303, 'L'),
(1, 304, 'L'),
(1, 305, 'L'),
(1, 306, 'L'),
(1, 307, 'L'),
(1, 308, 'L'),
(1, 309, 'L'),
(1, 310, 'L'),
(1, 311, 'L'),
(1, 312, 'L'),
(1, 313, 'L'),
(1, 314, 'L'),
(1, 315, 'L'),
(1, 316, 'L'),
(1, 317, 'L'),
(1, 318, 'L'),
(1, 319, 'L'),
(1, 320, 'L'),
(1, 321, 'L'),
(1, 322, 'L'),
(1, 323, 'L'),
(1, 324, 'L'),
(1, 325, 'L'),
(1, 326, 'L'),
(1, 327, 'L'),
(1, 328, 'L'),
(1, 329, 'L'),
(1, 330, 'L'),
(1, 331, 'L'),
(1, 332, 'L'),
(1, 333, 'L'),
(1, 334, 'L'),
(1, 335, 'L'),
(1, 336, 'L'),
(1, 337, 'L'),
(1, 338, 'L'),
(1, 339, 'L'),
(1, 340, 'L'),
(1, 341, 'L'),
(1, 342, 'L'),
(1, 343, 'L'),
(1, 344, 'L'),
(1, 345, 'L'),
(1, 346, 'L'),
(1, 347, 'L'),
(1, 348, 'L'),
(1, 349, 'L'),
(1, 350, 'L'),
(1, 351, 'L'),
(1, 352, 'L'),
(1, 353, 'L'),
(1, 354, 'L'),
(1, 355, 'L'),
(1, 356, 'L'),
(1, 357, 'L'),
(1, 358, 'L'),
(1, 359, 'L'),
(1, 360, 'L'),
(1, 361, 'L'),
(1, 362, 'L'),
(1, 363, 'L'),
(1, 364, 'L'),
(1, 365, 'L'),
(1, 366, 'L'),
(1, 367, 'L'),
(1, 368, 'L'),
(1, 369, 'L'),
(1, 370, 'L'),
(1, 371, 'L'),
(1, 372, 'L'),
(1, 373, 'L'),
(1, 374, 'L'),
(1, 375, 'L'),
(1, 376, 'L'),
(1, 377, 'L'),
(1, 378, 'L'),
(1, 379, 'L'),
(1, 380, 'L'),
(1, 381, 'L'),
(1, 382, 'L'),
(1, 383, 'L'),
(1, 384, 'L'),
(1, 385, 'L'),
(1, 386, 'L'),
(1, 387, 'L'),
(1, 388, 'L'),
(1, 389, 'L'),
(1, 390, 'L'),
(1, 391, 'L'),
(1, 392, 'L'),
(1, 393, 'L'),
(1, 394, 'L'),
(1, 395, 'L'),
(1, 396, 'L'),
(1, 397, 'L'),
(1, 398, 'L'),
(1, 399, 'L'),
(1, 400, 'L'),
(1, 401, 'L'),
(1, 402, 'L'),
(1, 403, 'L'),
(1, 404, 'L'),
(1, 405, 'L'),
(1, 406, 'L'),
(1, 407, 'L'),
(1, 408, 'L'),
(1, 409, 'L'),
(1, 410, 'L'),
(1, 411, 'L'),
(1, 412, 'L'),
(1, 413, 'L'),
(1, 414, 'L'),
(1, 415, 'L'),
(1, 416, 'L'),
(1, 417, 'L'),
(1, 418, 'L'),
(1, 419, 'L'),
(1, 420, 'L'),
(1, 421, 'L'),
(1, 422, 'L'),
(1, 423, 'L'),
(1, 424, 'L'),
(1, 425, 'L'),
(1, 426, 'L'),
(1, 427, 'L'),
(1, 428, 'L'),
(1, 429, 'L'),
(1, 430, 'L'),
(1, 431, 'L'),
(1, 432, 'L'),
(1, 433, 'L'),
(1, 434, 'L'),
(1, 435, 'L'),
(1, 436, 'L'),
(1, 437, 'L'),
(1, 438, 'L'),
(1, 439, 'L'),
(1, 440, 'L'),
(1, 441, 'L'),
(1, 442, 'L'),
(1, 443, 'L'),
(1, 444, 'L'),
(1, 445, 'L'),
(1, 446, 'L'),
(1, 447, 'L'),
(1, 448, 'L'),
(1, 449, 'L'),
(1, 450, 'L'),
(1, 451, 'L'),
(1, 452, 'L'),
(1, 453, 'L'),
(1, 454, 'L'),
(1, 455, 'L'),
(1, 456, 'L'),
(1, 457, 'L'),
(1, 458, 'L'),
(1, 459, 'L'),
(1, 460, 'L'),
(1, 461, 'L'),
(1, 462, 'L'),
(1, 463, 'L'),
(1, 464, 'L'),
(1, 465, 'L'),
(1, 466, 'L'),
(1, 467, 'L'),
(1, 468, 'L'),
(1, 469, 'L'),
(1, 470, 'L'),
(1, 471, 'L'),
(1, 472, 'L'),
(1, 473, 'L'),
(1, 474, 'L'),
(1, 475, 'L'),
(1, 476, 'L'),
(1, 477, 'L'),
(1, 478, 'L'),
(1, 479, 'L'),
(1, 480, 'L'),
(1, 481, 'L'),
(1, 482, 'L'),
(1, 483, 'L'),
(1, 484, 'L'),
(1, 485, 'L'),
(1, 486, 'L'),
(1, 487, 'L'),
(1, 488, 'L'),
(1, 489, 'L'),
(1, 490, 'L'),
(1, 491, 'L'),
(1, 492, 'L'),
(1, 493, 'L'),
(1, 494, 'L'),
(1, 495, 'L'),
(1, 496, 'L'),
(1, 497, 'L'),
(1, 498, 'L'),
(1, 499, 'L'),
(1, 500, 'L'),
(1, 501, 'L'),
(1, 502, 'L'),
(1, 503, 'L'),
(1, 504, 'L'),
(1, 505, 'L'),
(1, 506, 'L'),
(1, 507, 'L'),
(1, 508, 'L'),
(1, 509, 'L'),
(1, 510, 'L'),
(1, 511, 'L'),
(1, 512, 'L'),
(1, 513, 'L'),
(1, 514, 'L'),
(1, 515, 'L'),
(1, 516, 'L'),
(1, 517, 'L'),
(1, 518, 'L'),
(1, 519, 'L'),
(1, 520, 'L'),
(1, 521, 'L'),
(1, 522, 'L'),
(1, 523, 'L'),
(1, 524, 'L'),
(1, 525, 'L'),
(1, 526, 'L'),
(1, 527, 'L'),
(1, 528, 'L'),
(1, 529, 'L'),
(1, 530, 'L'),
(1, 531, 'L'),
(1, 532, 'L'),
(1, 533, 'L'),
(1, 534, 'L'),
(1, 535, 'L'),
(1, 536, 'L'),
(1, 537, 'L'),
(1, 538, 'L'),
(1, 539, 'L'),
(1, 540, 'L'),
(1, 541, 'L'),
(1, 542, 'L'),
(1, 543, 'L'),
(1, 544, 'L'),
(1, 545, 'L'),
(1, 546, 'L'),
(1, 547, 'L'),
(1, 548, 'L'),
(1, 549, 'L'),
(1, 550, 'L'),
(1, 551, 'L'),
(1, 552, 'L'),
(1, 553, 'L'),
(1, 554, 'L'),
(1, 555, 'L'),
(1, 556, 'L'),
(1, 557, 'L'),
(1, 558, 'L'),
(1, 559, 'L'),
(1, 560, 'L'),
(1, 561, 'L'),
(1, 562, 'L'),
(1, 563, 'L'),
(1, 564, 'L'),
(1, 565, 'L'),
(1, 566, 'L'),
(1, 567, 'L'),
(1, 568, 'L'),
(1, 569, 'L'),
(1, 570, 'L'),
(1, 571, 'L'),
(1, 572, 'L'),
(1, 573, 'L'),
(1, 574, 'L'),
(1, 575, 'L'),
(1, 576, 'L'),
(1, 577, 'L'),
(1, 578, 'L'),
(1, 579, 'L'),
(1, 580, 'L'),
(1, 581, 'L'),
(1, 582, 'L'),
(1, 583, 'L'),
(1, 584, 'L'),
(1, 585, 'L'),
(1, 586, 'L'),
(1, 587, 'L'),
(1, 588, 'L'),
(1, 589, 'L'),
(1, 590, 'L'),
(1, 591, 'L'),
(1, 592, 'L'),
(1, 593, 'L'),
(1, 594, 'L'),
(1, 595, 'L'),
(1, 596, 'L'),
(1, 597, 'L'),
(1, 598, 'L'),
(1, 599, 'L'),
(1, 600, 'L'),
(1, 601, 'L'),
(1, 602, 'L'),
(1, 603, 'L'),
(1, 604, 'L'),
(1, 605, 'L'),
(1, 606, 'L'),
(1, 607, 'L'),
(1, 608, 'L'),
(1, 609, 'L'),
(1, 610, 'L'),
(1, 611, 'L'),
(1, 612, 'L'),
(1, 613, 'L'),
(1, 614, 'L'),
(1, 615, 'L'),
(1, 616, 'L'),
(1, 617, 'L'),
(1, 618, 'L'),
(1, 619, 'L'),
(1, 620, 'L'),
(1, 621, 'L'),
(1, 622, 'L'),
(1, 623, 'L'),
(1, 624, 'L'),
(1, 625, 'L'),
(1, 626, 'L'),
(1, 627, 'L'),
(1, 628, 'L'),
(1, 629, 'L'),
(1, 630, 'L'),
(1, 631, 'L'),
(1, 632, 'L'),
(1, 633, 'L'),
(1, 634, 'L'),
(1, 635, 'L'),
(1, 636, 'L'),
(1, 637, 'L'),
(1, 638, 'L'),
(1, 639, 'L'),
(1, 640, 'L'),
(1, 641, 'L'),
(1, 642, 'L'),
(1, 643, 'L'),
(1, 644, 'L'),
(1, 645, 'L'),
(1, 646, 'L'),
(1, 647, 'L'),
(1, 648, 'L'),
(1, 649, 'L'),
(1, 650, 'L'),
(1, 651, 'L'),
(1, 652, 'L'),
(1, 653, 'L'),
(1, 654, 'L'),
(1, 655, 'L'),
(1, 656, 'L'),
(1, 657, 'L'),
(1, 658, 'L'),
(1, 659, 'L'),
(1, 660, 'L'),
(1, 661, 'L'),
(1, 662, 'L'),
(1, 663, 'L'),
(1, 664, 'L'),
(1, 665, 'L'),
(1, 666, 'L'),
(1, 667, 'L'),
(1, 668, 'L'),
(1, 669, 'L'),
(1, 670, 'L'),
(1, 671, 'L'),
(1, 672, 'L'),
(1, 673, 'L'),
(1, 674, 'L'),
(1, 675, 'L'),
(1, 676, 'L'),
(1, 677, 'L'),
(1, 678, 'L'),
(1, 679, 'L'),
(1, 680, 'L'),
(1, 681, 'L'),
(1, 682, 'L'),
(1, 683, 'L'),
(1, 684, 'L'),
(1, 685, 'L'),
(1, 686, 'L'),
(1, 687, 'L'),
(1, 688, 'L'),
(1, 689, 'L'),
(1, 690, 'L'),
(1, 691, 'L'),
(1, 692, 'L'),
(1, 693, 'L'),
(1, 694, 'L'),
(1, 695, 'L'),
(1, 696, 'L'),
(1, 697, 'L'),
(1, 698, 'L'),
(1, 699, 'L'),
(1, 700, 'L'),
(1, 701, 'L'),
(1, 702, 'L'),
(1, 703, 'L'),
(1, 704, 'L'),
(1, 705, 'L'),
(1, 706, 'L'),
(1, 707, 'L'),
(1, 708, 'L'),
(1, 709, 'L'),
(1, 710, 'L'),
(1, 711, 'L'),
(1, 712, 'L'),
(1, 713, 'L'),
(1, 714, 'L'),
(1, 715, 'L'),
(1, 716, 'L'),
(1, 717, 'L'),
(1, 718, 'L'),
(1, 719, 'L'),
(1, 720, 'L'),
(1, 721, 'L'),
(1, 722, 'L'),
(1, 723, 'L'),
(1, 724, 'L'),
(1, 725, 'L'),
(1, 726, 'L'),
(1, 727, 'L'),
(1, 728, 'L'),
(1, 729, 'L'),
(1, 730, 'L'),
(1, 731, 'L'),
(1, 732, 'L'),
(1, 733, 'L'),
(1, 734, 'L'),
(1, 735, 'L'),
(1, 736, 'L'),
(1, 737, 'L'),
(1, 738, 'L'),
(1, 739, 'L'),
(1, 740, 'L'),
(1, 741, 'L'),
(1, 742, 'L'),
(1, 743, 'L'),
(1, 744, 'L'),
(1, 745, 'L'),
(1, 746, 'L'),
(1, 747, 'L'),
(1, 748, 'L'),
(1, 749, 'L'),
(1, 750, 'L'),
(1, 751, 'L'),
(1, 752, 'L'),
(1, 753, 'L'),
(1, 754, 'L'),
(1, 755, 'L'),
(1, 756, 'L'),
(1, 757, 'L'),
(1, 758, 'L'),
(1, 759, 'L'),
(1, 760, 'L'),
(1, 761, 'L'),
(1, 762, 'L'),
(1, 763, 'L'),
(1, 764, 'L'),
(1, 765, 'L'),
(1, 766, 'L'),
(1, 767, 'L'),
(1, 768, 'L'),
(1, 769, 'L'),
(1, 770, 'L'),
(1, 771, 'L'),
(1, 772, 'L'),
(1, 773, 'L'),
(1, 774, 'L'),
(1, 775, 'L'),
(1, 776, 'L'),
(1, 777, 'L'),
(1, 778, 'L'),
(1, 779, 'L'),
(1, 780, 'L'),
(1, 781, 'L'),
(1, 782, 'L'),
(1, 783, 'L'),
(1, 784, 'L'),
(1, 785, 'L'),
(1, 786, 'L'),
(1, 787, 'L'),
(1, 788, 'L'),
(1, 789, 'L'),
(1, 790, 'L'),
(1, 791, 'L'),
(1, 792, 'L'),
(1, 793, 'L'),
(1, 794, 'L'),
(1, 795, 'L'),
(1, 796, 'L'),
(1, 797, 'L'),
(1, 798, 'L'),
(1, 799, 'L'),
(1, 800, 'L'),
(1, 801, 'L'),
(1, 802, 'L'),
(1, 803, 'L'),
(1, 804, 'L'),
(1, 805, 'L'),
(1, 806, 'L'),
(1, 807, 'L'),
(1, 808, 'L'),
(1, 809, 'L'),
(1, 810, 'L'),
(1, 811, 'L'),
(1, 812, 'L'),
(1, 813, 'L'),
(1, 814, 'L'),
(1, 815, 'L'),
(1, 816, 'L'),
(1, 817, 'L'),
(1, 818, 'L'),
(1, 819, 'L'),
(1, 820, 'L'),
(1, 821, 'L'),
(1, 822, 'L'),
(1, 823, 'L'),
(1, 824, 'L'),
(1, 825, 'L'),
(1, 826, 'L'),
(1, 827, 'L'),
(1, 828, 'L'),
(1, 829, 'L'),
(1, 830, 'L'),
(1, 831, 'L'),
(1, 832, 'L'),
(1, 833, 'L'),
(1, 834, 'L'),
(1, 835, 'L'),
(1, 836, 'L'),
(1, 837, 'L'),
(1, 838, 'L'),
(1, 839, 'L'),
(1, 840, 'L'),
(1, 841, 'L'),
(1, 842, 'L'),
(1, 843, 'L'),
(1, 844, 'L'),
(1, 845, 'L'),
(1, 846, 'L'),
(1, 847, 'L'),
(1, 848, 'L'),
(1, 849, 'L'),
(1, 850, 'L'),
(1, 851, 'L'),
(1, 852, 'L'),
(1, 853, 'L'),
(1, 854, 'L'),
(1, 855, 'L'),
(1, 856, 'L'),
(1, 857, 'L'),
(1, 858, 'L'),
(1, 859, 'L'),
(1, 860, 'L'),
(1, 861, 'L'),
(1, 862, 'L'),
(1, 863, 'L'),
(1, 864, 'L'),
(1, 865, 'L'),
(1, 866, 'L'),
(1, 867, 'L'),
(1, 868, 'L'),
(1, 869, 'L'),
(1, 870, 'L'),
(1, 871, 'L'),
(1, 872, 'L'),
(1, 873, 'L'),
(1, 874, 'L'),
(1, 875, 'L'),
(1, 876, 'L'),
(1, 877, 'L'),
(1, 878, 'L'),
(1, 879, 'L'),
(1, 880, 'L'),
(1, 881, 'L'),
(1, 882, 'L'),
(1, 883, 'L'),
(1, 884, 'L'),
(1, 885, 'L'),
(1, 886, 'L'),
(1, 887, 'L'),
(1, 888, 'L'),
(1, 889, 'L'),
(1, 890, 'L'),
(1, 891, 'L'),
(1, 892, 'L'),
(1, 893, 'L'),
(1, 894, 'L'),
(1, 895, 'L'),
(1, 896, 'L'),
(1, 897, 'L'),
(1, 898, 'L'),
(1, 899, 'L'),
(1, 900, 'L'),
(1, 901, 'L'),
(1, 902, 'L'),
(1, 903, 'L'),
(1, 904, 'L'),
(1, 905, 'L'),
(1, 906, 'L'),
(1, 907, 'L'),
(1, 908, 'L'),
(1, 909, 'L'),
(1, 910, 'L'),
(1, 911, 'L'),
(1, 912, 'L'),
(1, 913, 'L'),
(1, 914, 'L'),
(1, 915, 'L'),
(1, 916, 'L'),
(1, 917, 'L'),
(1, 918, 'L'),
(1, 919, 'L'),
(1, 920, 'L'),
(1, 921, 'L'),
(1, 922, 'L'),
(1, 923, 'L'),
(1, 924, 'L'),
(1, 925, 'L'),
(1, 926, 'L'),
(1, 927, 'L'),
(1, 928, 'L'),
(1, 929, 'L'),
(1, 930, 'L'),
(1, 931, 'L'),
(1, 932, 'L'),
(1, 933, 'L'),
(1, 934, 'L'),
(1, 935, 'L'),
(1, 936, 'L'),
(1, 937, 'L'),
(1, 938, 'L'),
(1, 939, 'L'),
(1, 940, 'L'),
(1, 941, 'L'),
(1, 942, 'L'),
(1, 943, 'L'),
(1, 944, 'L'),
(1, 945, 'L'),
(1, 946, 'L'),
(1, 947, 'L'),
(1, 948, 'L'),
(1, 949, 'L'),
(1, 950, 'L'),
(1, 951, 'L'),
(1, 952, 'L'),
(1, 953, 'L'),
(1, 954, 'L'),
(1, 955, 'L'),
(1, 956, 'L'),
(1, 957, 'L'),
(1, 958, 'L'),
(1, 959, 'L'),
(1, 960, 'L'),
(1, 961, 'L'),
(1, 962, 'L'),
(1, 963, 'L'),
(1, 964, 'L'),
(1, 965, 'L'),
(1, 966, 'L'),
(1, 967, 'L'),
(1, 968, 'L'),
(1, 969, 'L'),
(1, 970, 'L'),
(1, 971, 'L'),
(1, 972, 'L'),
(1, 973, 'L'),
(1, 974, 'L'),
(1, 975, 'L'),
(1, 976, 'L'),
(1, 977, 'L'),
(1, 978, 'L'),
(1, 979, 'L'),
(1, 980, 'L'),
(1, 981, 'L'),
(1, 982, 'L'),
(1, 983, 'L'),
(1, 984, 'L'),
(1, 985, 'L'),
(1, 986, 'L'),
(1, 987, 'L'),
(1, 988, 'L'),
(1, 989, 'L'),
(1, 990, 'L'),
(1, 991, 'L'),
(1, 992, 'L'),
(1, 993, 'L'),
(1, 994, 'L'),
(1, 995, 'L'),
(1, 996, 'L'),
(1, 997, 'L'),
(1, 998, 'L'),
(1, 999, 'L'),
(1, 1000, 'L'),
(1, 1001, 'L'),
(1, 1002, 'L'),
(1, 1003, 'L'),
(1, 1004, 'L'),
(1, 1005, 'L'),
(1, 1006, 'L'),
(1, 1007, 'L'),
(1, 1008, 'L'),
(1, 1009, 'L'),
(1, 1010, 'L'),
(1, 1011, 'L'),
(1, 1012, 'L'),
(1, 1013, 'L'),
(1, 1014, 'L'),
(1, 1015, 'L'),
(1, 1016, 'L'),
(1, 1017, 'L'),
(1, 1018, 'L'),
(1, 1019, 'L'),
(1, 1020, 'L'),
(1, 1021, 'L'),
(1, 1022, 'L'),
(1, 1023, 'L'),
(1, 1024, 'L'),
(1, 1025, 'L'),
(1, 1026, 'L'),
(1, 1027, 'L'),
(1, 1028, 'L'),
(1, 1029, 'L'),
(1, 1030, 'L'),
(1, 1031, 'L'),
(1, 1032, 'L'),
(1, 1033, 'L'),
(1, 1034, 'L'),
(1, 1035, 'L'),
(1, 1036, 'L'),
(1, 1037, 'L'),
(1, 1038, 'L'),
(1, 1039, 'L'),
(1, 1040, 'L'),
(1, 1041, 'L'),
(1, 1042, 'L'),
(1, 1043, 'L'),
(1, 1044, 'L'),
(1, 1045, 'L'),
(1, 1046, 'L'),
(1, 1047, 'L'),
(1, 1048, 'L'),
(1, 1049, 'L'),
(1, 1050, 'L'),
(1, 1051, 'L'),
(1, 1052, 'L'),
(1, 1053, 'L'),
(1, 1054, 'L'),
(1, 1055, 'L'),
(1, 1056, 'L'),
(1, 1057, 'L'),
(1, 1058, 'L'),
(1, 1059, 'L'),
(1, 1060, 'L'),
(1, 1061, 'L'),
(1, 1062, 'L'),
(1, 1063, 'L'),
(1, 1064, 'L'),
(1, 1065, 'L'),
(1, 1066, 'L'),
(1, 1067, 'L'),
(1, 1068, 'L'),
(1, 1069, 'L'),
(1, 1070, 'L'),
(1, 1071, 'L'),
(1, 1072, 'L'),
(1, 1073, 'L'),
(1, 1074, 'L'),
(1, 1075, 'L'),
(1, 1076, 'L'),
(1, 1077, 'L'),
(1, 1078, 'L'),
(1, 1079, 'L'),
(1, 1080, 'L'),
(1, 1081, 'L'),
(1, 1082, 'L'),
(1, 1083, 'L'),
(1, 1084, 'L'),
(1, 1085, 'L'),
(1, 1086, 'L'),
(1, 1087, 'L'),
(1, 1088, 'L'),
(1, 1089, 'L'),
(1, 1090, 'L'),
(1, 1091, 'L'),
(1, 1092, 'L'),
(1, 1093, 'L'),
(1, 1094, 'L'),
(1, 1095, 'L'),
(1, 1096, 'L'),
(1, 1097, 'L'),
(1, 1098, 'L'),
(1, 1099, 'L'),
(1, 1100, 'L'),
(1, 1101, 'L'),
(1, 1102, 'L'),
(1, 1103, 'L'),
(1, 1104, 'L'),
(1, 1105, 'L'),
(1, 1106, 'L'),
(1, 1107, 'L'),
(1, 1108, 'L'),
(1, 1109, 'L'),
(1, 1110, 'L'),
(1, 1111, 'L'),
(1, 1112, 'L'),
(1, 1113, 'L'),
(1, 1114, 'L'),
(1, 1115, 'L'),
(1, 1116, 'L'),
(1, 1117, 'L'),
(1, 1118, 'L'),
(1, 1119, 'L'),
(1, 1120, 'L'),
(1, 1121, 'L'),
(1, 1122, 'L'),
(1, 1123, 'L'),
(1, 1124, 'L'),
(1, 1125, 'L'),
(1, 1126, 'L'),
(1, 1127, 'L'),
(1, 1128, 'L'),
(1, 1129, 'L'),
(1, 1130, 'L'),
(1, 1131, 'L'),
(1, 1132, 'L'),
(1, 1133, 'L'),
(1, 1134, 'L'),
(1, 1135, 'L'),
(1, 1136, 'L'),
(1, 1137, 'L'),
(1, 1138, 'L'),
(1, 1139, 'L'),
(1, 1140, 'L'),
(1, 1141, 'L'),
(1, 1142, 'L'),
(1, 1143, 'L'),
(1, 1144, 'L'),
(1, 1145, 'L'),
(1, 1146, 'L'),
(1, 1147, 'L'),
(1, 1148, 'L'),
(1, 1149, 'L'),
(1, 1150, 'L'),
(1, 1151, 'L'),
(1, 1152, 'L'),
(1, 1153, 'L'),
(1, 1154, 'L'),
(1, 1155, 'L'),
(1, 1156, 'L'),
(1, 1157, 'L'),
(1, 1158, 'L'),
(1, 1159, 'L'),
(1, 1160, 'L'),
(1, 1161, 'L'),
(1, 1162, 'L'),
(1, 1163, 'L'),
(1, 1164, 'L'),
(1, 1165, 'L'),
(1, 1166, 'L'),
(1, 1167, 'L'),
(1, 1168, 'L'),
(1, 1169, 'L'),
(1, 1170, 'L'),
(1, 1171, 'L'),
(1, 1172, 'L'),
(1, 1173, 'L'),
(1, 1174, 'L'),
(1, 1175, 'L'),
(1, 1176, 'L'),
(1, 1177, 'L'),
(1, 1178, 'L'),
(1, 1179, 'L'),
(1, 1180, 'L'),
(1, 1181, 'L'),
(1, 1182, 'L'),
(1, 1183, 'L'),
(1, 1184, 'L'),
(1, 1185, 'L'),
(1, 1186, 'L'),
(1, 1187, 'L'),
(1, 1188, 'L'),
(1, 1189, 'L'),
(1, 1190, 'L'),
(1, 1191, 'L'),
(1, 1192, 'L'),
(1, 1193, 'L'),
(1, 1194, 'L'),
(1, 1195, 'L'),
(1, 1196, 'L'),
(1, 1197, 'L'),
(1, 1198, 'L'),
(1, 1199, 'L'),
(1, 1200, 'L'),
(1, 1201, 'L'),
(1, 1202, 'L'),
(1, 1203, 'L'),
(1, 1204, 'L'),
(1, 1205, 'L'),
(1, 1206, 'L'),
(1, 1207, 'L'),
(1, 1208, 'L'),
(1, 1209, 'L'),
(1, 1210, 'L'),
(1, 1211, 'L'),
(1, 1212, 'L'),
(1, 1213, 'L'),
(1, 1214, 'L'),
(1, 1215, 'L'),
(1, 1216, 'L'),
(1, 1217, 'L'),
(1, 1218, 'L'),
(1, 1219, 'L'),
(1, 1220, 'L'),
(1, 1221, 'L'),
(1, 1222, 'L'),
(1, 1223, 'L'),
(1, 1224, 'L'),
(1, 1225, 'L'),
(1, 1226, 'L'),
(1, 1227, 'L'),
(1, 1228, 'L'),
(1, 1229, 'L'),
(1, 1230, 'L'),
(1, 1231, 'L'),
(1, 1232, 'L'),
(1, 1233, 'L'),
(1, 1234, 'L'),
(1, 1235, 'L'),
(1, 1236, 'L'),
(1, 1237, 'L'),
(1, 1238, 'L'),
(1, 1239, 'L'),
(1, 1240, 'L'),
(1, 1241, 'L'),
(1, 1242, 'L'),
(1, 1243, 'L'),
(1, 1244, 'L'),
(1, 1245, 'L'),
(1, 1246, 'L'),
(1, 1247, 'L'),
(1, 1248, 'L'),
(1, 1249, 'L'),
(1, 1250, 'L'),
(1, 1251, 'L'),
(1, 1252, 'L'),
(1, 1253, 'L'),
(1, 1254, 'L'),
(1, 1255, 'L'),
(1, 1256, 'L'),
(1, 1257, 'L'),
(1, 1258, 'L'),
(1, 1259, 'L'),
(1, 1260, 'L'),
(1, 1261, 'L'),
(1, 1262, 'L'),
(1, 1263, 'L'),
(1, 1264, 'L'),
(1, 1265, 'L'),
(1, 1266, 'L'),
(1, 1267, 'L'),
(1, 1268, 'L'),
(1, 1269, 'L'),
(1, 1270, 'L'),
(1, 1271, 'L'),
(1, 1272, 'L'),
(1, 1273, 'L'),
(1, 1274, 'L'),
(1, 1275, 'L'),
(1, 1276, 'L'),
(1, 1277, 'L'),
(1, 1278, 'L'),
(1, 1279, 'L'),
(1, 1280, 'L'),
(1, 1281, 'L'),
(1, 1282, 'L'),
(1, 1283, 'L'),
(1, 1284, 'L'),
(1, 1285, 'L'),
(1, 1286, 'L'),
(1, 1287, 'L'),
(1, 1288, 'L'),
(1, 1289, 'L'),
(1, 1290, 'L'),
(1, 1291, 'L'),
(1, 1292, 'L'),
(1, 1293, 'L'),
(1, 1294, 'L'),
(1, 1295, 'L'),
(1, 1296, 'L'),
(1, 1297, 'L'),
(1, 1298, 'L'),
(1, 1299, 'L'),
(1, 1300, 'L'),
(1, 1301, 'L'),
(1, 1302, 'L'),
(1, 1303, 'L'),
(1, 1304, 'L'),
(1, 1305, 'L'),
(1, 1306, 'L'),
(1, 1307, 'L'),
(1, 1308, 'L'),
(1, 1309, 'L'),
(1, 1310, 'L'),
(1, 1311, 'L'),
(1, 1312, 'L'),
(1, 1313, 'L'),
(1, 1314, 'L'),
(1, 1315, 'L'),
(1, 1316, 'L'),
(1, 1317, 'L'),
(1, 1318, 'L'),
(1, 1319, 'L'),
(1, 1320, 'L'),
(1, 1321, 'L'),
(1, 1322, 'L'),
(1, 1323, 'L'),
(1, 1324, 'L'),
(1, 1325, 'L'),
(1, 1326, 'L'),
(1, 1327, 'L'),
(1, 1328, 'L'),
(1, 1329, 'L'),
(1, 1330, 'L'),
(1, 1331, 'L'),
(1, 1332, 'L'),
(1, 1333, 'L'),
(1, 1334, 'L'),
(1, 1335, 'L'),
(2, 1, 'G'),
(2, 1, 'L'),
(2, 2, 'L'),
(2, 3, 'L'),
(2, 4, 'L'),
(2, 5, 'L'),
(2, 6, 'L'),
(2, 7, 'L'),
(2, 8, 'L'),
(2, 9, 'L'),
(2, 10, 'L'),
(2, 11, 'L'),
(2, 12, 'L'),
(2, 13, 'L'),
(2, 14, 'L'),
(2, 15, 'L'),
(2, 16, 'L'),
(2, 17, 'L'),
(2, 18, 'L'),
(2, 19, 'L'),
(2, 20, 'L'),
(2, 21, 'L'),
(2, 22, 'L'),
(2, 23, 'L'),
(2, 24, 'L'),
(2, 25, 'L'),
(2, 26, 'L'),
(2, 27, 'L'),
(2, 28, 'L'),
(2, 29, 'L'),
(2, 30, 'L'),
(2, 31, 'L'),
(2, 32, 'L'),
(2, 33, 'L'),
(2, 34, 'L'),
(2, 35, 'L'),
(2, 36, 'L'),
(2, 37, 'L'),
(2, 38, 'L'),
(2, 39, 'L'),
(2, 40, 'L'),
(2, 41, 'L'),
(2, 42, 'L'),
(2, 43, 'L'),
(2, 44, 'L'),
(2, 45, 'L'),
(2, 46, 'L'),
(2, 47, 'L'),
(2, 48, 'L'),
(2, 49, 'L'),
(2, 50, 'L'),
(2, 51, 'L'),
(2, 52, 'L'),
(2, 53, 'L'),
(2, 54, 'L'),
(2, 55, 'L'),
(2, 56, 'L'),
(2, 57, 'L'),
(2, 58, 'L'),
(2, 59, 'L'),
(2, 60, 'L'),
(2, 61, 'L'),
(2, 62, 'L'),
(2, 63, 'L'),
(2, 64, 'L'),
(2, 65, 'L'),
(2, 66, 'L'),
(2, 67, 'L'),
(2, 68, 'L'),
(2, 69, 'L'),
(2, 70, 'L'),
(2, 71, 'L'),
(2, 72, 'L'),
(2, 73, 'L'),
(2, 74, 'L'),
(2, 75, 'L'),
(2, 76, 'L'),
(2, 77, 'L'),
(2, 78, 'L'),
(2, 79, 'L'),
(2, 80, 'L'),
(2, 81, 'L'),
(2, 82, 'L'),
(2, 83, 'L'),
(2, 84, 'L'),
(2, 85, 'L'),
(2, 86, 'L'),
(2, 87, 'L'),
(2, 88, 'L'),
(2, 89, 'L'),
(2, 90, 'L'),
(2, 91, 'L'),
(2, 92, 'L'),
(2, 93, 'L'),
(2, 94, 'L'),
(2, 95, 'L'),
(2, 96, 'L'),
(2, 97, 'L'),
(2, 98, 'L'),
(2, 99, 'L'),
(2, 100, 'L'),
(2, 101, 'L'),
(2, 102, 'L'),
(2, 103, 'L'),
(2, 104, 'L'),
(2, 105, 'L'),
(2, 106, 'L'),
(2, 107, 'L'),
(2, 108, 'L'),
(2, 109, 'L'),
(2, 110, 'L'),
(2, 111, 'L'),
(2, 112, 'L'),
(2, 113, 'L'),
(2, 114, 'L'),
(2, 115, 'L'),
(2, 116, 'L'),
(2, 117, 'L'),
(2, 118, 'L'),
(2, 119, 'L'),
(2, 120, 'L'),
(2, 121, 'L'),
(2, 122, 'L'),
(2, 123, 'L'),
(2, 124, 'L'),
(2, 125, 'L'),
(2, 126, 'L'),
(2, 127, 'L'),
(2, 128, 'L'),
(2, 129, 'L'),
(2, 130, 'L'),
(2, 131, 'L'),
(2, 132, 'L'),
(2, 133, 'L'),
(2, 134, 'L'),
(2, 135, 'L'),
(2, 136, 'L'),
(2, 137, 'L'),
(2, 138, 'L'),
(2, 139, 'L'),
(2, 140, 'L'),
(2, 141, 'L'),
(2, 142, 'L'),
(2, 143, 'L'),
(2, 144, 'L'),
(2, 145, 'L'),
(2, 146, 'L'),
(2, 147, 'L'),
(2, 148, 'L'),
(2, 149, 'L'),
(2, 150, 'L'),
(2, 151, 'L'),
(2, 152, 'L'),
(2, 153, 'L'),
(2, 154, 'L'),
(2, 155, 'L'),
(2, 156, 'L'),
(2, 157, 'L'),
(2, 158, 'L'),
(2, 159, 'L'),
(2, 160, 'L'),
(2, 161, 'L'),
(2, 162, 'L'),
(2, 163, 'L'),
(2, 164, 'L'),
(2, 165, 'L'),
(2, 166, 'L'),
(2, 167, 'L'),
(2, 168, 'L'),
(2, 169, 'L'),
(2, 170, 'L'),
(2, 171, 'L'),
(2, 172, 'L'),
(2, 173, 'L'),
(2, 174, 'L'),
(2, 175, 'L'),
(2, 176, 'L'),
(2, 177, 'L'),
(2, 178, 'L'),
(2, 179, 'L'),
(2, 180, 'L'),
(2, 181, 'L'),
(2, 182, 'L'),
(2, 183, 'L'),
(2, 184, 'L'),
(2, 185, 'L'),
(2, 186, 'L'),
(2, 187, 'L'),
(2, 188, 'L'),
(2, 189, 'L'),
(2, 190, 'L'),
(2, 191, 'L'),
(2, 192, 'L'),
(2, 193, 'L'),
(2, 194, 'L'),
(2, 195, 'L'),
(2, 196, 'L'),
(2, 197, 'L'),
(2, 198, 'L'),
(2, 199, 'L'),
(2, 200, 'L'),
(2, 201, 'L'),
(2, 202, 'L'),
(2, 203, 'L'),
(2, 204, 'L'),
(2, 205, 'L'),
(2, 206, 'L'),
(2, 207, 'L'),
(2, 208, 'L'),
(2, 209, 'L'),
(2, 210, 'L'),
(2, 211, 'L'),
(2, 212, 'L'),
(2, 213, 'L'),
(2, 214, 'L'),
(2, 215, 'L'),
(2, 216, 'L'),
(2, 217, 'L'),
(2, 218, 'L'),
(2, 219, 'L'),
(2, 220, 'L'),
(2, 221, 'L'),
(2, 222, 'L'),
(2, 223, 'L'),
(2, 224, 'L'),
(2, 225, 'L'),
(2, 226, 'L'),
(2, 227, 'L'),
(2, 228, 'L'),
(2, 229, 'L'),
(2, 230, 'L'),
(2, 231, 'L'),
(2, 232, 'L'),
(2, 233, 'L'),
(2, 234, 'L'),
(2, 235, 'L'),
(2, 236, 'L'),
(2, 237, 'L'),
(2, 238, 'L'),
(2, 239, 'L'),
(2, 240, 'L'),
(2, 241, 'L'),
(2, 242, 'L'),
(2, 243, 'L'),
(2, 244, 'L'),
(2, 245, 'L'),
(2, 246, 'L'),
(2, 247, 'L'),
(2, 248, 'L'),
(2, 249, 'L'),
(2, 250, 'L'),
(2, 251, 'L'),
(2, 252, 'L'),
(2, 253, 'L'),
(2, 254, 'L'),
(2, 255, 'L'),
(2, 256, 'L'),
(2, 257, 'L'),
(2, 258, 'L'),
(2, 259, 'L'),
(2, 260, 'L'),
(2, 261, 'L'),
(2, 262, 'L'),
(2, 263, 'L'),
(2, 264, 'L'),
(2, 265, 'L'),
(2, 266, 'L'),
(2, 267, 'L'),
(2, 268, 'L'),
(2, 269, 'L'),
(2, 270, 'L'),
(2, 271, 'L'),
(2, 272, 'L'),
(2, 273, 'L'),
(2, 274, 'L'),
(2, 275, 'L'),
(2, 276, 'L'),
(2, 277, 'L'),
(2, 278, 'L'),
(2, 279, 'L'),
(2, 280, 'L'),
(2, 281, 'L'),
(2, 282, 'L'),
(2, 283, 'L'),
(2, 284, 'L'),
(2, 285, 'L'),
(2, 286, 'L'),
(2, 287, 'L'),
(2, 288, 'L'),
(2, 289, 'L'),
(2, 290, 'L'),
(2, 291, 'L'),
(2, 292, 'L'),
(2, 293, 'L'),
(2, 294, 'L'),
(2, 295, 'L'),
(2, 296, 'L'),
(2, 297, 'L'),
(2, 298, 'L'),
(2, 299, 'L'),
(2, 300, 'L'),
(2, 301, 'L'),
(2, 302, 'L'),
(2, 303, 'L'),
(2, 304, 'L'),
(2, 305, 'L'),
(2, 306, 'L'),
(2, 307, 'L'),
(2, 308, 'L'),
(2, 309, 'L'),
(2, 310, 'L'),
(2, 311, 'L'),
(2, 312, 'L'),
(2, 313, 'L'),
(2, 314, 'L'),
(2, 315, 'L'),
(2, 316, 'L'),
(2, 317, 'L'),
(2, 318, 'L'),
(2, 319, 'L'),
(2, 320, 'L'),
(2, 321, 'L'),
(2, 322, 'L'),
(2, 323, 'L'),
(2, 324, 'L'),
(2, 325, 'L'),
(2, 326, 'L'),
(2, 327, 'L'),
(2, 328, 'L'),
(2, 329, 'L'),
(2, 330, 'L'),
(2, 331, 'L'),
(2, 332, 'L'),
(2, 333, 'L'),
(2, 334, 'L'),
(2, 335, 'L'),
(2, 336, 'L'),
(2, 337, 'L'),
(2, 338, 'L'),
(2, 339, 'L'),
(2, 340, 'L'),
(2, 341, 'L'),
(2, 342, 'L'),
(2, 343, 'L'),
(2, 344, 'L'),
(2, 345, 'L'),
(2, 346, 'L'),
(2, 347, 'L'),
(2, 348, 'L'),
(2, 349, 'L'),
(2, 350, 'L'),
(2, 351, 'L'),
(2, 352, 'L'),
(2, 353, 'L'),
(2, 354, 'L'),
(2, 355, 'L'),
(2, 356, 'L'),
(2, 357, 'L'),
(2, 358, 'L'),
(2, 359, 'L'),
(2, 360, 'L'),
(2, 361, 'L'),
(2, 362, 'L'),
(2, 363, 'L'),
(2, 364, 'L'),
(2, 365, 'L'),
(2, 366, 'L'),
(2, 367, 'L'),
(2, 368, 'L'),
(2, 369, 'L'),
(2, 370, 'L'),
(2, 371, 'L'),
(2, 372, 'L'),
(2, 373, 'L'),
(2, 374, 'L'),
(2, 375, 'L'),
(2, 376, 'L'),
(2, 377, 'L'),
(2, 378, 'L'),
(2, 379, 'L'),
(2, 380, 'L'),
(2, 381, 'L'),
(2, 382, 'L'),
(2, 383, 'L'),
(2, 384, 'L'),
(2, 385, 'L'),
(2, 386, 'L'),
(2, 387, 'L'),
(2, 388, 'L'),
(2, 389, 'L'),
(2, 390, 'L'),
(2, 391, 'L'),
(2, 392, 'L'),
(2, 393, 'L'),
(2, 394, 'L'),
(2, 395, 'L'),
(2, 396, 'L'),
(2, 397, 'L'),
(2, 398, 'L'),
(2, 399, 'L'),
(2, 400, 'L'),
(2, 401, 'L'),
(2, 402, 'L'),
(2, 403, 'L'),
(2, 404, 'L'),
(2, 405, 'L'),
(2, 406, 'L'),
(2, 407, 'L'),
(2, 408, 'L'),
(2, 409, 'L'),
(2, 410, 'L'),
(2, 411, 'L'),
(2, 412, 'L'),
(2, 413, 'L'),
(2, 414, 'L'),
(2, 415, 'L'),
(2, 416, 'L'),
(2, 417, 'L'),
(2, 418, 'L'),
(2, 419, 'L'),
(2, 420, 'L'),
(2, 421, 'L'),
(2, 422, 'L'),
(2, 423, 'L'),
(2, 424, 'L'),
(2, 425, 'L'),
(2, 426, 'L'),
(2, 427, 'L'),
(2, 428, 'L'),
(2, 429, 'L'),
(2, 430, 'L'),
(2, 431, 'L'),
(2, 432, 'L'),
(2, 433, 'L'),
(2, 434, 'L'),
(2, 435, 'L'),
(2, 436, 'L'),
(2, 437, 'L'),
(2, 438, 'L'),
(2, 439, 'L'),
(2, 440, 'L'),
(2, 441, 'L'),
(2, 442, 'L'),
(2, 443, 'L'),
(2, 444, 'L'),
(2, 445, 'L'),
(2, 446, 'L'),
(2, 447, 'L'),
(2, 448, 'L'),
(2, 449, 'L'),
(2, 450, 'L'),
(2, 451, 'L'),
(2, 452, 'L'),
(2, 453, 'L'),
(2, 454, 'L'),
(2, 455, 'L'),
(2, 456, 'L'),
(2, 457, 'L'),
(2, 458, 'L'),
(2, 459, 'L'),
(2, 460, 'L'),
(2, 461, 'L'),
(2, 462, 'L'),
(2, 463, 'L'),
(2, 464, 'L'),
(2, 465, 'L'),
(2, 466, 'L'),
(2, 467, 'L'),
(2, 468, 'L'),
(2, 469, 'L'),
(2, 470, 'L'),
(2, 471, 'L'),
(2, 472, 'L'),
(2, 473, 'L'),
(2, 474, 'L'),
(2, 475, 'L'),
(2, 476, 'L'),
(2, 477, 'L'),
(2, 478, 'L'),
(2, 479, 'L'),
(2, 480, 'L'),
(2, 481, 'L'),
(2, 482, 'L'),
(2, 483, 'L'),
(2, 484, 'L'),
(2, 485, 'L'),
(2, 486, 'L'),
(2, 487, 'L'),
(2, 488, 'L'),
(2, 489, 'L'),
(2, 490, 'L'),
(2, 491, 'L'),
(2, 492, 'L'),
(2, 493, 'L'),
(2, 494, 'L'),
(2, 495, 'L'),
(2, 496, 'L'),
(2, 497, 'L'),
(2, 498, 'L'),
(2, 499, 'L'),
(2, 500, 'L'),
(2, 501, 'L'),
(2, 502, 'L'),
(2, 503, 'L'),
(2, 504, 'L'),
(2, 505, 'L'),
(2, 506, 'L'),
(2, 507, 'L'),
(2, 508, 'L'),
(2, 509, 'L'),
(2, 510, 'L'),
(2, 511, 'L'),
(2, 512, 'L'),
(2, 513, 'L'),
(2, 514, 'L'),
(2, 515, 'L'),
(2, 516, 'L'),
(2, 517, 'L'),
(2, 518, 'L'),
(2, 519, 'L'),
(2, 520, 'L'),
(2, 521, 'L'),
(2, 522, 'L'),
(2, 523, 'L'),
(2, 524, 'L'),
(2, 525, 'L'),
(2, 526, 'L'),
(2, 527, 'L'),
(2, 528, 'L'),
(2, 529, 'L'),
(2, 530, 'L'),
(2, 531, 'L'),
(2, 532, 'L'),
(2, 533, 'L'),
(2, 534, 'L'),
(2, 535, 'L'),
(2, 536, 'L'),
(2, 537, 'L'),
(2, 538, 'L'),
(2, 539, 'L'),
(2, 540, 'L'),
(2, 541, 'L'),
(2, 542, 'L'),
(2, 543, 'L'),
(2, 544, 'L'),
(2, 545, 'L'),
(2, 546, 'L'),
(2, 547, 'L'),
(2, 548, 'L'),
(2, 549, 'L'),
(2, 550, 'L'),
(2, 551, 'L'),
(2, 552, 'L'),
(2, 553, 'L'),
(2, 554, 'L'),
(2, 555, 'L'),
(2, 556, 'L'),
(2, 557, 'L'),
(2, 558, 'L'),
(2, 559, 'L'),
(2, 560, 'L'),
(2, 561, 'L'),
(2, 562, 'L'),
(2, 563, 'L'),
(2, 564, 'L'),
(2, 565, 'L'),
(2, 566, 'L'),
(2, 567, 'L'),
(2, 568, 'L'),
(2, 569, 'L'),
(2, 570, 'L'),
(2, 571, 'L'),
(2, 572, 'L'),
(2, 573, 'L'),
(2, 574, 'L'),
(2, 575, 'L'),
(2, 576, 'L'),
(2, 577, 'L'),
(2, 578, 'L'),
(2, 579, 'L'),
(2, 580, 'L'),
(2, 581, 'L'),
(2, 582, 'L'),
(2, 583, 'L'),
(2, 584, 'L'),
(2, 585, 'L'),
(2, 586, 'L'),
(2, 587, 'L'),
(2, 588, 'L'),
(2, 589, 'L'),
(2, 590, 'L'),
(2, 591, 'L'),
(2, 592, 'L'),
(2, 593, 'L'),
(2, 594, 'L'),
(2, 595, 'L'),
(2, 596, 'L'),
(2, 597, 'L'),
(2, 598, 'L'),
(2, 599, 'L'),
(2, 600, 'L'),
(2, 601, 'L'),
(2, 602, 'L'),
(2, 603, 'L'),
(2, 604, 'L'),
(2, 605, 'L'),
(2, 606, 'L'),
(2, 607, 'L'),
(2, 608, 'L'),
(2, 609, 'L'),
(2, 610, 'L'),
(2, 611, 'L'),
(2, 612, 'L'),
(2, 613, 'L'),
(2, 614, 'L'),
(2, 615, 'L'),
(2, 616, 'L'),
(2, 617, 'L'),
(2, 618, 'L'),
(2, 619, 'L'),
(2, 620, 'L'),
(2, 621, 'L'),
(2, 622, 'L'),
(2, 623, 'L'),
(2, 624, 'L'),
(2, 625, 'L'),
(2, 626, 'L'),
(2, 627, 'L'),
(2, 628, 'L'),
(2, 629, 'L'),
(2, 630, 'L'),
(2, 631, 'L'),
(2, 632, 'L'),
(2, 633, 'L'),
(2, 634, 'L'),
(2, 635, 'L'),
(2, 636, 'L'),
(2, 637, 'L'),
(2, 638, 'L'),
(2, 639, 'L'),
(2, 640, 'L'),
(2, 641, 'L'),
(2, 642, 'L'),
(2, 643, 'L'),
(2, 644, 'L'),
(2, 645, 'L'),
(2, 646, 'L'),
(2, 647, 'L'),
(2, 648, 'L'),
(2, 649, 'L'),
(2, 650, 'L'),
(2, 651, 'L'),
(2, 652, 'L'),
(2, 653, 'L'),
(2, 654, 'L'),
(2, 655, 'L'),
(2, 656, 'L'),
(2, 657, 'L'),
(2, 658, 'L'),
(2, 659, 'L'),
(2, 660, 'L'),
(2, 661, 'L'),
(2, 662, 'L'),
(2, 663, 'L'),
(2, 664, 'L'),
(2, 665, 'L'),
(2, 666, 'L'),
(2, 667, 'L'),
(2, 668, 'L'),
(2, 669, 'L'),
(2, 670, 'L'),
(2, 671, 'L'),
(2, 672, 'L'),
(2, 673, 'L'),
(2, 674, 'L'),
(2, 675, 'L'),
(2, 676, 'L'),
(2, 677, 'L'),
(2, 678, 'L'),
(2, 679, 'L'),
(2, 680, 'L'),
(2, 681, 'L'),
(2, 682, 'L'),
(2, 683, 'L'),
(2, 684, 'L'),
(2, 685, 'L'),
(2, 686, 'L'),
(2, 687, 'L'),
(2, 688, 'L'),
(2, 689, 'L'),
(2, 690, 'L'),
(2, 691, 'L'),
(2, 692, 'L'),
(2, 693, 'L'),
(2, 694, 'L'),
(2, 695, 'L'),
(2, 696, 'L'),
(2, 697, 'L'),
(2, 698, 'L'),
(2, 699, 'L'),
(2, 700, 'L'),
(2, 701, 'L'),
(2, 702, 'L'),
(2, 703, 'L'),
(2, 704, 'L'),
(2, 705, 'L'),
(2, 706, 'L'),
(2, 707, 'L'),
(2, 708, 'L'),
(2, 709, 'L'),
(2, 710, 'L'),
(2, 711, 'L'),
(2, 712, 'L'),
(2, 713, 'L'),
(2, 714, 'L'),
(2, 715, 'L'),
(2, 716, 'L'),
(2, 717, 'L'),
(2, 718, 'L'),
(2, 719, 'L'),
(2, 720, 'L'),
(2, 721, 'L'),
(2, 722, 'L'),
(2, 723, 'L'),
(2, 724, 'L'),
(2, 725, 'L'),
(2, 726, 'L'),
(2, 727, 'L'),
(2, 728, 'L'),
(2, 729, 'L'),
(2, 730, 'L'),
(2, 731, 'L'),
(2, 732, 'L'),
(2, 733, 'L'),
(2, 734, 'L'),
(2, 735, 'L'),
(2, 736, 'L'),
(2, 737, 'L'),
(2, 738, 'L'),
(2, 739, 'L'),
(2, 740, 'L'),
(2, 741, 'L'),
(2, 742, 'L'),
(2, 743, 'L'),
(2, 744, 'L'),
(2, 745, 'L'),
(2, 746, 'L'),
(2, 747, 'L'),
(2, 748, 'L'),
(2, 749, 'L'),
(2, 750, 'L'),
(2, 751, 'L'),
(2, 752, 'L'),
(2, 753, 'L'),
(2, 754, 'L'),
(2, 755, 'L'),
(2, 756, 'L'),
(2, 757, 'L'),
(2, 758, 'L'),
(2, 759, 'L'),
(2, 760, 'L'),
(2, 761, 'L'),
(2, 762, 'L'),
(2, 763, 'L'),
(2, 764, 'L'),
(2, 765, 'L'),
(2, 766, 'L'),
(2, 767, 'L'),
(2, 768, 'L'),
(2, 769, 'L'),
(2, 770, 'L'),
(2, 771, 'L'),
(2, 772, 'L'),
(2, 773, 'L'),
(2, 774, 'L'),
(2, 775, 'L'),
(2, 776, 'L'),
(2, 777, 'L'),
(2, 778, 'L'),
(2, 779, 'L'),
(2, 780, 'L'),
(2, 781, 'L'),
(2, 782, 'L'),
(2, 783, 'L'),
(2, 784, 'L'),
(2, 785, 'L'),
(2, 786, 'L'),
(2, 787, 'L'),
(2, 788, 'L'),
(2, 789, 'L'),
(2, 790, 'L'),
(2, 791, 'L'),
(2, 792, 'L'),
(2, 793, 'L'),
(2, 794, 'L'),
(2, 795, 'L'),
(2, 796, 'L'),
(2, 797, 'L'),
(2, 798, 'L'),
(2, 799, 'L'),
(2, 800, 'L'),
(2, 801, 'L'),
(2, 802, 'L'),
(2, 803, 'L'),
(2, 804, 'L'),
(2, 805, 'L'),
(2, 806, 'L'),
(2, 807, 'L'),
(2, 808, 'L'),
(2, 809, 'L'),
(2, 810, 'L'),
(2, 811, 'L'),
(2, 812, 'L'),
(2, 813, 'L'),
(2, 814, 'L'),
(2, 815, 'L'),
(2, 816, 'L'),
(2, 817, 'L'),
(2, 818, 'L'),
(2, 819, 'L'),
(2, 820, 'L'),
(2, 821, 'L'),
(2, 822, 'L'),
(2, 823, 'L'),
(2, 824, 'L'),
(2, 825, 'L'),
(2, 826, 'L'),
(2, 827, 'L'),
(2, 828, 'L'),
(2, 829, 'L'),
(2, 830, 'L'),
(2, 831, 'L'),
(2, 832, 'L'),
(2, 833, 'L'),
(2, 834, 'L'),
(2, 835, 'L'),
(2, 836, 'L'),
(2, 837, 'L'),
(2, 838, 'L'),
(2, 839, 'L'),
(2, 840, 'L'),
(2, 841, 'L'),
(2, 842, 'L'),
(2, 843, 'L'),
(2, 844, 'L'),
(2, 845, 'L'),
(2, 846, 'L'),
(2, 847, 'L'),
(2, 848, 'L'),
(2, 849, 'L'),
(2, 850, 'L'),
(2, 851, 'L'),
(2, 852, 'L'),
(2, 853, 'L'),
(2, 854, 'L'),
(2, 855, 'L'),
(2, 856, 'L'),
(2, 857, 'L'),
(2, 858, 'L'),
(2, 859, 'L'),
(2, 860, 'L'),
(2, 861, 'L'),
(2, 862, 'L'),
(2, 863, 'L'),
(2, 864, 'L'),
(2, 865, 'L'),
(2, 866, 'L'),
(2, 867, 'L'),
(2, 868, 'L'),
(2, 869, 'L'),
(2, 870, 'L'),
(2, 871, 'L'),
(2, 872, 'L'),
(2, 873, 'L'),
(2, 874, 'L'),
(2, 875, 'L'),
(2, 876, 'L'),
(2, 877, 'L'),
(2, 878, 'L'),
(2, 879, 'L'),
(2, 880, 'L'),
(2, 881, 'L'),
(2, 882, 'L'),
(2, 883, 'L'),
(2, 884, 'L'),
(2, 885, 'L'),
(2, 886, 'L'),
(2, 887, 'L'),
(2, 888, 'L'),
(2, 889, 'L'),
(2, 890, 'L'),
(2, 891, 'L'),
(2, 892, 'L'),
(2, 893, 'L'),
(2, 894, 'L'),
(2, 895, 'L'),
(2, 896, 'L'),
(2, 897, 'L'),
(2, 898, 'L'),
(2, 899, 'L'),
(2, 900, 'L'),
(2, 901, 'L'),
(2, 902, 'L'),
(2, 903, 'L'),
(2, 904, 'L'),
(2, 905, 'L'),
(2, 906, 'L'),
(2, 907, 'L'),
(2, 908, 'L'),
(2, 909, 'L'),
(2, 910, 'L'),
(2, 911, 'L'),
(2, 912, 'L'),
(2, 913, 'L'),
(2, 914, 'L'),
(2, 915, 'L'),
(2, 916, 'L'),
(2, 917, 'L'),
(2, 918, 'L'),
(2, 919, 'L'),
(2, 920, 'L'),
(2, 921, 'L'),
(2, 922, 'L'),
(2, 923, 'L'),
(2, 924, 'L'),
(2, 925, 'L'),
(2, 926, 'L'),
(2, 927, 'L'),
(2, 928, 'L'),
(2, 929, 'L'),
(2, 930, 'L'),
(2, 931, 'L'),
(2, 932, 'L'),
(2, 933, 'L'),
(2, 934, 'L'),
(2, 935, 'L'),
(2, 936, 'L'),
(2, 937, 'L'),
(2, 938, 'L'),
(2, 939, 'L'),
(2, 940, 'L'),
(2, 941, 'L'),
(2, 942, 'L'),
(2, 943, 'L'),
(2, 944, 'L'),
(2, 945, 'L'),
(2, 946, 'L'),
(2, 947, 'L'),
(2, 948, 'L'),
(2, 949, 'L'),
(2, 950, 'L'),
(2, 951, 'L'),
(2, 952, 'L'),
(2, 953, 'L'),
(2, 954, 'L'),
(2, 955, 'L'),
(2, 956, 'L'),
(2, 957, 'L'),
(2, 958, 'L'),
(2, 959, 'L'),
(2, 960, 'L'),
(2, 961, 'L'),
(2, 962, 'L'),
(2, 963, 'L'),
(2, 964, 'L'),
(2, 965, 'L'),
(2, 966, 'L'),
(2, 967, 'L'),
(2, 968, 'L'),
(2, 969, 'L'),
(2, 970, 'L'),
(2, 971, 'L'),
(2, 972, 'L'),
(2, 973, 'L'),
(2, 974, 'L'),
(2, 975, 'L'),
(2, 976, 'L'),
(2, 977, 'L'),
(2, 978, 'L'),
(2, 979, 'L'),
(2, 980, 'L'),
(2, 981, 'L'),
(2, 982, 'L'),
(2, 983, 'L'),
(2, 984, 'L'),
(2, 985, 'L'),
(2, 986, 'L'),
(2, 987, 'L'),
(2, 988, 'L'),
(2, 989, 'L'),
(2, 990, 'L'),
(2, 991, 'L'),
(2, 992, 'L'),
(2, 993, 'L'),
(2, 994, 'L'),
(2, 995, 'L'),
(2, 996, 'L'),
(2, 997, 'L'),
(2, 998, 'L'),
(2, 999, 'L'),
(2, 1000, 'L'),
(2, 1001, 'L'),
(2, 1002, 'L'),
(2, 1003, 'L'),
(2, 1004, 'L'),
(2, 1005, 'L'),
(2, 1006, 'L'),
(2, 1007, 'L'),
(2, 1008, 'L'),
(2, 1009, 'L'),
(2, 1010, 'L'),
(2, 1011, 'L'),
(2, 1012, 'L'),
(2, 1013, 'L'),
(2, 1014, 'L'),
(2, 1015, 'L'),
(2, 1016, 'L'),
(2, 1017, 'L'),
(2, 1018, 'L'),
(2, 1019, 'L'),
(2, 1020, 'L'),
(2, 1021, 'L'),
(2, 1022, 'L'),
(2, 1023, 'L'),
(2, 1024, 'L'),
(2, 1025, 'L'),
(2, 1026, 'L'),
(2, 1027, 'L'),
(2, 1028, 'L'),
(2, 1029, 'L'),
(2, 1030, 'L'),
(2, 1031, 'L'),
(2, 1032, 'L'),
(2, 1033, 'L'),
(2, 1034, 'L'),
(2, 1035, 'L'),
(2, 1036, 'L'),
(2, 1037, 'L'),
(2, 1038, 'L'),
(2, 1039, 'L'),
(2, 1040, 'L'),
(2, 1041, 'L'),
(2, 1042, 'L'),
(2, 1043, 'L'),
(2, 1044, 'L'),
(2, 1045, 'L'),
(2, 1046, 'L'),
(2, 1047, 'L'),
(2, 1048, 'L'),
(2, 1049, 'L'),
(2, 1050, 'L'),
(2, 1051, 'L'),
(2, 1052, 'L'),
(2, 1053, 'L'),
(2, 1054, 'L'),
(2, 1055, 'L'),
(2, 1056, 'L'),
(2, 1057, 'L'),
(2, 1058, 'L'),
(2, 1059, 'L'),
(2, 1060, 'L'),
(2, 1061, 'L'),
(2, 1062, 'L'),
(2, 1063, 'L'),
(2, 1064, 'L'),
(2, 1065, 'L'),
(2, 1066, 'L'),
(2, 1067, 'L'),
(2, 1068, 'L'),
(2, 1069, 'L'),
(2, 1070, 'L'),
(2, 1071, 'L'),
(2, 1072, 'L'),
(2, 1073, 'L'),
(2, 1074, 'L'),
(2, 1075, 'L'),
(2, 1076, 'L'),
(2, 1077, 'L'),
(2, 1078, 'L'),
(2, 1079, 'L'),
(2, 1080, 'L'),
(2, 1081, 'L'),
(2, 1082, 'L'),
(2, 1083, 'L'),
(2, 1084, 'L'),
(2, 1085, 'L'),
(2, 1086, 'L'),
(2, 1087, 'L'),
(2, 1088, 'L'),
(2, 1089, 'L'),
(2, 1090, 'L'),
(2, 1091, 'L'),
(2, 1092, 'L'),
(2, 1093, 'L'),
(2, 1094, 'L'),
(2, 1095, 'L'),
(2, 1096, 'L'),
(2, 1097, 'L'),
(2, 1098, 'L'),
(2, 1099, 'L'),
(2, 1100, 'L'),
(2, 1101, 'L'),
(2, 1102, 'L'),
(2, 1103, 'L'),
(2, 1104, 'L'),
(2, 1105, 'L'),
(2, 1106, 'L'),
(2, 1107, 'L'),
(2, 1108, 'L'),
(2, 1109, 'L'),
(2, 1110, 'L'),
(2, 1111, 'L'),
(2, 1112, 'L'),
(2, 1113, 'L'),
(2, 1114, 'L'),
(2, 1115, 'L'),
(2, 1116, 'L'),
(2, 1117, 'L'),
(2, 1118, 'L'),
(2, 1119, 'L'),
(2, 1120, 'L'),
(2, 1121, 'L'),
(2, 1122, 'L'),
(2, 1123, 'L'),
(2, 1124, 'L'),
(2, 1125, 'L'),
(2, 1126, 'L'),
(2, 1127, 'L'),
(2, 1128, 'L'),
(2, 1129, 'L'),
(2, 1130, 'L'),
(2, 1131, 'L'),
(2, 1132, 'L'),
(2, 1133, 'L'),
(2, 1134, 'L'),
(2, 1135, 'L'),
(2, 1136, 'L'),
(2, 1137, 'L'),
(2, 1138, 'L'),
(2, 1139, 'L'),
(2, 1140, 'L'),
(2, 1141, 'L'),
(2, 1142, 'L'),
(2, 1143, 'L'),
(2, 1144, 'L'),
(2, 1145, 'L'),
(2, 1146, 'L'),
(2, 1147, 'L'),
(2, 1148, 'L'),
(2, 1149, 'L'),
(2, 1150, 'L'),
(2, 1151, 'L'),
(2, 1152, 'L'),
(2, 1153, 'L'),
(2, 1154, 'L'),
(2, 1155, 'L'),
(2, 1156, 'L'),
(2, 1157, 'L'),
(2, 1158, 'L'),
(2, 1159, 'L'),
(2, 1160, 'L'),
(2, 1161, 'L'),
(2, 1162, 'L'),
(2, 1163, 'L'),
(2, 1164, 'L'),
(2, 1165, 'L'),
(2, 1166, 'L'),
(2, 1167, 'L'),
(2, 1168, 'L'),
(2, 1169, 'L'),
(2, 1170, 'L'),
(2, 1171, 'L'),
(2, 1172, 'L'),
(2, 1173, 'L'),
(2, 1174, 'L'),
(2, 1175, 'L'),
(2, 1176, 'L'),
(2, 1177, 'L'),
(2, 1178, 'L'),
(2, 1179, 'L'),
(2, 1180, 'L'),
(2, 1181, 'L'),
(2, 1182, 'L'),
(2, 1183, 'L'),
(2, 1184, 'L'),
(2, 1185, 'L'),
(2, 1186, 'L'),
(2, 1187, 'L'),
(2, 1188, 'L'),
(2, 1189, 'L'),
(2, 1190, 'L'),
(2, 1191, 'L'),
(2, 1192, 'L'),
(2, 1193, 'L'),
(2, 1194, 'L'),
(2, 1195, 'L'),
(2, 1196, 'L'),
(2, 1197, 'L'),
(2, 1198, 'L'),
(2, 1199, 'L'),
(2, 1200, 'L'),
(2, 1201, 'L'),
(2, 1202, 'L'),
(2, 1203, 'L'),
(2, 1204, 'L'),
(2, 1205, 'L'),
(2, 1206, 'L'),
(2, 1207, 'L'),
(2, 1208, 'L'),
(2, 1209, 'L'),
(2, 1210, 'L'),
(2, 1211, 'L'),
(2, 1212, 'L'),
(2, 1213, 'L'),
(2, 1214, 'L'),
(2, 1215, 'L'),
(2, 1216, 'L'),
(2, 1217, 'L'),
(2, 1218, 'L'),
(2, 1219, 'L'),
(2, 1220, 'L'),
(2, 1221, 'L'),
(2, 1222, 'L'),
(2, 1223, 'L'),
(2, 1224, 'L'),
(2, 1225, 'L'),
(2, 1226, 'L'),
(2, 1227, 'L'),
(2, 1228, 'L'),
(2, 1229, 'L'),
(2, 1230, 'L'),
(2, 1231, 'L'),
(2, 1232, 'L'),
(2, 1233, 'L'),
(2, 1234, 'L'),
(2, 1235, 'L'),
(2, 1236, 'L'),
(2, 1237, 'L'),
(2, 1238, 'L'),
(2, 1239, 'L'),
(2, 1240, 'L'),
(2, 1241, 'L'),
(2, 1242, 'L'),
(2, 1243, 'L'),
(2, 1244, 'L'),
(2, 1245, 'L'),
(2, 1246, 'L'),
(2, 1247, 'L'),
(2, 1248, 'L'),
(2, 1249, 'L'),
(2, 1250, 'L'),
(2, 1251, 'L'),
(2, 1252, 'L'),
(2, 1253, 'L'),
(2, 1254, 'L'),
(2, 1255, 'L'),
(2, 1256, 'L'),
(2, 1257, 'L'),
(2, 1258, 'L'),
(2, 1259, 'L'),
(2, 1260, 'L'),
(2, 1261, 'L'),
(2, 1262, 'L'),
(2, 1263, 'L'),
(2, 1264, 'L'),
(2, 1265, 'L'),
(2, 1266, 'L'),
(2, 1267, 'L'),
(2, 1268, 'L'),
(2, 1269, 'L'),
(2, 1270, 'L'),
(2, 1271, 'L'),
(2, 1272, 'L'),
(2, 1273, 'L'),
(2, 1274, 'L'),
(2, 1275, 'L'),
(2, 1276, 'L'),
(2, 1277, 'L'),
(2, 1278, 'L'),
(2, 1279, 'L'),
(2, 1280, 'L'),
(2, 1281, 'L'),
(2, 1282, 'L'),
(2, 1283, 'L'),
(2, 1284, 'L'),
(2, 1285, 'L'),
(2, 1286, 'L'),
(2, 1287, 'L'),
(2, 1288, 'L'),
(2, 1289, 'L'),
(2, 1290, 'L'),
(2, 1291, 'L'),
(2, 1292, 'L'),
(2, 1293, 'L'),
(2, 1294, 'L'),
(2, 1295, 'L'),
(2, 1296, 'L'),
(2, 1297, 'L'),
(2, 1298, 'L'),
(2, 1299, 'L'),
(2, 1300, 'L'),
(2, 1301, 'L'),
(2, 1302, 'L'),
(2, 1303, 'L'),
(2, 1304, 'L'),
(2, 1305, 'L'),
(2, 1306, 'L'),
(2, 1307, 'L'),
(2, 1308, 'L'),
(2, 1309, 'L'),
(2, 1310, 'L'),
(2, 1311, 'L'),
(2, 1312, 'L'),
(2, 1313, 'L'),
(2, 1314, 'L'),
(2, 1315, 'L'),
(2, 1316, 'L'),
(2, 1317, 'L'),
(2, 1318, 'L'),
(2, 1319, 'L'),
(2, 1320, 'L'),
(2, 1321, 'L'),
(2, 1322, 'L'),
(2, 1323, 'L'),
(2, 1324, 'L'),
(2, 1325, 'L'),
(2, 1326, 'L'),
(2, 1327, 'L'),
(2, 1328, 'L'),
(2, 1329, 'L'),
(2, 1330, 'L'),
(2, 1331, 'L'),
(2, 1332, 'L'),
(2, 1333, 'L'),
(2, 1334, 'L'),
(2, 1335, 'L');

-- --------------------------------------------------------

--
-- Структура таблицы `b_sale_delivery2paysystem`
--

CREATE TABLE IF NOT EXISTS `b_sale_delivery2paysystem` (
  `DELIVERY_ID` varchar(35) NOT NULL,
  `DELIVERY_PROFILE_ID` varchar(35) DEFAULT NULL,
  `PAYSYSTEM_ID` int(11) NOT NULL,
  KEY `IX_DELIVERY` (`DELIVERY_ID`),
  KEY `IX_PAYSYSTEM` (`PAYSYSTEM_ID`)
) ENGINE=MyISAM DEFAULT CHARSET=cp1251;

-- --------------------------------------------------------

--
-- Структура таблицы `b_sale_delivery_handler`
--

CREATE TABLE IF NOT EXISTS `b_sale_delivery_handler` (
  `ID` int(11) NOT NULL AUTO_INCREMENT,
  `LID` char(2) DEFAULT '',
  `ACTIVE` char(1) DEFAULT 'Y',
  `HID` varchar(50) NOT NULL DEFAULT '',
  `NAME` varchar(255) NOT NULL DEFAULT '',
  `SORT` int(11) NOT NULL DEFAULT '100',
  `DESCRIPTION` text,
  `HANDLER` varchar(255) NOT NULL DEFAULT '',
  `SETTINGS` text,
  `PROFILES` text,
  `TAX_RATE` double DEFAULT '0',
  `LOGOTIP` int(11) DEFAULT NULL,
  `BASE_CURRENCY` varchar(3) DEFAULT NULL,
  PRIMARY KEY (`ID`),
  KEY `IX_HID` (`HID`)
) ENGINE=MyISAM  DEFAULT CHARSET=cp1251 AUTO_INCREMENT=7 ;

--
-- Дамп данных таблицы `b_sale_delivery_handler`
--

INSERT INTO `b_sale_delivery_handler` (`ID`, `LID`, `ACTIVE`, `HID`, `NAME`, `SORT`, `DESCRIPTION`, `HANDLER`, `SETTINGS`, `PROFILES`, `TAX_RATE`, `LOGOTIP`, `BASE_CURRENCY`) VALUES
(1, '', 'N', 'cpcr', 'СПСР-Экспресс', 100, 'Срочная доставка почты', '/bitrix/modules/sale/ru/delivery/delivery_cpcr.php', NULL, '', 0, 920, ''),
(2, '', 'N', 'russianpost', 'Почта России (расчёт на основании данных с сервера почты)', 200, '', '/bitrix/modules/sale/ru/delivery/delivery_russianpost.php', NULL, '', 0, 921, ''),
(3, '', 'N', 'rus_post', 'Почта России (расчёт на основании табличных данных)', 400, '', '/bitrix/modules/sale/ru/delivery/delivery_rus_post.php', NULL, '', 0, 922, ''),
(4, '', 'N', 'rus_post_first', 'Отправления 1 класса', 500, '', '/bitrix/modules/sale/ru/delivery/delivery_rus_post_first.php', NULL, '', 0, 923, ''),
(5, '', 'N', 'ups', 'UPS', 300, 'международная доставка', '/bitrix/modules/sale/delivery/delivery_ups.php', NULL, '', 0, 924, ''),
(6, '', 'N', 'dhlusa', 'DHL (USA)', 300, 'международная доставка', '/bitrix/modules/sale/delivery/delivery_dhl_usa.php', NULL, '', 0, 925, '');

-- --------------------------------------------------------

--
-- Структура таблицы `b_sale_discount`
--

CREATE TABLE IF NOT EXISTS `b_sale_discount` (
  `ID` int(11) NOT NULL AUTO_INCREMENT,
  `XML_ID` varchar(255) DEFAULT NULL,
  `LID` char(2) NOT NULL,
  `NAME` varchar(255) DEFAULT NULL,
  `PRICE_FROM` decimal(18,2) DEFAULT NULL,
  `PRICE_TO` decimal(18,2) DEFAULT NULL,
  `CURRENCY` char(3) DEFAULT NULL,
  `DISCOUNT_VALUE` decimal(18,2) NOT NULL,
  `DISCOUNT_TYPE` char(1) NOT NULL DEFAULT 'P',
  `ACTIVE` char(1) NOT NULL DEFAULT 'Y',
  `SORT` int(11) NOT NULL DEFAULT '100',
  `ACTIVE_FROM` datetime DEFAULT NULL,
  `ACTIVE_TO` datetime DEFAULT NULL,
  `TIMESTAMP_X` datetime DEFAULT NULL,
  `MODIFIED_BY` int(18) DEFAULT NULL,
  `DATE_CREATE` datetime DEFAULT NULL,
  `CREATED_BY` int(18) DEFAULT NULL,
  `PRIORITY` int(18) NOT NULL DEFAULT '1',
  `LAST_DISCOUNT` char(1) NOT NULL DEFAULT 'Y',
  `VERSION` int(11) NOT NULL DEFAULT '1',
  `CONDITIONS` mediumtext,
  `UNPACK` mediumtext,
  `ACTIONS` mediumtext,
  `APPLICATION` mediumtext,
  `USE_COUPONS` char(1) NOT NULL DEFAULT 'N',
  PRIMARY KEY (`ID`),
  KEY `IXS_DISCOUNT_LID` (`LID`),
  KEY `IX_SSD_ACTIVE_DATE` (`ACTIVE_FROM`,`ACTIVE_TO`)
) ENGINE=MyISAM DEFAULT CHARSET=cp1251 AUTO_INCREMENT=1 ;

-- --------------------------------------------------------

--
-- Структура таблицы `b_sale_discount_group`
--

CREATE TABLE IF NOT EXISTS `b_sale_discount_group` (
  `ID` int(11) NOT NULL AUTO_INCREMENT,
  `DISCOUNT_ID` int(11) NOT NULL,
  `GROUP_ID` int(11) NOT NULL,
  PRIMARY KEY (`ID`),
  UNIQUE KEY `IX_S_DISGRP` (`DISCOUNT_ID`,`GROUP_ID`),
  UNIQUE KEY `IX_S_DISGRP_G` (`GROUP_ID`,`DISCOUNT_ID`),
  KEY `IX_S_DISGRP_D` (`DISCOUNT_ID`)
) ENGINE=MyISAM DEFAULT CHARSET=cp1251 AUTO_INCREMENT=1 ;

-- --------------------------------------------------------

--
-- Структура таблицы `b_sale_export`
--

CREATE TABLE IF NOT EXISTS `b_sale_export` (
  `ID` int(11) NOT NULL AUTO_INCREMENT,
  `PERSON_TYPE_ID` int(11) NOT NULL,
  `VARS` text,
  PRIMARY KEY (`ID`)
) ENGINE=MyISAM  DEFAULT CHARSET=cp1251 AUTO_INCREMENT=3 ;

--
-- Дамп данных таблицы `b_sale_export`
--

INSERT INTO `b_sale_export` (`ID`, `PERSON_TYPE_ID`, `VARS`) VALUES
(1, 1, 'a:12:{s:10:"AGENT_NAME";a:2:{s:4:"TYPE";s:8:"PROPERTY";s:5:"VALUE";i:1;}s:9:"FULL_NAME";a:2:{s:4:"TYPE";s:8:"PROPERTY";s:5:"VALUE";i:1;}s:7:"SURNAME";a:2:{s:4:"TYPE";s:4:"USER";s:5:"VALUE";s:9:"LAST_NAME";}s:4:"NAME";a:2:{s:4:"TYPE";s:4:"USER";s:5:"VALUE";s:4:"NAME";}s:12:"ADDRESS_FULL";a:2:{s:4:"TYPE";s:8:"PROPERTY";s:5:"VALUE";i:7;}s:5:"INDEX";a:2:{s:4:"TYPE";s:8:"PROPERTY";s:5:"VALUE";i:4;}s:7:"COUNTRY";a:2:{s:4:"TYPE";s:8:"PROPERTY";s:5:"VALUE";s:9:"6_COUNTRY";}s:4:"CITY";a:2:{s:4:"TYPE";s:8:"PROPERTY";s:5:"VALUE";s:6:"6_CITY";}s:6:"STREET";a:2:{s:4:"TYPE";s:8:"PROPERTY";s:5:"VALUE";i:7;}s:5:"EMAIL";a:2:{s:4:"TYPE";s:8:"PROPERTY";s:5:"VALUE";i:2;}s:14:"CONTACT_PERSON";a:2:{s:4:"TYPE";s:8:"PROPERTY";s:5:"VALUE";N;}s:6:"IS_FIZ";s:1:"Y";}'),
(2, 2, 'a:17:{s:10:"AGENT_NAME";a:2:{s:4:"TYPE";s:8:"PROPERTY";s:5:"VALUE";i:8;}s:9:"FULL_NAME";a:2:{s:4:"TYPE";s:8:"PROPERTY";s:5:"VALUE";i:8;}s:12:"ADDRESS_FULL";a:2:{s:4:"TYPE";s:8:"PROPERTY";s:5:"VALUE";i:9;}s:7:"COUNTRY";a:2:{s:4:"TYPE";s:8:"PROPERTY";s:5:"VALUE";s:10:"18_COUNTRY";}s:4:"CITY";a:2:{s:4:"TYPE";s:8:"PROPERTY";s:5:"VALUE";s:7:"18_CITY";}s:6:"STREET";a:2:{s:4:"TYPE";s:8:"PROPERTY";s:5:"VALUE";i:9;}s:3:"INN";a:2:{s:4:"TYPE";s:8:"PROPERTY";s:5:"VALUE";i:10;}s:3:"KPP";a:2:{s:4:"TYPE";s:8:"PROPERTY";s:5:"VALUE";i:11;}s:5:"PHONE";a:2:{s:4:"TYPE";s:8:"PROPERTY";s:5:"VALUE";i:14;}s:5:"EMAIL";a:2:{s:4:"TYPE";s:8:"PROPERTY";s:5:"VALUE";i:13;}s:14:"CONTACT_PERSON";a:2:{s:4:"TYPE";s:8:"PROPERTY";s:5:"VALUE";N;}s:14:"F_ADDRESS_FULL";a:2:{s:4:"TYPE";s:8:"PROPERTY";s:5:"VALUE";i:19;}s:9:"F_COUNTRY";a:2:{s:4:"TYPE";s:8:"PROPERTY";s:5:"VALUE";s:10:"18_COUNTRY";}s:6:"F_CITY";a:2:{s:4:"TYPE";s:8:"PROPERTY";s:5:"VALUE";s:7:"18_CITY";}s:7:"F_INDEX";a:2:{s:4:"TYPE";s:8:"PROPERTY";s:5:"VALUE";i:16;}s:8:"F_STREET";a:2:{s:4:"TYPE";s:8:"PROPERTY";s:5:"VALUE";i:19;}s:6:"IS_FIZ";s:1:"N";}');

-- --------------------------------------------------------

--
-- Структура таблицы `b_sale_fuser`
--

CREATE TABLE IF NOT EXISTS `b_sale_fuser` (
  `ID` int(11) NOT NULL AUTO_INCREMENT,
  `DATE_INSERT` datetime NOT NULL,
  `DATE_UPDATE` datetime NOT NULL,
  `USER_ID` int(11) DEFAULT NULL,
  `CODE` varchar(32) DEFAULT NULL,
  PRIMARY KEY (`ID`),
  KEY `IX_USER_ID` (`USER_ID`),
  KEY `IX_CODE` (`CODE`)
) ENGINE=MyISAM  DEFAULT CHARSET=cp1251 AUTO_INCREMENT=20 ;

--
-- Дамп данных таблицы `b_sale_fuser`
--

INSERT INTO `b_sale_fuser` (`ID`, `DATE_INSERT`, `DATE_UPDATE`, `USER_ID`, `CODE`) VALUES
(1, '2014-08-07 06:48:03', '2014-08-20 05:26:46', 1, '25ffd0809abdcecf79125ebe2d496082'),
(2, '2014-08-07 07:55:51', '2014-08-07 07:55:51', NULL, '5969aba64e760e58a818f9205eb697b0'),
(3, '2014-08-07 07:59:00', '2014-08-07 07:59:00', NULL, 'd3679a4ddd46267d1b60b08731798c20'),
(4, '2014-08-07 08:08:31', '2014-08-07 08:08:31', NULL, '66ef2a92f482f111ee148016b5342239'),
(5, '2014-08-12 13:14:44', '2014-08-12 13:14:44', NULL, 'f000e682f3ca7ef94173819f7a6dfbcd'),
(6, '2014-08-13 06:37:53', '2014-08-13 06:37:53', NULL, 'eff4db596c0675154c92fc95593a048d'),
(7, '2014-08-13 07:30:17', '2014-08-13 07:30:17', NULL, 'ee2ebc987048780c7992acbb20632d10'),
(8, '2014-08-13 13:10:33', '2014-08-13 13:10:33', NULL, '596388b8b52ddd5e56acc5b890d68412'),
(9, '2014-08-13 13:11:07', '2014-08-13 13:11:07', NULL, 'c8b3cc82ab8f1c8e5e176aef82446353'),
(10, '2014-08-13 13:12:07', '2014-08-13 13:12:07', NULL, 'd59942001a6dd585525f72b940dfabb1'),
(11, '2014-08-13 19:25:04', '2014-08-13 19:25:04', NULL, 'd5bb2dac79218e41cc06e29b8bb6a2a4'),
(12, '2014-08-13 19:36:17', '2014-08-13 19:36:17', NULL, '52339a417f64980240a599c1bb5a5249'),
(14, '2014-08-14 08:50:44', '2014-08-14 08:50:44', NULL, '5101781e848e7313f2543f107c63ca53'),
(15, '2014-08-14 18:29:58', '2014-08-14 18:29:58', NULL, 'de1f2654225279ddca5d754af5a68ddb'),
(16, '2014-08-14 18:30:26', '2014-08-14 18:30:26', NULL, '209f4ec0ec03d1863e3d24dc0f8e33ff'),
(17, '2014-08-14 18:48:41', '2014-08-14 18:48:41', NULL, '413ff235c77cd95d3af597d019238252'),
(18, '2014-08-18 11:27:57', '2014-08-18 11:27:57', NULL, '16a7c01a46c36e627f4495846c760385');

-- --------------------------------------------------------

--
-- Структура таблицы `b_sale_lang`
--

CREATE TABLE IF NOT EXISTS `b_sale_lang` (
  `LID` char(2) NOT NULL,
  `CURRENCY` char(3) NOT NULL,
  PRIMARY KEY (`LID`)
) ENGINE=MyISAM DEFAULT CHARSET=cp1251;

--
-- Дамп данных таблицы `b_sale_lang`
--

INSERT INTO `b_sale_lang` (`LID`, `CURRENCY`) VALUES
('s1', 'RUB');

-- --------------------------------------------------------

--
-- Структура таблицы `b_sale_location`
--

CREATE TABLE IF NOT EXISTS `b_sale_location` (
  `ID` int(11) NOT NULL AUTO_INCREMENT,
  `COUNTRY_ID` int(11) NOT NULL,
  `REGION_ID` int(11) DEFAULT NULL,
  `CITY_ID` int(11) DEFAULT NULL,
  `SORT` int(11) NOT NULL DEFAULT '100',
  `LOC_DEFAULT` char(1) NOT NULL DEFAULT 'N',
  PRIMARY KEY (`ID`),
  KEY `IXS_LOCATION_COUNTRY_ID` (`COUNTRY_ID`),
  KEY `IXS_LOCATION_REGION_ID` (`REGION_ID`),
  KEY `IXS_LOCATION_CITY_ID` (`CITY_ID`)
) ENGINE=MyISAM  DEFAULT CHARSET=cp1251 AUTO_INCREMENT=1336 ;

--
-- Дамп данных таблицы `b_sale_location`
--

INSERT INTO `b_sale_location` (`ID`, `COUNTRY_ID`, `REGION_ID`, `CITY_ID`, `SORT`, `LOC_DEFAULT`) VALUES
(1, 1, NULL, NULL, 100, 'N'),
(2, 1, NULL, 1, 100, 'N'),
(3, 1, NULL, 2, 100, 'N'),
(4, 1, NULL, 3, 100, 'N'),
(5, 1, NULL, 4, 100, 'N'),
(6, 1, NULL, 5, 100, 'N'),
(7, 1, NULL, 6, 100, 'N'),
(8, 2, NULL, NULL, 100, 'N'),
(9, 2, NULL, 7, 100, 'N'),
(10, 2, NULL, 8, 100, 'N'),
(11, 2, NULL, 9, 100, 'N'),
(12, 2, NULL, 10, 100, 'N'),
(13, 2, NULL, 11, 100, 'N'),
(14, 2, NULL, 12, 100, 'N'),
(15, 2, NULL, 13, 100, 'N'),
(16, 3, NULL, NULL, 100, 'N'),
(17, 3, NULL, 14, 100, 'N'),
(18, 3, NULL, 15, 100, 'N'),
(19, 4, NULL, NULL, 100, 'N'),
(20, 4, 1, NULL, 100, 'N'),
(21, 4, 1, 16, 100, 'N'),
(22, 4, 1, 17, 100, 'N'),
(23, 4, 2, NULL, 100, 'N'),
(24, 4, 2, 18, 100, 'N'),
(25, 4, 2, 19, 100, 'N'),
(26, 4, 2, 20, 100, 'N'),
(27, 4, 2, 21, 100, 'N'),
(28, 4, 2, 22, 100, 'N'),
(29, 4, 2, 23, 100, 'N'),
(30, 4, 2, 24, 100, 'N'),
(31, 4, 2, 25, 100, 'N'),
(32, 4, 2, 26, 100, 'N'),
(33, 4, 2, 27, 100, 'N'),
(34, 4, 2, 28, 100, 'N'),
(35, 4, 2, 29, 100, 'N'),
(36, 4, 2, 30, 100, 'N'),
(37, 4, 2, 31, 100, 'N'),
(38, 4, 2, 32, 100, 'N'),
(39, 4, 2, 33, 100, 'N'),
(40, 4, 2, 34, 100, 'N'),
(41, 4, 2, 35, 100, 'N'),
(42, 4, 2, 36, 100, 'N'),
(43, 4, 2, 37, 100, 'N'),
(44, 4, 2, 38, 100, 'N'),
(45, 4, 3, NULL, 100, 'N'),
(46, 4, 3, 39, 100, 'N'),
(47, 4, 3, 40, 100, 'N'),
(48, 4, 3, 41, 100, 'N'),
(49, 4, 3, 42, 100, 'N'),
(50, 4, 3, 43, 100, 'N'),
(51, 4, 3, 44, 100, 'N'),
(52, 4, 4, NULL, 100, 'N'),
(53, 4, 4, 45, 100, 'N'),
(54, 4, 5, NULL, 100, 'N'),
(55, 4, 5, 46, 100, 'N'),
(56, 4, 5, 47, 100, 'N'),
(57, 4, 5, 48, 100, 'N'),
(58, 4, 5, 49, 100, 'N'),
(59, 4, 5, 50, 100, 'N'),
(60, 4, 5, 51, 100, 'N'),
(61, 4, 5, 52, 100, 'N'),
(62, 4, 5, 53, 100, 'N'),
(63, 4, 5, 54, 100, 'N'),
(64, 4, 5, 55, 100, 'N'),
(65, 4, 6, NULL, 100, 'N'),
(66, 4, 6, 56, 100, 'N'),
(67, 4, 6, 57, 100, 'N'),
(68, 4, 6, 58, 100, 'N'),
(69, 4, 6, 59, 100, 'N'),
(70, 4, 7, NULL, 100, 'N'),
(71, 4, 7, 60, 100, 'N'),
(72, 4, 7, 61, 100, 'N'),
(73, 4, 7, 62, 100, 'N'),
(74, 4, 7, 63, 100, 'N'),
(75, 4, 7, 64, 100, 'N'),
(76, 4, 7, 65, 100, 'N'),
(77, 4, 7, 66, 100, 'N'),
(78, 4, 7, 67, 100, 'N'),
(79, 4, 8, NULL, 100, 'N'),
(80, 4, 8, 68, 100, 'N'),
(81, 4, 8, 69, 100, 'N'),
(82, 4, 8, 70, 100, 'N'),
(83, 4, 9, NULL, 100, 'N'),
(84, 4, 9, 71, 100, 'N'),
(85, 4, 9, 72, 100, 'N'),
(86, 4, 9, 73, 100, 'N'),
(87, 4, 9, 74, 100, 'N'),
(88, 4, 10, NULL, 100, 'N'),
(89, 4, 10, 75, 100, 'N'),
(90, 4, 10, 76, 100, 'N'),
(91, 4, 10, 77, 100, 'N'),
(92, 4, 10, 78, 100, 'N'),
(93, 4, 10, 79, 100, 'N'),
(94, 4, 10, 80, 100, 'N'),
(95, 4, 10, 81, 100, 'N'),
(96, 4, 10, 82, 100, 'N'),
(97, 4, 10, 83, 100, 'N'),
(98, 4, 10, 84, 100, 'N'),
(99, 4, 10, 85, 100, 'N'),
(100, 4, 10, 86, 100, 'N'),
(101, 4, 10, 87, 100, 'N'),
(102, 4, 11, NULL, 100, 'N'),
(103, 4, 11, 88, 100, 'N'),
(104, 4, 11, 89, 100, 'N'),
(105, 4, 11, 90, 100, 'N'),
(106, 4, 11, 91, 100, 'N'),
(107, 4, 11, 92, 100, 'N'),
(108, 4, 11, 93, 100, 'N'),
(109, 4, 11, 94, 100, 'N'),
(110, 4, 11, 95, 100, 'N'),
(111, 4, 11, 96, 100, 'N'),
(112, 4, 11, 97, 100, 'N'),
(113, 4, 12, NULL, 100, 'N'),
(114, 4, 12, 98, 100, 'N'),
(115, 4, 12, 99, 100, 'N'),
(116, 4, 12, 100, 100, 'N'),
(117, 4, 12, 101, 100, 'N'),
(118, 4, 13, NULL, 100, 'N'),
(119, 4, 13, 102, 100, 'N'),
(120, 4, 13, 103, 100, 'N'),
(121, 4, 13, 104, 100, 'N'),
(122, 4, 13, 105, 100, 'N'),
(123, 4, 13, 106, 100, 'N'),
(124, 4, 13, 107, 100, 'N'),
(125, 4, 13, 108, 100, 'N'),
(126, 4, 14, NULL, 100, 'N'),
(127, 4, 14, 109, 100, 'N'),
(128, 4, 14, 110, 100, 'N'),
(129, 4, 14, 111, 100, 'N'),
(130, 4, 14, 112, 100, 'N'),
(131, 4, 14, 113, 100, 'N'),
(132, 4, 14, 114, 100, 'N'),
(133, 4, 14, 115, 100, 'N'),
(134, 4, 14, 116, 100, 'N'),
(135, 4, 14, 117, 100, 'N'),
(136, 4, 14, 118, 100, 'N'),
(137, 4, 14, 119, 100, 'N'),
(138, 4, 14, 120, 100, 'N'),
(139, 4, 14, 121, 100, 'N'),
(140, 4, 15, NULL, 100, 'N'),
(141, 4, 15, 122, 100, 'N'),
(142, 4, 15, 123, 100, 'N'),
(143, 4, 15, 124, 100, 'N'),
(144, 4, 15, 125, 100, 'N'),
(145, 4, 15, 126, 100, 'N'),
(146, 4, 15, 127, 100, 'N'),
(147, 4, 16, NULL, 100, 'N'),
(148, 4, 16, 128, 100, 'N'),
(149, 4, 16, 129, 100, 'N'),
(150, 4, 16, 130, 100, 'N'),
(151, 4, 16, 131, 100, 'N'),
(152, 4, 16, 132, 100, 'N'),
(153, 4, 16, 133, 100, 'N'),
(154, 4, 16, 134, 100, 'N'),
(155, 4, 16, 135, 100, 'N'),
(156, 4, 16, 136, 100, 'N'),
(157, 4, 16, 137, 100, 'N'),
(158, 4, 16, 138, 100, 'N'),
(159, 4, 16, 139, 100, 'N'),
(160, 4, 16, 140, 100, 'N'),
(161, 4, 16, 141, 100, 'N'),
(162, 4, 16, 142, 100, 'N'),
(163, 4, 16, 143, 100, 'N'),
(164, 4, 16, 144, 100, 'N'),
(165, 4, 16, 145, 100, 'N'),
(166, 4, 16, 146, 100, 'N'),
(167, 4, 16, 147, 100, 'N'),
(168, 4, 16, 148, 100, 'N'),
(169, 4, 16, 149, 100, 'N'),
(170, 4, 17, NULL, 100, 'N'),
(171, 4, 17, 150, 100, 'N'),
(172, 4, 17, 151, 100, 'N'),
(173, 4, 17, 152, 100, 'N'),
(174, 4, 17, 153, 100, 'N'),
(175, 4, 17, 154, 100, 'N'),
(176, 4, 18, NULL, 100, 'N'),
(177, 4, 18, 155, 100, 'N'),
(178, 4, 18, 156, 100, 'N'),
(179, 4, 18, 157, 100, 'N'),
(180, 4, 18, 158, 100, 'N'),
(181, 4, 18, 159, 100, 'N'),
(182, 4, 18, 160, 100, 'N'),
(183, 4, 19, NULL, 100, 'N'),
(184, 4, 19, 161, 100, 'N'),
(185, 4, 19, 162, 100, 'N'),
(186, 4, 19, 163, 100, 'N'),
(187, 4, 19, 164, 100, 'N'),
(188, 4, 19, 165, 100, 'N'),
(189, 4, 20, NULL, 100, 'N'),
(190, 4, 20, 166, 100, 'N'),
(191, 4, 20, 167, 100, 'N'),
(192, 4, 20, 168, 100, 'N'),
(193, 4, 20, 169, 100, 'N'),
(194, 4, 20, 170, 100, 'N'),
(195, 4, 21, NULL, 100, 'N'),
(196, 4, 21, 171, 100, 'N'),
(197, 4, 21, 172, 100, 'N'),
(198, 4, 21, 173, 100, 'N'),
(199, 4, 21, 174, 100, 'N'),
(200, 4, 21, 175, 100, 'N'),
(201, 4, 21, 176, 100, 'N'),
(202, 4, 21, 177, 100, 'N'),
(203, 4, 21, 178, 100, 'N'),
(204, 4, 21, 179, 100, 'N'),
(205, 4, 22, NULL, 100, 'N'),
(206, 4, 22, 180, 100, 'N'),
(207, 4, 22, 181, 100, 'N'),
(208, 4, 22, 182, 100, 'N'),
(209, 4, 22, 183, 100, 'N'),
(210, 4, 22, 184, 100, 'N'),
(211, 4, 22, 185, 100, 'N'),
(212, 4, 22, 186, 100, 'N'),
(213, 4, 22, 187, 100, 'N'),
(214, 4, 22, 188, 100, 'N'),
(215, 4, 22, 189, 100, 'N'),
(216, 4, 22, 190, 100, 'N'),
(217, 4, 22, 191, 100, 'N'),
(218, 4, 23, NULL, 100, 'N'),
(219, 4, 23, 192, 100, 'N'),
(220, 4, 23, 193, 100, 'N'),
(221, 4, 23, 194, 100, 'N'),
(222, 4, 23, 195, 100, 'N'),
(223, 4, 23, 196, 100, 'N'),
(224, 4, 23, 197, 100, 'N'),
(225, 4, 23, 198, 100, 'N'),
(226, 4, 23, 199, 100, 'N'),
(227, 4, 23, 200, 100, 'N'),
(228, 4, 23, 201, 100, 'N'),
(229, 4, 23, 202, 100, 'N'),
(230, 4, 23, 203, 100, 'N'),
(231, 4, 23, 204, 100, 'N'),
(232, 4, 23, 205, 100, 'N'),
(233, 4, 23, 206, 100, 'N'),
(234, 4, 23, 207, 100, 'N'),
(235, 4, 23, 208, 100, 'N'),
(236, 4, 23, 209, 100, 'N'),
(237, 4, 23, 210, 100, 'N'),
(238, 4, 23, 211, 100, 'N'),
(239, 4, 23, 212, 100, 'N'),
(240, 4, 23, 213, 100, 'N'),
(241, 4, 23, 214, 100, 'N'),
(242, 4, 23, 215, 100, 'N'),
(243, 4, 23, 216, 100, 'N'),
(244, 4, 23, 217, 100, 'N'),
(245, 4, 24, NULL, 100, 'N'),
(246, 4, 24, 218, 100, 'N'),
(247, 4, 24, 219, 100, 'N'),
(248, 4, 24, 220, 100, 'N'),
(249, 4, 24, 221, 100, 'N'),
(250, 4, 24, 222, 100, 'N'),
(251, 4, 24, 223, 100, 'N'),
(252, 4, 24, 224, 100, 'N'),
(253, 4, 24, 225, 100, 'N'),
(254, 4, 24, 226, 100, 'N'),
(255, 4, 24, 227, 100, 'N'),
(256, 4, 24, 228, 100, 'N'),
(257, 4, 24, 229, 100, 'N'),
(258, 4, 24, 230, 100, 'N'),
(259, 4, 24, 231, 100, 'N'),
(260, 4, 24, 232, 100, 'N'),
(261, 4, 24, 233, 100, 'N'),
(262, 4, 24, 234, 100, 'N'),
(263, 4, 24, 235, 100, 'N'),
(264, 4, 24, 236, 100, 'N'),
(265, 4, 24, 237, 100, 'N'),
(266, 4, 24, 238, 100, 'N'),
(267, 4, 24, 239, 100, 'N'),
(268, 4, 24, 240, 100, 'N'),
(269, 4, 25, NULL, 100, 'N'),
(270, 4, 25, 241, 100, 'N'),
(271, 4, 25, 242, 100, 'N'),
(272, 4, 25, 243, 100, 'N'),
(273, 4, 25, 244, 100, 'N'),
(274, 4, 25, 245, 100, 'N'),
(275, 4, 25, 246, 100, 'N'),
(276, 4, 25, 247, 100, 'N'),
(277, 4, 25, 248, 100, 'N'),
(278, 4, 25, 249, 100, 'N'),
(279, 4, 25, 250, 100, 'N'),
(280, 4, 25, 251, 100, 'N'),
(281, 4, 25, 252, 100, 'N'),
(282, 4, 26, NULL, 100, 'N'),
(283, 4, 26, 253, 100, 'N'),
(284, 4, 26, 254, 100, 'N'),
(285, 4, 26, 255, 100, 'N'),
(286, 4, 26, 256, 100, 'N'),
(287, 4, 26, 257, 100, 'N'),
(288, 4, 26, 258, 100, 'N'),
(289, 4, 26, 259, 100, 'N'),
(290, 4, 26, 260, 100, 'N'),
(291, 4, 26, 261, 100, 'N'),
(292, 4, 26, 262, 100, 'N'),
(293, 4, 26, 263, 100, 'N'),
(294, 4, 26, 264, 100, 'N'),
(295, 4, 26, 265, 100, 'N'),
(296, 4, 26, 266, 100, 'N'),
(297, 4, 26, 267, 100, 'N'),
(298, 4, 26, 268, 100, 'N'),
(299, 4, 26, 269, 100, 'N'),
(300, 4, 26, 270, 100, 'N'),
(301, 4, 26, 271, 100, 'N'),
(302, 4, 27, NULL, 100, 'N'),
(303, 4, 27, 272, 100, 'N'),
(304, 4, 27, 273, 100, 'N'),
(305, 4, 27, 274, 100, 'N'),
(306, 4, 27, 275, 100, 'N'),
(307, 4, 27, 276, 100, 'N'),
(308, 4, 27, 277, 100, 'N'),
(309, 4, 27, 278, 100, 'N'),
(310, 4, 28, NULL, 100, 'N'),
(311, 4, 28, 279, 100, 'N'),
(312, 4, 28, 280, 100, 'N'),
(313, 4, 28, 281, 100, 'N'),
(314, 4, 28, 282, 100, 'N'),
(315, 4, 28, 283, 100, 'N'),
(316, 4, 28, 284, 100, 'N'),
(317, 4, 28, 285, 100, 'N'),
(318, 4, 28, 286, 100, 'N'),
(319, 4, 28, 287, 100, 'N'),
(320, 4, 28, 288, 100, 'N'),
(321, 4, 29, NULL, 100, 'N'),
(322, 4, 29, 289, 100, 'N'),
(323, 4, 29, 290, 100, 'N'),
(324, 4, 29, 291, 100, 'N'),
(325, 4, 29, 292, 100, 'N'),
(326, 4, 29, 293, 100, 'N'),
(327, 4, 29, 294, 100, 'N'),
(328, 4, 29, 295, 100, 'N'),
(329, 4, 29, 296, 100, 'N'),
(330, 4, 29, 297, 100, 'N'),
(331, 4, 29, 298, 100, 'N'),
(332, 4, 29, 299, 100, 'N'),
(333, 4, 29, 300, 100, 'N'),
(334, 4, 29, 301, 100, 'N'),
(335, 4, 30, NULL, 100, 'N'),
(336, 4, 30, 302, 100, 'N'),
(337, 4, 30, 303, 100, 'N'),
(338, 4, 30, 304, 100, 'N'),
(339, 4, 30, 305, 100, 'N'),
(340, 4, 30, 306, 100, 'N'),
(341, 4, 30, 307, 100, 'N'),
(342, 4, 31, NULL, 100, 'N'),
(343, 4, 31, 308, 100, 'N'),
(344, 4, 31, 309, 100, 'N'),
(345, 4, 31, 310, 100, 'N'),
(346, 4, 31, 311, 100, 'N'),
(347, 4, 31, 312, 100, 'N'),
(348, 4, 31, 313, 100, 'N'),
(349, 4, 31, 314, 100, 'N'),
(350, 4, 31, 315, 100, 'N'),
(351, 4, 31, 316, 100, 'N'),
(352, 4, 31, 317, 100, 'N'),
(353, 4, 31, 318, 100, 'N'),
(354, 4, 32, NULL, 100, 'N'),
(355, 4, 32, 319, 100, 'N'),
(356, 4, 32, 320, 100, 'N'),
(357, 4, 32, 321, 100, 'N'),
(358, 4, 32, 322, 100, 'N'),
(359, 4, 32, 323, 100, 'N'),
(360, 4, 32, 324, 100, 'N'),
(361, 4, 32, 325, 100, 'N'),
(362, 4, 32, 326, 100, 'N'),
(363, 4, 32, 327, 100, 'N'),
(364, 4, 32, 328, 100, 'N'),
(365, 4, 32, 329, 100, 'N'),
(366, 4, 32, 330, 100, 'N'),
(367, 4, 32, 331, 100, 'N'),
(368, 4, 32, 332, 100, 'N'),
(369, 4, 32, 333, 100, 'N'),
(370, 4, 32, 334, 100, 'N'),
(371, 4, 33, NULL, 100, 'N'),
(372, 4, 33, 335, 100, 'N'),
(373, 4, 33, 336, 100, 'N'),
(374, 4, 33, 337, 100, 'N'),
(375, 4, 33, 338, 100, 'N'),
(376, 4, 33, 339, 100, 'N'),
(377, 4, 33, 340, 100, 'N'),
(378, 4, 33, 341, 100, 'N'),
(379, 4, 33, 342, 100, 'N'),
(380, 4, 33, 343, 100, 'N'),
(381, 4, 33, 344, 100, 'N'),
(382, 4, 33, 345, 100, 'N'),
(383, 4, 33, 346, 100, 'N'),
(384, 4, 33, 347, 100, 'N'),
(385, 4, 33, 348, 100, 'N'),
(386, 4, 33, 349, 100, 'N'),
(387, 4, 33, 350, 100, 'N'),
(388, 4, 33, 351, 100, 'N'),
(389, 4, 33, 352, 100, 'N'),
(390, 4, 33, 353, 100, 'N'),
(391, 4, 33, 354, 100, 'N'),
(392, 4, 33, 355, 100, 'N'),
(393, 4, 33, 356, 100, 'N'),
(394, 4, 33, 357, 100, 'N'),
(395, 4, 34, NULL, 100, 'N'),
(396, 4, 34, 358, 100, 'N'),
(397, 4, 34, 359, 100, 'N'),
(398, 4, 34, 360, 100, 'N'),
(399, 4, 34, 361, 100, 'N'),
(400, 4, 34, 362, 100, 'N'),
(401, 4, 34, 363, 100, 'N'),
(402, 4, 34, 364, 100, 'N'),
(403, 4, 34, 365, 100, 'N'),
(404, 4, 34, 366, 100, 'N'),
(405, 4, 34, 367, 100, 'N'),
(406, 4, 34, 368, 100, 'N'),
(407, 4, 34, 369, 100, 'N'),
(408, 4, 34, 370, 100, 'N'),
(409, 4, 34, 371, 100, 'N'),
(410, 4, 34, 372, 100, 'N'),
(411, 4, 34, 373, 100, 'N'),
(412, 4, 34, 374, 100, 'N'),
(413, 4, 34, 375, 100, 'N'),
(414, 4, 34, 376, 100, 'N'),
(415, 4, 35, NULL, 100, 'N'),
(416, 4, 35, 377, 100, 'N'),
(417, 4, 35, 378, 100, 'N'),
(418, 4, 35, 379, 100, 'N'),
(419, 4, 35, 380, 100, 'N'),
(420, 4, 35, 381, 100, 'N'),
(421, 4, 35, 382, 100, 'N'),
(422, 4, 35, 383, 100, 'N'),
(423, 4, 35, 384, 100, 'N'),
(424, 4, 35, 385, 100, 'N'),
(425, 4, 35, 386, 100, 'N'),
(426, 4, 35, 387, 100, 'N'),
(427, 4, 35, 388, 100, 'N'),
(428, 4, 35, 389, 100, 'N'),
(429, 4, 35, 390, 100, 'N'),
(430, 4, 35, 391, 100, 'N'),
(431, 4, 36, NULL, 100, 'N'),
(432, 4, 36, 392, 100, 'N'),
(433, 4, 36, 393, 100, 'N'),
(434, 4, 36, 394, 100, 'N'),
(435, 4, 36, 395, 100, 'N'),
(436, 4, 36, 396, 100, 'N'),
(437, 4, 36, 397, 100, 'N'),
(438, 4, 36, 398, 100, 'N'),
(439, 4, 36, 399, 100, 'N'),
(440, 4, 36, 400, 100, 'N'),
(441, 4, 36, 401, 100, 'N'),
(442, 4, 36, 402, 100, 'N'),
(443, 4, 36, 403, 100, 'N'),
(444, 4, 36, 404, 100, 'N'),
(445, 4, 36, 405, 100, 'N'),
(446, 4, 36, 406, 100, 'N'),
(447, 4, 36, 407, 100, 'N'),
(448, 4, 37, NULL, 100, 'N'),
(449, 4, 37, 408, 100, 'N'),
(450, 4, 37, 409, 100, 'N'),
(451, 4, 37, 410, 100, 'N'),
(452, 4, 37, 411, 100, 'N'),
(453, 4, 37, 412, 100, 'N'),
(454, 4, 37, 413, 100, 'N'),
(455, 4, 37, 414, 100, 'N'),
(456, 4, 37, 415, 100, 'N'),
(457, 4, 37, 416, 100, 'N'),
(458, 4, 37, 417, 100, 'N'),
(459, 4, 37, 418, 100, 'N'),
(460, 4, 37, 419, 100, 'N'),
(461, 4, 37, 420, 100, 'N'),
(462, 4, 37, 421, 100, 'N'),
(463, 4, 37, 422, 100, 'N'),
(464, 4, 37, 423, 100, 'N'),
(465, 4, 37, 424, 100, 'N'),
(466, 4, 38, NULL, 100, 'N'),
(467, 4, 38, 425, 100, 'N'),
(468, 4, 38, 426, 100, 'N'),
(469, 4, 38, 427, 100, 'N'),
(470, 4, 38, 428, 100, 'N'),
(471, 4, 38, 429, 100, 'N'),
(472, 4, 38, 430, 100, 'N'),
(473, 4, 38, 431, 100, 'N'),
(474, 4, 38, 432, 100, 'N'),
(475, 4, 38, 433, 100, 'N'),
(476, 4, 38, 434, 100, 'N'),
(477, 4, 38, 435, 100, 'N'),
(478, 4, 38, 436, 100, 'N'),
(479, 4, 38, 437, 100, 'N'),
(480, 4, 38, 438, 100, 'N'),
(481, 4, 38, 439, 100, 'N'),
(482, 4, 38, 440, 100, 'N'),
(483, 4, 38, 441, 100, 'N'),
(484, 4, 38, 442, 100, 'N'),
(485, 4, 38, 443, 100, 'N'),
(486, 4, 38, 444, 100, 'N'),
(487, 4, 38, 445, 100, 'N'),
(488, 4, 38, 446, 100, 'N'),
(489, 4, 38, 447, 100, 'N'),
(490, 4, 39, NULL, 100, 'N'),
(491, 4, 39, 448, 100, 'N'),
(492, 4, 39, 449, 100, 'N'),
(493, 4, 39, 450, 100, 'N'),
(494, 4, 39, 451, 100, 'N'),
(495, 4, 39, 452, 100, 'N'),
(496, 4, 39, 453, 100, 'N'),
(497, 4, 39, 454, 100, 'N'),
(498, 4, 39, 455, 100, 'N'),
(499, 4, 39, 456, 100, 'N'),
(500, 4, 39, 457, 100, 'N'),
(501, 4, 39, 458, 100, 'N'),
(502, 4, 39, 459, 100, 'N'),
(503, 4, 39, 460, 100, 'N'),
(504, 4, 39, 461, 100, 'N'),
(505, 4, 39, 462, 100, 'N'),
(506, 4, 39, 463, 100, 'N'),
(507, 4, 39, 464, 100, 'N'),
(508, 4, 39, 465, 100, 'N'),
(509, 4, 39, 466, 100, 'N'),
(510, 4, 39, 467, 100, 'N'),
(511, 4, 39, 468, 100, 'N'),
(512, 4, 39, 469, 100, 'N'),
(513, 4, 40, NULL, 100, 'N'),
(514, 4, 40, 470, 100, 'N'),
(515, 4, 40, 471, 100, 'N'),
(516, 4, 40, 472, 100, 'N'),
(517, 4, 40, 473, 100, 'N'),
(518, 4, 40, 474, 100, 'N'),
(519, 4, 40, 475, 100, 'N'),
(520, 4, 40, 476, 100, 'N'),
(521, 4, 40, 477, 100, 'N'),
(522, 4, 40, 478, 100, 'N'),
(523, 4, 40, 479, 100, 'N'),
(524, 4, 40, 480, 100, 'N'),
(525, 4, 40, 481, 100, 'N'),
(526, 4, 40, 482, 100, 'N'),
(527, 4, 40, 483, 100, 'N'),
(528, 4, 40, 484, 100, 'N'),
(529, 4, 40, 485, 100, 'N'),
(530, 4, 40, 486, 100, 'N'),
(531, 4, 40, 487, 100, 'N'),
(532, 4, 40, 488, 100, 'N'),
(533, 4, 40, 489, 100, 'N'),
(534, 4, 40, 490, 100, 'N'),
(535, 4, 40, 491, 100, 'N'),
(536, 4, 40, 492, 100, 'N'),
(537, 4, 40, 493, 100, 'N'),
(538, 4, 41, NULL, 100, 'N'),
(539, 4, 41, 494, 100, 'N'),
(540, 4, 41, 495, 100, 'N'),
(541, 4, 41, 496, 100, 'N'),
(542, 4, 42, NULL, 100, 'N'),
(543, 4, 42, 497, 100, 'N'),
(544, 4, 42, 498, 100, 'N'),
(545, 4, 42, 499, 100, 'N'),
(546, 4, 42, 500, 100, 'N'),
(547, 4, 42, 501, 100, 'N'),
(548, 4, 42, 502, 100, 'N'),
(549, 4, 42, 503, 100, 'N'),
(550, 4, 42, 504, 100, 'N'),
(551, 4, 42, 505, 100, 'N'),
(552, 4, 42, 506, 100, 'N'),
(553, 4, 42, 507, 100, 'N'),
(554, 4, 42, 508, 100, 'N'),
(555, 4, 42, 509, 100, 'N'),
(556, 4, 42, 510, 100, 'N'),
(557, 4, 42, 511, 100, 'N'),
(558, 4, 42, 512, 100, 'N'),
(559, 4, 42, 513, 100, 'N'),
(560, 4, 42, 514, 100, 'N'),
(561, 4, 42, 515, 100, 'N'),
(562, 4, 42, 516, 100, 'N'),
(563, 4, 43, NULL, 100, 'N'),
(564, 4, 43, 517, 100, 'N'),
(565, 4, 43, 518, 100, 'N'),
(566, 4, 43, 519, 100, 'N'),
(567, 4, 43, 520, 100, 'N'),
(568, 4, 43, 521, 100, 'N'),
(569, 4, 43, 522, 100, 'N'),
(570, 4, 43, 523, 100, 'N'),
(571, 4, 43, 524, 100, 'N'),
(572, 4, 43, 525, 100, 'N'),
(573, 4, 43, 526, 100, 'N'),
(574, 4, 43, 527, 100, 'N'),
(575, 4, 43, 528, 100, 'N'),
(576, 4, 43, 529, 100, 'N'),
(577, 4, 43, 530, 100, 'N'),
(578, 4, 43, 531, 100, 'N'),
(579, 4, 43, 532, 100, 'N'),
(580, 4, 43, 533, 100, 'N'),
(581, 4, 43, 534, 100, 'N'),
(582, 4, 44, NULL, 100, 'N'),
(583, 4, 44, 535, 100, 'N'),
(584, 4, 44, 536, 100, 'N'),
(585, 4, 44, 537, 100, 'N'),
(586, 4, 44, 538, 100, 'N'),
(587, 4, 44, 539, 100, 'N'),
(588, 4, 44, 540, 100, 'N'),
(589, 4, 44, 541, 100, 'N'),
(590, 4, 44, 542, 100, 'N'),
(591, 4, 44, 543, 100, 'N'),
(592, 4, 44, 544, 100, 'N'),
(593, 4, 44, 545, 100, 'N'),
(594, 4, 44, 546, 100, 'N'),
(595, 4, 45, NULL, 100, 'N'),
(596, 4, 45, 547, 100, 'N'),
(597, 4, 45, 548, 100, 'N'),
(598, 4, 45, 549, 100, 'N'),
(599, 4, 45, 550, 100, 'N'),
(600, 4, 45, 551, 100, 'N'),
(601, 4, 45, 552, 100, 'N'),
(602, 4, 45, 553, 100, 'N'),
(603, 4, 45, 554, 100, 'N'),
(604, 4, 45, 555, 100, 'N'),
(605, 4, 46, NULL, 100, 'N'),
(606, 4, 46, 556, 100, 'N'),
(607, 4, 46, 557, 100, 'N'),
(608, 4, 46, 558, 100, 'N'),
(609, 4, 46, 559, 100, 'N'),
(610, 4, 46, 560, 100, 'N'),
(611, 4, 46, 561, 100, 'N'),
(612, 4, 46, 562, 100, 'N'),
(613, 4, 46, 563, 100, 'N'),
(614, 4, 46, 564, 100, 'N'),
(615, 4, 46, 565, 100, 'N'),
(616, 4, 47, NULL, 100, 'N'),
(617, 4, 47, 566, 100, 'N'),
(618, 4, 47, 567, 100, 'N'),
(619, 4, 47, 568, 100, 'N'),
(620, 4, 47, 569, 100, 'N'),
(621, 4, 47, 570, 100, 'N'),
(622, 4, 47, 571, 100, 'N'),
(623, 4, 47, 572, 100, 'N'),
(624, 4, 47, 573, 100, 'N'),
(625, 4, 47, 574, 100, 'N'),
(626, 4, 47, 575, 100, 'N'),
(627, 4, 47, 576, 100, 'N'),
(628, 4, 47, 577, 100, 'N'),
(629, 4, 47, 578, 100, 'N'),
(630, 4, 47, 579, 100, 'N'),
(631, 4, 47, 580, 100, 'N'),
(632, 4, 47, 581, 100, 'N'),
(633, 4, 47, 582, 100, 'N'),
(634, 4, 47, 583, 100, 'N'),
(635, 4, 47, 584, 100, 'N'),
(636, 4, 47, 585, 100, 'N'),
(637, 4, 47, 586, 100, 'N'),
(638, 4, 47, 587, 100, 'N'),
(639, 4, 47, 588, 100, 'N'),
(640, 4, 47, 589, 100, 'N'),
(641, 4, 47, 590, 100, 'N'),
(642, 4, 47, 591, 100, 'N'),
(643, 4, 47, 592, 100, 'N'),
(644, 4, 47, 593, 100, 'N'),
(645, 4, 47, 594, 100, 'N'),
(646, 4, 47, 595, 100, 'N'),
(647, 4, 47, 596, 100, 'N'),
(648, 4, 47, 597, 100, 'N'),
(649, 4, 47, 598, 100, 'N'),
(650, 4, 47, 599, 100, 'N'),
(651, 4, 47, 600, 100, 'N'),
(652, 4, 47, 601, 100, 'N'),
(653, 4, 47, 602, 100, 'N'),
(654, 4, 47, 603, 100, 'N'),
(655, 4, 47, 604, 100, 'N'),
(656, 4, 47, 605, 100, 'N'),
(657, 4, 47, 606, 100, 'N'),
(658, 4, 48, NULL, 100, 'N'),
(659, 4, 48, 607, 100, 'N'),
(660, 4, 48, 608, 100, 'N'),
(661, 4, 48, 609, 100, 'N'),
(662, 4, 48, 610, 100, 'N'),
(663, 4, 48, 611, 100, 'N'),
(664, 4, 48, 612, 100, 'N'),
(665, 4, 48, 613, 100, 'N'),
(666, 4, 48, 614, 100, 'N'),
(667, 4, 49, NULL, 100, 'N'),
(668, 4, 49, 615, 100, 'N'),
(669, 4, 49, 616, 100, 'N'),
(670, 4, 50, NULL, 100, 'N'),
(671, 4, 50, 617, 100, 'N'),
(672, 4, 50, 618, 100, 'N'),
(673, 4, 50, 619, 100, 'N'),
(674, 4, 50, 620, 100, 'N'),
(675, 4, 50, 621, 100, 'N'),
(676, 4, 50, 622, 100, 'N'),
(677, 4, 50, 623, 100, 'N'),
(678, 4, 50, 624, 100, 'N'),
(679, 4, 50, 625, 100, 'N'),
(680, 4, 50, 626, 100, 'N'),
(681, 4, 50, 627, 100, 'N'),
(682, 4, 50, 628, 100, 'N'),
(683, 4, 50, 629, 100, 'N'),
(684, 4, 50, 630, 100, 'N'),
(685, 4, 50, 631, 100, 'N'),
(686, 4, 50, 632, 100, 'N'),
(687, 4, 50, 633, 100, 'N'),
(688, 4, 50, 634, 100, 'N'),
(689, 4, 50, 635, 100, 'N'),
(690, 4, 50, 636, 100, 'N'),
(691, 4, 50, 637, 100, 'N'),
(692, 4, 50, 638, 100, 'N'),
(693, 4, 50, 639, 100, 'N'),
(694, 4, 50, 640, 100, 'N'),
(695, 4, 50, 641, 100, 'N'),
(696, 4, 50, 642, 100, 'N'),
(697, 4, 50, 643, 100, 'N'),
(698, 4, 50, 644, 100, 'N'),
(699, 4, 50, 645, 100, 'N'),
(700, 4, 50, 646, 100, 'N'),
(701, 4, 50, 647, 100, 'N'),
(702, 4, 50, 648, 100, 'N'),
(703, 4, 50, 649, 100, 'N'),
(704, 4, 50, 650, 100, 'N'),
(705, 4, 50, 651, 100, 'N'),
(706, 4, 50, 652, 100, 'N'),
(707, 4, 50, 653, 100, 'N'),
(708, 4, 50, 654, 100, 'N'),
(709, 4, 50, 655, 100, 'N'),
(710, 4, 50, 656, 100, 'N'),
(711, 4, 50, 657, 100, 'N'),
(712, 4, 50, 658, 100, 'N'),
(713, 4, 50, 659, 100, 'N'),
(714, 4, 50, 660, 100, 'N'),
(715, 4, 50, 661, 100, 'N'),
(716, 4, 50, 662, 100, 'N'),
(717, 4, 50, 663, 100, 'N'),
(718, 4, 50, 664, 100, 'N'),
(719, 4, 50, 665, 100, 'N'),
(720, 4, 50, 666, 100, 'N'),
(721, 4, 50, 667, 100, 'N'),
(722, 4, 50, 668, 100, 'N'),
(723, 4, 50, 669, 100, 'N'),
(724, 4, 50, 670, 100, 'N'),
(725, 4, 50, 671, 100, 'N'),
(726, 4, 50, 672, 100, 'N'),
(727, 4, 50, 673, 100, 'N'),
(728, 4, 50, 674, 100, 'N'),
(729, 4, 50, 675, 100, 'N'),
(730, 4, 50, 676, 100, 'N'),
(731, 4, 50, 677, 100, 'N'),
(732, 4, 50, 678, 100, 'N'),
(733, 4, 50, 679, 100, 'N'),
(734, 4, 50, 680, 100, 'N'),
(735, 4, 50, 681, 100, 'N'),
(736, 4, 50, 682, 100, 'N'),
(737, 4, 50, 683, 100, 'N'),
(738, 4, 50, 684, 100, 'N'),
(739, 4, 50, 685, 100, 'N'),
(740, 4, 50, 686, 100, 'N'),
(741, 4, 50, 687, 100, 'N'),
(742, 4, 50, 688, 100, 'N'),
(743, 4, 50, 689, 100, 'N'),
(744, 4, 50, 690, 100, 'N'),
(745, 4, 50, 691, 100, 'N'),
(746, 4, 50, 692, 100, 'N'),
(747, 4, 50, 693, 100, 'N'),
(748, 4, 50, 694, 100, 'N'),
(749, 4, 50, 695, 100, 'N'),
(750, 4, 50, 696, 100, 'N'),
(751, 4, 50, 697, 100, 'N'),
(752, 4, 50, 698, 100, 'N'),
(753, 4, 50, 699, 100, 'N'),
(754, 4, 50, 700, 100, 'N'),
(755, 4, 50, 701, 100, 'N'),
(756, 4, 50, 702, 100, 'N'),
(757, 4, 50, 703, 100, 'N'),
(758, 4, 50, 704, 100, 'N'),
(759, 4, 50, 705, 100, 'N'),
(760, 4, 51, NULL, 100, 'N'),
(761, 4, 51, 706, 100, 'N'),
(762, 4, 51, 707, 100, 'N'),
(763, 4, 51, 708, 100, 'N'),
(764, 4, 51, 709, 100, 'N'),
(765, 4, 51, 710, 100, 'N'),
(766, 4, 51, 711, 100, 'N'),
(767, 4, 51, 712, 100, 'N'),
(768, 4, 51, 713, 100, 'N'),
(769, 4, 51, 714, 100, 'N'),
(770, 4, 51, 715, 100, 'N'),
(771, 4, 51, 716, 100, 'N'),
(772, 4, 51, 717, 100, 'N'),
(773, 4, 51, 718, 100, 'N'),
(774, 4, 51, 719, 100, 'N'),
(775, 4, 51, 720, 100, 'N'),
(776, 4, 51, 721, 100, 'N'),
(777, 4, 51, 722, 100, 'N'),
(778, 4, 51, 723, 100, 'N'),
(779, 4, 51, 724, 100, 'N'),
(780, 4, 52, NULL, 100, 'N'),
(781, 4, 52, 725, 100, 'N'),
(782, 4, 52, 726, 100, 'N'),
(783, 4, 52, 727, 100, 'N'),
(784, 4, 52, 728, 100, 'N'),
(785, 4, 52, 729, 100, 'N'),
(786, 4, 52, 730, 100, 'N'),
(787, 4, 52, 731, 100, 'N'),
(788, 4, 52, 732, 100, 'N'),
(789, 4, 52, 733, 100, 'N'),
(790, 4, 52, 734, 100, 'N'),
(791, 4, 52, 735, 100, 'N'),
(792, 4, 52, 736, 100, 'N'),
(793, 4, 52, 737, 100, 'N'),
(794, 4, 52, 738, 100, 'N'),
(795, 4, 52, 739, 100, 'N'),
(796, 4, 52, 740, 100, 'N'),
(797, 4, 52, 741, 100, 'N'),
(798, 4, 52, 742, 100, 'N'),
(799, 4, 52, 743, 100, 'N'),
(800, 4, 52, 744, 100, 'N'),
(801, 4, 52, 745, 100, 'N'),
(802, 4, 52, 746, 100, 'N'),
(803, 4, 52, 747, 100, 'N'),
(804, 4, 52, 748, 100, 'N'),
(805, 4, 52, 749, 100, 'N'),
(806, 4, 52, 750, 100, 'N'),
(807, 4, 52, 751, 100, 'N'),
(808, 4, 52, 752, 100, 'N'),
(809, 4, 53, NULL, 100, 'N'),
(810, 4, 53, 753, 100, 'N'),
(811, 4, 53, 754, 100, 'N'),
(812, 4, 53, 755, 100, 'N'),
(813, 4, 53, 756, 100, 'N'),
(814, 4, 53, 757, 100, 'N'),
(815, 4, 53, 758, 100, 'N'),
(816, 4, 53, 759, 100, 'N'),
(817, 4, 53, 760, 100, 'N'),
(818, 4, 53, 761, 100, 'N'),
(819, 4, 53, 762, 100, 'N'),
(820, 4, 53, 763, 100, 'N'),
(821, 4, 54, NULL, 100, 'N'),
(822, 4, 54, 764, 100, 'N'),
(823, 4, 54, 765, 100, 'N'),
(824, 4, 54, 766, 100, 'N'),
(825, 4, 54, 767, 100, 'N'),
(826, 4, 54, 768, 100, 'N'),
(827, 4, 54, 769, 100, 'N'),
(828, 4, 54, 770, 100, 'N'),
(829, 4, 54, 771, 100, 'N'),
(830, 4, 54, 772, 100, 'N'),
(831, 4, 54, 773, 100, 'N'),
(832, 4, 54, 774, 100, 'N'),
(833, 4, 54, 775, 100, 'N'),
(834, 4, 54, 776, 100, 'N'),
(835, 4, 54, 777, 100, 'N'),
(836, 4, 54, 778, 100, 'N'),
(837, 4, 55, NULL, 100, 'N'),
(838, 4, 55, 779, 100, 'N'),
(839, 4, 55, 780, 100, 'N'),
(840, 4, 55, 781, 100, 'N'),
(841, 4, 55, 782, 100, 'N'),
(842, 4, 55, 783, 100, 'N'),
(843, 4, 55, 784, 100, 'N'),
(844, 4, 56, NULL, 100, 'N'),
(845, 4, 56, 785, 100, 'N'),
(846, 4, 56, 786, 100, 'N'),
(847, 4, 56, 787, 100, 'N'),
(848, 4, 56, 788, 100, 'N'),
(849, 4, 56, 789, 100, 'N'),
(850, 4, 56, 790, 100, 'N'),
(851, 4, 56, 791, 100, 'N'),
(852, 4, 56, 792, 100, 'N'),
(853, 4, 56, 793, 100, 'N'),
(854, 4, 56, 794, 100, 'N'),
(855, 4, 56, 795, 100, 'N'),
(856, 4, 56, 796, 100, 'N'),
(857, 4, 57, NULL, 100, 'N'),
(858, 4, 57, 797, 100, 'N'),
(859, 4, 57, 798, 100, 'N'),
(860, 4, 57, 799, 100, 'N'),
(861, 4, 57, 800, 100, 'N'),
(862, 4, 57, 801, 100, 'N'),
(863, 4, 57, 802, 100, 'N'),
(864, 4, 57, 803, 100, 'N'),
(865, 4, 58, NULL, 100, 'N'),
(866, 4, 58, 804, 100, 'N'),
(867, 4, 58, 805, 100, 'N'),
(868, 4, 58, 806, 100, 'N'),
(869, 4, 58, 807, 100, 'N'),
(870, 4, 58, 808, 100, 'N'),
(871, 4, 58, 809, 100, 'N'),
(872, 4, 58, 810, 100, 'N'),
(873, 4, 58, 811, 100, 'N'),
(874, 4, 58, 812, 100, 'N'),
(875, 4, 58, 813, 100, 'N'),
(876, 4, 58, 814, 100, 'N'),
(877, 4, 58, 815, 100, 'N'),
(878, 4, 58, 816, 100, 'N'),
(879, 4, 59, NULL, 100, 'N'),
(880, 4, 59, 817, 100, 'N'),
(881, 4, 59, 818, 100, 'N'),
(882, 4, 59, 819, 100, 'N'),
(883, 4, 59, 820, 100, 'N'),
(884, 4, 59, 821, 100, 'N'),
(885, 4, 59, 822, 100, 'N'),
(886, 4, 59, 823, 100, 'N'),
(887, 4, 59, 824, 100, 'N'),
(888, 4, 59, 825, 100, 'N'),
(889, 4, 59, 826, 100, 'N'),
(890, 4, 59, 827, 100, 'N'),
(891, 4, 59, 828, 100, 'N'),
(892, 4, 59, 829, 100, 'N'),
(893, 4, 59, 830, 100, 'N'),
(894, 4, 59, 831, 100, 'N'),
(895, 4, 59, 832, 100, 'N'),
(896, 4, 59, 833, 100, 'N'),
(897, 4, 59, 834, 100, 'N'),
(898, 4, 59, 835, 100, 'N'),
(899, 4, 59, 836, 100, 'N'),
(900, 4, 59, 837, 100, 'N'),
(901, 4, 59, 838, 100, 'N'),
(902, 4, 59, 839, 100, 'N'),
(903, 4, 59, 840, 100, 'N'),
(904, 4, 59, 841, 100, 'N'),
(905, 4, 60, NULL, 100, 'N'),
(906, 4, 60, 842, 100, 'N'),
(907, 4, 60, 843, 100, 'N'),
(908, 4, 60, 844, 100, 'N'),
(909, 4, 60, 845, 100, 'N'),
(910, 4, 60, 846, 100, 'N'),
(911, 4, 60, 847, 100, 'N'),
(912, 4, 60, 848, 100, 'N'),
(913, 4, 60, 849, 100, 'N'),
(914, 4, 60, 850, 100, 'N'),
(915, 4, 60, 851, 100, 'N'),
(916, 4, 60, 852, 100, 'N'),
(917, 4, 60, 853, 100, 'N'),
(918, 4, 60, 854, 100, 'N'),
(919, 4, 60, 855, 100, 'N'),
(920, 4, 60, 856, 100, 'N'),
(921, 4, 61, NULL, 100, 'N'),
(922, 4, 61, 857, 100, 'N'),
(923, 4, 61, 858, 100, 'N'),
(924, 4, 61, 859, 100, 'N'),
(925, 4, 61, 860, 100, 'N'),
(926, 4, 61, 861, 100, 'N'),
(927, 4, 61, 862, 100, 'N'),
(928, 4, 61, 863, 100, 'N'),
(929, 4, 61, 864, 100, 'N'),
(930, 4, 61, 865, 100, 'N'),
(931, 4, 61, 866, 100, 'N'),
(932, 4, 61, 867, 100, 'N'),
(933, 4, 61, 868, 100, 'N'),
(934, 4, 61, 869, 100, 'N'),
(935, 4, 61, 870, 100, 'N'),
(936, 4, 61, 871, 100, 'N'),
(937, 4, 61, 872, 100, 'N'),
(938, 4, 61, 873, 100, 'N'),
(939, 4, 61, 874, 100, 'N'),
(940, 4, 61, 875, 100, 'N'),
(941, 4, 61, 876, 100, 'N'),
(942, 4, 61, 877, 100, 'N'),
(943, 4, 61, 878, 100, 'N'),
(944, 4, 61, 879, 100, 'N'),
(945, 4, 62, NULL, 100, 'N'),
(946, 4, 62, 880, 100, 'N'),
(947, 4, 62, 881, 100, 'N'),
(948, 4, 62, 882, 100, 'N'),
(949, 4, 62, 883, 100, 'N'),
(950, 4, 62, 884, 100, 'N'),
(951, 4, 62, 885, 100, 'N'),
(952, 4, 62, 886, 100, 'N'),
(953, 4, 62, 887, 100, 'N'),
(954, 4, 62, 888, 100, 'N'),
(955, 4, 62, 889, 100, 'N'),
(956, 4, 62, 890, 100, 'N'),
(957, 4, 62, 891, 100, 'N'),
(958, 4, 63, NULL, 100, 'N'),
(959, 4, 63, 892, 100, 'N'),
(960, 4, 63, 893, 100, 'N'),
(961, 4, 63, 894, 100, 'N'),
(962, 4, 63, 895, 100, 'N'),
(963, 4, 63, 896, 100, 'N'),
(964, 4, 63, 897, 100, 'N'),
(965, 4, 63, 898, 100, 'N'),
(966, 4, 63, 899, 100, 'N'),
(967, 4, 63, 900, 100, 'N'),
(968, 4, 63, 901, 100, 'N'),
(969, 4, 63, 902, 100, 'N'),
(970, 4, 64, NULL, 100, 'N'),
(971, 4, 64, 903, 100, 'N'),
(972, 4, 64, 904, 100, 'N'),
(973, 4, 64, 905, 100, 'N'),
(974, 4, 64, 906, 100, 'N'),
(975, 4, 64, 907, 100, 'N'),
(976, 4, 64, 908, 100, 'N'),
(977, 4, 64, 909, 100, 'N'),
(978, 4, 64, 910, 100, 'N'),
(979, 4, 64, 911, 100, 'N'),
(980, 4, 64, 912, 100, 'N'),
(981, 4, 64, 913, 100, 'N'),
(982, 4, 64, 914, 100, 'N'),
(983, 4, 64, 915, 100, 'N'),
(984, 4, 64, 916, 100, 'N'),
(985, 4, 64, 917, 100, 'N'),
(986, 4, 64, 918, 100, 'N'),
(987, 4, 64, 919, 100, 'N'),
(988, 4, 64, 920, 100, 'N'),
(989, 4, 64, 921, 100, 'N'),
(990, 4, 64, 922, 100, 'N'),
(991, 4, 64, 923, 100, 'N'),
(992, 4, 65, NULL, 100, 'N'),
(993, 4, 65, 924, 100, 'N'),
(994, 4, 65, 925, 100, 'N'),
(995, 4, 65, 926, 100, 'N'),
(996, 4, 65, 927, 100, 'N'),
(997, 4, 65, 928, 100, 'N'),
(998, 4, 65, 929, 100, 'N'),
(999, 4, 65, 930, 100, 'N'),
(1000, 4, 65, 931, 100, 'N'),
(1001, 4, 65, 932, 100, 'N'),
(1002, 4, 65, 933, 100, 'N'),
(1003, 4, 65, 934, 100, 'N'),
(1004, 4, 65, 935, 100, 'N'),
(1005, 4, 65, 936, 100, 'N'),
(1006, 4, 65, 937, 100, 'N'),
(1007, 4, 65, 938, 100, 'N'),
(1008, 4, 66, NULL, 100, 'N'),
(1009, 4, 66, 939, 100, 'N'),
(1010, 4, 66, 940, 100, 'N'),
(1011, 4, 66, 941, 100, 'N'),
(1012, 4, 66, 942, 100, 'N'),
(1013, 4, 66, 943, 100, 'N'),
(1014, 4, 66, 944, 100, 'N'),
(1015, 4, 66, 945, 100, 'N'),
(1016, 4, 66, 946, 100, 'N'),
(1017, 4, 66, 947, 100, 'N'),
(1018, 4, 66, 948, 100, 'N'),
(1019, 4, 66, 949, 100, 'N'),
(1020, 4, 66, 950, 100, 'N'),
(1021, 4, 66, 951, 100, 'N'),
(1022, 4, 66, 952, 100, 'N'),
(1023, 4, 66, 953, 100, 'N'),
(1024, 4, 66, 954, 100, 'N'),
(1025, 4, 66, 955, 100, 'N'),
(1026, 4, 66, 956, 100, 'N'),
(1027, 4, 66, 957, 100, 'N'),
(1028, 4, 66, 958, 100, 'N'),
(1029, 4, 66, 959, 100, 'N'),
(1030, 4, 66, 960, 100, 'N'),
(1031, 4, 66, 961, 100, 'N'),
(1032, 4, 66, 962, 100, 'N'),
(1033, 4, 66, 963, 100, 'N'),
(1034, 4, 66, 964, 100, 'N'),
(1035, 4, 66, 965, 100, 'N'),
(1036, 4, 66, 966, 100, 'N'),
(1037, 4, 66, 967, 100, 'N'),
(1038, 4, 66, 968, 100, 'N'),
(1039, 4, 66, 969, 100, 'N'),
(1040, 4, 66, 970, 100, 'N'),
(1041, 4, 66, 971, 100, 'N'),
(1042, 4, 66, 972, 100, 'N'),
(1043, 4, 66, 973, 100, 'N'),
(1044, 4, 66, 974, 100, 'N'),
(1045, 4, 66, 975, 100, 'N'),
(1046, 4, 66, 976, 100, 'N'),
(1047, 4, 66, 977, 100, 'N'),
(1048, 4, 66, 978, 100, 'N'),
(1049, 4, 66, 979, 100, 'N'),
(1050, 4, 66, 980, 100, 'N'),
(1051, 4, 66, 981, 100, 'N'),
(1052, 4, 66, 982, 100, 'N'),
(1053, 4, 66, 983, 100, 'N'),
(1054, 4, 66, 984, 100, 'N'),
(1055, 4, 66, 985, 100, 'N'),
(1056, 4, 66, 986, 100, 'N'),
(1057, 4, 67, NULL, 100, 'N'),
(1058, 4, 67, 987, 100, 'N'),
(1059, 4, 67, 988, 100, 'N'),
(1060, 4, 67, 989, 100, 'N'),
(1061, 4, 67, 990, 100, 'N'),
(1062, 4, 67, 991, 100, 'N'),
(1063, 4, 67, 992, 100, 'N'),
(1064, 4, 67, 993, 100, 'N'),
(1065, 4, 67, 994, 100, 'N'),
(1066, 4, 67, 995, 100, 'N'),
(1067, 4, 67, 996, 100, 'N'),
(1068, 4, 67, 997, 100, 'N'),
(1069, 4, 67, 998, 100, 'N'),
(1070, 4, 67, 999, 100, 'N'),
(1071, 4, 67, 1000, 100, 'N'),
(1072, 4, 67, 1001, 100, 'N'),
(1073, 4, 68, NULL, 100, 'N'),
(1074, 4, 68, 1002, 100, 'N'),
(1075, 4, 68, 1003, 100, 'N'),
(1076, 4, 68, 1004, 100, 'N'),
(1077, 4, 68, 1005, 100, 'N'),
(1078, 4, 68, 1006, 100, 'N'),
(1079, 4, 68, 1007, 100, 'N'),
(1080, 4, 68, 1008, 100, 'N'),
(1081, 4, 68, 1009, 100, 'N'),
(1082, 4, 69, NULL, 100, 'N'),
(1083, 4, 69, 1010, 100, 'N'),
(1084, 4, 69, 1011, 100, 'N'),
(1085, 4, 69, 1012, 100, 'N'),
(1086, 4, 69, 1013, 100, 'N'),
(1087, 4, 69, 1014, 100, 'N'),
(1088, 4, 69, 1015, 100, 'N'),
(1089, 4, 69, 1016, 100, 'N'),
(1090, 4, 69, 1017, 100, 'N'),
(1091, 4, 69, 1018, 100, 'N'),
(1092, 4, 69, 1019, 100, 'N'),
(1093, 4, 69, 1020, 100, 'N'),
(1094, 4, 69, 1021, 100, 'N'),
(1095, 4, 69, 1022, 100, 'N'),
(1096, 4, 69, 1023, 100, 'N'),
(1097, 4, 69, 1024, 100, 'N'),
(1098, 4, 69, 1025, 100, 'N'),
(1099, 4, 69, 1026, 100, 'N'),
(1100, 4, 69, 1027, 100, 'N'),
(1101, 4, 69, 1028, 100, 'N'),
(1102, 4, 69, 1029, 100, 'N'),
(1103, 4, 69, 1030, 100, 'N'),
(1104, 4, 69, 1031, 100, 'N'),
(1105, 4, 69, 1032, 100, 'N'),
(1106, 4, 70, NULL, 100, 'N'),
(1107, 4, 70, 1033, 100, 'N'),
(1108, 4, 70, 1034, 100, 'N'),
(1109, 4, 70, 1035, 100, 'N'),
(1110, 4, 70, 1036, 100, 'N'),
(1111, 4, 70, 1037, 100, 'N'),
(1112, 4, 70, 1038, 100, 'N'),
(1113, 4, 71, NULL, 100, 'N'),
(1114, 4, 71, 1039, 100, 'N'),
(1115, 4, 71, 1040, 100, 'N'),
(1116, 4, 71, 1041, 100, 'N'),
(1117, 4, 71, 1042, 100, 'N'),
(1118, 4, 71, 1043, 100, 'N'),
(1119, 4, 71, 1044, 100, 'N'),
(1120, 4, 71, 1045, 100, 'N'),
(1121, 4, 71, 1046, 100, 'N'),
(1122, 4, 71, 1047, 100, 'N'),
(1123, 4, 71, 1048, 100, 'N'),
(1124, 4, 71, 1049, 100, 'N'),
(1125, 4, 71, 1050, 100, 'N'),
(1126, 4, 71, 1051, 100, 'N'),
(1127, 4, 71, 1052, 100, 'N'),
(1128, 4, 71, 1053, 100, 'N'),
(1129, 4, 71, 1054, 100, 'N'),
(1130, 4, 71, 1055, 100, 'N'),
(1131, 4, 71, 1056, 100, 'N'),
(1132, 4, 71, 1057, 100, 'N'),
(1133, 4, 72, NULL, 100, 'N'),
(1134, 4, 72, 1058, 100, 'N'),
(1135, 4, 72, 1059, 100, 'N'),
(1136, 4, 72, 1060, 100, 'N'),
(1137, 4, 72, 1061, 100, 'N'),
(1138, 4, 72, 1062, 100, 'N'),
(1139, 4, 73, NULL, 100, 'N'),
(1140, 4, 73, 1063, 100, 'N'),
(1141, 4, 73, 1064, 100, 'N'),
(1142, 4, 73, 1065, 100, 'N'),
(1143, 4, 73, 1066, 100, 'N'),
(1144, 4, 73, 1067, 100, 'N'),
(1145, 4, 73, 1068, 100, 'N'),
(1146, 4, 74, NULL, 100, 'N'),
(1147, 4, 74, 1069, 100, 'N'),
(1148, 4, 74, 1070, 100, 'N'),
(1149, 4, 74, 1071, 100, 'N'),
(1150, 4, 74, 1072, 100, 'N'),
(1151, 4, 74, 1073, 100, 'N'),
(1152, 4, 74, 1074, 100, 'N'),
(1153, 4, 74, 1075, 100, 'N'),
(1154, 4, 74, 1076, 100, 'N'),
(1155, 4, 74, 1077, 100, 'N'),
(1156, 4, 74, 1078, 100, 'N'),
(1157, 4, 74, 1079, 100, 'N'),
(1158, 4, 74, 1080, 100, 'N'),
(1159, 4, 74, 1081, 100, 'N'),
(1160, 4, 74, 1082, 100, 'N'),
(1161, 4, 74, 1083, 100, 'N'),
(1162, 4, 74, 1084, 100, 'N'),
(1163, 4, 74, 1085, 100, 'N'),
(1164, 4, 74, 1086, 100, 'N'),
(1165, 4, 74, 1087, 100, 'N'),
(1166, 4, 74, 1088, 100, 'N'),
(1167, 4, 74, 1089, 100, 'N'),
(1168, 4, 74, 1090, 100, 'N'),
(1169, 4, 74, 1091, 100, 'N'),
(1170, 4, 74, 1092, 100, 'N'),
(1171, 4, 74, 1093, 100, 'N'),
(1172, 4, 74, 1094, 100, 'N'),
(1173, 4, 74, 1095, 100, 'N'),
(1174, 4, 74, 1096, 100, 'N'),
(1175, 4, 74, 1097, 100, 'N'),
(1176, 4, 74, 1098, 100, 'N'),
(1177, 4, 75, NULL, 100, 'N'),
(1178, 4, 75, 1099, 100, 'N'),
(1179, 4, 75, 1100, 100, 'N'),
(1180, 4, 75, 1101, 100, 'N'),
(1181, 4, 75, 1102, 100, 'N'),
(1182, 4, 75, 1103, 100, 'N'),
(1183, 4, 75, 1104, 100, 'N'),
(1184, 4, 75, 1105, 100, 'N'),
(1185, 4, 75, 1106, 100, 'N'),
(1186, 4, 75, 1107, 100, 'N'),
(1187, 4, 75, 1108, 100, 'N'),
(1188, 4, 76, NULL, 100, 'N'),
(1189, 4, 76, 1109, 100, 'N'),
(1190, 4, 76, 1110, 100, 'N'),
(1191, 4, 76, 1111, 100, 'N'),
(1192, 4, 76, 1112, 100, 'N'),
(1193, 4, 76, 1113, 100, 'N'),
(1194, 4, 76, 1114, 100, 'N'),
(1195, 4, 76, 1115, 100, 'N'),
(1196, 4, 76, 1116, 100, 'N'),
(1197, 4, 76, 1117, 100, 'N'),
(1198, 4, 76, 1118, 100, 'N'),
(1199, 4, 76, 1119, 100, 'N'),
(1200, 4, 76, 1120, 100, 'N'),
(1201, 4, 77, NULL, 100, 'N'),
(1202, 4, 77, 1121, 100, 'N'),
(1203, 4, 77, 1122, 100, 'N'),
(1204, 4, 78, NULL, 100, 'N'),
(1205, 4, 78, 1123, 100, 'N'),
(1206, 4, 79, NULL, 100, 'N'),
(1207, 4, 79, 1124, 100, 'N'),
(1208, 4, 79, 1125, 100, 'N'),
(1209, 4, 79, 1126, 100, 'N'),
(1210, 4, 79, 1127, 100, 'N'),
(1211, 4, 79, 1128, 100, 'N'),
(1212, 4, 79, 1129, 100, 'N'),
(1213, 4, 79, 1130, 100, 'N'),
(1214, 4, 79, 1131, 100, 'N'),
(1215, 4, 79, 1132, 100, 'N'),
(1216, 4, 79, 1133, 100, 'N'),
(1217, 4, 79, 1134, 100, 'N'),
(1218, 4, 79, 1135, 100, 'N'),
(1219, 4, 79, 1136, 100, 'N'),
(1220, 4, 79, 1137, 100, 'N'),
(1221, 4, 79, 1138, 100, 'N'),
(1222, 4, 79, 1139, 100, 'N'),
(1223, 4, 80, NULL, 100, 'N'),
(1224, 4, 80, 1140, 100, 'N'),
(1225, 4, 80, 1141, 100, 'N'),
(1226, 4, 80, 1142, 100, 'N'),
(1227, 4, 81, NULL, 100, 'N'),
(1228, 4, 81, 1143, 100, 'N'),
(1229, 4, 81, 1144, 100, 'N'),
(1230, 4, 81, 1145, 100, 'N'),
(1231, 4, 81, 1146, 100, 'N'),
(1232, 4, 81, 1147, 100, 'N'),
(1233, 4, 81, 1148, 100, 'N'),
(1234, 4, 81, 1149, 100, 'N'),
(1235, 4, 81, 1150, 100, 'N'),
(1236, 4, 81, 1151, 100, 'N'),
(1237, 4, 82, NULL, 100, 'N'),
(1238, 4, 82, 1152, 100, 'N'),
(1239, 4, 82, 1153, 100, 'N'),
(1240, 4, 82, 1154, 100, 'N'),
(1241, 4, 82, 1155, 100, 'N'),
(1242, 4, 82, 1156, 100, 'N'),
(1243, 4, 82, 1157, 100, 'N'),
(1244, 4, 82, 1158, 100, 'N'),
(1245, 4, 82, 1159, 100, 'N'),
(1246, 4, 82, 1160, 100, 'N'),
(1247, 4, 82, 1161, 100, 'N'),
(1248, 4, 82, 1162, 100, 'N'),
(1249, 4, 82, 1163, 100, 'N'),
(1250, 4, 82, 1164, 100, 'N'),
(1251, 4, 82, 1165, 100, 'N'),
(1252, 4, 82, 1166, 100, 'N'),
(1253, 4, 82, 1167, 100, 'N'),
(1254, 4, 82, 1168, 100, 'N'),
(1255, 4, 82, 1169, 100, 'N'),
(1256, 4, 82, 1170, 100, 'N'),
(1257, 4, 82, 1171, 100, 'N'),
(1258, 5, NULL, NULL, 100, 'N'),
(1259, 5, NULL, 1172, 100, 'N'),
(1260, 5, NULL, 1173, 100, 'N'),
(1261, 5, NULL, 1174, 100, 'N'),
(1262, 6, NULL, NULL, 100, 'N'),
(1263, 6, NULL, 1175, 100, 'N'),
(1264, 6, NULL, 1176, 100, 'N'),
(1265, 6, NULL, 1177, 100, 'N'),
(1266, 6, NULL, 1178, 100, 'N'),
(1267, 6, NULL, 1179, 100, 'N'),
(1268, 6, NULL, 1180, 100, 'N'),
(1269, 7, NULL, NULL, 100, 'N'),
(1270, 7, NULL, 1181, 100, 'N'),
(1271, 7, NULL, 1182, 100, 'N'),
(1272, 7, NULL, 1183, 100, 'N'),
(1273, 8, NULL, NULL, 100, 'N'),
(1274, 8, NULL, 1184, 100, 'N'),
(1275, 8, NULL, 1185, 100, 'N'),
(1276, 9, NULL, NULL, 100, 'N'),
(1277, 9, NULL, 1186, 100, 'N'),
(1278, 9, NULL, 1187, 100, 'N'),
(1279, 9, NULL, 1188, 100, 'N'),
(1280, 9, NULL, 1189, 100, 'N'),
(1281, 9, NULL, 1190, 100, 'N'),
(1282, 9, NULL, 1191, 100, 'N'),
(1283, 9, NULL, 1192, 100, 'N'),
(1284, 9, NULL, 1193, 100, 'N'),
(1285, 9, NULL, 1194, 100, 'N'),
(1286, 9, NULL, 1195, 100, 'N'),
(1287, 9, NULL, 1196, 100, 'N'),
(1288, 9, NULL, 1197, 100, 'N'),
(1289, 9, NULL, 1198, 100, 'N'),
(1290, 9, NULL, 1199, 100, 'N'),
(1291, 9, NULL, 1200, 100, 'N'),
(1292, 9, NULL, 1201, 100, 'N'),
(1293, 9, NULL, 1202, 100, 'N'),
(1294, 9, NULL, 1203, 100, 'N'),
(1295, 9, NULL, 1204, 100, 'N'),
(1296, 9, NULL, 1205, 100, 'N'),
(1297, 9, NULL, 1206, 100, 'N'),
(1298, 10, NULL, NULL, 100, 'N'),
(1299, 10, NULL, 1207, 100, 'N'),
(1300, 10, NULL, 1208, 100, 'N'),
(1301, 10, NULL, 1209, 100, 'N'),
(1302, 10, NULL, 1210, 100, 'N'),
(1303, 10, NULL, 1211, 100, 'N'),
(1304, 10, NULL, 1212, 100, 'N'),
(1305, 10, NULL, 1213, 100, 'N'),
(1306, 10, NULL, 1214, 100, 'N'),
(1307, 10, NULL, 1215, 100, 'N'),
(1308, 10, NULL, 1216, 100, 'N'),
(1309, 10, NULL, 1217, 100, 'N'),
(1310, 10, NULL, 1218, 100, 'N'),
(1311, 10, NULL, 1219, 100, 'N'),
(1312, 10, NULL, 1220, 100, 'N'),
(1313, 10, NULL, 1221, 100, 'N'),
(1314, 10, NULL, 1222, 100, 'N'),
(1315, 10, NULL, 1223, 100, 'N'),
(1316, 10, NULL, 1224, 100, 'N'),
(1317, 10, NULL, 1225, 100, 'N'),
(1318, 10, NULL, 1226, 100, 'N'),
(1319, 10, NULL, 1227, 100, 'N'),
(1320, 10, NULL, 1228, 100, 'N'),
(1321, 10, NULL, 1229, 100, 'N'),
(1322, 10, NULL, 1230, 100, 'N'),
(1323, 10, NULL, 1231, 100, 'N'),
(1324, 10, NULL, 1232, 100, 'N'),
(1325, 10, NULL, 1233, 100, 'N'),
(1326, 10, NULL, 1234, 100, 'N'),
(1327, 10, NULL, 1235, 100, 'N'),
(1328, 10, NULL, 1236, 100, 'N'),
(1329, 10, NULL, 1237, 100, 'N'),
(1330, 11, NULL, NULL, 100, 'N'),
(1331, 12, NULL, NULL, 100, 'N'),
(1332, 12, NULL, 1238, 100, 'N'),
(1333, 13, NULL, NULL, 100, 'N'),
(1334, 14, NULL, NULL, 100, 'N'),
(1335, 15, NULL, NULL, 100, 'N');

-- --------------------------------------------------------

--
-- Структура таблицы `b_sale_location2location_group`
--

CREATE TABLE IF NOT EXISTS `b_sale_location2location_group` (
  `LOCATION_ID` int(11) NOT NULL,
  `LOCATION_GROUP_ID` int(11) NOT NULL,
  PRIMARY KEY (`LOCATION_ID`,`LOCATION_GROUP_ID`)
) ENGINE=MyISAM DEFAULT CHARSET=cp1251;

--
-- Дамп данных таблицы `b_sale_location2location_group`
--

INSERT INTO `b_sale_location2location_group` (`LOCATION_ID`, `LOCATION_GROUP_ID`) VALUES
(1, 1),
(2, 1),
(3, 1),
(4, 1),
(5, 1),
(6, 1),
(7, 1),
(8, 1),
(9, 1),
(10, 1),
(11, 1),
(12, 1),
(13, 1),
(14, 1),
(15, 1),
(16, 1),
(17, 1),
(18, 1),
(19, 1),
(20, 1),
(21, 1),
(22, 1),
(23, 1),
(24, 1),
(25, 1),
(26, 1),
(27, 1),
(28, 1),
(29, 1),
(30, 1),
(31, 1),
(32, 1),
(33, 1),
(34, 1),
(35, 1),
(36, 1),
(37, 1),
(38, 1),
(39, 1),
(40, 1),
(41, 1),
(42, 1),
(43, 1),
(44, 1),
(45, 1),
(46, 1),
(47, 1),
(48, 1),
(49, 1),
(50, 1),
(51, 1),
(52, 1),
(53, 1),
(54, 1),
(55, 1),
(56, 1),
(57, 1),
(58, 1),
(59, 1),
(60, 1),
(61, 1),
(62, 1),
(63, 1),
(64, 1),
(65, 1),
(66, 1),
(67, 1),
(68, 1),
(69, 1),
(70, 1),
(71, 1),
(72, 1),
(73, 1),
(74, 1),
(75, 1),
(76, 1),
(77, 1),
(78, 1),
(79, 1),
(80, 1),
(81, 1),
(82, 1),
(83, 1),
(84, 1),
(85, 1),
(86, 1),
(87, 1),
(88, 1),
(89, 1),
(90, 1),
(91, 1),
(92, 1),
(93, 1),
(94, 1),
(95, 1),
(96, 1),
(97, 1),
(98, 1),
(99, 1),
(100, 1),
(101, 1),
(102, 1),
(103, 1),
(104, 1),
(105, 1),
(106, 1),
(107, 1),
(108, 1),
(109, 1),
(110, 1),
(111, 1),
(112, 1),
(113, 1),
(114, 1),
(115, 1),
(116, 1),
(117, 1),
(118, 1),
(119, 1),
(120, 1),
(121, 1),
(122, 1),
(123, 1),
(124, 1),
(125, 1),
(126, 1),
(127, 1),
(128, 1),
(129, 1),
(130, 1),
(131, 1),
(132, 1),
(133, 1),
(134, 1),
(135, 1),
(136, 1),
(137, 1),
(138, 1),
(139, 1),
(140, 1),
(141, 1),
(142, 1),
(143, 1),
(144, 1),
(145, 1),
(146, 1),
(147, 1),
(148, 1),
(149, 1),
(150, 1),
(151, 1),
(152, 1),
(153, 1),
(154, 1),
(155, 1),
(156, 1),
(157, 1),
(158, 1),
(159, 1),
(160, 1),
(161, 1),
(162, 1),
(163, 1),
(164, 1),
(165, 1),
(166, 1),
(167, 1),
(168, 1),
(169, 1),
(170, 1),
(171, 1),
(172, 1),
(173, 1),
(174, 1),
(175, 1),
(176, 1),
(177, 1),
(178, 1),
(179, 1),
(180, 1),
(181, 1),
(182, 1),
(183, 1),
(184, 1),
(185, 1),
(186, 1),
(187, 1),
(188, 1),
(189, 1),
(190, 1),
(191, 1),
(192, 1),
(193, 1),
(194, 1),
(195, 1),
(196, 1),
(197, 1),
(198, 1),
(199, 1),
(200, 1),
(201, 1),
(202, 1),
(203, 1),
(204, 1),
(205, 1),
(206, 1),
(207, 1),
(208, 1),
(209, 1),
(210, 1),
(211, 1),
(212, 1),
(213, 1),
(214, 1),
(215, 1),
(216, 1),
(217, 1),
(218, 1),
(219, 1),
(220, 1),
(221, 1),
(222, 1),
(223, 1),
(224, 1),
(225, 1),
(226, 1),
(227, 1),
(228, 1),
(229, 1),
(230, 1),
(231, 1),
(232, 1),
(233, 1),
(234, 1),
(235, 1),
(236, 1),
(237, 1),
(238, 1),
(239, 1),
(240, 1),
(241, 1),
(242, 1),
(243, 1),
(244, 1),
(245, 1),
(246, 1),
(247, 1),
(248, 1),
(249, 1),
(250, 1),
(251, 1),
(252, 1),
(253, 1),
(254, 1),
(255, 1),
(256, 1),
(257, 1),
(258, 1),
(259, 1),
(260, 1),
(261, 1),
(262, 1),
(263, 1),
(264, 1),
(265, 1),
(266, 1),
(267, 1),
(268, 1),
(269, 1),
(270, 1),
(271, 1),
(272, 1),
(273, 1),
(274, 1),
(275, 1),
(276, 1),
(277, 1),
(278, 1),
(279, 1),
(280, 1),
(281, 1),
(282, 1),
(283, 1),
(284, 1),
(285, 1),
(286, 1),
(287, 1),
(288, 1),
(289, 1),
(290, 1),
(291, 1),
(292, 1),
(293, 1),
(294, 1),
(295, 1),
(296, 1),
(297, 1),
(298, 1),
(299, 1),
(300, 1),
(301, 1),
(302, 1),
(303, 1),
(304, 1),
(305, 1),
(306, 1),
(307, 1),
(308, 1),
(309, 1),
(310, 1),
(311, 1),
(312, 1),
(313, 1),
(314, 1),
(315, 1),
(316, 1),
(317, 1),
(318, 1),
(319, 1),
(320, 1),
(321, 1),
(322, 1),
(323, 1),
(324, 1),
(325, 1),
(326, 1),
(327, 1),
(328, 1),
(329, 1),
(330, 1),
(331, 1),
(332, 1),
(333, 1),
(334, 1),
(335, 1),
(336, 1),
(337, 1),
(338, 1),
(339, 1),
(340, 1),
(341, 1),
(342, 1),
(343, 1),
(344, 1),
(345, 1),
(346, 1),
(347, 1),
(348, 1),
(349, 1),
(350, 1),
(351, 1),
(352, 1),
(353, 1),
(354, 1),
(355, 1),
(356, 1),
(357, 1),
(358, 1),
(359, 1),
(360, 1),
(361, 1),
(362, 1),
(363, 1),
(364, 1),
(365, 1),
(366, 1),
(367, 1),
(368, 1),
(369, 1),
(370, 1),
(371, 1),
(372, 1),
(373, 1),
(374, 1),
(375, 1),
(376, 1),
(377, 1),
(378, 1),
(379, 1),
(380, 1),
(381, 1),
(382, 1),
(383, 1),
(384, 1),
(385, 1),
(386, 1),
(387, 1),
(388, 1),
(389, 1),
(390, 1),
(391, 1),
(392, 1),
(393, 1),
(394, 1),
(395, 1),
(396, 1),
(397, 1),
(398, 1),
(399, 1),
(400, 1),
(401, 1),
(402, 1),
(403, 1),
(404, 1),
(405, 1),
(406, 1),
(407, 1),
(408, 1),
(409, 1),
(410, 1),
(411, 1),
(412, 1),
(413, 1),
(414, 1),
(415, 1),
(416, 1),
(417, 1),
(418, 1),
(419, 1),
(420, 1),
(421, 1),
(422, 1),
(423, 1),
(424, 1),
(425, 1),
(426, 1),
(427, 1),
(428, 1),
(429, 1),
(430, 1),
(431, 1),
(432, 1),
(433, 1),
(434, 1),
(435, 1),
(436, 1),
(437, 1),
(438, 1),
(439, 1),
(440, 1),
(441, 1),
(442, 1),
(443, 1),
(444, 1),
(445, 1),
(446, 1),
(447, 1),
(448, 1),
(449, 1),
(450, 1),
(451, 1),
(452, 1),
(453, 1),
(454, 1),
(455, 1),
(456, 1),
(457, 1),
(458, 1),
(459, 1),
(460, 1),
(461, 1),
(462, 1),
(463, 1),
(464, 1),
(465, 1),
(466, 1),
(467, 1),
(468, 1),
(469, 1),
(470, 1),
(471, 1),
(472, 1),
(473, 1),
(474, 1),
(475, 1),
(476, 1),
(477, 1),
(478, 1),
(479, 1),
(480, 1),
(481, 1),
(482, 1),
(483, 1),
(484, 1),
(485, 1),
(486, 1),
(487, 1),
(488, 1),
(489, 1),
(490, 1),
(491, 1),
(492, 1),
(493, 1),
(494, 1),
(495, 1),
(496, 1),
(497, 1),
(498, 1),
(499, 1),
(500, 1),
(501, 1),
(502, 1),
(503, 1),
(504, 1),
(505, 1),
(506, 1),
(507, 1),
(508, 1),
(509, 1),
(510, 1),
(511, 1),
(512, 1),
(513, 1),
(514, 1),
(515, 1),
(516, 1),
(517, 1),
(518, 1),
(519, 1),
(520, 1),
(521, 1),
(522, 1),
(523, 1),
(524, 1),
(525, 1),
(526, 1),
(527, 1),
(528, 1),
(529, 1),
(530, 1),
(531, 1),
(532, 1),
(533, 1),
(534, 1),
(535, 1),
(536, 1),
(537, 1),
(538, 1),
(539, 1),
(540, 1),
(541, 1),
(542, 1),
(543, 1),
(544, 1),
(545, 1),
(546, 1),
(547, 1),
(548, 1),
(549, 1),
(550, 1),
(551, 1),
(552, 1),
(553, 1),
(554, 1),
(555, 1),
(556, 1),
(557, 1),
(558, 1),
(559, 1),
(560, 1),
(561, 1),
(562, 1),
(563, 1),
(564, 1),
(565, 1),
(566, 1),
(567, 1),
(568, 1),
(569, 1),
(570, 1),
(571, 1),
(572, 1),
(573, 1),
(574, 1),
(575, 1),
(576, 1),
(577, 1),
(578, 1),
(579, 1),
(580, 1),
(581, 1),
(582, 1),
(583, 1),
(584, 1),
(585, 1),
(586, 1),
(587, 1),
(588, 1),
(589, 1),
(590, 1),
(591, 1),
(592, 1),
(593, 1),
(594, 1),
(595, 1),
(596, 1),
(597, 1),
(598, 1),
(599, 1),
(600, 1),
(601, 1),
(602, 1),
(603, 1),
(604, 1),
(605, 1),
(606, 1),
(607, 1),
(608, 1),
(609, 1),
(610, 1),
(611, 1),
(612, 1),
(613, 1),
(614, 1),
(615, 1),
(616, 1),
(617, 1),
(618, 1),
(619, 1),
(620, 1),
(621, 1),
(622, 1),
(623, 1),
(624, 1),
(625, 1),
(626, 1),
(627, 1),
(628, 1),
(629, 1),
(630, 1),
(631, 1),
(632, 1),
(633, 1),
(634, 1),
(635, 1),
(636, 1),
(637, 1),
(638, 1),
(639, 1),
(640, 1),
(641, 1),
(642, 1),
(643, 1),
(644, 1),
(645, 1),
(646, 1),
(647, 1),
(648, 1),
(649, 1),
(650, 1),
(651, 1),
(652, 1),
(653, 1),
(654, 1),
(655, 1),
(656, 1),
(657, 1),
(658, 1),
(659, 1),
(660, 1),
(661, 1),
(662, 1),
(663, 1),
(664, 1),
(665, 1),
(666, 1),
(667, 1),
(668, 1),
(669, 1),
(670, 1),
(671, 1),
(672, 1),
(673, 1),
(674, 1),
(675, 1),
(676, 1),
(677, 1),
(678, 1),
(679, 1),
(680, 1),
(681, 1),
(682, 1),
(683, 1),
(684, 1),
(685, 1),
(686, 1),
(687, 1),
(688, 1),
(689, 1),
(690, 1),
(691, 1),
(692, 1),
(693, 1),
(694, 1),
(695, 1),
(696, 1),
(697, 1),
(698, 1),
(699, 1),
(700, 1),
(701, 1),
(702, 1),
(703, 1),
(704, 1),
(705, 1),
(706, 1),
(707, 1),
(708, 1),
(709, 1),
(710, 1),
(711, 1),
(712, 1),
(713, 1),
(714, 1),
(715, 1),
(716, 1),
(717, 1),
(718, 1),
(719, 1),
(720, 1),
(721, 1),
(722, 1),
(723, 1),
(724, 1),
(725, 1),
(726, 1),
(727, 1),
(728, 1),
(729, 1),
(730, 1),
(731, 1),
(732, 1),
(733, 1),
(734, 1),
(735, 1),
(736, 1),
(737, 1),
(738, 1),
(739, 1),
(740, 1),
(741, 1),
(742, 1),
(743, 1),
(744, 1),
(745, 1),
(746, 1),
(747, 1),
(748, 1),
(749, 1),
(750, 1),
(751, 1),
(752, 1),
(753, 1),
(754, 1),
(755, 1),
(756, 1),
(757, 1),
(758, 1),
(759, 1),
(760, 1),
(761, 1),
(762, 1),
(763, 1),
(764, 1),
(765, 1),
(766, 1),
(767, 1),
(768, 1),
(769, 1),
(770, 1),
(771, 1),
(772, 1),
(773, 1),
(774, 1),
(775, 1),
(776, 1),
(777, 1),
(778, 1),
(779, 1),
(780, 1),
(781, 1),
(782, 1),
(783, 1),
(784, 1),
(785, 1),
(786, 1),
(787, 1),
(788, 1),
(789, 1),
(790, 1),
(791, 1),
(792, 1),
(793, 1),
(794, 1),
(795, 1),
(796, 1),
(797, 1),
(798, 1),
(799, 1),
(800, 1),
(801, 1),
(802, 1),
(803, 1),
(804, 1),
(805, 1),
(806, 1),
(807, 1),
(808, 1),
(809, 1),
(810, 1),
(811, 1),
(812, 1),
(813, 1),
(814, 1),
(815, 1),
(816, 1),
(817, 1),
(818, 1),
(819, 1),
(820, 1),
(821, 1),
(822, 1),
(823, 1),
(824, 1),
(825, 1),
(826, 1),
(827, 1),
(828, 1),
(829, 1),
(830, 1),
(831, 1),
(832, 1),
(833, 1),
(834, 1),
(835, 1),
(836, 1),
(837, 1),
(838, 1),
(839, 1),
(840, 1),
(841, 1),
(842, 1),
(843, 1),
(844, 1),
(845, 1),
(846, 1),
(847, 1),
(848, 1),
(849, 1),
(850, 1),
(851, 1),
(852, 1),
(853, 1),
(854, 1),
(855, 1),
(856, 1),
(857, 1),
(858, 1),
(859, 1),
(860, 1),
(861, 1),
(862, 1),
(863, 1),
(864, 1),
(865, 1),
(866, 1),
(867, 1),
(868, 1),
(869, 1),
(870, 1),
(871, 1),
(872, 1),
(873, 1),
(874, 1),
(875, 1),
(876, 1),
(877, 1),
(878, 1),
(879, 1),
(880, 1),
(881, 1),
(882, 1),
(883, 1),
(884, 1),
(885, 1),
(886, 1),
(887, 1),
(888, 1),
(889, 1),
(890, 1),
(891, 1),
(892, 1),
(893, 1),
(894, 1),
(895, 1),
(896, 1),
(897, 1),
(898, 1),
(899, 1),
(900, 1),
(901, 1),
(902, 1),
(903, 1),
(904, 1),
(905, 1),
(906, 1),
(907, 1),
(908, 1),
(909, 1),
(910, 1),
(911, 1),
(912, 1),
(913, 1),
(914, 1),
(915, 1),
(916, 1),
(917, 1),
(918, 1),
(919, 1),
(920, 1),
(921, 1),
(922, 1),
(923, 1),
(924, 1),
(925, 1),
(926, 1),
(927, 1),
(928, 1),
(929, 1),
(930, 1),
(931, 1),
(932, 1),
(933, 1),
(934, 1),
(935, 1),
(936, 1),
(937, 1),
(938, 1),
(939, 1),
(940, 1),
(941, 1),
(942, 1),
(943, 1),
(944, 1),
(945, 1),
(946, 1),
(947, 1),
(948, 1),
(949, 1),
(950, 1),
(951, 1),
(952, 1),
(953, 1),
(954, 1),
(955, 1),
(956, 1),
(957, 1),
(958, 1),
(959, 1),
(960, 1),
(961, 1),
(962, 1),
(963, 1),
(964, 1),
(965, 1),
(966, 1),
(967, 1),
(968, 1),
(969, 1),
(970, 1),
(971, 1),
(972, 1),
(973, 1),
(974, 1),
(975, 1),
(976, 1),
(977, 1),
(978, 1),
(979, 1),
(980, 1),
(981, 1),
(982, 1),
(983, 1),
(984, 1),
(985, 1),
(986, 1),
(987, 1),
(988, 1),
(989, 1),
(990, 1),
(991, 1),
(992, 1),
(993, 1),
(994, 1),
(995, 1),
(996, 1),
(997, 1),
(998, 1),
(999, 1),
(1000, 1),
(1001, 1),
(1002, 1),
(1003, 1),
(1004, 1),
(1005, 1),
(1006, 1),
(1007, 1),
(1008, 1),
(1009, 1),
(1010, 1),
(1011, 1),
(1012, 1),
(1013, 1),
(1014, 1),
(1015, 1),
(1016, 1),
(1017, 1),
(1018, 1),
(1019, 1),
(1020, 1),
(1021, 1),
(1022, 1),
(1023, 1),
(1024, 1),
(1025, 1),
(1026, 1),
(1027, 1),
(1028, 1),
(1029, 1),
(1030, 1),
(1031, 1),
(1032, 1),
(1033, 1),
(1034, 1),
(1035, 1),
(1036, 1),
(1037, 1),
(1038, 1),
(1039, 1),
(1040, 1),
(1041, 1),
(1042, 1),
(1043, 1),
(1044, 1),
(1045, 1),
(1046, 1),
(1047, 1),
(1048, 1),
(1049, 1),
(1050, 1),
(1051, 1),
(1052, 1),
(1053, 1),
(1054, 1),
(1055, 1),
(1056, 1),
(1057, 1),
(1058, 1),
(1059, 1),
(1060, 1),
(1061, 1),
(1062, 1),
(1063, 1),
(1064, 1),
(1065, 1),
(1066, 1),
(1067, 1),
(1068, 1),
(1069, 1),
(1070, 1),
(1071, 1),
(1072, 1),
(1073, 1),
(1074, 1),
(1075, 1),
(1076, 1),
(1077, 1),
(1078, 1),
(1079, 1),
(1080, 1),
(1081, 1),
(1082, 1),
(1083, 1),
(1084, 1),
(1085, 1),
(1086, 1),
(1087, 1),
(1088, 1),
(1089, 1),
(1090, 1),
(1091, 1),
(1092, 1),
(1093, 1),
(1094, 1),
(1095, 1),
(1096, 1),
(1097, 1),
(1098, 1),
(1099, 1),
(1100, 1),
(1101, 1),
(1102, 1),
(1103, 1),
(1104, 1),
(1105, 1),
(1106, 1),
(1107, 1),
(1108, 1),
(1109, 1),
(1110, 1),
(1111, 1),
(1112, 1),
(1113, 1),
(1114, 1),
(1115, 1),
(1116, 1),
(1117, 1),
(1118, 1),
(1119, 1),
(1120, 1),
(1121, 1),
(1122, 1),
(1123, 1),
(1124, 1),
(1125, 1),
(1126, 1),
(1127, 1),
(1128, 1),
(1129, 1),
(1130, 1),
(1131, 1),
(1132, 1),
(1133, 1),
(1134, 1),
(1135, 1),
(1136, 1),
(1137, 1),
(1138, 1),
(1139, 1),
(1140, 1),
(1141, 1),
(1142, 1),
(1143, 1),
(1144, 1),
(1145, 1),
(1146, 1),
(1147, 1),
(1148, 1),
(1149, 1),
(1150, 1),
(1151, 1),
(1152, 1),
(1153, 1),
(1154, 1),
(1155, 1),
(1156, 1),
(1157, 1),
(1158, 1),
(1159, 1),
(1160, 1),
(1161, 1),
(1162, 1),
(1163, 1),
(1164, 1),
(1165, 1),
(1166, 1),
(1167, 1),
(1168, 1),
(1169, 1),
(1170, 1),
(1171, 1),
(1172, 1),
(1173, 1),
(1174, 1),
(1175, 1),
(1176, 1),
(1177, 1),
(1178, 1),
(1179, 1),
(1180, 1),
(1181, 1),
(1182, 1),
(1183, 1),
(1184, 1),
(1185, 1),
(1186, 1),
(1187, 1),
(1188, 1),
(1189, 1),
(1190, 1),
(1191, 1),
(1192, 1),
(1193, 1),
(1194, 1),
(1195, 1),
(1196, 1),
(1197, 1),
(1198, 1),
(1199, 1),
(1200, 1),
(1201, 1),
(1202, 1),
(1203, 1),
(1204, 1),
(1205, 1),
(1206, 1),
(1207, 1),
(1208, 1),
(1209, 1),
(1210, 1),
(1211, 1),
(1212, 1),
(1213, 1),
(1214, 1),
(1215, 1),
(1216, 1),
(1217, 1),
(1218, 1),
(1219, 1),
(1220, 1),
(1221, 1),
(1222, 1),
(1223, 1),
(1224, 1),
(1225, 1),
(1226, 1),
(1227, 1),
(1228, 1),
(1229, 1),
(1230, 1),
(1231, 1),
(1232, 1),
(1233, 1),
(1234, 1),
(1235, 1),
(1236, 1),
(1237, 1),
(1238, 1),
(1239, 1),
(1240, 1),
(1241, 1),
(1242, 1),
(1243, 1),
(1244, 1),
(1245, 1),
(1246, 1),
(1247, 1),
(1248, 1),
(1249, 1),
(1250, 1),
(1251, 1),
(1252, 1),
(1253, 1),
(1254, 1),
(1255, 1),
(1256, 1),
(1257, 1),
(1258, 1),
(1259, 1),
(1260, 1),
(1261, 1),
(1262, 1),
(1263, 1),
(1264, 1),
(1265, 1),
(1266, 1),
(1267, 1),
(1268, 1),
(1269, 1),
(1270, 1),
(1271, 1),
(1272, 1),
(1273, 1),
(1274, 1),
(1275, 1),
(1276, 1),
(1277, 1),
(1278, 1),
(1279, 1),
(1280, 1),
(1281, 1),
(1282, 1),
(1283, 1),
(1284, 1),
(1285, 1),
(1286, 1),
(1287, 1),
(1288, 1),
(1289, 1),
(1290, 1),
(1291, 1),
(1292, 1),
(1293, 1),
(1294, 1),
(1295, 1),
(1296, 1),
(1297, 1),
(1298, 1),
(1299, 1),
(1300, 1),
(1301, 1),
(1302, 1),
(1303, 1),
(1304, 1),
(1305, 1),
(1306, 1),
(1307, 1),
(1308, 1),
(1309, 1),
(1310, 1),
(1311, 1),
(1312, 1),
(1313, 1),
(1314, 1),
(1315, 1),
(1316, 1),
(1317, 1),
(1318, 1),
(1319, 1),
(1320, 1),
(1321, 1),
(1322, 1),
(1323, 1),
(1324, 1),
(1325, 1),
(1326, 1),
(1327, 1),
(1328, 1),
(1329, 1),
(1330, 1),
(1331, 1),
(1332, 1),
(1333, 1),
(1334, 1),
(1335, 1);

-- --------------------------------------------------------

--
-- Структура таблицы `b_sale_location_city`
--

CREATE TABLE IF NOT EXISTS `b_sale_location_city` (
  `ID` int(11) NOT NULL AUTO_INCREMENT,
  `NAME` varchar(100) NOT NULL,
  `SHORT_NAME` varchar(100) DEFAULT NULL,
  `REGION_ID` int(11) DEFAULT NULL,
  PRIMARY KEY (`ID`),
  KEY `IXS_LOCAT_REGION_ID` (`REGION_ID`)
) ENGINE=MyISAM  DEFAULT CHARSET=cp1251 AUTO_INCREMENT=1239 ;

--
-- Дамп данных таблицы `b_sale_location_city`
--

INSERT INTO `b_sale_location_city` (`ID`, `NAME`, `SHORT_NAME`, `REGION_ID`) VALUES
(1, 'Baku', NULL, NULL),
(2, 'Ganca', NULL, NULL),
(3, 'Sumqayit', NULL, NULL),
(4, 'Mingacevir', NULL, NULL),
(5, 'Nakhichevan', NULL, NULL),
(6, 'Shaki', NULL, NULL),
(7, 'Minsk', NULL, NULL),
(8, 'Brest', NULL, NULL),
(9, 'Gomel', NULL, NULL),
(10, 'Grodno', NULL, NULL),
(11, 'Mogilev', NULL, NULL),
(12, 'Vitebsk', NULL, NULL),
(13, 'Bobruysk', NULL, NULL),
(14, 'Tallinn', NULL, NULL),
(15, 'Narva', NULL, NULL),
(16, 'Maykop', NULL, NULL),
(17, 'Adygeysk', NULL, NULL),
(18, 'Ufa', NULL, NULL),
(19, 'Agidel', NULL, NULL),
(20, 'Neftekamsk', NULL, NULL),
(21, 'Oktyabrskiy', NULL, NULL),
(22, 'Salavat', NULL, NULL),
(23, 'Sibay', NULL, NULL),
(24, 'Kumertau', NULL, NULL),
(25, 'Mezhgore', NULL, NULL),
(26, 'Sterlitamak', NULL, NULL),
(27, 'Baymak', NULL, NULL),
(28, 'Belebey', NULL, NULL),
(29, 'Beloretsk', NULL, NULL),
(30, 'Birsk', NULL, NULL),
(31, 'Blagoveshchensk', NULL, NULL),
(32, 'Ishimbay', NULL, NULL),
(33, 'Meleuz', NULL, NULL),
(34, 'Tuymazy', NULL, NULL),
(35, 'Uchaly', NULL, NULL),
(36, 'YAnaul', NULL, NULL),
(37, 'Davlekanovo', NULL, NULL),
(38, 'Dyurtyuli', NULL, NULL),
(39, 'UlanUde', NULL, NULL),
(40, 'Severobaykalsk', NULL, NULL),
(41, 'Zakamensk', NULL, NULL),
(42, 'Babushkin', NULL, NULL),
(43, 'Kyakhta', NULL, NULL),
(44, 'Gusinoozersk', NULL, NULL),
(45, 'GornoAltaysk', NULL, NULL),
(46, 'Makhachkala', NULL, NULL),
(47, 'Dagestanskie Ogni', NULL, NULL),
(48, 'Izberbash', NULL, NULL),
(49, 'Kaspiysk', NULL, NULL),
(50, 'YUzhnoSukhokumsk', NULL, NULL),
(51, 'Derbent', NULL, NULL),
(52, 'Kizilyurt', NULL, NULL),
(53, 'Kizlyar', NULL, NULL),
(54, 'KHasavyurt', NULL, NULL),
(55, 'Buynaksk', NULL, NULL),
(56, 'Magas', NULL, NULL),
(57, 'Karabulak', NULL, NULL),
(58, 'Nazran', NULL, NULL),
(59, 'Malgobek', NULL, NULL),
(60, 'Nalchik', NULL, NULL),
(61, 'Baksan', NULL, NULL),
(62, 'Mayskiy', NULL, NULL),
(63, 'Prokhladnyy', NULL, NULL),
(64, 'Terek', NULL, NULL),
(65, 'Nartkala', NULL, NULL),
(66, 'CHegem', NULL, NULL),
(67, 'Tyrnyauz', NULL, NULL),
(68, 'Elista', NULL, NULL),
(69, 'Gorodovikovsk', NULL, NULL),
(70, 'Lagan', NULL, NULL),
(71, 'CHerkessk', NULL, NULL),
(72, 'Karachaevsk', NULL, NULL),
(73, 'Teberda', NULL, NULL),
(74, 'UstDzheguta', NULL, NULL),
(75, 'Petrozavodsk', NULL, NULL),
(76, 'Kostomuksha', NULL, NULL),
(77, 'Sortavala', NULL, NULL),
(78, 'Belomorsk', NULL, NULL),
(79, 'Kem', NULL, NULL),
(80, 'Kondopoga', NULL, NULL),
(81, 'Lakhdenpokhya', NULL, NULL),
(82, 'Medvezhegorsk', NULL, NULL),
(83, 'Olonets', NULL, NULL),
(84, 'Pitkyaranta', NULL, NULL),
(85, 'Pudozh', NULL, NULL),
(86, 'Segezha', NULL, NULL),
(87, 'Suoyarvi', NULL, NULL),
(88, 'Syktyvkar', NULL, NULL),
(89, 'Vorkuta', NULL, NULL),
(90, 'Vuktyl', NULL, NULL),
(91, 'Inta', NULL, NULL),
(92, 'Pechora', NULL, NULL),
(93, 'Sosnogorsk', NULL, NULL),
(94, 'Usinsk', NULL, NULL),
(95, 'Ukhta', NULL, NULL),
(96, 'Emva', NULL, NULL),
(97, 'Mikun', NULL, NULL),
(98, 'YoshkarOla', NULL, NULL),
(99, 'Volzhsk', NULL, NULL),
(100, 'Kozmodemyansk', NULL, NULL),
(101, 'Zvenigovo', NULL, NULL),
(102, 'Saransk', NULL, NULL),
(103, 'Ardatov', NULL, NULL),
(104, 'Insar', NULL, NULL),
(105, 'Kovylkino', NULL, NULL),
(106, 'Krasnoslobodsk', NULL, NULL),
(107, 'Ruzaevka', NULL, NULL),
(108, 'Temnikov', NULL, NULL),
(109, 'Olekminsk', NULL, NULL),
(110, 'YAkutsk', NULL, NULL),
(111, 'Neryungri', NULL, NULL),
(112, 'Aldan', NULL, NULL),
(113, 'Tommot', NULL, NULL),
(114, 'Verkhoyansk', NULL, NULL),
(115, 'Vilyuysk', NULL, NULL),
(116, 'Lensk', NULL, NULL),
(117, 'Mirnyy', NULL, NULL),
(118, 'Udachnyy', NULL, NULL),
(119, 'Nyurba', NULL, NULL),
(120, 'Srednekolymsk', NULL, NULL),
(121, 'Pokrovsk', NULL, NULL),
(122, 'Vladikavkaz', NULL, NULL),
(123, 'Alagir', NULL, NULL),
(124, 'Ardon', NULL, NULL),
(125, 'Digora', NULL, NULL),
(126, 'Mozdok', NULL, NULL),
(127, 'Beslan', NULL, NULL),
(128, 'Kazan', NULL, NULL),
(129, 'Naberezhnye CHelny', NULL, NULL),
(130, 'Agryz', NULL, NULL),
(131, 'Aznakaevo', NULL, NULL),
(132, 'Almetevsk', NULL, NULL),
(133, 'Arsk', NULL, NULL),
(134, 'Bavly', NULL, NULL),
(135, 'Bugulma', NULL, NULL),
(136, 'Buinsk', NULL, NULL),
(137, 'Elabuga', NULL, NULL),
(138, 'Zainsk', NULL, NULL),
(139, 'Zelenodolsk', NULL, NULL),
(140, 'Laishevo', NULL, NULL),
(141, 'Leninogorsk', NULL, NULL),
(142, 'Mamadysh', NULL, NULL),
(143, 'Mendeleevsk', NULL, NULL),
(144, 'Menzelinsk', NULL, NULL),
(145, 'Nizhnekamsk', NULL, NULL),
(146, 'Nurlat', NULL, NULL),
(147, 'Bolgar', NULL, NULL),
(148, 'Tetyushi', NULL, NULL),
(149, 'CHistopol', NULL, NULL),
(150, 'Kyzyl', NULL, NULL),
(151, 'AkDovurak', NULL, NULL),
(152, 'CHadan', NULL, NULL),
(153, 'Turan', NULL, NULL),
(154, 'SHagonar', NULL, NULL),
(155, 'Izhevsk', NULL, NULL),
(156, 'Sarapul', NULL, NULL),
(157, 'Votkinsk', NULL, NULL),
(158, 'Glazov', NULL, NULL),
(159, 'Mozhga', NULL, NULL),
(160, 'Kambarka', NULL, NULL),
(161, 'Abakan', NULL, NULL),
(162, 'Sayanogorsk', NULL, NULL),
(163, 'CHernogorsk', NULL, NULL),
(164, 'Abaza', NULL, NULL),
(165, 'Sorsk', NULL, NULL),
(166, 'Groznyy', NULL, NULL),
(167, 'Argun', NULL, NULL),
(168, 'Gudermes', NULL, NULL),
(169, 'UrusMartan', NULL, NULL),
(170, 'SHali', NULL, NULL),
(171, 'Mariinskiy Posad', NULL, NULL),
(172, 'TSivilsk', NULL, NULL),
(173, 'CHeboksary', NULL, NULL),
(174, 'Alatyr', NULL, NULL),
(175, 'Kanash', NULL, NULL),
(176, 'YAdrin', NULL, NULL),
(177, 'SHumerlya', NULL, NULL),
(178, 'Novocheboksarsk', NULL, NULL),
(179, 'Kozlovka', NULL, NULL),
(180, 'Barnaul', NULL, NULL),
(181, 'Aleysk', NULL, NULL),
(182, 'Belokurikha', NULL, NULL),
(183, 'Biysk', NULL, NULL),
(184, 'KamennaObi', NULL, NULL),
(185, 'Novoaltaysk', NULL, NULL),
(186, 'Rubtsovsk', NULL, NULL),
(187, 'Slavgorod', NULL, NULL),
(188, 'Zarinsk', NULL, NULL),
(189, 'YArovoe', NULL, NULL),
(190, 'Zmeinogorsk', NULL, NULL),
(191, 'Gornyak', NULL, NULL),
(192, 'Krasnodar', NULL, NULL),
(193, 'Armavir', NULL, NULL),
(194, 'Gelendzhik', NULL, NULL),
(195, 'Goryachiy Klyuch', NULL, NULL),
(196, 'Novorossiysk', NULL, NULL),
(197, 'Sochi', NULL, NULL),
(198, 'Abinsk', NULL, NULL),
(199, 'Anapa', NULL, NULL),
(200, 'Apsheronsk', NULL, NULL),
(201, 'KHadyzhensk', NULL, NULL),
(202, 'Belorechensk', NULL, NULL),
(203, 'Gulkevichi', NULL, NULL),
(204, 'Eysk', NULL, NULL),
(205, 'Kropotkin', NULL, NULL),
(206, 'Korenovsk', NULL, NULL),
(207, 'Krymsk', NULL, NULL),
(208, 'Kurganinsk', NULL, NULL),
(209, 'Labinsk', NULL, NULL),
(210, 'Novokubansk', NULL, NULL),
(211, 'PrimorskoAkhtarsk', NULL, NULL),
(212, 'SlavyansknaKubani', NULL, NULL),
(213, 'Temryuk', NULL, NULL),
(214, 'Timashevsk', NULL, NULL),
(215, 'Tikhoretsk', NULL, NULL),
(216, 'Tuapse', NULL, NULL),
(217, 'UstLabinsk', NULL, NULL),
(218, 'Krasnoyarsk', NULL, NULL),
(219, 'Borodino', NULL, NULL),
(220, 'Divnogorsk', NULL, NULL),
(221, 'ZHeleznogorsk', NULL, NULL),
(222, 'Zelenogorsk', NULL, NULL),
(223, 'Lesosibirsk', NULL, NULL),
(224, 'Norilsk', NULL, NULL),
(225, 'Sosnovoborsk', NULL, NULL),
(226, 'Achinsk', NULL, NULL),
(227, 'Bogotol', NULL, NULL),
(228, 'Eniseysk', NULL, NULL),
(229, 'Kansk', NULL, NULL),
(230, 'Minusinsk', NULL, NULL),
(231, 'Nazarovo', NULL, NULL),
(232, 'SHarypovo', NULL, NULL),
(233, 'Ilanskiy', NULL, NULL),
(234, 'Kodinsk', NULL, NULL),
(235, 'Artemovsk', NULL, NULL),
(236, 'Zaozernyy', NULL, NULL),
(237, 'Igarka', NULL, NULL),
(238, 'Uzhur', NULL, NULL),
(239, 'Uyar', NULL, NULL),
(240, 'Dudinka', NULL, NULL),
(241, 'Vladivostok', NULL, NULL),
(242, 'Arsenev', NULL, NULL),
(243, 'Artem', NULL, NULL),
(244, 'Nakhodka', NULL, NULL),
(245, 'Partizansk', NULL, NULL),
(246, 'Fokino', NULL, NULL),
(247, 'Bolshoy Kamen', NULL, NULL),
(248, 'Dalnegorsk', NULL, NULL),
(249, 'Dalnerechensk', NULL, NULL),
(250, 'SpasskDalniy', NULL, NULL),
(251, 'Ussuriysk', NULL, NULL),
(252, 'Lesozavodsk', NULL, NULL),
(253, 'Stavropol', NULL, NULL),
(254, 'Essentuki', NULL, NULL),
(255, 'ZHeleznovodsk', NULL, NULL),
(256, 'Kislovodsk', NULL, NULL),
(257, 'Lermontov', NULL, NULL),
(258, 'Nevinnomyssk', NULL, NULL),
(259, 'Pyatigorsk', NULL, NULL),
(260, 'Georgievsk', NULL, NULL),
(261, 'Mineralnye Vody', NULL, NULL),
(262, 'Blagodarnyy', NULL, NULL),
(263, 'Budennovsk', NULL, NULL),
(264, 'Izobilnyy', NULL, NULL),
(265, 'Ipatovo', NULL, NULL),
(266, 'Novopavlovsk', NULL, NULL),
(267, 'Neftekumsk', NULL, NULL),
(268, 'Novoaleksandrovsk', NULL, NULL),
(269, 'Svetlograd', NULL, NULL),
(270, 'Zelenokumsk', NULL, NULL),
(271, 'Mikhaylovsk', NULL, NULL),
(272, 'KHabarovsk', NULL, NULL),
(273, 'Amursk', NULL, NULL),
(274, 'Bikin', NULL, NULL),
(275, 'KomsomolsknaAmure', NULL, NULL),
(276, 'NikolaevsknaAmure', NULL, NULL),
(277, 'Sovetskaya Gavan', NULL, NULL),
(278, 'Vyazemskiy', NULL, NULL),
(279, 'Serishovo', NULL, NULL),
(280, 'Blagoveshchensk', NULL, NULL),
(281, 'Raychikhinsk', NULL, NULL),
(282, 'Belogorsk', NULL, NULL),
(283, 'Zeya', NULL, NULL),
(284, 'Svobodnyy', NULL, NULL),
(285, 'Tynda', NULL, NULL),
(286, 'SHimanovsk', NULL, NULL),
(287, 'Zavitinsk', NULL, NULL),
(288, 'Skovorodino', NULL, NULL),
(289, 'Arkhangelsk', NULL, NULL),
(290, 'Mirnyy', NULL, NULL),
(291, 'Novodvinsk', NULL, NULL),
(292, 'Severodvinsk', NULL, NULL),
(293, 'Koryazhma', NULL, NULL),
(294, 'Velsk', NULL, NULL),
(295, 'Kargopol', NULL, NULL),
(296, 'Kotlas', NULL, NULL),
(297, 'Solvychegodsk', NULL, NULL),
(298, 'Mezen', NULL, NULL),
(299, 'Nyandoma', NULL, NULL),
(300, 'Onega', NULL, NULL),
(301, 'SHenkursk', NULL, NULL),
(302, 'Astrakhan', NULL, NULL),
(303, 'Znamensk', NULL, NULL),
(304, 'Akhtubinsk', NULL, NULL),
(305, 'Kamyzyak', NULL, NULL),
(306, 'Narimanov', NULL, NULL),
(307, 'KHarabali', NULL, NULL),
(308, 'Belgorod', NULL, NULL),
(309, 'Staryy Oskol', NULL, NULL),
(310, 'SHebekino', NULL, NULL),
(311, 'Gubkin', NULL, NULL),
(312, 'Alekseevka', NULL, NULL),
(313, 'Valuyki', NULL, NULL),
(314, 'Grayvoron', NULL, NULL),
(315, 'Korocha', NULL, NULL),
(316, 'Biryuch', NULL, NULL),
(317, 'Novyy Oskol', NULL, NULL),
(318, 'Stroitel', NULL, NULL),
(319, 'Bryansk', NULL, NULL),
(320, 'Seltso', NULL, NULL),
(321, 'Klintsy', NULL, NULL),
(322, 'Novozybkov', NULL, NULL),
(323, 'Dyatkovo', NULL, NULL),
(324, 'Fokino', NULL, NULL),
(325, 'ZHukovka', NULL, NULL),
(326, 'Zlynka', NULL, NULL),
(327, 'Karachev', NULL, NULL),
(328, 'Mglin', NULL, NULL),
(329, 'Pochep', NULL, NULL),
(330, 'Sevsk', NULL, NULL),
(331, 'Starodub', NULL, NULL),
(332, 'Surazh', NULL, NULL),
(333, 'Trubchevsk', NULL, NULL),
(334, 'Unecha', NULL, NULL),
(335, 'Vladimir', NULL, NULL),
(336, 'Raduzhnyy', NULL, NULL),
(337, 'GusKHrustalnyy', NULL, NULL),
(338, 'Kovrov', NULL, NULL),
(339, 'Murom', NULL, NULL),
(340, 'Aleksandrov', NULL, NULL),
(341, 'Karabanovo', NULL, NULL),
(342, 'Strunino', NULL, NULL),
(343, 'Vyazniki', NULL, NULL),
(344, 'Gorokhovets', NULL, NULL),
(345, 'Kurlovo', NULL, NULL),
(346, 'Kameshkovo', NULL, NULL),
(347, 'Kirzhach', NULL, NULL),
(348, 'Kolchugino', NULL, NULL),
(349, 'Melenki', NULL, NULL),
(350, 'Petushki', NULL, NULL),
(351, 'Kosterevo', NULL, NULL),
(352, 'Pokrov', NULL, NULL),
(353, 'Sobinka', NULL, NULL),
(354, 'Lakinsk', NULL, NULL),
(355, 'Sudogda', NULL, NULL),
(356, 'Suzdal', NULL, NULL),
(357, 'YUrevPolskiy', NULL, NULL),
(358, 'Volgograd', NULL, NULL),
(359, 'Volzhskiy', NULL, NULL),
(360, 'Kamyshin', NULL, NULL),
(361, 'Mikhaylovka', NULL, NULL),
(362, 'Uryupinsk', NULL, NULL),
(363, 'Frolovo', NULL, NULL),
(364, 'Dubovka', NULL, NULL),
(365, 'ZHirnovsk', NULL, NULL),
(366, 'KalachnaDonu', NULL, NULL),
(367, 'Petrov Val', NULL, NULL),
(368, 'Kotelnikovo', NULL, NULL),
(369, 'Kotovo', NULL, NULL),
(370, 'Leninsk', NULL, NULL),
(371, 'Nikolaevsk', NULL, NULL),
(372, 'Novoanninskiy', NULL, NULL),
(373, 'Pallasovka', NULL, NULL),
(374, 'Serafimovich', NULL, NULL),
(375, 'Krasnoslobodsk', NULL, NULL),
(376, 'Surovikino', NULL, NULL),
(377, 'Vologda', NULL, NULL),
(378, 'CHerepovets', NULL, NULL),
(379, 'Babaevo', NULL, NULL),
(380, 'Belozersk', NULL, NULL),
(381, 'Velikiy Ustyug', NULL, NULL),
(382, 'Krasavino', NULL, NULL),
(383, 'Vytegra', NULL, NULL),
(384, 'Gryazovets', NULL, NULL),
(385, 'Kirillov', NULL, NULL),
(386, 'Nikolsk', NULL, NULL),
(387, 'Sokol', NULL, NULL),
(388, 'Kadnikov', NULL, NULL),
(389, 'Totma', NULL, NULL),
(390, 'Ustyuzhna', NULL, NULL),
(391, 'KHarovsk', NULL, NULL),
(392, 'Voronezh', NULL, NULL),
(393, 'Novovoronezh', NULL, NULL),
(394, 'Voronezh45', NULL, NULL),
(395, 'Bobrov', NULL, NULL),
(396, 'Boguchar', NULL, NULL),
(397, 'Borisoglebsk', NULL, NULL),
(398, 'Buturlinovka', NULL, NULL),
(399, 'Kalach', NULL, NULL),
(400, 'Liski', NULL, NULL),
(401, 'Novokhopersk', NULL, NULL),
(402, 'Ostrogozhsk', NULL, NULL),
(403, 'Pavlovsk', NULL, NULL),
(404, 'Povorino', NULL, NULL),
(405, 'Rossosh', NULL, NULL),
(406, 'Semiluki', NULL, NULL),
(407, 'Ertil', NULL, NULL),
(408, 'Ivanovo', NULL, NULL),
(409, 'Kokhma', NULL, NULL),
(410, 'Vichuga', NULL, NULL),
(411, 'Gavrilov Posad', NULL, NULL),
(412, 'Zavolzhsk', NULL, NULL),
(413, 'Kineshma', NULL, NULL),
(414, 'Navoloki', NULL, NULL),
(415, 'Komsomolsk', NULL, NULL),
(416, 'Privolzhsk', NULL, NULL),
(417, 'Ples', NULL, NULL),
(418, 'Puchezh', NULL, NULL),
(419, 'Rodniki', NULL, NULL),
(420, 'Teykovo', NULL, NULL),
(421, 'Furmanov', NULL, NULL),
(422, 'SHuya', NULL, NULL),
(423, 'YUzha', NULL, NULL),
(424, 'YUrevets', NULL, NULL),
(425, 'Irkutsk45', NULL, NULL),
(426, 'Sayansk', NULL, NULL),
(427, 'Irkutsk', NULL, NULL),
(428, 'Angarsk', NULL, NULL),
(429, 'Bratsk', NULL, NULL),
(430, 'Bodaybo', NULL, NULL),
(431, 'Zima', NULL, NULL),
(432, 'Nizhneudinsk', NULL, NULL),
(433, 'Tayshet', NULL, NULL),
(434, 'Tulun', NULL, NULL),
(435, 'UsoleSibirskoe', NULL, NULL),
(436, 'UstIlimsk', NULL, NULL),
(437, 'UstKut', NULL, NULL),
(438, 'CHeremkhovo', NULL, NULL),
(439, 'SHelekhov', NULL, NULL),
(440, 'Svirsk', NULL, NULL),
(441, 'Vikhorevka', NULL, NULL),
(442, 'Kirensk', NULL, NULL),
(443, 'ZHeleznogorskIlimskiy', NULL, NULL),
(444, 'Alzamay', NULL, NULL),
(445, 'Slyudyanka', NULL, NULL),
(446, 'Baykalsk', NULL, NULL),
(447, 'Biryusinsk', NULL, NULL),
(448, 'Kaliningrad', NULL, NULL),
(449, 'Pionerskiy', NULL, NULL),
(450, 'Svetlyy', NULL, NULL),
(451, 'Sovetsk', NULL, NULL),
(452, 'Ladushkin', NULL, NULL),
(453, 'Mamonovo', NULL, NULL),
(454, 'Bagrationovsk', NULL, NULL),
(455, 'Gvardeysk', NULL, NULL),
(456, 'Gurevsk', NULL, NULL),
(457, 'Gusev', NULL, NULL),
(458, 'Zelenogradsk', NULL, NULL),
(459, 'Krasnoznamensk', NULL, NULL),
(460, 'Neman', NULL, NULL),
(461, 'Nesterov', NULL, NULL),
(462, 'Ozersk', NULL, NULL),
(463, 'Polessk', NULL, NULL),
(464, 'Pravdinsk', NULL, NULL),
(465, 'Slavsk', NULL, NULL),
(466, 'CHernyakhovsk', NULL, NULL),
(467, 'Baltiysk', NULL, NULL),
(468, 'Primorsk', NULL, NULL),
(469, 'Svetlogorsk', NULL, NULL),
(470, 'Kaluga', NULL, NULL),
(471, 'Obninsk', NULL, NULL),
(472, 'Borovsk', NULL, NULL),
(473, 'Balabanovo', NULL, NULL),
(474, 'Ermolino', NULL, NULL),
(475, 'SpasDemensk', NULL, NULL),
(476, 'Kondrovo', NULL, NULL),
(477, 'ZHizdra', NULL, NULL),
(478, 'ZHukov', NULL, NULL),
(479, 'Belousovo', NULL, NULL),
(480, 'Kremenki', NULL, NULL),
(481, 'Kirov', NULL, NULL),
(482, 'Kozelsk', NULL, NULL),
(483, 'Sosenskiy', NULL, NULL),
(484, 'Lyudinovo', NULL, NULL),
(485, 'Maloyaroslavets', NULL, NULL),
(486, 'Medyn', NULL, NULL),
(487, 'Meshchovsk', NULL, NULL),
(488, 'Mosalsk', NULL, NULL),
(489, 'Sukhinichi', NULL, NULL),
(490, 'Tarusa', NULL, NULL),
(491, 'YUkhnov', NULL, NULL),
(492, 'YUkhnov1', NULL, NULL),
(493, 'YUkhnov2', NULL, NULL),
(494, 'PetropavlovskKamchatskiy', NULL, NULL),
(495, 'Vilyuchinsk', NULL, NULL),
(496, 'Elizovo', NULL, NULL),
(497, 'AnzheroSudzhensk', NULL, NULL),
(498, 'Berezovskiy', NULL, NULL),
(499, 'Kaltan', NULL, NULL),
(500, 'Kiselevsk', NULL, NULL),
(501, 'Myski', NULL, NULL),
(502, 'Osinniki', NULL, NULL),
(503, 'Tayga', NULL, NULL),
(504, 'Kemerovo', NULL, NULL),
(505, 'LeninskKuznetskiy', NULL, NULL),
(506, 'Polysaevo', NULL, NULL),
(507, 'Novokuznetsk', NULL, NULL),
(508, 'Prokopevsk', NULL, NULL),
(509, 'YUrga', NULL, NULL),
(510, 'Belovo', NULL, NULL),
(511, 'Mezhdurechensk', NULL, NULL),
(512, 'Gurevsk', NULL, NULL),
(513, 'Salair', NULL, NULL),
(514, 'Mariinsk', NULL, NULL),
(515, 'Tashtagol', NULL, NULL),
(516, 'Topki', NULL, NULL),
(517, 'Kirov', NULL, NULL),
(518, 'Belaya KHolunitsa', NULL, NULL),
(519, 'Kirs', NULL, NULL),
(520, 'Vyatskie Polyany', NULL, NULL),
(521, 'Sosnovka', NULL, NULL),
(522, 'Zuevka', NULL, NULL),
(523, 'KirovoCHepetsk', NULL, NULL),
(524, 'Kotelnich', NULL, NULL),
(525, 'Luza', NULL, NULL),
(526, 'Malmyzh', NULL, NULL),
(527, 'Murashi', NULL, NULL),
(528, 'Nolinsk', NULL, NULL),
(529, 'Omutninsk', NULL, NULL),
(530, 'Orlov', NULL, NULL),
(531, 'Slobodskoy', NULL, NULL),
(532, 'Sovetsk', NULL, NULL),
(533, 'Urzhum', NULL, NULL),
(534, 'YAransk', NULL, NULL),
(535, 'Volgorechensk', NULL, NULL),
(536, 'Kostroma', NULL, NULL),
(537, 'Buy', NULL, NULL),
(538, 'Galich', NULL, NULL),
(539, 'Kologriv', NULL, NULL),
(540, 'Makarev', NULL, NULL),
(541, 'Manturovo', NULL, NULL),
(542, 'Neya', NULL, NULL),
(543, 'Nerekhta', NULL, NULL),
(544, 'Soligalich', NULL, NULL),
(545, 'CHukhloma', NULL, NULL),
(546, 'SHarya', NULL, NULL),
(547, 'Kurgan', NULL, NULL),
(548, 'SHadrinsk', NULL, NULL),
(549, 'Dalmatovo', NULL, NULL),
(550, 'Kataysk', NULL, NULL),
(551, 'Kurtamysh', NULL, NULL),
(552, 'Makushino', NULL, NULL),
(553, 'Petukhovo', NULL, NULL),
(554, 'SHumikha', NULL, NULL),
(555, 'SHCHuche', NULL, NULL),
(556, 'Kursk', NULL, NULL),
(557, 'Dmitriev', NULL, NULL),
(558, 'ZHeleznogorsk', NULL, NULL),
(559, 'Kurchatov', NULL, NULL),
(560, 'Lgov', NULL, NULL),
(561, 'Oboyan', NULL, NULL),
(562, 'Rylsk', NULL, NULL),
(563, 'Sudzha', NULL, NULL),
(564, 'Fatezh', NULL, NULL),
(565, 'SHCHigry', NULL, NULL),
(566, 'SanktPeterburg', NULL, NULL),
(567, 'Krasnoe Selo', NULL, NULL),
(568, 'Zelenogorsk', NULL, NULL),
(569, 'Lomonosov', NULL, NULL),
(570, 'Kronshtadt', NULL, NULL),
(571, 'Pavlovsk', NULL, NULL),
(572, 'Petergof', NULL, NULL),
(573, 'Sestroretsk', NULL, NULL),
(574, 'Pushkin', NULL, NULL),
(575, 'Kolpino', NULL, NULL),
(576, 'Sosnovyy Bor', NULL, NULL),
(577, 'Boksitogorsk', NULL, NULL),
(578, 'Pikalevo', NULL, NULL),
(579, 'Volosovo', NULL, NULL),
(580, 'Volkhov', NULL, NULL),
(581, 'Novaya Ladoga', NULL, NULL),
(582, 'Syasstroy', NULL, NULL),
(583, 'Vsevolozhsk', NULL, NULL),
(584, 'Sertolovo', NULL, NULL),
(585, 'Vyborg', NULL, NULL),
(586, 'Vysotsk', NULL, NULL),
(587, 'Kamennogorsk', NULL, NULL),
(588, 'Primorsk', NULL, NULL),
(589, 'Svetogorsk', NULL, NULL),
(590, 'Gatchina', NULL, NULL),
(591, 'Kommunar', NULL, NULL),
(592, 'Kingisepp', NULL, NULL),
(593, 'Ivangorod', NULL, NULL),
(594, 'Kirishi', NULL, NULL),
(595, 'Kirovsk', NULL, NULL),
(596, 'Otradnoe', NULL, NULL),
(597, 'SHlisselburg', NULL, NULL),
(598, 'Lodeynoe Pole', NULL, NULL),
(599, 'Luga', NULL, NULL),
(600, 'Podporozhe', NULL, NULL),
(601, 'Priozersk', NULL, NULL),
(602, 'Slantsy', NULL, NULL),
(603, 'Tikhvin', NULL, NULL),
(604, 'Tosno', NULL, NULL),
(605, 'Nikolskoe', NULL, NULL),
(606, 'Lyuban', NULL, NULL),
(607, 'Lipetsk', NULL, NULL),
(608, 'Elets', NULL, NULL),
(609, 'Gryazi', NULL, NULL),
(610, 'Dankov', NULL, NULL),
(611, 'Zadonsk', NULL, NULL),
(612, 'Lebedyan', NULL, NULL),
(613, 'Usman', NULL, NULL),
(614, 'CHaplygin', NULL, NULL),
(615, 'Magadan', NULL, NULL),
(616, 'Susuman', NULL, NULL),
(617, 'Moskva', NULL, NULL),
(618, 'Zelenograd', NULL, NULL),
(619, 'Moskovskiy', NULL, NULL),
(620, 'Domodedovo', NULL, NULL),
(621, 'Bronnitsy', NULL, NULL),
(622, 'SHCHerbinka', NULL, NULL),
(623, 'Troitsk', NULL, NULL),
(624, 'Dubna', NULL, NULL),
(625, 'ZHeleznodorozhnyy', NULL, NULL),
(626, 'ZHukovskiy', NULL, NULL),
(627, 'Zvenigorod', NULL, NULL),
(628, 'Ivanteevka', NULL, NULL),
(629, 'Klimovsk', NULL, NULL),
(630, 'Korolev', NULL, NULL),
(631, 'Krasnoarmeysk', NULL, NULL),
(632, 'Krasnoznamensk', NULL, NULL),
(633, 'Lobnya', NULL, NULL),
(634, 'Lytkarino', NULL, NULL),
(635, 'Protvino', NULL, NULL),
(636, 'Pushchino', NULL, NULL),
(637, 'Reutov', NULL, NULL),
(638, 'Roshal', NULL, NULL),
(639, 'Fryazino', NULL, NULL),
(640, 'Elektrostal', NULL, NULL),
(641, 'YUbileynyy', NULL, NULL),
(642, 'Dzerzhinskiy', NULL, NULL),
(643, 'Podolsk', NULL, NULL),
(644, 'OrekhovoZuevo', NULL, NULL),
(645, 'Kolomna', NULL, NULL),
(646, 'Serpukhov', NULL, NULL),
(647, 'Dolgoprudnyy', NULL, NULL),
(648, 'KHimki', NULL, NULL),
(649, 'LosinoPetrovskiy', NULL, NULL),
(650, 'Kotelniki', NULL, NULL),
(651, 'Elektrogorsk', NULL, NULL),
(652, 'Balashikha', NULL, NULL),
(653, 'Volokolamsk', NULL, NULL),
(654, 'Voskresensk', NULL, NULL),
(655, 'Dmitrov', NULL, NULL),
(656, 'YAkhroma', NULL, NULL),
(657, 'Egorevsk', NULL, NULL),
(658, 'Zaraysk', NULL, NULL),
(659, 'Istra', NULL, NULL),
(660, 'Dedovsk', NULL, NULL),
(661, 'Kashira', NULL, NULL),
(662, 'Ozherele', NULL, NULL),
(663, 'Klin', NULL, NULL),
(664, 'Vysokovsk', NULL, NULL),
(665, 'Krasnogorsk', NULL, NULL),
(666, 'Vidnoe', NULL, NULL),
(667, 'Lukhovitsy', NULL, NULL),
(668, 'Lyubertsy', NULL, NULL),
(669, 'Mozhaysk', NULL, NULL),
(670, 'Mytishchi', NULL, NULL),
(671, 'NaroFominsk', NULL, NULL),
(672, 'Aprelevka', NULL, NULL),
(673, 'Vereya', NULL, NULL),
(674, 'Noginsk', NULL, NULL),
(675, 'Elektrougli', NULL, NULL),
(676, 'CHernogolovka', NULL, NULL),
(677, 'Staraya Kupavna', NULL, NULL),
(678, 'Odintsovo', NULL, NULL),
(679, 'Golitsyno', NULL, NULL),
(680, 'Kubinka', NULL, NULL),
(681, 'Ozery', NULL, NULL),
(682, 'Drezna', NULL, NULL),
(683, 'Kurovskoe', NULL, NULL),
(684, 'LikinoDulevo', NULL, NULL),
(685, 'Pavlovskiy Posad', NULL, NULL),
(686, 'Pushkino', NULL, NULL),
(687, 'Ramenskoe', NULL, NULL),
(688, 'Ruza', NULL, NULL),
(689, 'Krasnozavodsk', NULL, NULL),
(690, 'KHotkovo', NULL, NULL),
(691, 'Peresvet', NULL, NULL),
(692, 'Sergiev Posad', NULL, NULL),
(693, 'Solnechnogorsk', NULL, NULL),
(694, 'Solnechnogorsk2', NULL, NULL),
(695, 'Solnechnogorsk7', NULL, NULL),
(696, 'Solnechnogorsk25', NULL, NULL),
(697, 'Solnechnogorsk30', NULL, NULL),
(698, 'Stupino', NULL, NULL),
(699, 'Taldom', NULL, NULL),
(700, 'CHekhov', NULL, NULL),
(701, 'CHekhov2', NULL, NULL),
(702, 'CHekhov3', NULL, NULL),
(703, 'CHekhov8', NULL, NULL),
(704, 'SHatura', NULL, NULL),
(705, 'SHCHelkovo', NULL, NULL),
(706, 'Murmansk', NULL, NULL),
(707, 'Apatity', NULL, NULL),
(708, 'Zaozersk', NULL, NULL),
(709, 'Kandalaksha', NULL, NULL),
(710, 'Kirovsk', NULL, NULL),
(711, 'Monchegorsk', NULL, NULL),
(712, 'Olenegorsk', NULL, NULL),
(713, 'Ostrovnoy', NULL, NULL),
(714, 'Polyarnye Zori', NULL, NULL),
(715, 'Polyarnyy', NULL, NULL),
(716, 'Severomorsk', NULL, NULL),
(717, 'Gadzhievo', NULL, NULL),
(718, 'Snezhnogorsk', NULL, NULL),
(719, 'Olenegorsk1', NULL, NULL),
(720, 'Olenegorsk2', NULL, NULL),
(721, 'Olenegorsk4', NULL, NULL),
(722, 'Kovdor', NULL, NULL),
(723, 'Kola', NULL, NULL),
(724, 'Zapolyarnyy', NULL, NULL),
(725, 'Nizhniy Novgorod', NULL, NULL),
(726, 'Dzerzhinsk', NULL, NULL),
(727, 'Sarov', NULL, NULL),
(728, 'Arzamas', NULL, NULL),
(729, 'Bor', NULL, NULL),
(730, 'Semenov', NULL, NULL),
(731, 'Vyksa', NULL, NULL),
(732, 'Balakhna', NULL, NULL),
(733, 'Bogorodsk', NULL, NULL),
(734, 'Vetluga', NULL, NULL),
(735, 'Volodarsk', NULL, NULL),
(736, 'Gorodets', NULL, NULL),
(737, 'Zavolzhe', NULL, NULL),
(738, 'Knyaginino', NULL, NULL),
(739, 'Kstovo', NULL, NULL),
(740, 'Kulebaki', NULL, NULL),
(741, 'Lukoyanov', NULL, NULL),
(742, 'Lyskovo', NULL, NULL),
(743, 'Navashino', NULL, NULL),
(744, 'Pavlovo', NULL, NULL),
(745, 'Vorsma', NULL, NULL),
(746, 'Gorbatov', NULL, NULL),
(747, 'Pervomaysk', NULL, NULL),
(748, 'Perevoz', NULL, NULL),
(749, 'Sergach', NULL, NULL),
(750, 'Uren', NULL, NULL),
(751, 'CHkalovsk', NULL, NULL),
(752, 'SHakhunya', NULL, NULL),
(753, 'Velikiy Novgorod', NULL, NULL),
(754, 'Borovichi', NULL, NULL),
(755, 'Valday', NULL, NULL),
(756, 'Malaya Vishera', NULL, NULL),
(757, 'Okulovka', NULL, NULL),
(758, 'Pestovo', NULL, NULL),
(759, 'Soltsy', NULL, NULL),
(760, 'Soltsy 2', NULL, NULL),
(761, 'Staraya Russa', NULL, NULL),
(762, 'KHolm', NULL, NULL),
(763, 'CHudovo', NULL, NULL),
(764, 'Novosibirsk', NULL, NULL),
(765, 'Berdsk', NULL, NULL),
(766, 'Ob', NULL, NULL),
(767, 'Barabinsk', NULL, NULL),
(768, 'Iskitim', NULL, NULL),
(769, 'Kuybyshev', NULL, NULL),
(770, 'Tatarsk', NULL, NULL),
(771, 'Bolotnoe', NULL, NULL),
(772, 'Karasuk', NULL, NULL),
(773, 'Kargat', NULL, NULL),
(774, 'Kupino', NULL, NULL),
(775, 'Toguchin', NULL, NULL),
(776, 'CHerepanovo', NULL, NULL),
(777, 'CHulym3', NULL, NULL),
(778, 'CHulym', NULL, NULL),
(779, 'Omsk', NULL, NULL),
(780, 'Isilkul', NULL, NULL),
(781, 'Kalachinsk', NULL, NULL),
(782, 'Nazyvaevsk', NULL, NULL),
(783, 'Tara', NULL, NULL),
(784, 'Tyukalinsk', NULL, NULL),
(785, 'Orenburg', NULL, NULL),
(786, 'Mednogorsk', NULL, NULL),
(787, 'Novotroitsk', NULL, NULL),
(788, 'Orsk', NULL, NULL),
(789, 'Buguruslan', NULL, NULL),
(790, 'Buzuluk', NULL, NULL),
(791, 'Gay', NULL, NULL),
(792, 'Kuvandyk', NULL, NULL),
(793, 'Sorochinsk', NULL, NULL),
(794, 'YAsnyy', NULL, NULL),
(795, 'SolIletsk', NULL, NULL),
(796, 'Abdulino', NULL, NULL),
(797, 'Orel', NULL, NULL),
(798, 'Livny', NULL, NULL),
(799, 'Mtsensk', NULL, NULL),
(800, 'Bolkhov', NULL, NULL),
(801, 'Dmitrovsk', NULL, NULL),
(802, 'Maloarkhangelsk', NULL, NULL),
(803, 'Novosil', NULL, NULL),
(804, 'Penza', NULL, NULL),
(805, 'Zarechnyy', NULL, NULL),
(806, 'Spassk', NULL, NULL),
(807, 'Belinskiy', NULL, NULL),
(808, 'Gorodishche', NULL, NULL),
(809, 'Sursk', NULL, NULL),
(810, 'Kamenka', NULL, NULL),
(811, 'Kuznetsk', NULL, NULL),
(812, 'Kuznetsk12', NULL, NULL),
(813, 'Kuznetsk8', NULL, NULL),
(814, 'Nizhniy Lomov', NULL, NULL),
(815, 'Nikolsk', NULL, NULL),
(816, 'Serdobsk', NULL, NULL),
(817, 'Perm', NULL, NULL),
(818, 'Berezniki', NULL, NULL),
(819, 'Aleksandrovsk', NULL, NULL),
(820, 'Gremyachinsk', NULL, NULL),
(821, 'Gubakha', NULL, NULL),
(822, 'Dobryanka', NULL, NULL),
(823, 'Kizel', NULL, NULL),
(824, 'Kungur', NULL, NULL),
(825, 'Lysva', NULL, NULL),
(826, 'Solikamsk', NULL, NULL),
(827, 'CHaykovskiy', NULL, NULL),
(828, 'CHusovoy', NULL, NULL),
(829, 'Kudymkar', NULL, NULL),
(830, 'Vereshchagino', NULL, NULL),
(831, 'Gornozavodsk', NULL, NULL),
(832, 'CHermoz', NULL, NULL),
(833, 'Krasnovishersk', NULL, NULL),
(834, 'Nytva', NULL, NULL),
(835, 'Osa', NULL, NULL),
(836, 'Okhansk', NULL, NULL),
(837, 'Ocher', NULL, NULL),
(838, 'Usole', NULL, NULL),
(839, 'CHerdyn', NULL, NULL),
(840, 'CHernushka', NULL, NULL),
(841, 'Krasnokamsk', NULL, NULL),
(842, 'Pskov', NULL, NULL),
(843, 'Velikie Luki', NULL, NULL),
(844, 'Velikie Luki1', NULL, NULL),
(845, 'Gdov', NULL, NULL),
(846, 'Dno', NULL, NULL),
(847, 'Nevel', NULL, NULL),
(848, 'Novorzhev', NULL, NULL),
(849, 'Novosokolniki', NULL, NULL),
(850, 'Opochka', NULL, NULL),
(851, 'Ostrov', NULL, NULL),
(852, 'Pechory', NULL, NULL),
(853, 'Porkhov', NULL, NULL),
(854, 'Pustoshka', NULL, NULL),
(855, 'Pytalovo', NULL, NULL),
(856, 'Sebezh', NULL, NULL),
(857, 'RostovnaDonu', NULL, NULL),
(858, 'Bataysk', NULL, NULL),
(859, 'Volgodonsk', NULL, NULL),
(860, 'Gukovo', NULL, NULL),
(861, 'Donetsk', NULL, NULL),
(862, 'Zverevo', NULL, NULL),
(863, 'KamenskSHakhtinskiy', NULL, NULL),
(864, 'Novocherkassk', NULL, NULL),
(865, 'Novoshakhtinsk', NULL, NULL),
(866, 'Taganrog', NULL, NULL),
(867, 'SHakhty', NULL, NULL),
(868, 'Azov', NULL, NULL),
(869, 'Aksay', NULL, NULL),
(870, 'Belaya Kalitva', NULL, NULL),
(871, 'Zernograd', NULL, NULL),
(872, 'Konstantinovsk', NULL, NULL),
(873, 'Krasnyy Sulin', NULL, NULL),
(874, 'Millerovo', NULL, NULL),
(875, 'Morozovsk', NULL, NULL),
(876, 'Proletarsk', NULL, NULL),
(877, 'Salsk', NULL, NULL),
(878, 'Semikarakorsk', NULL, NULL),
(879, 'TSimlyansk', NULL, NULL),
(880, 'Ryazan', NULL, NULL),
(881, 'Sasovo', NULL, NULL),
(882, 'Skopin', NULL, NULL),
(883, 'Kasimov', NULL, NULL),
(884, 'SpasKlepiki', NULL, NULL),
(885, 'Korablino', NULL, NULL),
(886, 'Mikhaylov', NULL, NULL),
(887, 'Novomichurinsk', NULL, NULL),
(888, 'Rybnoe', NULL, NULL),
(889, 'Ryazhsk', NULL, NULL),
(890, 'SpasskRyazanskiy', NULL, NULL),
(891, 'SHatsk', NULL, NULL),
(892, 'Samara', NULL, NULL),
(893, 'ZHigulevsk', NULL, NULL),
(894, 'Novokuybyshevsk', NULL, NULL),
(895, 'Oktyabrsk', NULL, NULL),
(896, 'Otradnyy', NULL, NULL),
(897, 'CHapaevsk', NULL, NULL),
(898, 'Tolyatti', NULL, NULL),
(899, 'Syzran', NULL, NULL),
(900, 'Pokhvistnevo', NULL, NULL),
(901, 'Kinel', NULL, NULL),
(902, 'Neftegorsk', NULL, NULL),
(903, 'Saratov', NULL, NULL),
(904, 'SHikhany', NULL, NULL),
(905, 'Atkarsk', NULL, NULL),
(906, 'Balakovo', NULL, NULL),
(907, 'Balashov', NULL, NULL),
(908, 'Volsk', NULL, NULL),
(909, 'Volsk18', NULL, NULL),
(910, 'Krasnoarmeysk', NULL, NULL),
(911, 'Marks', NULL, NULL),
(912, 'Petrovsk', NULL, NULL),
(913, 'Pugachev', NULL, NULL),
(914, 'Rtishchevo', NULL, NULL),
(915, 'KHvalynsk', NULL, NULL),
(916, 'Engels', NULL, NULL),
(917, 'Engels19', NULL, NULL),
(918, 'Engels2', NULL, NULL),
(919, 'Arkadak', NULL, NULL),
(920, 'Ershov', NULL, NULL),
(921, 'Kalininsk', NULL, NULL),
(922, 'Krasnyy Kut', NULL, NULL),
(923, 'Novouzensk', NULL, NULL),
(924, 'YUzhnoSakhalinsk', NULL, NULL),
(925, 'Aniva', NULL, NULL),
(926, 'Dolinsk', NULL, NULL),
(927, 'Korsakov', NULL, NULL),
(928, 'Kurilsk', NULL, NULL),
(929, 'Makarov', NULL, NULL),
(930, 'Nevelsk', NULL, NULL),
(931, 'Okha', NULL, NULL),
(932, 'Poronaysk', NULL, NULL),
(933, 'SeveroKurilsk', NULL, NULL),
(934, 'Tomari', NULL, NULL),
(935, 'Uglegorsk', NULL, NULL),
(936, 'SHakhtersk', NULL, NULL),
(937, 'KHolmsk', NULL, NULL),
(938, 'AleksandrovskSakhalinskiy', NULL, NULL),
(939, 'Ekaterinburg', NULL, NULL),
(940, 'Asbest', NULL, NULL),
(941, 'Berezovskiy', NULL, NULL),
(942, 'Verkhnyaya Pyshma', NULL, NULL),
(943, 'Zarechnyy', NULL, NULL),
(944, 'Ivdel', NULL, NULL),
(945, 'Karpinsk', NULL, NULL),
(946, 'Kachkanar', NULL, NULL),
(947, 'Kirovgrad', NULL, NULL),
(948, 'Krasnoturinsk', NULL, NULL),
(949, 'Krasnouralsk', NULL, NULL),
(950, 'Kushva', NULL, NULL),
(951, 'Lesnoy', NULL, NULL),
(952, 'Nizhnyaya Tura', NULL, NULL),
(953, 'Novouralsk', NULL, NULL),
(954, 'Pervouralsk', NULL, NULL),
(955, 'Polevskoy', NULL, NULL),
(956, 'Revda', NULL, NULL),
(957, 'Severouralsk', NULL, NULL),
(958, 'KamenskUralskiy', NULL, NULL),
(959, 'Nizhniy Tagil', NULL, NULL),
(960, 'Alapaevsk', NULL, NULL),
(961, 'Nizhnyaya Salda', NULL, NULL),
(962, 'Irbit', NULL, NULL),
(963, 'Kamyshlov', NULL, NULL),
(964, 'Krasnoufimsk', NULL, NULL),
(965, 'Serov', NULL, NULL),
(966, 'Verkhniy Tagil', NULL, NULL),
(967, 'Sredneuralsk', NULL, NULL),
(968, 'Volchansk', NULL, NULL),
(969, 'Verkhnyaya Tura', NULL, NULL),
(970, 'Degtyarsk', NULL, NULL),
(971, 'Artemovskiy', NULL, NULL),
(972, 'Bogdanovich', NULL, NULL),
(973, 'Verkhnyaya Salda', NULL, NULL),
(974, 'Verkhoture', NULL, NULL),
(975, 'Nevyansk', NULL, NULL),
(976, 'Nizhnie Sergi3', NULL, NULL),
(977, 'Nizhnie Sergi', NULL, NULL),
(978, 'Mikhaylovsk', NULL, NULL),
(979, 'Novaya Lyalya', NULL, NULL),
(980, 'Rezh', NULL, NULL),
(981, 'Sukhoy Log', NULL, NULL),
(982, 'Sysert', NULL, NULL),
(983, 'Aramil', NULL, NULL),
(984, 'Tavda', NULL, NULL),
(985, 'Talitsa', NULL, NULL),
(986, 'Turinsk', NULL, NULL),
(987, 'Desnogorsk', NULL, NULL),
(988, 'Smolensk', NULL, NULL),
(989, 'Velizh', NULL, NULL),
(990, 'Vyazma', NULL, NULL),
(991, 'Gagarin', NULL, NULL),
(992, 'Demidov', NULL, NULL),
(993, 'Dorogobuzh', NULL, NULL),
(994, 'Dukhovshchina', NULL, NULL),
(995, 'Elnya', NULL, NULL),
(996, 'Pochinok', NULL, NULL),
(997, 'Roslavl', NULL, NULL),
(998, 'Rudnya', NULL, NULL),
(999, 'Safonovo', NULL, NULL),
(1000, 'Sychevka', NULL, NULL),
(1001, 'YArtsevo', NULL, NULL),
(1002, 'Kotovsk', NULL, NULL),
(1003, 'Morshansk', NULL, NULL),
(1004, 'Tambov', NULL, NULL),
(1005, 'Kirsanov', NULL, NULL),
(1006, 'Michurinsk', NULL, NULL),
(1007, 'Rasskazovo', NULL, NULL),
(1008, 'Uvarovo', NULL, NULL),
(1009, 'ZHerdevka', NULL, NULL),
(1010, 'Tver', NULL, NULL),
(1011, 'Torzhok', NULL, NULL),
(1012, 'Rzhev', NULL, NULL),
(1013, 'Nelidovo', NULL, NULL),
(1014, 'Kimry', NULL, NULL),
(1015, 'Vyshniy Volochek', NULL, NULL),
(1016, 'Andreapol', NULL, NULL),
(1017, 'Bezhetsk', NULL, NULL),
(1018, 'Belyy', NULL, NULL),
(1019, 'Bologoe', NULL, NULL),
(1020, 'Vesegonsk', NULL, NULL),
(1021, 'Zapadnaya Dvina', NULL, NULL),
(1022, 'Zubtsov', NULL, NULL),
(1023, 'Kalyazin', NULL, NULL),
(1024, 'Kashin', NULL, NULL),
(1025, 'Konakovo', NULL, NULL),
(1026, 'Krasnyy KHolm', NULL, NULL),
(1027, 'Kuvshinovo', NULL, NULL),
(1028, 'Likhoslavl', NULL, NULL),
(1029, 'Ostashkov', NULL, NULL),
(1030, 'Staritsa', NULL, NULL),
(1031, 'Toropets', NULL, NULL),
(1032, 'Udomlya', NULL, NULL),
(1033, 'Tomsk', NULL, NULL),
(1034, 'Kedrovyy', NULL, NULL),
(1035, 'Seversk', NULL, NULL),
(1036, 'Strezhevoy', NULL, NULL),
(1037, 'Asino', NULL, NULL),
(1038, 'Kolpashevo', NULL, NULL),
(1039, 'Tula', NULL, NULL),
(1040, 'Donskoy', NULL, NULL),
(1041, 'Aleksin', NULL, NULL),
(1042, 'Belev', NULL, NULL),
(1043, 'Bogoroditsk', NULL, NULL),
(1044, 'Venev', NULL, NULL),
(1045, 'Efremov', NULL, NULL),
(1046, 'Kimovsk', NULL, NULL),
(1047, 'Kireevsk', NULL, NULL),
(1048, 'Bolokhovo', NULL, NULL),
(1049, 'Lipki', NULL, NULL),
(1050, 'Novomoskovsk', NULL, NULL),
(1051, 'Plavsk', NULL, NULL),
(1052, 'Suvorov', NULL, NULL),
(1053, 'CHekalin', NULL, NULL),
(1054, 'Uzlovaya', NULL, NULL),
(1055, 'SHCHekino', NULL, NULL),
(1056, 'Sovetsk', NULL, NULL),
(1057, 'YAsnogorsk', NULL, NULL),
(1058, 'Tyumen', NULL, NULL),
(1059, 'Tobolsk', NULL, NULL),
(1060, 'Zavodoukovsk', NULL, NULL),
(1061, 'Ishim', NULL, NULL),
(1062, 'YAlutorovsk', NULL, NULL),
(1063, 'Ulyanovsk', NULL, NULL),
(1064, 'Dimitrovgrad', NULL, NULL),
(1065, 'Barysh', NULL, NULL),
(1066, 'Novoulyanovsk', NULL, NULL),
(1067, 'Inza', NULL, NULL),
(1068, 'Sengiley', NULL, NULL),
(1069, 'CHelyabinsk', NULL, NULL),
(1070, 'Verkhniy Ufaley', NULL, NULL),
(1071, 'Zlatoust', NULL, NULL),
(1072, 'Karabash', NULL, NULL),
(1073, 'Kopeysk', NULL, NULL),
(1074, 'Kyshtym', NULL, NULL),
(1075, 'Magnitogorsk', NULL, NULL),
(1076, 'Miass', NULL, NULL),
(1077, 'Ozersk', NULL, NULL),
(1078, 'Snezhinsk', NULL, NULL),
(1079, 'Trekhgornyy', NULL, NULL),
(1080, 'UstKatav', NULL, NULL),
(1081, 'YUzhnouralsk', NULL, NULL),
(1082, 'Trekhgornyy1', NULL, NULL),
(1083, 'CHebarkul', NULL, NULL),
(1084, 'Minyar', NULL, NULL),
(1085, 'Sim', NULL, NULL),
(1086, 'Asha', NULL, NULL),
(1087, 'Kartaly', NULL, NULL),
(1088, 'Kasli', NULL, NULL),
(1089, 'YUryuzan', NULL, NULL),
(1090, 'KatavIvanovsk', NULL, NULL),
(1091, 'Bakal', NULL, NULL),
(1092, 'Satka', NULL, NULL),
(1093, 'Verkhneuralsk', NULL, NULL),
(1094, 'Kusa', NULL, NULL),
(1095, 'Nyazepetrovsk', NULL, NULL),
(1096, 'Emanzhelinsk', NULL, NULL),
(1097, 'Korkino', NULL, NULL),
(1098, 'Plast', NULL, NULL),
(1099, 'CHita', NULL, NULL),
(1100, 'Baley', NULL, NULL),
(1101, 'Borzya', NULL, NULL),
(1102, 'Krasnokamensk', NULL, NULL),
(1103, 'Mogocha', NULL, NULL),
(1104, 'Nerchinsk', NULL, NULL),
(1105, 'PetrovskZabaykalskiy', NULL, NULL),
(1106, 'Sretensk', NULL, NULL),
(1107, 'KHilok', NULL, NULL),
(1108, 'SHilka', NULL, NULL),
(1109, 'YAroslavl', NULL, NULL),
(1110, 'PereslavlZalesskiy', NULL, NULL),
(1111, 'GavrilovYAm', NULL, NULL),
(1112, 'Danilov', NULL, NULL),
(1113, 'Lyubim', NULL, NULL),
(1114, 'Myshkin', NULL, NULL),
(1115, 'Poshekhone', NULL, NULL),
(1116, 'Rostov', NULL, NULL),
(1117, 'Rybinsk', NULL, NULL),
(1118, 'Tutaev', NULL, NULL),
(1119, 'Uglich', NULL, NULL),
(1120, 'Troitsk', NULL, NULL),
(1121, 'Birobidzhan', NULL, NULL),
(1122, 'Obluche', NULL, NULL),
(1123, 'NaryanMar', NULL, NULL),
(1124, 'KHantyMansiysk', NULL, NULL),
(1125, 'Kogalym', NULL, NULL),
(1126, 'Langepas', NULL, NULL),
(1127, 'Megion', NULL, NULL),
(1128, 'Nyagan', NULL, NULL),
(1129, 'Pokachi', NULL, NULL),
(1130, 'PytYAkh', NULL, NULL),
(1131, 'Uray', NULL, NULL),
(1132, 'Surgut', NULL, NULL),
(1133, 'Nizhnevartovsk', NULL, NULL),
(1134, 'Beloyarskiy', NULL, NULL),
(1135, 'Nefteyugansk', NULL, NULL),
(1136, 'Raduzhnyy', NULL, NULL),
(1137, 'YUgorsk', NULL, NULL),
(1138, 'Sovetskiy', NULL, NULL),
(1139, 'Lyantor', NULL, NULL),
(1140, 'Anadyr', NULL, NULL),
(1141, 'Bilibino', NULL, NULL),
(1142, 'Pevek', NULL, NULL),
(1143, 'Salekhard', NULL, NULL),
(1144, 'Gubkinskiy', NULL, NULL),
(1145, 'Labytnangi', NULL, NULL),
(1146, 'Muravlenko', NULL, NULL),
(1147, 'Nadym', NULL, NULL),
(1148, 'Novyy Urengoy', NULL, NULL),
(1149, 'Noyabrsk', NULL, NULL),
(1150, 'TarkoSale', NULL, NULL),
(1151, 'Baykonur', NULL, NULL),
(1152, 'Simferopol', NULL, NULL),
(1153, 'Sevastopol', NULL, NULL),
(1154, 'Kerch', NULL, NULL),
(1155, 'Evpatorija', NULL, NULL),
(1156, 'JAlta', NULL, NULL),
(1157, 'Alushta', NULL, NULL),
(1158, 'Feodosija', NULL, NULL),
(1159, 'Dzhankoj', NULL, NULL),
(1160, 'Krasnoperekopsk', NULL, NULL),
(1161, 'Bahchisaraj', NULL, NULL),
(1162, 'Saki', NULL, NULL),
(1163, 'Armjans''k', NULL, NULL),
(1164, 'Sudak', NULL, NULL),
(1165, 'Primors''kij', NULL, NULL),
(1166, 'Gvardijskoe', NULL, NULL),
(1167, 'Inkerman', NULL, NULL),
(1168, 'Oktjabrskoe', NULL, NULL),
(1169, 'Gaspra', NULL, NULL),
(1170, 'Gresovskij', NULL, NULL),
(1171, 'Krasnogvardijskoe', NULL, NULL),
(1172, 'Tbilisi', NULL, NULL),
(1173, 'Batumi', NULL, NULL),
(1174, 'Sukhumi', NULL, NULL),
(1175, 'Daugavpils', NULL, NULL),
(1176, 'Jelgava', NULL, NULL),
(1177, 'Jurmala', NULL, NULL),
(1178, 'Liepaja', NULL, NULL),
(1179, 'Riga', NULL, NULL),
(1180, 'Ventspils', NULL, NULL),
(1181, 'Vilnius', NULL, NULL),
(1182, 'Kaunas', NULL, NULL),
(1183, 'Klaipeda', NULL, NULL),
(1184, 'Kishinev', NULL, NULL),
(1185, 'Tiraspol', NULL, NULL),
(1186, 'Kiev', NULL, NULL),
(1187, 'Kharkiv', NULL, NULL),
(1188, 'Dnipropetrovsk', NULL, NULL),
(1189, 'Odessa', NULL, NULL),
(1190, 'Donetsk', NULL, NULL),
(1191, 'Zaporizhia', NULL, NULL),
(1192, 'Lviv', NULL, NULL),
(1193, 'Kryvyj Rih', NULL, NULL),
(1194, 'Mykolaiv', NULL, NULL),
(1195, 'Mariupol', NULL, NULL),
(1196, 'Luhansk', NULL, NULL),
(1197, 'Vinnitsia', NULL, NULL),
(1198, 'Kherson', NULL, NULL),
(1199, 'Poltava', NULL, NULL),
(1200, 'Chernihiv', NULL, NULL),
(1201, 'Cherkasy', NULL, NULL),
(1202, 'Sumy', NULL, NULL),
(1203, 'Zhytomir', NULL, NULL),
(1204, 'Dniprodzerzhynsk', NULL, NULL),
(1205, 'Kirovohrad', NULL, NULL),
(1206, 'Khmelnytskyi', NULL, NULL),
(1207, 'Astana', NULL, NULL),
(1208, 'Aqtobe', NULL, NULL),
(1209, 'Almaty', NULL, NULL),
(1210, 'Zharkent', NULL, NULL),
(1211, 'Taldykoragn', NULL, NULL),
(1212, 'Atyrau', NULL, NULL),
(1213, 'Ust-Kamenogorsk', NULL, NULL),
(1214, 'Zyrayanovsk', NULL, NULL),
(1215, 'Kurchatov', NULL, NULL),
(1216, 'Leninogorsk', NULL, NULL),
(1217, 'Semipalatinsk', NULL, NULL),
(1218, 'Serebryansk', NULL, NULL),
(1219, 'Shulbinsk', NULL, NULL),
(1220, 'Taraz', NULL, NULL),
(1221, 'Chu', NULL, NULL),
(1222, 'Uralsk', NULL, NULL),
(1223, 'Chapaev', NULL, NULL),
(1224, 'Karaganda', NULL, NULL),
(1225, 'Balkash', NULL, NULL),
(1226, 'Dzhezkazgan', NULL, NULL),
(1227, 'Temirtau', NULL, NULL),
(1228, 'Shakhtinsk', NULL, NULL),
(1229, 'Kostanai', NULL, NULL),
(1230, 'Lisakovsk', NULL, NULL),
(1231, 'Baikonur', NULL, NULL),
(1232, 'Aralsk', NULL, NULL),
(1233, 'Aqtau', NULL, NULL),
(1234, 'Pavlodar', NULL, NULL),
(1235, 'Irtyshsk', NULL, NULL),
(1236, 'Ekibastuz', NULL, NULL),
(1237, 'Shymkent', NULL, NULL),
(1238, 'Yerevan', NULL, NULL);

-- --------------------------------------------------------

--
-- Структура таблицы `b_sale_location_city_lang`
--

CREATE TABLE IF NOT EXISTS `b_sale_location_city_lang` (
  `ID` int(11) NOT NULL AUTO_INCREMENT,
  `CITY_ID` int(11) NOT NULL,
  `LID` char(2) NOT NULL,
  `NAME` varchar(100) NOT NULL,
  `SHORT_NAME` varchar(100) DEFAULT NULL,
  PRIMARY KEY (`ID`),
  UNIQUE KEY `IXS_LOCAT_CITY_LID` (`CITY_ID`,`LID`),
  KEY `IX_NAME` (`NAME`)
) ENGINE=MyISAM  DEFAULT CHARSET=cp1251 AUTO_INCREMENT=2477 ;

--
-- Дамп данных таблицы `b_sale_location_city_lang`
--

INSERT INTO `b_sale_location_city_lang` (`ID`, `CITY_ID`, `LID`, `NAME`, `SHORT_NAME`) VALUES
(1, 1, 'ru', 'Баку', NULL),
(2, 1, 'en', 'Baku', NULL),
(3, 2, 'ru', 'Гянджа', NULL),
(4, 2, 'en', 'Ganca', NULL),
(5, 3, 'ru', 'Сумгаит', NULL),
(6, 3, 'en', 'Sumqayit', NULL),
(7, 4, 'ru', 'Мингечаур', NULL),
(8, 4, 'en', 'Mingacevir', NULL),
(9, 5, 'ru', 'Нахичевань', NULL),
(10, 5, 'en', 'Nakhichevan', NULL),
(11, 6, 'ru', 'Шеки', NULL),
(12, 6, 'en', 'Shaki', NULL),
(13, 7, 'ru', 'Минск', NULL),
(14, 7, 'en', 'Minsk', NULL),
(15, 8, 'ru', 'Брест', NULL),
(16, 8, 'en', 'Brest', NULL),
(17, 9, 'ru', 'Гомель', NULL),
(18, 9, 'en', 'Gomel', NULL),
(19, 10, 'ru', 'Гродно', NULL),
(20, 10, 'en', 'Grodno', NULL),
(21, 11, 'ru', 'Могилев', NULL),
(22, 11, 'en', 'Mogilev', NULL),
(23, 12, 'ru', 'Витебск', NULL),
(24, 12, 'en', 'Vitebsk', NULL),
(25, 13, 'ru', 'Бобруйск', NULL),
(26, 13, 'en', 'Bobruysk', NULL),
(27, 14, 'ru', 'Таллинн', NULL),
(28, 14, 'en', 'Tallinn', NULL),
(29, 15, 'ru', 'Нарва', NULL),
(30, 15, 'en', 'Narva', NULL),
(31, 16, 'ru', 'Майкоп', NULL),
(32, 16, 'en', 'Maykop', NULL),
(33, 17, 'ru', 'Адыгейск', NULL),
(34, 17, 'en', 'Adygeysk', NULL),
(35, 18, 'ru', 'Уфа', NULL),
(36, 18, 'en', 'Ufa', NULL),
(37, 19, 'ru', 'Агидель', NULL),
(38, 19, 'en', 'Agidel', NULL),
(39, 20, 'ru', 'Нефтекамск', NULL),
(40, 20, 'en', 'Neftekamsk', NULL),
(41, 21, 'ru', 'Октябрьский', NULL),
(42, 21, 'en', 'Oktyabrskiy', NULL),
(43, 22, 'ru', 'Салават', NULL),
(44, 22, 'en', 'Salavat', NULL),
(45, 23, 'ru', 'Сибай', NULL),
(46, 23, 'en', 'Sibay', NULL),
(47, 24, 'ru', 'Кумертау', NULL),
(48, 24, 'en', 'Kumertau', NULL),
(49, 25, 'ru', 'Межгорье', NULL),
(50, 25, 'en', 'Mezhgore', NULL),
(51, 26, 'ru', 'Стерлитамак', NULL),
(52, 26, 'en', 'Sterlitamak', NULL),
(53, 27, 'ru', 'Баймак', NULL),
(54, 27, 'en', 'Baymak', NULL),
(55, 28, 'ru', 'Белебей', NULL),
(56, 28, 'en', 'Belebey', NULL),
(57, 29, 'ru', 'Белорецк', NULL),
(58, 29, 'en', 'Beloretsk', NULL),
(59, 30, 'ru', 'Бирск', NULL),
(60, 30, 'en', 'Birsk', NULL),
(61, 31, 'ru', 'Благовещенск', NULL),
(62, 31, 'en', 'Blagoveshchensk', NULL),
(63, 32, 'ru', 'Ишимбай', NULL),
(64, 32, 'en', 'Ishimbay', NULL),
(65, 33, 'ru', 'Мелеуз', NULL),
(66, 33, 'en', 'Meleuz', NULL),
(67, 34, 'ru', 'Туймазы', NULL),
(68, 34, 'en', 'Tuymazy', NULL),
(69, 35, 'ru', 'Учалы', NULL),
(70, 35, 'en', 'Uchaly', NULL),
(71, 36, 'ru', 'Янаул', NULL),
(72, 36, 'en', 'YAnaul', NULL),
(73, 37, 'ru', 'Давлеканово', NULL),
(74, 37, 'en', 'Davlekanovo', NULL),
(75, 38, 'ru', 'Дюртюли', NULL),
(76, 38, 'en', 'Dyurtyuli', NULL),
(77, 39, 'ru', 'Улан-Удэ', NULL),
(78, 39, 'en', 'UlanUde', NULL),
(79, 40, 'ru', 'Северобайкальск', NULL),
(80, 40, 'en', 'Severobaykalsk', NULL),
(81, 41, 'ru', 'Закаменск', NULL),
(82, 41, 'en', 'Zakamensk', NULL),
(83, 42, 'ru', 'Бабушкин', NULL),
(84, 42, 'en', 'Babushkin', NULL),
(85, 43, 'ru', 'Кяхта', NULL),
(86, 43, 'en', 'Kyakhta', NULL),
(87, 44, 'ru', 'Гусиноозерск', NULL),
(88, 44, 'en', 'Gusinoozersk', NULL),
(89, 45, 'ru', 'Горно-Алтайск', NULL),
(90, 45, 'en', 'GornoAltaysk', NULL),
(91, 46, 'ru', 'Махачкала', NULL),
(92, 46, 'en', 'Makhachkala', NULL),
(93, 47, 'ru', 'Дагестанские Огни', NULL),
(94, 47, 'en', 'Dagestanskie Ogni', NULL),
(95, 48, 'ru', 'Избербаш', NULL),
(96, 48, 'en', 'Izberbash', NULL),
(97, 49, 'ru', 'Каспийск', NULL),
(98, 49, 'en', 'Kaspiysk', NULL),
(99, 50, 'ru', 'Южно-Сухокумск', NULL),
(100, 50, 'en', 'YUzhnoSukhokumsk', NULL),
(101, 51, 'ru', 'Дербент', NULL),
(102, 51, 'en', 'Derbent', NULL),
(103, 52, 'ru', 'Кизилюрт', NULL),
(104, 52, 'en', 'Kizilyurt', NULL),
(105, 53, 'ru', 'Кизляр', NULL),
(106, 53, 'en', 'Kizlyar', NULL),
(107, 54, 'ru', 'Хасавюрт', NULL),
(108, 54, 'en', 'KHasavyurt', NULL),
(109, 55, 'ru', 'Буйнакск', NULL),
(110, 55, 'en', 'Buynaksk', NULL),
(111, 56, 'ru', 'Магас', NULL),
(112, 56, 'en', 'Magas', NULL),
(113, 57, 'ru', 'Карабулак', NULL),
(114, 57, 'en', 'Karabulak', NULL),
(115, 58, 'ru', 'Назрань', NULL),
(116, 58, 'en', 'Nazran', NULL),
(117, 59, 'ru', 'Малгобек', NULL),
(118, 59, 'en', 'Malgobek', NULL),
(119, 60, 'ru', 'Нальчик', NULL),
(120, 60, 'en', 'Nalchik', NULL),
(121, 61, 'ru', 'Баксан', NULL),
(122, 61, 'en', 'Baksan', NULL),
(123, 62, 'ru', 'Майский', NULL),
(124, 62, 'en', 'Mayskiy', NULL),
(125, 63, 'ru', 'Прохладный', NULL),
(126, 63, 'en', 'Prokhladnyy', NULL),
(127, 64, 'ru', 'Терек', NULL),
(128, 64, 'en', 'Terek', NULL),
(129, 65, 'ru', 'Нарткала', NULL),
(130, 65, 'en', 'Nartkala', NULL),
(131, 66, 'ru', 'Чегем', NULL),
(132, 66, 'en', 'CHegem', NULL),
(133, 67, 'ru', 'Тырныауз', NULL),
(134, 67, 'en', 'Tyrnyauz', NULL),
(135, 68, 'ru', 'Элиста', NULL),
(136, 68, 'en', 'Elista', NULL),
(137, 69, 'ru', 'Городовиковск', NULL),
(138, 69, 'en', 'Gorodovikovsk', NULL),
(139, 70, 'ru', 'Лагань', NULL),
(140, 70, 'en', 'Lagan', NULL),
(141, 71, 'ru', 'Черкесск', NULL),
(142, 71, 'en', 'CHerkessk', NULL),
(143, 72, 'ru', 'Карачаевск', NULL),
(144, 72, 'en', 'Karachaevsk', NULL),
(145, 73, 'ru', 'Теберда', NULL),
(146, 73, 'en', 'Teberda', NULL),
(147, 74, 'ru', 'Усть-Джегута', NULL),
(148, 74, 'en', 'UstDzheguta', NULL),
(149, 75, 'ru', 'Петрозаводск', NULL),
(150, 75, 'en', 'Petrozavodsk', NULL),
(151, 76, 'ru', 'Костомукша', NULL),
(152, 76, 'en', 'Kostomuksha', NULL),
(153, 77, 'ru', 'Сортавала', NULL),
(154, 77, 'en', 'Sortavala', NULL),
(155, 78, 'ru', 'Беломорск', NULL),
(156, 78, 'en', 'Belomorsk', NULL),
(157, 79, 'ru', 'Кемь', NULL),
(158, 79, 'en', 'Kem', NULL),
(159, 80, 'ru', 'Кондопога', NULL),
(160, 80, 'en', 'Kondopoga', NULL),
(161, 81, 'ru', 'Лахденпохья', NULL),
(162, 81, 'en', 'Lakhdenpokhya', NULL),
(163, 82, 'ru', 'Медвежьегорск', NULL),
(164, 82, 'en', 'Medvezhegorsk', NULL),
(165, 83, 'ru', 'Олонец', NULL),
(166, 83, 'en', 'Olonets', NULL),
(167, 84, 'ru', 'Питкяранта', NULL),
(168, 84, 'en', 'Pitkyaranta', NULL),
(169, 85, 'ru', 'Пудож', NULL),
(170, 85, 'en', 'Pudozh', NULL),
(171, 86, 'ru', 'Сегежа', NULL),
(172, 86, 'en', 'Segezha', NULL),
(173, 87, 'ru', 'Суоярви', NULL),
(174, 87, 'en', 'Suoyarvi', NULL),
(175, 88, 'ru', 'Сыктывкар', NULL),
(176, 88, 'en', 'Syktyvkar', NULL),
(177, 89, 'ru', 'Воркута', NULL),
(178, 89, 'en', 'Vorkuta', NULL),
(179, 90, 'ru', 'Вуктыл', NULL),
(180, 90, 'en', 'Vuktyl', NULL),
(181, 91, 'ru', 'Инта', NULL),
(182, 91, 'en', 'Inta', NULL),
(183, 92, 'ru', 'Печора', NULL),
(184, 92, 'en', 'Pechora', NULL),
(185, 93, 'ru', 'Сосногорск', NULL),
(186, 93, 'en', 'Sosnogorsk', NULL),
(187, 94, 'ru', 'Усинск', NULL),
(188, 94, 'en', 'Usinsk', NULL),
(189, 95, 'ru', 'Ухта', NULL),
(190, 95, 'en', 'Ukhta', NULL),
(191, 96, 'ru', 'Емва', NULL),
(192, 96, 'en', 'Emva', NULL),
(193, 97, 'ru', 'Микунь', NULL),
(194, 97, 'en', 'Mikun', NULL),
(195, 98, 'ru', 'Йошкар-Ола', NULL),
(196, 98, 'en', 'YoshkarOla', NULL),
(197, 99, 'ru', 'Волжск', NULL),
(198, 99, 'en', 'Volzhsk', NULL),
(199, 100, 'ru', 'Козьмодемьянск', NULL),
(200, 100, 'en', 'Kozmodemyansk', NULL),
(201, 101, 'ru', 'Звенигово', NULL),
(202, 101, 'en', 'Zvenigovo', NULL),
(203, 102, 'ru', 'Саранск', NULL),
(204, 102, 'en', 'Saransk', NULL),
(205, 103, 'ru', 'Ардатов', NULL),
(206, 103, 'en', 'Ardatov', NULL),
(207, 104, 'ru', 'Инсар', NULL),
(208, 104, 'en', 'Insar', NULL),
(209, 105, 'ru', 'Ковылкино', NULL),
(210, 105, 'en', 'Kovylkino', NULL),
(211, 106, 'ru', 'Краснослободск', NULL),
(212, 106, 'en', 'Krasnoslobodsk', NULL),
(213, 107, 'ru', 'Рузаевка', NULL),
(214, 107, 'en', 'Ruzaevka', NULL),
(215, 108, 'ru', 'Темников', NULL),
(216, 108, 'en', 'Temnikov', NULL),
(217, 109, 'ru', 'Олекминск', NULL),
(218, 109, 'en', 'Olekminsk', NULL),
(219, 110, 'ru', 'Якутск', NULL),
(220, 110, 'en', 'YAkutsk', NULL),
(221, 111, 'ru', 'Нерюнгри', NULL),
(222, 111, 'en', 'Neryungri', NULL),
(223, 112, 'ru', 'Алдан', NULL),
(224, 112, 'en', 'Aldan', NULL),
(225, 113, 'ru', 'Томмот', NULL),
(226, 113, 'en', 'Tommot', NULL),
(227, 114, 'ru', 'Верхоянск', NULL),
(228, 114, 'en', 'Verkhoyansk', NULL),
(229, 115, 'ru', 'Вилюйск', NULL),
(230, 115, 'en', 'Vilyuysk', NULL),
(231, 116, 'ru', 'Ленск', NULL),
(232, 116, 'en', 'Lensk', NULL),
(233, 117, 'ru', 'Мирный', NULL),
(234, 117, 'en', 'Mirnyy', NULL),
(235, 118, 'ru', 'Удачный', NULL),
(236, 118, 'en', 'Udachnyy', NULL),
(237, 119, 'ru', 'Нюрба', NULL),
(238, 119, 'en', 'Nyurba', NULL),
(239, 120, 'ru', 'Среднеколымск', NULL),
(240, 120, 'en', 'Srednekolymsk', NULL),
(241, 121, 'ru', 'Покровск', NULL),
(242, 121, 'en', 'Pokrovsk', NULL),
(243, 122, 'ru', 'Владикавказ', NULL),
(244, 122, 'en', 'Vladikavkaz', NULL),
(245, 123, 'ru', 'Алагир', NULL),
(246, 123, 'en', 'Alagir', NULL),
(247, 124, 'ru', 'Ардон', NULL),
(248, 124, 'en', 'Ardon', NULL),
(249, 125, 'ru', 'Дигора', NULL),
(250, 125, 'en', 'Digora', NULL),
(251, 126, 'ru', 'Моздок', NULL),
(252, 126, 'en', 'Mozdok', NULL),
(253, 127, 'ru', 'Беслан', NULL),
(254, 127, 'en', 'Beslan', NULL),
(255, 128, 'ru', 'Казань', NULL),
(256, 128, 'en', 'Kazan', NULL),
(257, 129, 'ru', 'Набережные Челны', NULL),
(258, 129, 'en', 'Naberezhnye CHelny', NULL),
(259, 130, 'ru', 'Агрыз', NULL),
(260, 130, 'en', 'Agryz', NULL),
(261, 131, 'ru', 'Азнакаево', NULL),
(262, 131, 'en', 'Aznakaevo', NULL),
(263, 132, 'ru', 'Альметьевск', NULL),
(264, 132, 'en', 'Almetevsk', NULL),
(265, 133, 'ru', 'Арск', NULL),
(266, 133, 'en', 'Arsk', NULL),
(267, 134, 'ru', 'Бавлы', NULL),
(268, 134, 'en', 'Bavly', NULL),
(269, 135, 'ru', 'Бугульма', NULL),
(270, 135, 'en', 'Bugulma', NULL),
(271, 136, 'ru', 'Буинск', NULL),
(272, 136, 'en', 'Buinsk', NULL),
(273, 137, 'ru', 'Елабуга', NULL),
(274, 137, 'en', 'Elabuga', NULL),
(275, 138, 'ru', 'Заинск', NULL),
(276, 138, 'en', 'Zainsk', NULL),
(277, 139, 'ru', 'Зеленодольск', NULL),
(278, 139, 'en', 'Zelenodolsk', NULL),
(279, 140, 'ru', 'Лаишево', NULL),
(280, 140, 'en', 'Laishevo', NULL),
(281, 141, 'ru', 'Лениногорск', NULL),
(282, 141, 'en', 'Leninogorsk', NULL),
(283, 142, 'ru', 'Мамадыш', NULL),
(284, 142, 'en', 'Mamadysh', NULL),
(285, 143, 'ru', 'Менделеевск', NULL),
(286, 143, 'en', 'Mendeleevsk', NULL),
(287, 144, 'ru', 'Мензелинск', NULL),
(288, 144, 'en', 'Menzelinsk', NULL),
(289, 145, 'ru', 'Нижнекамск', NULL),
(290, 145, 'en', 'Nizhnekamsk', NULL),
(291, 146, 'ru', 'Нурлат', NULL),
(292, 146, 'en', 'Nurlat', NULL),
(293, 147, 'ru', 'Болгар', NULL),
(294, 147, 'en', 'Bolgar', NULL),
(295, 148, 'ru', 'Тетюши', NULL),
(296, 148, 'en', 'Tetyushi', NULL),
(297, 149, 'ru', 'Чистополь', NULL),
(298, 149, 'en', 'CHistopol', NULL),
(299, 150, 'ru', 'Кызыл', NULL),
(300, 150, 'en', 'Kyzyl', NULL),
(301, 151, 'ru', 'Ак-Довурак', NULL),
(302, 151, 'en', 'AkDovurak', NULL),
(303, 152, 'ru', 'Чадан', NULL),
(304, 152, 'en', 'CHadan', NULL),
(305, 153, 'ru', 'Туран', NULL),
(306, 153, 'en', 'Turan', NULL),
(307, 154, 'ru', 'Шагонар', NULL),
(308, 154, 'en', 'SHagonar', NULL),
(309, 155, 'ru', 'Ижевск', NULL),
(310, 155, 'en', 'Izhevsk', NULL),
(311, 156, 'ru', 'Сарапул', NULL),
(312, 156, 'en', 'Sarapul', NULL),
(313, 157, 'ru', 'Воткинск', NULL),
(314, 157, 'en', 'Votkinsk', NULL),
(315, 158, 'ru', 'Глазов', NULL),
(316, 158, 'en', 'Glazov', NULL),
(317, 159, 'ru', 'Можга', NULL),
(318, 159, 'en', 'Mozhga', NULL),
(319, 160, 'ru', 'Камбарка', NULL),
(320, 160, 'en', 'Kambarka', NULL),
(321, 161, 'ru', 'Абакан', NULL),
(322, 161, 'en', 'Abakan', NULL),
(323, 162, 'ru', 'Саяногорск', NULL),
(324, 162, 'en', 'Sayanogorsk', NULL),
(325, 163, 'ru', 'Черногорск', NULL),
(326, 163, 'en', 'CHernogorsk', NULL),
(327, 164, 'ru', 'Абаза', NULL),
(328, 164, 'en', 'Abaza', NULL),
(329, 165, 'ru', 'Сорск', NULL),
(330, 165, 'en', 'Sorsk', NULL),
(331, 166, 'ru', 'Грозный', NULL),
(332, 166, 'en', 'Groznyy', NULL),
(333, 167, 'ru', 'Аргун', NULL),
(334, 167, 'en', 'Argun', NULL),
(335, 168, 'ru', 'Гудермес', NULL),
(336, 168, 'en', 'Gudermes', NULL),
(337, 169, 'ru', 'Урус-Мартан', NULL),
(338, 169, 'en', 'UrusMartan', NULL),
(339, 170, 'ru', 'Шали', NULL),
(340, 170, 'en', 'SHali', NULL),
(341, 171, 'ru', 'Мариинский Посад', NULL),
(342, 171, 'en', 'Mariinskiy Posad', NULL),
(343, 172, 'ru', 'Цивильск', NULL),
(344, 172, 'en', 'TSivilsk', NULL),
(345, 173, 'ru', 'Чебоксары', NULL),
(346, 173, 'en', 'CHeboksary', NULL),
(347, 174, 'ru', 'Алатырь', NULL),
(348, 174, 'en', 'Alatyr', NULL),
(349, 175, 'ru', 'Канаш', NULL),
(350, 175, 'en', 'Kanash', NULL),
(351, 176, 'ru', 'Ядрин', NULL),
(352, 176, 'en', 'YAdrin', NULL),
(353, 177, 'ru', 'Шумерля', NULL),
(354, 177, 'en', 'SHumerlya', NULL),
(355, 178, 'ru', 'Новочебоксарск', NULL),
(356, 178, 'en', 'Novocheboksarsk', NULL),
(357, 179, 'ru', 'Козловка', NULL),
(358, 179, 'en', 'Kozlovka', NULL),
(359, 180, 'ru', 'Барнаул', NULL),
(360, 180, 'en', 'Barnaul', NULL),
(361, 181, 'ru', 'Алейск', NULL),
(362, 181, 'en', 'Aleysk', NULL),
(363, 182, 'ru', 'Белокуриха', NULL),
(364, 182, 'en', 'Belokurikha', NULL),
(365, 183, 'ru', 'Бийск', NULL),
(366, 183, 'en', 'Biysk', NULL),
(367, 184, 'ru', 'Камень-на-Оби', NULL),
(368, 184, 'en', 'KamennaObi', NULL),
(369, 185, 'ru', 'Новоалтайск', NULL),
(370, 185, 'en', 'Novoaltaysk', NULL),
(371, 186, 'ru', 'Рубцовск', NULL),
(372, 186, 'en', 'Rubtsovsk', NULL),
(373, 187, 'ru', 'Славгород', NULL),
(374, 187, 'en', 'Slavgorod', NULL),
(375, 188, 'ru', 'Заринск', NULL),
(376, 188, 'en', 'Zarinsk', NULL),
(377, 189, 'ru', 'Яровое', NULL),
(378, 189, 'en', 'YArovoe', NULL),
(379, 190, 'ru', 'Змеиногорск', NULL),
(380, 190, 'en', 'Zmeinogorsk', NULL),
(381, 191, 'ru', 'Горняк', NULL),
(382, 191, 'en', 'Gornyak', NULL),
(383, 192, 'ru', 'Краснодар', NULL),
(384, 192, 'en', 'Krasnodar', NULL),
(385, 193, 'ru', 'Армавир', NULL),
(386, 193, 'en', 'Armavir', NULL),
(387, 194, 'ru', 'Геленджик', NULL),
(388, 194, 'en', 'Gelendzhik', NULL),
(389, 195, 'ru', 'Горячий Ключ', NULL),
(390, 195, 'en', 'Goryachiy Klyuch', NULL),
(391, 196, 'ru', 'Новороссийск', NULL),
(392, 196, 'en', 'Novorossiysk', NULL),
(393, 197, 'ru', 'Сочи', NULL),
(394, 197, 'en', 'Sochi', NULL),
(395, 198, 'ru', 'Абинск', NULL),
(396, 198, 'en', 'Abinsk', NULL),
(397, 199, 'ru', 'Анапа', NULL),
(398, 199, 'en', 'Anapa', NULL),
(399, 200, 'ru', 'Апшеронск', NULL),
(400, 200, 'en', 'Apsheronsk', NULL),
(401, 201, 'ru', 'Хадыженск', NULL),
(402, 201, 'en', 'KHadyzhensk', NULL),
(403, 202, 'ru', 'Белореченск', NULL),
(404, 202, 'en', 'Belorechensk', NULL),
(405, 203, 'ru', 'Гулькевичи', NULL),
(406, 203, 'en', 'Gulkevichi', NULL),
(407, 204, 'ru', 'Ейск', NULL),
(408, 204, 'en', 'Eysk', NULL),
(409, 205, 'ru', 'Кропоткин', NULL),
(410, 205, 'en', 'Kropotkin', NULL),
(411, 206, 'ru', 'Кореновск', NULL),
(412, 206, 'en', 'Korenovsk', NULL),
(413, 207, 'ru', 'Крымск', NULL),
(414, 207, 'en', 'Krymsk', NULL),
(415, 208, 'ru', 'Курганинск', NULL),
(416, 208, 'en', 'Kurganinsk', NULL),
(417, 209, 'ru', 'Лабинск', NULL),
(418, 209, 'en', 'Labinsk', NULL),
(419, 210, 'ru', 'Новокубанск', NULL),
(420, 210, 'en', 'Novokubansk', NULL),
(421, 211, 'ru', 'Приморско-Ахтарск', NULL),
(422, 211, 'en', 'PrimorskoAkhtarsk', NULL),
(423, 212, 'ru', 'Славянск-на-Кубани', NULL),
(424, 212, 'en', 'SlavyansknaKubani', NULL),
(425, 213, 'ru', 'Темрюк', NULL),
(426, 213, 'en', 'Temryuk', NULL),
(427, 214, 'ru', 'Тимашевск', NULL),
(428, 214, 'en', 'Timashevsk', NULL),
(429, 215, 'ru', 'Тихорецк', NULL),
(430, 215, 'en', 'Tikhoretsk', NULL),
(431, 216, 'ru', 'Туапсе', NULL),
(432, 216, 'en', 'Tuapse', NULL),
(433, 217, 'ru', 'Усть-Лабинск', NULL),
(434, 217, 'en', 'UstLabinsk', NULL),
(435, 218, 'ru', 'Красноярск', NULL),
(436, 218, 'en', 'Krasnoyarsk', NULL),
(437, 219, 'ru', 'Бородино', NULL),
(438, 219, 'en', 'Borodino', NULL),
(439, 220, 'ru', 'Дивногорск', NULL),
(440, 220, 'en', 'Divnogorsk', NULL),
(441, 221, 'ru', 'Железногорск', NULL),
(442, 221, 'en', 'ZHeleznogorsk', NULL),
(443, 222, 'ru', 'Зеленогорск', NULL),
(444, 222, 'en', 'Zelenogorsk', NULL),
(445, 223, 'ru', 'Лесосибирск', NULL),
(446, 223, 'en', 'Lesosibirsk', NULL),
(447, 224, 'ru', 'Норильск', NULL),
(448, 224, 'en', 'Norilsk', NULL),
(449, 225, 'ru', 'Сосновоборск', NULL),
(450, 225, 'en', 'Sosnovoborsk', NULL),
(451, 226, 'ru', 'Ачинск', NULL),
(452, 226, 'en', 'Achinsk', NULL),
(453, 227, 'ru', 'Боготол', NULL),
(454, 227, 'en', 'Bogotol', NULL),
(455, 228, 'ru', 'Енисейск', NULL),
(456, 228, 'en', 'Eniseysk', NULL),
(457, 229, 'ru', 'Канск', NULL),
(458, 229, 'en', 'Kansk', NULL),
(459, 230, 'ru', 'Минусинск', NULL),
(460, 230, 'en', 'Minusinsk', NULL),
(461, 231, 'ru', 'Назарово', NULL),
(462, 231, 'en', 'Nazarovo', NULL),
(463, 232, 'ru', 'Шарыпово', NULL),
(464, 232, 'en', 'SHarypovo', NULL),
(465, 233, 'ru', 'Иланский', NULL),
(466, 233, 'en', 'Ilanskiy', NULL),
(467, 234, 'ru', 'Кодинск', NULL),
(468, 234, 'en', 'Kodinsk', NULL),
(469, 235, 'ru', 'Артемовск', NULL),
(470, 235, 'en', 'Artemovsk', NULL),
(471, 236, 'ru', 'Заозерный', NULL),
(472, 236, 'en', 'Zaozernyy', NULL),
(473, 237, 'ru', 'Игарка', NULL),
(474, 237, 'en', 'Igarka', NULL),
(475, 238, 'ru', 'Ужур', NULL),
(476, 238, 'en', 'Uzhur', NULL),
(477, 239, 'ru', 'Уяр', NULL),
(478, 239, 'en', 'Uyar', NULL),
(479, 240, 'ru', 'Дудинка', NULL),
(480, 240, 'en', 'Dudinka', NULL),
(481, 241, 'ru', 'Владивосток', NULL),
(482, 241, 'en', 'Vladivostok', NULL),
(483, 242, 'ru', 'Арсеньев', NULL),
(484, 242, 'en', 'Arsenev', NULL),
(485, 243, 'ru', 'Артем', NULL),
(486, 243, 'en', 'Artem', NULL),
(487, 244, 'ru', 'Находка', NULL),
(488, 244, 'en', 'Nakhodka', NULL),
(489, 245, 'ru', 'Партизанск', NULL),
(490, 245, 'en', 'Partizansk', NULL),
(491, 246, 'ru', 'Фокино', NULL),
(492, 246, 'en', 'Fokino', NULL),
(493, 247, 'ru', 'Большой Камень', NULL),
(494, 247, 'en', 'Bolshoy Kamen', NULL),
(495, 248, 'ru', 'Дальнегорск', NULL),
(496, 248, 'en', 'Dalnegorsk', NULL),
(497, 249, 'ru', 'Дальнереченск', NULL),
(498, 249, 'en', 'Dalnerechensk', NULL),
(499, 250, 'ru', 'Спасск-Дальний', NULL),
(500, 250, 'en', 'SpasskDalniy', NULL),
(501, 251, 'ru', 'Уссурийск', NULL),
(502, 251, 'en', 'Ussuriysk', NULL),
(503, 252, 'ru', 'Лесозаводск', NULL),
(504, 252, 'en', 'Lesozavodsk', NULL),
(505, 253, 'ru', 'Ставрополь', NULL),
(506, 253, 'en', 'Stavropol', NULL),
(507, 254, 'ru', 'Ессентуки', NULL),
(508, 254, 'en', 'Essentuki', NULL),
(509, 255, 'ru', 'Железноводск', NULL),
(510, 255, 'en', 'ZHeleznovodsk', NULL),
(511, 256, 'ru', 'Кисловодск', NULL),
(512, 256, 'en', 'Kislovodsk', NULL),
(513, 257, 'ru', 'Лермонтов', NULL),
(514, 257, 'en', 'Lermontov', NULL),
(515, 258, 'ru', 'Невинномысск', NULL),
(516, 258, 'en', 'Nevinnomyssk', NULL),
(517, 259, 'ru', 'Пятигорск', NULL),
(518, 259, 'en', 'Pyatigorsk', NULL),
(519, 260, 'ru', 'Георгиевск', NULL),
(520, 260, 'en', 'Georgievsk', NULL),
(521, 261, 'ru', 'Минеральные Воды', NULL),
(522, 261, 'en', 'Mineralnye Vody', NULL),
(523, 262, 'ru', 'Благодарный', NULL),
(524, 262, 'en', 'Blagodarnyy', NULL),
(525, 263, 'ru', 'Буденновск', NULL),
(526, 263, 'en', 'Budennovsk', NULL),
(527, 264, 'ru', 'Изобильный', NULL),
(528, 264, 'en', 'Izobilnyy', NULL),
(529, 265, 'ru', 'Ипатово', NULL),
(530, 265, 'en', 'Ipatovo', NULL),
(531, 266, 'ru', 'Новопавловск', NULL),
(532, 266, 'en', 'Novopavlovsk', NULL),
(533, 267, 'ru', 'Нефтекумск', NULL),
(534, 267, 'en', 'Neftekumsk', NULL),
(535, 268, 'ru', 'Новоалександровск', NULL),
(536, 268, 'en', 'Novoaleksandrovsk', NULL),
(537, 269, 'ru', 'Светлоград', NULL),
(538, 269, 'en', 'Svetlograd', NULL),
(539, 270, 'ru', 'Зеленокумск', NULL),
(540, 270, 'en', 'Zelenokumsk', NULL),
(541, 271, 'ru', 'Михайловск', NULL),
(542, 271, 'en', 'Mikhaylovsk', NULL),
(543, 272, 'ru', 'Хабаровск', NULL),
(544, 272, 'en', 'KHabarovsk', NULL),
(545, 273, 'ru', 'Амурск', NULL),
(546, 273, 'en', 'Amursk', NULL),
(547, 274, 'ru', 'Бикин', NULL),
(548, 274, 'en', 'Bikin', NULL),
(549, 275, 'ru', 'Комсомольск-на-Амуре', NULL),
(550, 275, 'en', 'KomsomolsknaAmure', NULL),
(551, 276, 'ru', 'Николаевск-на-Амуре', NULL),
(552, 276, 'en', 'NikolaevsknaAmure', NULL),
(553, 277, 'ru', 'Советская Гавань', NULL),
(554, 277, 'en', 'Sovetskaya Gavan', NULL),
(555, 278, 'ru', 'Вяземский', NULL),
(556, 278, 'en', 'Vyazemskiy', NULL),
(557, 279, 'ru', 'Серышово', NULL),
(558, 279, 'en', 'Serishovo', NULL),
(559, 280, 'ru', 'Благовещенск', NULL),
(560, 280, 'en', 'Blagoveshchensk', NULL),
(561, 281, 'ru', 'Райчихинск', NULL),
(562, 281, 'en', 'Raychikhinsk', NULL),
(563, 282, 'ru', 'Белогорск', NULL),
(564, 282, 'en', 'Belogorsk', NULL),
(565, 283, 'ru', 'Зея', NULL),
(566, 283, 'en', 'Zeya', NULL),
(567, 284, 'ru', 'Свободный', NULL),
(568, 284, 'en', 'Svobodnyy', NULL),
(569, 285, 'ru', 'Тында', NULL),
(570, 285, 'en', 'Tynda', NULL),
(571, 286, 'ru', 'Шимановск', NULL),
(572, 286, 'en', 'SHimanovsk', NULL),
(573, 287, 'ru', 'Завитинск', NULL),
(574, 287, 'en', 'Zavitinsk', NULL),
(575, 288, 'ru', 'Сковородино', NULL),
(576, 288, 'en', 'Skovorodino', NULL),
(577, 289, 'ru', 'Архангельск', NULL),
(578, 289, 'en', 'Arkhangelsk', NULL),
(579, 290, 'ru', 'Мирный', NULL),
(580, 290, 'en', 'Mirnyy', NULL),
(581, 291, 'ru', 'Новодвинск', NULL),
(582, 291, 'en', 'Novodvinsk', NULL),
(583, 292, 'ru', 'Северодвинск', NULL),
(584, 292, 'en', 'Severodvinsk', NULL),
(585, 293, 'ru', 'Коряжма', NULL),
(586, 293, 'en', 'Koryazhma', NULL),
(587, 294, 'ru', 'Вельск', NULL),
(588, 294, 'en', 'Velsk', NULL),
(589, 295, 'ru', 'Каргополь', NULL),
(590, 295, 'en', 'Kargopol', NULL),
(591, 296, 'ru', 'Котлас', NULL),
(592, 296, 'en', 'Kotlas', NULL),
(593, 297, 'ru', 'Сольвычегодск', NULL),
(594, 297, 'en', 'Solvychegodsk', NULL),
(595, 298, 'ru', 'Мезень', NULL),
(596, 298, 'en', 'Mezen', NULL),
(597, 299, 'ru', 'Няндома', NULL),
(598, 299, 'en', 'Nyandoma', NULL),
(599, 300, 'ru', 'Онега', NULL),
(600, 300, 'en', 'Onega', NULL),
(601, 301, 'ru', 'Шенкурск', NULL),
(602, 301, 'en', 'SHenkursk', NULL),
(603, 302, 'ru', 'Астрахань', NULL),
(604, 302, 'en', 'Astrakhan', NULL),
(605, 303, 'ru', 'Знаменск', NULL),
(606, 303, 'en', 'Znamensk', NULL),
(607, 304, 'ru', 'Ахтубинск', NULL),
(608, 304, 'en', 'Akhtubinsk', NULL),
(609, 305, 'ru', 'Камызяк', NULL),
(610, 305, 'en', 'Kamyzyak', NULL),
(611, 306, 'ru', 'Нариманов', NULL),
(612, 306, 'en', 'Narimanov', NULL),
(613, 307, 'ru', 'Харабали', NULL),
(614, 307, 'en', 'KHarabali', NULL),
(615, 308, 'ru', 'Белгород', NULL),
(616, 308, 'en', 'Belgorod', NULL),
(617, 309, 'ru', 'Старый Оскол', NULL),
(618, 309, 'en', 'Staryy Oskol', NULL),
(619, 310, 'ru', 'Шебекино', NULL),
(620, 310, 'en', 'SHebekino', NULL),
(621, 311, 'ru', 'Губкин', NULL),
(622, 311, 'en', 'Gubkin', NULL),
(623, 312, 'ru', 'Алексеевка', NULL),
(624, 312, 'en', 'Alekseevka', NULL),
(625, 313, 'ru', 'Валуйки', NULL),
(626, 313, 'en', 'Valuyki', NULL),
(627, 314, 'ru', 'Грайворон', NULL),
(628, 314, 'en', 'Grayvoron', NULL),
(629, 315, 'ru', 'Короча', NULL),
(630, 315, 'en', 'Korocha', NULL),
(631, 316, 'ru', 'Бирюч', NULL),
(632, 316, 'en', 'Biryuch', NULL),
(633, 317, 'ru', 'Новый Оскол', NULL),
(634, 317, 'en', 'Novyy Oskol', NULL),
(635, 318, 'ru', 'Строитель', NULL),
(636, 318, 'en', 'Stroitel', NULL),
(637, 319, 'ru', 'Брянск', NULL),
(638, 319, 'en', 'Bryansk', NULL),
(639, 320, 'ru', 'Сельцо', NULL),
(640, 320, 'en', 'Seltso', NULL),
(641, 321, 'ru', 'Клинцы', NULL),
(642, 321, 'en', 'Klintsy', NULL),
(643, 322, 'ru', 'Новозыбков', NULL),
(644, 322, 'en', 'Novozybkov', NULL),
(645, 323, 'ru', 'Дятьково', NULL),
(646, 323, 'en', 'Dyatkovo', NULL),
(647, 324, 'ru', 'Фокино', NULL),
(648, 324, 'en', 'Fokino', NULL),
(649, 325, 'ru', 'Жуковка', NULL),
(650, 325, 'en', 'ZHukovka', NULL),
(651, 326, 'ru', 'Злынка', NULL),
(652, 326, 'en', 'Zlynka', NULL),
(653, 327, 'ru', 'Карачев', NULL),
(654, 327, 'en', 'Karachev', NULL),
(655, 328, 'ru', 'Мглин', NULL),
(656, 328, 'en', 'Mglin', NULL),
(657, 329, 'ru', 'Почеп', NULL),
(658, 329, 'en', 'Pochep', NULL),
(659, 330, 'ru', 'Севск', NULL),
(660, 330, 'en', 'Sevsk', NULL),
(661, 331, 'ru', 'Стародуб', NULL),
(662, 331, 'en', 'Starodub', NULL),
(663, 332, 'ru', 'Сураж', NULL),
(664, 332, 'en', 'Surazh', NULL),
(665, 333, 'ru', 'Трубчевск', NULL),
(666, 333, 'en', 'Trubchevsk', NULL),
(667, 334, 'ru', 'Унеча', NULL),
(668, 334, 'en', 'Unecha', NULL),
(669, 335, 'ru', 'Владимир', NULL),
(670, 335, 'en', 'Vladimir', NULL),
(671, 336, 'ru', 'Радужный', NULL),
(672, 336, 'en', 'Raduzhnyy', NULL),
(673, 337, 'ru', 'Гусь-Хрустальный', NULL),
(674, 337, 'en', 'GusKHrustalnyy', NULL),
(675, 338, 'ru', 'Ковров', NULL),
(676, 338, 'en', 'Kovrov', NULL),
(677, 339, 'ru', 'Муром', NULL),
(678, 339, 'en', 'Murom', NULL),
(679, 340, 'ru', 'Александров', NULL),
(680, 340, 'en', 'Aleksandrov', NULL),
(681, 341, 'ru', 'Карабаново', NULL),
(682, 341, 'en', 'Karabanovo', NULL),
(683, 342, 'ru', 'Струнино', NULL),
(684, 342, 'en', 'Strunino', NULL),
(685, 343, 'ru', 'Вязники', NULL),
(686, 343, 'en', 'Vyazniki', NULL),
(687, 344, 'ru', 'Гороховец', NULL),
(688, 344, 'en', 'Gorokhovets', NULL),
(689, 345, 'ru', 'Курлово', NULL),
(690, 345, 'en', 'Kurlovo', NULL),
(691, 346, 'ru', 'Камешково', NULL),
(692, 346, 'en', 'Kameshkovo', NULL),
(693, 347, 'ru', 'Киржач', NULL),
(694, 347, 'en', 'Kirzhach', NULL),
(695, 348, 'ru', 'Кольчугино', NULL),
(696, 348, 'en', 'Kolchugino', NULL),
(697, 349, 'ru', 'Меленки', NULL),
(698, 349, 'en', 'Melenki', NULL),
(699, 350, 'ru', 'Петушки', NULL),
(700, 350, 'en', 'Petushki', NULL),
(701, 351, 'ru', 'Костерево', NULL),
(702, 351, 'en', 'Kosterevo', NULL),
(703, 352, 'ru', 'Покров', NULL),
(704, 352, 'en', 'Pokrov', NULL),
(705, 353, 'ru', 'Собинка', NULL),
(706, 353, 'en', 'Sobinka', NULL),
(707, 354, 'ru', 'Лакинск', NULL),
(708, 354, 'en', 'Lakinsk', NULL),
(709, 355, 'ru', 'Судогда', NULL),
(710, 355, 'en', 'Sudogda', NULL),
(711, 356, 'ru', 'Суздаль', NULL),
(712, 356, 'en', 'Suzdal', NULL),
(713, 357, 'ru', 'Юрьев-Польский', NULL),
(714, 357, 'en', 'YUrevPolskiy', NULL),
(715, 358, 'ru', 'Волгоград', NULL),
(716, 358, 'en', 'Volgograd', NULL),
(717, 359, 'ru', 'Волжский', NULL),
(718, 359, 'en', 'Volzhskiy', NULL),
(719, 360, 'ru', 'Камышин', NULL),
(720, 360, 'en', 'Kamyshin', NULL),
(721, 361, 'ru', 'Михайловка', NULL),
(722, 361, 'en', 'Mikhaylovka', NULL),
(723, 362, 'ru', 'Урюпинск', NULL),
(724, 362, 'en', 'Uryupinsk', NULL),
(725, 363, 'ru', 'Фролово', NULL),
(726, 363, 'en', 'Frolovo', NULL),
(727, 364, 'ru', 'Дубовка', NULL),
(728, 364, 'en', 'Dubovka', NULL),
(729, 365, 'ru', 'Жирновск', NULL),
(730, 365, 'en', 'ZHirnovsk', NULL),
(731, 366, 'ru', 'Калач-на-Дону', NULL),
(732, 366, 'en', 'KalachnaDonu', NULL),
(733, 367, 'ru', 'Петров Вал', NULL),
(734, 367, 'en', 'Petrov Val', NULL),
(735, 368, 'ru', 'Котельниково', NULL),
(736, 368, 'en', 'Kotelnikovo', NULL),
(737, 369, 'ru', 'Котово', NULL),
(738, 369, 'en', 'Kotovo', NULL),
(739, 370, 'ru', 'Ленинск', NULL),
(740, 370, 'en', 'Leninsk', NULL),
(741, 371, 'ru', 'Николаевск', NULL),
(742, 371, 'en', 'Nikolaevsk', NULL),
(743, 372, 'ru', 'Новоаннинский', NULL),
(744, 372, 'en', 'Novoanninskiy', NULL),
(745, 373, 'ru', 'Палласовка', NULL),
(746, 373, 'en', 'Pallasovka', NULL),
(747, 374, 'ru', 'Серафимович', NULL),
(748, 374, 'en', 'Serafimovich', NULL),
(749, 375, 'ru', 'Краснослободск', NULL),
(750, 375, 'en', 'Krasnoslobodsk', NULL),
(751, 376, 'ru', 'Суровикино', NULL),
(752, 376, 'en', 'Surovikino', NULL),
(753, 377, 'ru', 'Вологда', NULL),
(754, 377, 'en', 'Vologda', NULL),
(755, 378, 'ru', 'Череповец', NULL),
(756, 378, 'en', 'CHerepovets', NULL),
(757, 379, 'ru', 'Бабаево', NULL),
(758, 379, 'en', 'Babaevo', NULL),
(759, 380, 'ru', 'Белозерск', NULL),
(760, 380, 'en', 'Belozersk', NULL),
(761, 381, 'ru', 'Великий Устюг', NULL),
(762, 381, 'en', 'Velikiy Ustyug', NULL),
(763, 382, 'ru', 'Красавино', NULL),
(764, 382, 'en', 'Krasavino', NULL),
(765, 383, 'ru', 'Вытегра', NULL),
(766, 383, 'en', 'Vytegra', NULL),
(767, 384, 'ru', 'Грязовец', NULL),
(768, 384, 'en', 'Gryazovets', NULL),
(769, 385, 'ru', 'Кириллов', NULL),
(770, 385, 'en', 'Kirillov', NULL),
(771, 386, 'ru', 'Никольск', NULL),
(772, 386, 'en', 'Nikolsk', NULL),
(773, 387, 'ru', 'Сокол', NULL),
(774, 387, 'en', 'Sokol', NULL),
(775, 388, 'ru', 'Кадников', NULL),
(776, 388, 'en', 'Kadnikov', NULL),
(777, 389, 'ru', 'Тотьма', NULL),
(778, 389, 'en', 'Totma', NULL),
(779, 390, 'ru', 'Устюжна', NULL),
(780, 390, 'en', 'Ustyuzhna', NULL),
(781, 391, 'ru', 'Харовск', NULL),
(782, 391, 'en', 'KHarovsk', NULL),
(783, 392, 'ru', 'Воронеж', NULL),
(784, 392, 'en', 'Voronezh', NULL),
(785, 393, 'ru', 'Нововоронеж', NULL),
(786, 393, 'en', 'Novovoronezh', NULL),
(787, 394, 'ru', 'Воронеж-45', NULL),
(788, 394, 'en', 'Voronezh45', NULL),
(789, 395, 'ru', 'Бобров', NULL),
(790, 395, 'en', 'Bobrov', NULL),
(791, 396, 'ru', 'Богучар', NULL),
(792, 396, 'en', 'Boguchar', NULL),
(793, 397, 'ru', 'Борисоглебск', NULL),
(794, 397, 'en', 'Borisoglebsk', NULL),
(795, 398, 'ru', 'Бутурлиновка', NULL),
(796, 398, 'en', 'Buturlinovka', NULL),
(797, 399, 'ru', 'Калач', NULL),
(798, 399, 'en', 'Kalach', NULL),
(799, 400, 'ru', 'Лиски', NULL),
(800, 400, 'en', 'Liski', NULL),
(801, 401, 'ru', 'Новохоперск', NULL),
(802, 401, 'en', 'Novokhopersk', NULL),
(803, 402, 'ru', 'Острогожск', NULL),
(804, 402, 'en', 'Ostrogozhsk', NULL),
(805, 403, 'ru', 'Павловск', NULL),
(806, 403, 'en', 'Pavlovsk', NULL),
(807, 404, 'ru', 'Поворино', NULL),
(808, 404, 'en', 'Povorino', NULL),
(809, 405, 'ru', 'Россошь', NULL),
(810, 405, 'en', 'Rossosh', NULL),
(811, 406, 'ru', 'Семилуки', NULL),
(812, 406, 'en', 'Semiluki', NULL),
(813, 407, 'ru', 'Эртиль', NULL),
(814, 407, 'en', 'Ertil', NULL),
(815, 408, 'ru', 'Иваново', NULL),
(816, 408, 'en', 'Ivanovo', NULL),
(817, 409, 'ru', 'Кохма', NULL),
(818, 409, 'en', 'Kokhma', NULL),
(819, 410, 'ru', 'Вичуга', NULL),
(820, 410, 'en', 'Vichuga', NULL),
(821, 411, 'ru', 'Гаврилов Посад', NULL),
(822, 411, 'en', 'Gavrilov Posad', NULL),
(823, 412, 'ru', 'Заволжск', NULL),
(824, 412, 'en', 'Zavolzhsk', NULL),
(825, 413, 'ru', 'Кинешма', NULL),
(826, 413, 'en', 'Kineshma', NULL),
(827, 414, 'ru', 'Наволоки', NULL),
(828, 414, 'en', 'Navoloki', NULL),
(829, 415, 'ru', 'Комсомольск', NULL),
(830, 415, 'en', 'Komsomolsk', NULL),
(831, 416, 'ru', 'Приволжск', NULL),
(832, 416, 'en', 'Privolzhsk', NULL),
(833, 417, 'ru', 'Плес', NULL),
(834, 417, 'en', 'Ples', NULL),
(835, 418, 'ru', 'Пучеж', NULL),
(836, 418, 'en', 'Puchezh', NULL),
(837, 419, 'ru', 'Родники', NULL),
(838, 419, 'en', 'Rodniki', NULL),
(839, 420, 'ru', 'Тейково', NULL),
(840, 420, 'en', 'Teykovo', NULL),
(841, 421, 'ru', 'Фурманов', NULL),
(842, 421, 'en', 'Furmanov', NULL),
(843, 422, 'ru', 'Шуя', NULL),
(844, 422, 'en', 'SHuya', NULL),
(845, 423, 'ru', 'Южа', NULL),
(846, 423, 'en', 'YUzha', NULL),
(847, 424, 'ru', 'Юрьевец', NULL),
(848, 424, 'en', 'YUrevets', NULL),
(849, 425, 'ru', 'Иркутск-45', NULL),
(850, 425, 'en', 'Irkutsk45', NULL),
(851, 426, 'ru', 'Саянск', NULL),
(852, 426, 'en', 'Sayansk', NULL),
(853, 427, 'ru', 'Иркутск', NULL),
(854, 427, 'en', 'Irkutsk', NULL),
(855, 428, 'ru', 'Ангарск', NULL),
(856, 428, 'en', 'Angarsk', NULL),
(857, 429, 'ru', 'Братск', NULL),
(858, 429, 'en', 'Bratsk', NULL),
(859, 430, 'ru', 'Бодайбо', NULL),
(860, 430, 'en', 'Bodaybo', NULL),
(861, 431, 'ru', 'Зима', NULL),
(862, 431, 'en', 'Zima', NULL),
(863, 432, 'ru', 'Нижнеудинск', NULL),
(864, 432, 'en', 'Nizhneudinsk', NULL),
(865, 433, 'ru', 'Тайшет', NULL),
(866, 433, 'en', 'Tayshet', NULL),
(867, 434, 'ru', 'Тулун', NULL),
(868, 434, 'en', 'Tulun', NULL),
(869, 435, 'ru', 'Усолье-Сибирское', NULL),
(870, 435, 'en', 'UsoleSibirskoe', NULL),
(871, 436, 'ru', 'Усть-Илимск', NULL),
(872, 436, 'en', 'UstIlimsk', NULL),
(873, 437, 'ru', 'Усть-Кут', NULL),
(874, 437, 'en', 'UstKut', NULL),
(875, 438, 'ru', 'Черемхово', NULL),
(876, 438, 'en', 'CHeremkhovo', NULL),
(877, 439, 'ru', 'Шелехов', NULL),
(878, 439, 'en', 'SHelekhov', NULL),
(879, 440, 'ru', 'Свирск', NULL),
(880, 440, 'en', 'Svirsk', NULL),
(881, 441, 'ru', 'Вихоревка', NULL),
(882, 441, 'en', 'Vikhorevka', NULL),
(883, 442, 'ru', 'Киренск', NULL),
(884, 442, 'en', 'Kirensk', NULL),
(885, 443, 'ru', 'Железногорск-Илимский', NULL),
(886, 443, 'en', 'ZHeleznogorskIlimskiy', NULL),
(887, 444, 'ru', 'Алзамай', NULL),
(888, 444, 'en', 'Alzamay', NULL),
(889, 445, 'ru', 'Слюдянка', NULL),
(890, 445, 'en', 'Slyudyanka', NULL),
(891, 446, 'ru', 'Байкальск', NULL),
(892, 446, 'en', 'Baykalsk', NULL),
(893, 447, 'ru', 'Бирюсинск', NULL),
(894, 447, 'en', 'Biryusinsk', NULL),
(895, 448, 'ru', 'Калининград', NULL),
(896, 448, 'en', 'Kaliningrad', NULL),
(897, 449, 'ru', 'Пионерский', NULL),
(898, 449, 'en', 'Pionerskiy', NULL),
(899, 450, 'ru', 'Светлый', NULL),
(900, 450, 'en', 'Svetlyy', NULL),
(901, 451, 'ru', 'Советск', NULL),
(902, 451, 'en', 'Sovetsk', NULL),
(903, 452, 'ru', 'Ладушкин', NULL),
(904, 452, 'en', 'Ladushkin', NULL),
(905, 453, 'ru', 'Мамоново', NULL),
(906, 453, 'en', 'Mamonovo', NULL),
(907, 454, 'ru', 'Багратионовск', NULL),
(908, 454, 'en', 'Bagrationovsk', NULL),
(909, 455, 'ru', 'Гвардейск', NULL),
(910, 455, 'en', 'Gvardeysk', NULL),
(911, 456, 'ru', 'Гурьевск', NULL),
(912, 456, 'en', 'Gurevsk', NULL),
(913, 457, 'ru', 'Гусев', NULL),
(914, 457, 'en', 'Gusev', NULL),
(915, 458, 'ru', 'Зеленоградск', NULL),
(916, 458, 'en', 'Zelenogradsk', NULL),
(917, 459, 'ru', 'Краснознаменск', NULL),
(918, 459, 'en', 'Krasnoznamensk', NULL),
(919, 460, 'ru', 'Неман', NULL),
(920, 460, 'en', 'Neman', NULL),
(921, 461, 'ru', 'Нестеров', NULL),
(922, 461, 'en', 'Nesterov', NULL),
(923, 462, 'ru', 'Озерск', NULL),
(924, 462, 'en', 'Ozersk', NULL),
(925, 463, 'ru', 'Полесск', NULL),
(926, 463, 'en', 'Polessk', NULL),
(927, 464, 'ru', 'Правдинск', NULL),
(928, 464, 'en', 'Pravdinsk', NULL),
(929, 465, 'ru', 'Славск', NULL),
(930, 465, 'en', 'Slavsk', NULL),
(931, 466, 'ru', 'Черняховск', NULL),
(932, 466, 'en', 'CHernyakhovsk', NULL),
(933, 467, 'ru', 'Балтийск', NULL),
(934, 467, 'en', 'Baltiysk', NULL),
(935, 468, 'ru', 'Приморск', NULL),
(936, 468, 'en', 'Primorsk', NULL),
(937, 469, 'ru', 'Светлогорск', NULL),
(938, 469, 'en', 'Svetlogorsk', NULL),
(939, 470, 'ru', 'Калуга', NULL),
(940, 470, 'en', 'Kaluga', NULL),
(941, 471, 'ru', 'Обнинск', NULL),
(942, 471, 'en', 'Obninsk', NULL),
(943, 472, 'ru', 'Боровск', NULL),
(944, 472, 'en', 'Borovsk', NULL),
(945, 473, 'ru', 'Балабаново', NULL),
(946, 473, 'en', 'Balabanovo', NULL),
(947, 474, 'ru', 'Ермолино', NULL),
(948, 474, 'en', 'Ermolino', NULL),
(949, 475, 'ru', 'Спас-Деменск', NULL),
(950, 475, 'en', 'SpasDemensk', NULL),
(951, 476, 'ru', 'Кондрово', NULL),
(952, 476, 'en', 'Kondrovo', NULL),
(953, 477, 'ru', 'Жиздра', NULL),
(954, 477, 'en', 'ZHizdra', NULL),
(955, 478, 'ru', 'Жуков', NULL),
(956, 478, 'en', 'ZHukov', NULL),
(957, 479, 'ru', 'Белоусово', NULL),
(958, 479, 'en', 'Belousovo', NULL),
(959, 480, 'ru', 'Кременки', NULL),
(960, 480, 'en', 'Kremenki', NULL),
(961, 481, 'ru', 'Киров', NULL),
(962, 481, 'en', 'Kirov', NULL),
(963, 482, 'ru', 'Козельск', NULL),
(964, 482, 'en', 'Kozelsk', NULL),
(965, 483, 'ru', 'Сосенский', NULL),
(966, 483, 'en', 'Sosenskiy', NULL),
(967, 484, 'ru', 'Людиново', NULL),
(968, 484, 'en', 'Lyudinovo', NULL),
(969, 485, 'ru', 'Малоярославец', NULL),
(970, 485, 'en', 'Maloyaroslavets', NULL),
(971, 486, 'ru', 'Медынь', NULL),
(972, 486, 'en', 'Medyn', NULL),
(973, 487, 'ru', 'Мещовск', NULL),
(974, 487, 'en', 'Meshchovsk', NULL),
(975, 488, 'ru', 'Мосальск', NULL),
(976, 488, 'en', 'Mosalsk', NULL),
(977, 489, 'ru', 'Сухиничи', NULL),
(978, 489, 'en', 'Sukhinichi', NULL),
(979, 490, 'ru', 'Таруса', NULL),
(980, 490, 'en', 'Tarusa', NULL),
(981, 491, 'ru', 'Юхнов', NULL),
(982, 491, 'en', 'YUkhnov', NULL),
(983, 492, 'ru', 'Юхнов-1', NULL),
(984, 492, 'en', 'YUkhnov1', NULL),
(985, 493, 'ru', 'Юхнов-2', NULL),
(986, 493, 'en', 'YUkhnov2', NULL),
(987, 494, 'ru', 'Петропавловск-Камчатский', NULL),
(988, 494, 'en', 'PetropavlovskKamchatskiy', NULL),
(989, 495, 'ru', 'Вилючинск', NULL),
(990, 495, 'en', 'Vilyuchinsk', NULL),
(991, 496, 'ru', 'Елизово', NULL),
(992, 496, 'en', 'Elizovo', NULL),
(993, 497, 'ru', 'Анжеро-Судженск', NULL),
(994, 497, 'en', 'AnzheroSudzhensk', NULL),
(995, 498, 'ru', 'Березовский', NULL),
(996, 498, 'en', 'Berezovskiy', NULL),
(997, 499, 'ru', 'Калтан', NULL),
(998, 499, 'en', 'Kaltan', NULL),
(999, 500, 'ru', 'Киселевск', NULL),
(1000, 500, 'en', 'Kiselevsk', NULL),
(1001, 501, 'ru', 'Мыски', NULL),
(1002, 501, 'en', 'Myski', NULL),
(1003, 502, 'ru', 'Осинники', NULL),
(1004, 502, 'en', 'Osinniki', NULL),
(1005, 503, 'ru', 'Тайга', NULL),
(1006, 503, 'en', 'Tayga', NULL),
(1007, 504, 'ru', 'Кемерово', NULL),
(1008, 504, 'en', 'Kemerovo', NULL),
(1009, 505, 'ru', 'Ленинск-Кузнецкий', NULL),
(1010, 505, 'en', 'LeninskKuznetskiy', NULL),
(1011, 506, 'ru', 'Полысаево', NULL),
(1012, 506, 'en', 'Polysaevo', NULL),
(1013, 507, 'ru', 'Новокузнецк', NULL),
(1014, 507, 'en', 'Novokuznetsk', NULL),
(1015, 508, 'ru', 'Прокопьевск', NULL),
(1016, 508, 'en', 'Prokopevsk', NULL),
(1017, 509, 'ru', 'Юрга', NULL),
(1018, 509, 'en', 'YUrga', NULL),
(1019, 510, 'ru', 'Белово', NULL),
(1020, 510, 'en', 'Belovo', NULL),
(1021, 511, 'ru', 'Междуреченск', NULL),
(1022, 511, 'en', 'Mezhdurechensk', NULL),
(1023, 512, 'ru', 'Гурьевск', NULL),
(1024, 512, 'en', 'Gurevsk', NULL),
(1025, 513, 'ru', 'Салаир', NULL),
(1026, 513, 'en', 'Salair', NULL),
(1027, 514, 'ru', 'Мариинск', NULL),
(1028, 514, 'en', 'Mariinsk', NULL),
(1029, 515, 'ru', 'Таштагол', NULL),
(1030, 515, 'en', 'Tashtagol', NULL),
(1031, 516, 'ru', 'Топки', NULL),
(1032, 516, 'en', 'Topki', NULL),
(1033, 517, 'ru', 'Киров', NULL),
(1034, 517, 'en', 'Kirov', NULL),
(1035, 518, 'ru', 'Белая Холуница', NULL),
(1036, 518, 'en', 'Belaya KHolunitsa', NULL),
(1037, 519, 'ru', 'Кирс', NULL),
(1038, 519, 'en', 'Kirs', NULL),
(1039, 520, 'ru', 'Вятские Поляны', NULL),
(1040, 520, 'en', 'Vyatskie Polyany', NULL),
(1041, 521, 'ru', 'Сосновка', NULL),
(1042, 521, 'en', 'Sosnovka', NULL),
(1043, 522, 'ru', 'Зуевка', NULL),
(1044, 522, 'en', 'Zuevka', NULL),
(1045, 523, 'ru', 'Кирово-Чепецк', NULL),
(1046, 523, 'en', 'KirovoCHepetsk', NULL),
(1047, 524, 'ru', 'Котельнич', NULL),
(1048, 524, 'en', 'Kotelnich', NULL),
(1049, 525, 'ru', 'Луза', NULL),
(1050, 525, 'en', 'Luza', NULL),
(1051, 526, 'ru', 'Малмыж', NULL),
(1052, 526, 'en', 'Malmyzh', NULL),
(1053, 527, 'ru', 'Мураши', NULL),
(1054, 527, 'en', 'Murashi', NULL),
(1055, 528, 'ru', 'Нолинск', NULL),
(1056, 528, 'en', 'Nolinsk', NULL),
(1057, 529, 'ru', 'Омутнинск', NULL),
(1058, 529, 'en', 'Omutninsk', NULL),
(1059, 530, 'ru', 'Орлов', NULL),
(1060, 530, 'en', 'Orlov', NULL),
(1061, 531, 'ru', 'Слободской', NULL),
(1062, 531, 'en', 'Slobodskoy', NULL),
(1063, 532, 'ru', 'Советск', NULL),
(1064, 532, 'en', 'Sovetsk', NULL),
(1065, 533, 'ru', 'Уржум', NULL),
(1066, 533, 'en', 'Urzhum', NULL),
(1067, 534, 'ru', 'Яранск', NULL),
(1068, 534, 'en', 'YAransk', NULL),
(1069, 535, 'ru', 'Волгореченск', NULL),
(1070, 535, 'en', 'Volgorechensk', NULL),
(1071, 536, 'ru', 'Кострома', NULL),
(1072, 536, 'en', 'Kostroma', NULL),
(1073, 537, 'ru', 'Буй', NULL),
(1074, 537, 'en', 'Buy', NULL),
(1075, 538, 'ru', 'Галич', NULL),
(1076, 538, 'en', 'Galich', NULL),
(1077, 539, 'ru', 'Кологрив', NULL),
(1078, 539, 'en', 'Kologriv', NULL),
(1079, 540, 'ru', 'Макарьев', NULL),
(1080, 540, 'en', 'Makarev', NULL),
(1081, 541, 'ru', 'Мантурово', NULL),
(1082, 541, 'en', 'Manturovo', NULL),
(1083, 542, 'ru', 'Нея', NULL),
(1084, 542, 'en', 'Neya', NULL),
(1085, 543, 'ru', 'Нерехта', NULL),
(1086, 543, 'en', 'Nerekhta', NULL),
(1087, 544, 'ru', 'Солигалич', NULL),
(1088, 544, 'en', 'Soligalich', NULL),
(1089, 545, 'ru', 'Чухлома', NULL),
(1090, 545, 'en', 'CHukhloma', NULL),
(1091, 546, 'ru', 'Шарья', NULL),
(1092, 546, 'en', 'SHarya', NULL),
(1093, 547, 'ru', 'Курган', NULL),
(1094, 547, 'en', 'Kurgan', NULL),
(1095, 548, 'ru', 'Шадринск', NULL),
(1096, 548, 'en', 'SHadrinsk', NULL),
(1097, 549, 'ru', 'Далматово', NULL),
(1098, 549, 'en', 'Dalmatovo', NULL),
(1099, 550, 'ru', 'Катайск', NULL),
(1100, 550, 'en', 'Kataysk', NULL),
(1101, 551, 'ru', 'Куртамыш', NULL),
(1102, 551, 'en', 'Kurtamysh', NULL),
(1103, 552, 'ru', 'Макушино', NULL),
(1104, 552, 'en', 'Makushino', NULL),
(1105, 553, 'ru', 'Петухово', NULL),
(1106, 553, 'en', 'Petukhovo', NULL),
(1107, 554, 'ru', 'Шумиха', NULL),
(1108, 554, 'en', 'SHumikha', NULL),
(1109, 555, 'ru', 'Щучье', NULL),
(1110, 555, 'en', 'SHCHuche', NULL),
(1111, 556, 'ru', 'Курск', NULL),
(1112, 556, 'en', 'Kursk', NULL),
(1113, 557, 'ru', 'Дмитриев', NULL),
(1114, 557, 'en', 'Dmitriev', NULL),
(1115, 558, 'ru', 'Железногорск', NULL),
(1116, 558, 'en', 'ZHeleznogorsk', NULL),
(1117, 559, 'ru', 'Курчатов', NULL),
(1118, 559, 'en', 'Kurchatov', NULL),
(1119, 560, 'ru', 'Льгов', NULL),
(1120, 560, 'en', 'Lgov', NULL),
(1121, 561, 'ru', 'Обоянь', NULL),
(1122, 561, 'en', 'Oboyan', NULL),
(1123, 562, 'ru', 'Рыльск', NULL),
(1124, 562, 'en', 'Rylsk', NULL),
(1125, 563, 'ru', 'Суджа', NULL),
(1126, 563, 'en', 'Sudzha', NULL),
(1127, 564, 'ru', 'Фатеж', NULL),
(1128, 564, 'en', 'Fatezh', NULL),
(1129, 565, 'ru', 'Щигры', NULL),
(1130, 565, 'en', 'SHCHigry', NULL),
(1131, 566, 'ru', 'Санкт-Петербург', NULL),
(1132, 566, 'en', 'SanktPeterburg', NULL),
(1133, 567, 'ru', 'Красное Село', NULL),
(1134, 567, 'en', 'Krasnoe Selo', NULL),
(1135, 568, 'ru', 'Зеленогорск', NULL),
(1136, 568, 'en', 'Zelenogorsk', NULL),
(1137, 569, 'ru', 'Ломоносов', NULL),
(1138, 569, 'en', 'Lomonosov', NULL),
(1139, 570, 'ru', 'Кронштадт', NULL),
(1140, 570, 'en', 'Kronshtadt', NULL),
(1141, 571, 'ru', 'Павловск', NULL),
(1142, 571, 'en', 'Pavlovsk', NULL),
(1143, 572, 'ru', 'Петергоф', NULL),
(1144, 572, 'en', 'Petergof', NULL),
(1145, 573, 'ru', 'Сестрорецк', NULL),
(1146, 573, 'en', 'Sestroretsk', NULL),
(1147, 574, 'ru', 'Пушкин', NULL),
(1148, 574, 'en', 'Pushkin', NULL),
(1149, 575, 'ru', 'Колпино', NULL),
(1150, 575, 'en', 'Kolpino', NULL),
(1151, 576, 'ru', 'Сосновый Бор', NULL),
(1152, 576, 'en', 'Sosnovyy Bor', NULL),
(1153, 577, 'ru', 'Бокситогорск', NULL),
(1154, 577, 'en', 'Boksitogorsk', NULL),
(1155, 578, 'ru', 'Пикалево', NULL),
(1156, 578, 'en', 'Pikalevo', NULL),
(1157, 579, 'ru', 'Волосово', NULL),
(1158, 579, 'en', 'Volosovo', NULL),
(1159, 580, 'ru', 'Волхов', NULL),
(1160, 580, 'en', 'Volkhov', NULL),
(1161, 581, 'ru', 'Новая Ладога', NULL),
(1162, 581, 'en', 'Novaya Ladoga', NULL),
(1163, 582, 'ru', 'Сясьстрой', NULL),
(1164, 582, 'en', 'Syasstroy', NULL),
(1165, 583, 'ru', 'Всеволожск', NULL),
(1166, 583, 'en', 'Vsevolozhsk', NULL),
(1167, 584, 'ru', 'Сертолово', NULL),
(1168, 584, 'en', 'Sertolovo', NULL),
(1169, 585, 'ru', 'Выборг', NULL),
(1170, 585, 'en', 'Vyborg', NULL),
(1171, 586, 'ru', 'Высоцк', NULL),
(1172, 586, 'en', 'Vysotsk', NULL),
(1173, 587, 'ru', 'Каменногорск', NULL),
(1174, 587, 'en', 'Kamennogorsk', NULL),
(1175, 588, 'ru', 'Приморск', NULL),
(1176, 588, 'en', 'Primorsk', NULL),
(1177, 589, 'ru', 'Светогорск', NULL),
(1178, 589, 'en', 'Svetogorsk', NULL),
(1179, 590, 'ru', 'Гатчина', NULL),
(1180, 590, 'en', 'Gatchina', NULL),
(1181, 591, 'ru', 'Коммунар', NULL),
(1182, 591, 'en', 'Kommunar', NULL),
(1183, 592, 'ru', 'Кингисепп', NULL),
(1184, 592, 'en', 'Kingisepp', NULL),
(1185, 593, 'ru', 'Ивангород', NULL),
(1186, 593, 'en', 'Ivangorod', NULL),
(1187, 594, 'ru', 'Кириши', NULL),
(1188, 594, 'en', 'Kirishi', NULL),
(1189, 595, 'ru', 'Кировск', NULL),
(1190, 595, 'en', 'Kirovsk', NULL),
(1191, 596, 'ru', 'Отрадное', NULL),
(1192, 596, 'en', 'Otradnoe', NULL),
(1193, 597, 'ru', 'Шлиссельбург', NULL),
(1194, 597, 'en', 'SHlisselburg', NULL),
(1195, 598, 'ru', 'Лодейное Поле', NULL),
(1196, 598, 'en', 'Lodeynoe Pole', NULL),
(1197, 599, 'ru', 'Луга', NULL),
(1198, 599, 'en', 'Luga', NULL),
(1199, 600, 'ru', 'Подпорожье', NULL),
(1200, 600, 'en', 'Podporozhe', NULL),
(1201, 601, 'ru', 'Приозерск', NULL),
(1202, 601, 'en', 'Priozersk', NULL),
(1203, 602, 'ru', 'Сланцы', NULL),
(1204, 602, 'en', 'Slantsy', NULL),
(1205, 603, 'ru', 'Тихвин', NULL),
(1206, 603, 'en', 'Tikhvin', NULL),
(1207, 604, 'ru', 'Тосно', NULL),
(1208, 604, 'en', 'Tosno', NULL),
(1209, 605, 'ru', 'Никольское', NULL),
(1210, 605, 'en', 'Nikolskoe', NULL),
(1211, 606, 'ru', 'Любань', NULL),
(1212, 606, 'en', 'Lyuban', NULL),
(1213, 607, 'ru', 'Липецк', NULL),
(1214, 607, 'en', 'Lipetsk', NULL),
(1215, 608, 'ru', 'Елец', NULL),
(1216, 608, 'en', 'Elets', NULL),
(1217, 609, 'ru', 'Грязи', NULL),
(1218, 609, 'en', 'Gryazi', NULL),
(1219, 610, 'ru', 'Данков', NULL),
(1220, 610, 'en', 'Dankov', NULL),
(1221, 611, 'ru', 'Задонск', NULL),
(1222, 611, 'en', 'Zadonsk', NULL),
(1223, 612, 'ru', 'Лебедянь', NULL),
(1224, 612, 'en', 'Lebedyan', NULL),
(1225, 613, 'ru', 'Усмань', NULL),
(1226, 613, 'en', 'Usman', NULL),
(1227, 614, 'ru', 'Чаплыгин', NULL),
(1228, 614, 'en', 'CHaplygin', NULL),
(1229, 615, 'ru', 'Магадан', NULL),
(1230, 615, 'en', 'Magadan', NULL),
(1231, 616, 'ru', 'Сусуман', NULL),
(1232, 616, 'en', 'Susuman', NULL),
(1233, 617, 'ru', 'Москва', NULL),
(1234, 617, 'en', 'Moskva', NULL),
(1235, 618, 'ru', 'Зеленоград', NULL),
(1236, 618, 'en', 'Zelenograd', NULL),
(1237, 619, 'ru', 'Московский', NULL),
(1238, 619, 'en', 'Moskovskiy', NULL),
(1239, 620, 'ru', 'Домодедово', NULL),
(1240, 620, 'en', 'Domodedovo', NULL),
(1241, 621, 'ru', 'Бронницы', NULL),
(1242, 621, 'en', 'Bronnitsy', NULL),
(1243, 622, 'ru', 'Щербинка', NULL),
(1244, 622, 'en', 'SHCHerbinka', NULL),
(1245, 623, 'ru', 'Троицк', NULL),
(1246, 623, 'en', 'Troitsk', NULL),
(1247, 624, 'ru', 'Дубна', NULL),
(1248, 624, 'en', 'Dubna', NULL),
(1249, 625, 'ru', 'Железнодорожный', NULL),
(1250, 625, 'en', 'ZHeleznodorozhnyy', NULL),
(1251, 626, 'ru', 'Жуковский', NULL),
(1252, 626, 'en', 'ZHukovskiy', NULL),
(1253, 627, 'ru', 'Звенигород', NULL),
(1254, 627, 'en', 'Zvenigorod', NULL),
(1255, 628, 'ru', 'Ивантеевка', NULL),
(1256, 628, 'en', 'Ivanteevka', NULL),
(1257, 629, 'ru', 'Климовск', NULL),
(1258, 629, 'en', 'Klimovsk', NULL),
(1259, 630, 'ru', 'Королев', NULL),
(1260, 630, 'en', 'Korolev', NULL),
(1261, 631, 'ru', 'Красноармейск', NULL),
(1262, 631, 'en', 'Krasnoarmeysk', NULL),
(1263, 632, 'ru', 'Краснознаменск', NULL),
(1264, 632, 'en', 'Krasnoznamensk', NULL),
(1265, 633, 'ru', 'Лобня', NULL),
(1266, 633, 'en', 'Lobnya', NULL),
(1267, 634, 'ru', 'Лыткарино', NULL),
(1268, 634, 'en', 'Lytkarino', NULL),
(1269, 635, 'ru', 'Протвино', NULL),
(1270, 635, 'en', 'Protvino', NULL),
(1271, 636, 'ru', 'Пущино', NULL),
(1272, 636, 'en', 'Pushchino', NULL),
(1273, 637, 'ru', 'Реутов', NULL),
(1274, 637, 'en', 'Reutov', NULL),
(1275, 638, 'ru', 'Рошаль', NULL),
(1276, 638, 'en', 'Roshal', NULL),
(1277, 639, 'ru', 'Фрязино', NULL),
(1278, 639, 'en', 'Fryazino', NULL),
(1279, 640, 'ru', 'Электросталь', NULL),
(1280, 640, 'en', 'Elektrostal', NULL),
(1281, 641, 'ru', 'Юбилейный', NULL),
(1282, 641, 'en', 'YUbileynyy', NULL),
(1283, 642, 'ru', 'Дзержинский', NULL),
(1284, 642, 'en', 'Dzerzhinskiy', NULL),
(1285, 643, 'ru', 'Подольск', NULL),
(1286, 643, 'en', 'Podolsk', NULL),
(1287, 644, 'ru', 'Орехово-Зуево', NULL),
(1288, 644, 'en', 'OrekhovoZuevo', NULL),
(1289, 645, 'ru', 'Коломна', NULL),
(1290, 645, 'en', 'Kolomna', NULL),
(1291, 646, 'ru', 'Серпухов', NULL),
(1292, 646, 'en', 'Serpukhov', NULL),
(1293, 647, 'ru', 'Долгопрудный', NULL),
(1294, 647, 'en', 'Dolgoprudnyy', NULL),
(1295, 648, 'ru', 'Химки', NULL),
(1296, 648, 'en', 'KHimki', NULL),
(1297, 649, 'ru', 'Лосино-Петровский', NULL),
(1298, 649, 'en', 'LosinoPetrovskiy', NULL);
INSERT INTO `b_sale_location_city_lang` (`ID`, `CITY_ID`, `LID`, `NAME`, `SHORT_NAME`) VALUES
(1299, 650, 'ru', 'Котельники', NULL),
(1300, 650, 'en', 'Kotelniki', NULL),
(1301, 651, 'ru', 'Электрогорск', NULL),
(1302, 651, 'en', 'Elektrogorsk', NULL),
(1303, 652, 'ru', 'Балашиха', NULL),
(1304, 652, 'en', 'Balashikha', NULL),
(1305, 653, 'ru', 'Волоколамск', NULL),
(1306, 653, 'en', 'Volokolamsk', NULL),
(1307, 654, 'ru', 'Воскресенск', NULL),
(1308, 654, 'en', 'Voskresensk', NULL),
(1309, 655, 'ru', 'Дмитров', NULL),
(1310, 655, 'en', 'Dmitrov', NULL),
(1311, 656, 'ru', 'Яхрома', NULL),
(1312, 656, 'en', 'YAkhroma', NULL),
(1313, 657, 'ru', 'Егорьевск', NULL),
(1314, 657, 'en', 'Egorevsk', NULL),
(1315, 658, 'ru', 'Зарайск', NULL),
(1316, 658, 'en', 'Zaraysk', NULL),
(1317, 659, 'ru', 'Истра', NULL),
(1318, 659, 'en', 'Istra', NULL),
(1319, 660, 'ru', 'Дедовск', NULL),
(1320, 660, 'en', 'Dedovsk', NULL),
(1321, 661, 'ru', 'Кашира', NULL),
(1322, 661, 'en', 'Kashira', NULL),
(1323, 662, 'ru', 'Ожерелье', NULL),
(1324, 662, 'en', 'Ozherele', NULL),
(1325, 663, 'ru', 'Клин', NULL),
(1326, 663, 'en', 'Klin', NULL),
(1327, 664, 'ru', 'Высоковск', NULL),
(1328, 664, 'en', 'Vysokovsk', NULL),
(1329, 665, 'ru', 'Красногорск', NULL),
(1330, 665, 'en', 'Krasnogorsk', NULL),
(1331, 666, 'ru', 'Видное', NULL),
(1332, 666, 'en', 'Vidnoe', NULL),
(1333, 667, 'ru', 'Луховицы', NULL),
(1334, 667, 'en', 'Lukhovitsy', NULL),
(1335, 668, 'ru', 'Люберцы', NULL),
(1336, 668, 'en', 'Lyubertsy', NULL),
(1337, 669, 'ru', 'Можайск', NULL),
(1338, 669, 'en', 'Mozhaysk', NULL),
(1339, 670, 'ru', 'Мытищи', NULL),
(1340, 670, 'en', 'Mytishchi', NULL),
(1341, 671, 'ru', 'Наро-Фоминск', NULL),
(1342, 671, 'en', 'NaroFominsk', NULL),
(1343, 672, 'ru', 'Апрелевка', NULL),
(1344, 672, 'en', 'Aprelevka', NULL),
(1345, 673, 'ru', 'Верея', NULL),
(1346, 673, 'en', 'Vereya', NULL),
(1347, 674, 'ru', 'Ногинск', NULL),
(1348, 674, 'en', 'Noginsk', NULL),
(1349, 675, 'ru', 'Электроугли', NULL),
(1350, 675, 'en', 'Elektrougli', NULL),
(1351, 676, 'ru', 'Черноголовка', NULL),
(1352, 676, 'en', 'CHernogolovka', NULL),
(1353, 677, 'ru', 'Старая Купавна', NULL),
(1354, 677, 'en', 'Staraya Kupavna', NULL),
(1355, 678, 'ru', 'Одинцово', NULL),
(1356, 678, 'en', 'Odintsovo', NULL),
(1357, 679, 'ru', 'Голицыно', NULL),
(1358, 679, 'en', 'Golitsyno', NULL),
(1359, 680, 'ru', 'Кубинка', NULL),
(1360, 680, 'en', 'Kubinka', NULL),
(1361, 681, 'ru', 'Озеры', NULL),
(1362, 681, 'en', 'Ozery', NULL),
(1363, 682, 'ru', 'Дрезна', NULL),
(1364, 682, 'en', 'Drezna', NULL),
(1365, 683, 'ru', 'Куровское', NULL),
(1366, 683, 'en', 'Kurovskoe', NULL),
(1367, 684, 'ru', 'Ликино-Дулево', NULL),
(1368, 684, 'en', 'LikinoDulevo', NULL),
(1369, 685, 'ru', 'Павловский Посад', NULL),
(1370, 685, 'en', 'Pavlovskiy Posad', NULL),
(1371, 686, 'ru', 'Пушкино', NULL),
(1372, 686, 'en', 'Pushkino', NULL),
(1373, 687, 'ru', 'Раменское', NULL),
(1374, 687, 'en', 'Ramenskoe', NULL),
(1375, 688, 'ru', 'Руза', NULL),
(1376, 688, 'en', 'Ruza', NULL),
(1377, 689, 'ru', 'Краснозаводск', NULL),
(1378, 689, 'en', 'Krasnozavodsk', NULL),
(1379, 690, 'ru', 'Хотьково', NULL),
(1380, 690, 'en', 'KHotkovo', NULL),
(1381, 691, 'ru', 'Пересвет', NULL),
(1382, 691, 'en', 'Peresvet', NULL),
(1383, 692, 'ru', 'Сергиев Посад', NULL),
(1384, 692, 'en', 'Sergiev Posad', NULL),
(1385, 693, 'ru', 'Солнечногорск', NULL),
(1386, 693, 'en', 'Solnechnogorsk', NULL),
(1387, 694, 'ru', 'Солнечногорск-2', NULL),
(1388, 694, 'en', 'Solnechnogorsk2', NULL),
(1389, 695, 'ru', 'Солнечногорск-7', NULL),
(1390, 695, 'en', 'Solnechnogorsk7', NULL),
(1391, 696, 'ru', 'Солнечногорск-25', NULL),
(1392, 696, 'en', 'Solnechnogorsk25', NULL),
(1393, 697, 'ru', 'Солнечногорск-30', NULL),
(1394, 697, 'en', 'Solnechnogorsk30', NULL),
(1395, 698, 'ru', 'Ступино', NULL),
(1396, 698, 'en', 'Stupino', NULL),
(1397, 699, 'ru', 'Талдом', NULL),
(1398, 699, 'en', 'Taldom', NULL),
(1399, 700, 'ru', 'Чехов', NULL),
(1400, 700, 'en', 'CHekhov', NULL),
(1401, 701, 'ru', 'Чехов-2', NULL),
(1402, 701, 'en', 'CHekhov2', NULL),
(1403, 702, 'ru', 'Чехов-3', NULL),
(1404, 702, 'en', 'CHekhov3', NULL),
(1405, 703, 'ru', 'Чехов-8', NULL),
(1406, 703, 'en', 'CHekhov8', NULL),
(1407, 704, 'ru', 'Шатура', NULL),
(1408, 704, 'en', 'SHatura', NULL),
(1409, 705, 'ru', 'Щелково', NULL),
(1410, 705, 'en', 'SHCHelkovo', NULL),
(1411, 706, 'ru', 'Мурманск', NULL),
(1412, 706, 'en', 'Murmansk', NULL),
(1413, 707, 'ru', 'Апатиты', NULL),
(1414, 707, 'en', 'Apatity', NULL),
(1415, 708, 'ru', 'Заозерск', NULL),
(1416, 708, 'en', 'Zaozersk', NULL),
(1417, 709, 'ru', 'Кандалакша', NULL),
(1418, 709, 'en', 'Kandalaksha', NULL),
(1419, 710, 'ru', 'Кировск', NULL),
(1420, 710, 'en', 'Kirovsk', NULL),
(1421, 711, 'ru', 'Мончегорск', NULL),
(1422, 711, 'en', 'Monchegorsk', NULL),
(1423, 712, 'ru', 'Оленегорск', NULL),
(1424, 712, 'en', 'Olenegorsk', NULL),
(1425, 713, 'ru', 'Островной', NULL),
(1426, 713, 'en', 'Ostrovnoy', NULL),
(1427, 714, 'ru', 'Полярные Зори', NULL),
(1428, 714, 'en', 'Polyarnye Zori', NULL),
(1429, 715, 'ru', 'Полярный', NULL),
(1430, 715, 'en', 'Polyarnyy', NULL),
(1431, 716, 'ru', 'Североморск', NULL),
(1432, 716, 'en', 'Severomorsk', NULL),
(1433, 717, 'ru', 'Гаджиево', NULL),
(1434, 717, 'en', 'Gadzhievo', NULL),
(1435, 718, 'ru', 'Снежногорск', NULL),
(1436, 718, 'en', 'Snezhnogorsk', NULL),
(1437, 719, 'ru', 'Оленегорск-1', NULL),
(1438, 719, 'en', 'Olenegorsk1', NULL),
(1439, 720, 'ru', 'Оленегорск-2', NULL),
(1440, 720, 'en', 'Olenegorsk2', NULL),
(1441, 721, 'ru', 'Оленегорск-4', NULL),
(1442, 721, 'en', 'Olenegorsk4', NULL),
(1443, 722, 'ru', 'Ковдор', NULL),
(1444, 722, 'en', 'Kovdor', NULL),
(1445, 723, 'ru', 'Кола', NULL),
(1446, 723, 'en', 'Kola', NULL),
(1447, 724, 'ru', 'Заполярный', NULL),
(1448, 724, 'en', 'Zapolyarnyy', NULL),
(1449, 725, 'ru', 'Нижний Новгород', NULL),
(1450, 725, 'en', 'Nizhniy Novgorod', NULL),
(1451, 726, 'ru', 'Дзержинск', NULL),
(1452, 726, 'en', 'Dzerzhinsk', NULL),
(1453, 727, 'ru', 'Саров', NULL),
(1454, 727, 'en', 'Sarov', NULL),
(1455, 728, 'ru', 'Арзамас', NULL),
(1456, 728, 'en', 'Arzamas', NULL),
(1457, 729, 'ru', 'Бор', NULL),
(1458, 729, 'en', 'Bor', NULL),
(1459, 730, 'ru', 'Семенов', NULL),
(1460, 730, 'en', 'Semenov', NULL),
(1461, 731, 'ru', 'Выкса', NULL),
(1462, 731, 'en', 'Vyksa', NULL),
(1463, 732, 'ru', 'Балахна', NULL),
(1464, 732, 'en', 'Balakhna', NULL),
(1465, 733, 'ru', 'Богородск', NULL),
(1466, 733, 'en', 'Bogorodsk', NULL),
(1467, 734, 'ru', 'Ветлуга', NULL),
(1468, 734, 'en', 'Vetluga', NULL),
(1469, 735, 'ru', 'Володарск', NULL),
(1470, 735, 'en', 'Volodarsk', NULL),
(1471, 736, 'ru', 'Городец', NULL),
(1472, 736, 'en', 'Gorodets', NULL),
(1473, 737, 'ru', 'Заволжье', NULL),
(1474, 737, 'en', 'Zavolzhe', NULL),
(1475, 738, 'ru', 'Княгинино', NULL),
(1476, 738, 'en', 'Knyaginino', NULL),
(1477, 739, 'ru', 'Кстово', NULL),
(1478, 739, 'en', 'Kstovo', NULL),
(1479, 740, 'ru', 'Кулебаки', NULL),
(1480, 740, 'en', 'Kulebaki', NULL),
(1481, 741, 'ru', 'Лукоянов', NULL),
(1482, 741, 'en', 'Lukoyanov', NULL),
(1483, 742, 'ru', 'Лысково', NULL),
(1484, 742, 'en', 'Lyskovo', NULL),
(1485, 743, 'ru', 'Навашино', NULL),
(1486, 743, 'en', 'Navashino', NULL),
(1487, 744, 'ru', 'Павлово', NULL),
(1488, 744, 'en', 'Pavlovo', NULL),
(1489, 745, 'ru', 'Ворсма', NULL),
(1490, 745, 'en', 'Vorsma', NULL),
(1491, 746, 'ru', 'Горбатов', NULL),
(1492, 746, 'en', 'Gorbatov', NULL),
(1493, 747, 'ru', 'Первомайск', NULL),
(1494, 747, 'en', 'Pervomaysk', NULL),
(1495, 748, 'ru', 'Перевоз', NULL),
(1496, 748, 'en', 'Perevoz', NULL),
(1497, 749, 'ru', 'Сергач', NULL),
(1498, 749, 'en', 'Sergach', NULL),
(1499, 750, 'ru', 'Урень', NULL),
(1500, 750, 'en', 'Uren', NULL),
(1501, 751, 'ru', 'Чкаловск', NULL),
(1502, 751, 'en', 'CHkalovsk', NULL),
(1503, 752, 'ru', 'Шахунья', NULL),
(1504, 752, 'en', 'SHakhunya', NULL),
(1505, 753, 'ru', 'Великий Новгород', NULL),
(1506, 753, 'en', 'Velikiy Novgorod', NULL),
(1507, 754, 'ru', 'Боровичи', NULL),
(1508, 754, 'en', 'Borovichi', NULL),
(1509, 755, 'ru', 'Валдай', NULL),
(1510, 755, 'en', 'Valday', NULL),
(1511, 756, 'ru', 'Малая Вишера', NULL),
(1512, 756, 'en', 'Malaya Vishera', NULL),
(1513, 757, 'ru', 'Окуловка', NULL),
(1514, 757, 'en', 'Okulovka', NULL),
(1515, 758, 'ru', 'Пестово', NULL),
(1516, 758, 'en', 'Pestovo', NULL),
(1517, 759, 'ru', 'Сольцы', NULL),
(1518, 759, 'en', 'Soltsy', NULL),
(1519, 760, 'ru', 'Сольцы 2', NULL),
(1520, 760, 'en', 'Soltsy 2', NULL),
(1521, 761, 'ru', 'Старая Русса', NULL),
(1522, 761, 'en', 'Staraya Russa', NULL),
(1523, 762, 'ru', 'Холм', NULL),
(1524, 762, 'en', 'KHolm', NULL),
(1525, 763, 'ru', 'Чудово', NULL),
(1526, 763, 'en', 'CHudovo', NULL),
(1527, 764, 'ru', 'Новосибирск', NULL),
(1528, 764, 'en', 'Novosibirsk', NULL),
(1529, 765, 'ru', 'Бердск', NULL),
(1530, 765, 'en', 'Berdsk', NULL),
(1531, 766, 'ru', 'Обь', NULL),
(1532, 766, 'en', 'Ob', NULL),
(1533, 767, 'ru', 'Барабинск', NULL),
(1534, 767, 'en', 'Barabinsk', NULL),
(1535, 768, 'ru', 'Искитим', NULL),
(1536, 768, 'en', 'Iskitim', NULL),
(1537, 769, 'ru', 'Куйбышев', NULL),
(1538, 769, 'en', 'Kuybyshev', NULL),
(1539, 770, 'ru', 'Татарск', NULL),
(1540, 770, 'en', 'Tatarsk', NULL),
(1541, 771, 'ru', 'Болотное', NULL),
(1542, 771, 'en', 'Bolotnoe', NULL),
(1543, 772, 'ru', 'Карасук', NULL),
(1544, 772, 'en', 'Karasuk', NULL),
(1545, 773, 'ru', 'Каргат', NULL),
(1546, 773, 'en', 'Kargat', NULL),
(1547, 774, 'ru', 'Купино', NULL),
(1548, 774, 'en', 'Kupino', NULL),
(1549, 775, 'ru', 'Тогучин', NULL),
(1550, 775, 'en', 'Toguchin', NULL),
(1551, 776, 'ru', 'Черепаново', NULL),
(1552, 776, 'en', 'CHerepanovo', NULL),
(1553, 777, 'ru', 'Чулым-3', NULL),
(1554, 777, 'en', 'CHulym3', NULL),
(1555, 778, 'ru', 'Чулым', NULL),
(1556, 778, 'en', 'CHulym', NULL),
(1557, 779, 'ru', 'Омск', NULL),
(1558, 779, 'en', 'Omsk', NULL),
(1559, 780, 'ru', 'Исилькуль', NULL),
(1560, 780, 'en', 'Isilkul', NULL),
(1561, 781, 'ru', 'Калачинск', NULL),
(1562, 781, 'en', 'Kalachinsk', NULL),
(1563, 782, 'ru', 'Называевск', NULL),
(1564, 782, 'en', 'Nazyvaevsk', NULL),
(1565, 783, 'ru', 'Тара', NULL),
(1566, 783, 'en', 'Tara', NULL),
(1567, 784, 'ru', 'Тюкалинск', NULL),
(1568, 784, 'en', 'Tyukalinsk', NULL),
(1569, 785, 'ru', 'Оренбург', NULL),
(1570, 785, 'en', 'Orenburg', NULL),
(1571, 786, 'ru', 'Медногорск', NULL),
(1572, 786, 'en', 'Mednogorsk', NULL),
(1573, 787, 'ru', 'Новотроицк', NULL),
(1574, 787, 'en', 'Novotroitsk', NULL),
(1575, 788, 'ru', 'Орск', NULL),
(1576, 788, 'en', 'Orsk', NULL),
(1577, 789, 'ru', 'Бугуруслан', NULL),
(1578, 789, 'en', 'Buguruslan', NULL),
(1579, 790, 'ru', 'Бузулук', NULL),
(1580, 790, 'en', 'Buzuluk', NULL),
(1581, 791, 'ru', 'Гай', NULL),
(1582, 791, 'en', 'Gay', NULL),
(1583, 792, 'ru', 'Кувандык', NULL),
(1584, 792, 'en', 'Kuvandyk', NULL),
(1585, 793, 'ru', 'Сорочинск', NULL),
(1586, 793, 'en', 'Sorochinsk', NULL),
(1587, 794, 'ru', 'Ясный', NULL),
(1588, 794, 'en', 'YAsnyy', NULL),
(1589, 795, 'ru', 'Соль-Илецк', NULL),
(1590, 795, 'en', 'SolIletsk', NULL),
(1591, 796, 'ru', 'Абдулино', NULL),
(1592, 796, 'en', 'Abdulino', NULL),
(1593, 797, 'ru', 'Орел', NULL),
(1594, 797, 'en', 'Orel', NULL),
(1595, 798, 'ru', 'Ливны', NULL),
(1596, 798, 'en', 'Livny', NULL),
(1597, 799, 'ru', 'Мценск', NULL),
(1598, 799, 'en', 'Mtsensk', NULL),
(1599, 800, 'ru', 'Болхов', NULL),
(1600, 800, 'en', 'Bolkhov', NULL),
(1601, 801, 'ru', 'Дмитровск', NULL),
(1602, 801, 'en', 'Dmitrovsk', NULL),
(1603, 802, 'ru', 'Малоархангельск', NULL),
(1604, 802, 'en', 'Maloarkhangelsk', NULL),
(1605, 803, 'ru', 'Новосиль', NULL),
(1606, 803, 'en', 'Novosil', NULL),
(1607, 804, 'ru', 'Пенза', NULL),
(1608, 804, 'en', 'Penza', NULL),
(1609, 805, 'ru', 'Заречный', NULL),
(1610, 805, 'en', 'Zarechnyy', NULL),
(1611, 806, 'ru', 'Спасск', NULL),
(1612, 806, 'en', 'Spassk', NULL),
(1613, 807, 'ru', 'Белинский', NULL),
(1614, 807, 'en', 'Belinskiy', NULL),
(1615, 808, 'ru', 'Городище', NULL),
(1616, 808, 'en', 'Gorodishche', NULL),
(1617, 809, 'ru', 'Сурск', NULL),
(1618, 809, 'en', 'Sursk', NULL),
(1619, 810, 'ru', 'Каменка', NULL),
(1620, 810, 'en', 'Kamenka', NULL),
(1621, 811, 'ru', 'Кузнецк', NULL),
(1622, 811, 'en', 'Kuznetsk', NULL),
(1623, 812, 'ru', 'Кузнецк-12', NULL),
(1624, 812, 'en', 'Kuznetsk12', NULL),
(1625, 813, 'ru', 'Кузнецк-8', NULL),
(1626, 813, 'en', 'Kuznetsk8', NULL),
(1627, 814, 'ru', 'Нижний Ломов', NULL),
(1628, 814, 'en', 'Nizhniy Lomov', NULL),
(1629, 815, 'ru', 'Никольск', NULL),
(1630, 815, 'en', 'Nikolsk', NULL),
(1631, 816, 'ru', 'Сердобск', NULL),
(1632, 816, 'en', 'Serdobsk', NULL),
(1633, 817, 'ru', 'Пермь', NULL),
(1634, 817, 'en', 'Perm', NULL),
(1635, 818, 'ru', 'Березники', NULL),
(1636, 818, 'en', 'Berezniki', NULL),
(1637, 819, 'ru', 'Александровск', NULL),
(1638, 819, 'en', 'Aleksandrovsk', NULL),
(1639, 820, 'ru', 'Гремячинск', NULL),
(1640, 820, 'en', 'Gremyachinsk', NULL),
(1641, 821, 'ru', 'Губаха', NULL),
(1642, 821, 'en', 'Gubakha', NULL),
(1643, 822, 'ru', 'Добрянка', NULL),
(1644, 822, 'en', 'Dobryanka', NULL),
(1645, 823, 'ru', 'Кизел', NULL),
(1646, 823, 'en', 'Kizel', NULL),
(1647, 824, 'ru', 'Кунгур', NULL),
(1648, 824, 'en', 'Kungur', NULL),
(1649, 825, 'ru', 'Лысьва', NULL),
(1650, 825, 'en', 'Lysva', NULL),
(1651, 826, 'ru', 'Соликамск', NULL),
(1652, 826, 'en', 'Solikamsk', NULL),
(1653, 827, 'ru', 'Чайковский', NULL),
(1654, 827, 'en', 'CHaykovskiy', NULL),
(1655, 828, 'ru', 'Чусовой', NULL),
(1656, 828, 'en', 'CHusovoy', NULL),
(1657, 829, 'ru', 'Кудымкар', NULL),
(1658, 829, 'en', 'Kudymkar', NULL),
(1659, 830, 'ru', 'Верещагино', NULL),
(1660, 830, 'en', 'Vereshchagino', NULL),
(1661, 831, 'ru', 'Горнозаводск', NULL),
(1662, 831, 'en', 'Gornozavodsk', NULL),
(1663, 832, 'ru', 'Чермоз', NULL),
(1664, 832, 'en', 'CHermoz', NULL),
(1665, 833, 'ru', 'Красновишерск', NULL),
(1666, 833, 'en', 'Krasnovishersk', NULL),
(1667, 834, 'ru', 'Нытва', NULL),
(1668, 834, 'en', 'Nytva', NULL),
(1669, 835, 'ru', 'Оса', NULL),
(1670, 835, 'en', 'Osa', NULL),
(1671, 836, 'ru', 'Оханск', NULL),
(1672, 836, 'en', 'Okhansk', NULL),
(1673, 837, 'ru', 'Очер', NULL),
(1674, 837, 'en', 'Ocher', NULL),
(1675, 838, 'ru', 'Усолье', NULL),
(1676, 838, 'en', 'Usole', NULL),
(1677, 839, 'ru', 'Чердынь', NULL),
(1678, 839, 'en', 'CHerdyn', NULL),
(1679, 840, 'ru', 'Чернушка', NULL),
(1680, 840, 'en', 'CHernushka', NULL),
(1681, 841, 'ru', 'Краснокамск', NULL),
(1682, 841, 'en', 'Krasnokamsk', NULL),
(1683, 842, 'ru', 'Псков', NULL),
(1684, 842, 'en', 'Pskov', NULL),
(1685, 843, 'ru', 'Великие Луки', NULL),
(1686, 843, 'en', 'Velikie Luki', NULL),
(1687, 844, 'ru', 'Великие Луки-1', NULL),
(1688, 844, 'en', 'Velikie Luki1', NULL),
(1689, 845, 'ru', 'Гдов', NULL),
(1690, 845, 'en', 'Gdov', NULL),
(1691, 846, 'ru', 'Дно', NULL),
(1692, 846, 'en', 'Dno', NULL),
(1693, 847, 'ru', 'Невель', NULL),
(1694, 847, 'en', 'Nevel', NULL),
(1695, 848, 'ru', 'Новоржев', NULL),
(1696, 848, 'en', 'Novorzhev', NULL),
(1697, 849, 'ru', 'Новосокольники', NULL),
(1698, 849, 'en', 'Novosokolniki', NULL),
(1699, 850, 'ru', 'Опочка', NULL),
(1700, 850, 'en', 'Opochka', NULL),
(1701, 851, 'ru', 'Остров', NULL),
(1702, 851, 'en', 'Ostrov', NULL),
(1703, 852, 'ru', 'Печоры', NULL),
(1704, 852, 'en', 'Pechory', NULL),
(1705, 853, 'ru', 'Порхов', NULL),
(1706, 853, 'en', 'Porkhov', NULL),
(1707, 854, 'ru', 'Пустошка', NULL),
(1708, 854, 'en', 'Pustoshka', NULL),
(1709, 855, 'ru', 'Пыталово', NULL),
(1710, 855, 'en', 'Pytalovo', NULL),
(1711, 856, 'ru', 'Себеж', NULL),
(1712, 856, 'en', 'Sebezh', NULL),
(1713, 857, 'ru', 'Ростов-на-Дону', NULL),
(1714, 857, 'en', 'RostovnaDonu', NULL),
(1715, 858, 'ru', 'Батайск', NULL),
(1716, 858, 'en', 'Bataysk', NULL),
(1717, 859, 'ru', 'Волгодонск', NULL),
(1718, 859, 'en', 'Volgodonsk', NULL),
(1719, 860, 'ru', 'Гуково', NULL),
(1720, 860, 'en', 'Gukovo', NULL),
(1721, 861, 'ru', 'Донецк', NULL),
(1722, 861, 'en', 'Donetsk', NULL),
(1723, 862, 'ru', 'Зверево', NULL),
(1724, 862, 'en', 'Zverevo', NULL),
(1725, 863, 'ru', 'Каменск-Шахтинский', NULL),
(1726, 863, 'en', 'KamenskSHakhtinskiy', NULL),
(1727, 864, 'ru', 'Новочеркасск', NULL),
(1728, 864, 'en', 'Novocherkassk', NULL),
(1729, 865, 'ru', 'Новошахтинск', NULL),
(1730, 865, 'en', 'Novoshakhtinsk', NULL),
(1731, 866, 'ru', 'Таганрог', NULL),
(1732, 866, 'en', 'Taganrog', NULL),
(1733, 867, 'ru', 'Шахты', NULL),
(1734, 867, 'en', 'SHakhty', NULL),
(1735, 868, 'ru', 'Азов', NULL),
(1736, 868, 'en', 'Azov', NULL),
(1737, 869, 'ru', 'Аксай', NULL),
(1738, 869, 'en', 'Aksay', NULL),
(1739, 870, 'ru', 'Белая Калитва', NULL),
(1740, 870, 'en', 'Belaya Kalitva', NULL),
(1741, 871, 'ru', 'Зерноград', NULL),
(1742, 871, 'en', 'Zernograd', NULL),
(1743, 872, 'ru', 'Константиновск', NULL),
(1744, 872, 'en', 'Konstantinovsk', NULL),
(1745, 873, 'ru', 'Красный Сулин', NULL),
(1746, 873, 'en', 'Krasnyy Sulin', NULL),
(1747, 874, 'ru', 'Миллерово', NULL),
(1748, 874, 'en', 'Millerovo', NULL),
(1749, 875, 'ru', 'Морозовск', NULL),
(1750, 875, 'en', 'Morozovsk', NULL),
(1751, 876, 'ru', 'Пролетарск', NULL),
(1752, 876, 'en', 'Proletarsk', NULL),
(1753, 877, 'ru', 'Сальск', NULL),
(1754, 877, 'en', 'Salsk', NULL),
(1755, 878, 'ru', 'Семикаракорск', NULL),
(1756, 878, 'en', 'Semikarakorsk', NULL),
(1757, 879, 'ru', 'Цимлянск', NULL),
(1758, 879, 'en', 'TSimlyansk', NULL),
(1759, 880, 'ru', 'Рязань', NULL),
(1760, 880, 'en', 'Ryazan', NULL),
(1761, 881, 'ru', 'Сасово', NULL),
(1762, 881, 'en', 'Sasovo', NULL),
(1763, 882, 'ru', 'Скопин', NULL),
(1764, 882, 'en', 'Skopin', NULL),
(1765, 883, 'ru', 'Касимов', NULL),
(1766, 883, 'en', 'Kasimov', NULL),
(1767, 884, 'ru', 'Спас-Клепики', NULL),
(1768, 884, 'en', 'SpasKlepiki', NULL),
(1769, 885, 'ru', 'Кораблино', NULL),
(1770, 885, 'en', 'Korablino', NULL),
(1771, 886, 'ru', 'Михайлов', NULL),
(1772, 886, 'en', 'Mikhaylov', NULL),
(1773, 887, 'ru', 'Новомичуринск', NULL),
(1774, 887, 'en', 'Novomichurinsk', NULL),
(1775, 888, 'ru', 'Рыбное', NULL),
(1776, 888, 'en', 'Rybnoe', NULL),
(1777, 889, 'ru', 'Ряжск', NULL),
(1778, 889, 'en', 'Ryazhsk', NULL),
(1779, 890, 'ru', 'Спасск-Рязанский', NULL),
(1780, 890, 'en', 'SpasskRyazanskiy', NULL),
(1781, 891, 'ru', 'Шацк', NULL),
(1782, 891, 'en', 'SHatsk', NULL),
(1783, 892, 'ru', 'Самара', NULL),
(1784, 892, 'en', 'Samara', NULL),
(1785, 893, 'ru', 'Жигулевск', NULL),
(1786, 893, 'en', 'ZHigulevsk', NULL),
(1787, 894, 'ru', 'Новокуйбышевск', NULL),
(1788, 894, 'en', 'Novokuybyshevsk', NULL),
(1789, 895, 'ru', 'Октябрьск', NULL),
(1790, 895, 'en', 'Oktyabrsk', NULL),
(1791, 896, 'ru', 'Отрадный', NULL),
(1792, 896, 'en', 'Otradnyy', NULL),
(1793, 897, 'ru', 'Чапаевск', NULL),
(1794, 897, 'en', 'CHapaevsk', NULL),
(1795, 898, 'ru', 'Тольятти', NULL),
(1796, 898, 'en', 'Tolyatti', NULL),
(1797, 899, 'ru', 'Сызрань', NULL),
(1798, 899, 'en', 'Syzran', NULL),
(1799, 900, 'ru', 'Похвистнево', NULL),
(1800, 900, 'en', 'Pokhvistnevo', NULL),
(1801, 901, 'ru', 'Кинель', NULL),
(1802, 901, 'en', 'Kinel', NULL),
(1803, 902, 'ru', 'Нефтегорск', NULL),
(1804, 902, 'en', 'Neftegorsk', NULL),
(1805, 903, 'ru', 'Саратов', NULL),
(1806, 903, 'en', 'Saratov', NULL),
(1807, 904, 'ru', 'Шиханы', NULL),
(1808, 904, 'en', 'SHikhany', NULL),
(1809, 905, 'ru', 'Аткарск', NULL),
(1810, 905, 'en', 'Atkarsk', NULL),
(1811, 906, 'ru', 'Балаково', NULL),
(1812, 906, 'en', 'Balakovo', NULL),
(1813, 907, 'ru', 'Балашов', NULL),
(1814, 907, 'en', 'Balashov', NULL),
(1815, 908, 'ru', 'Вольск', NULL),
(1816, 908, 'en', 'Volsk', NULL),
(1817, 909, 'ru', 'Вольск-18', NULL),
(1818, 909, 'en', 'Volsk18', NULL),
(1819, 910, 'ru', 'Красноармейск', NULL),
(1820, 910, 'en', 'Krasnoarmeysk', NULL),
(1821, 911, 'ru', 'Маркс', NULL),
(1822, 911, 'en', 'Marks', NULL),
(1823, 912, 'ru', 'Петровск', NULL),
(1824, 912, 'en', 'Petrovsk', NULL),
(1825, 913, 'ru', 'Пугачев', NULL),
(1826, 913, 'en', 'Pugachev', NULL),
(1827, 914, 'ru', 'Ртищево', NULL),
(1828, 914, 'en', 'Rtishchevo', NULL),
(1829, 915, 'ru', 'Хвалынск', NULL),
(1830, 915, 'en', 'KHvalynsk', NULL),
(1831, 916, 'ru', 'Энгельс', NULL),
(1832, 916, 'en', 'Engels', NULL),
(1833, 917, 'ru', 'Энгельс-19', NULL),
(1834, 917, 'en', 'Engels19', NULL),
(1835, 918, 'ru', 'Энгельс-2', NULL),
(1836, 918, 'en', 'Engels2', NULL),
(1837, 919, 'ru', 'Аркадак', NULL),
(1838, 919, 'en', 'Arkadak', NULL),
(1839, 920, 'ru', 'Ершов', NULL),
(1840, 920, 'en', 'Ershov', NULL),
(1841, 921, 'ru', 'Калининск', NULL),
(1842, 921, 'en', 'Kalininsk', NULL),
(1843, 922, 'ru', 'Красный Кут', NULL),
(1844, 922, 'en', 'Krasnyy Kut', NULL),
(1845, 923, 'ru', 'Новоузенск', NULL),
(1846, 923, 'en', 'Novouzensk', NULL),
(1847, 924, 'ru', 'Южно-Сахалинск', NULL),
(1848, 924, 'en', 'YUzhnoSakhalinsk', NULL),
(1849, 925, 'ru', 'Анива', NULL),
(1850, 925, 'en', 'Aniva', NULL),
(1851, 926, 'ru', 'Долинск', NULL),
(1852, 926, 'en', 'Dolinsk', NULL),
(1853, 927, 'ru', 'Корсаков', NULL),
(1854, 927, 'en', 'Korsakov', NULL),
(1855, 928, 'ru', 'Курильск', NULL),
(1856, 928, 'en', 'Kurilsk', NULL),
(1857, 929, 'ru', 'Макаров', NULL),
(1858, 929, 'en', 'Makarov', NULL),
(1859, 930, 'ru', 'Невельск', NULL),
(1860, 930, 'en', 'Nevelsk', NULL),
(1861, 931, 'ru', 'Оха', NULL),
(1862, 931, 'en', 'Okha', NULL),
(1863, 932, 'ru', 'Поронайск', NULL),
(1864, 932, 'en', 'Poronaysk', NULL),
(1865, 933, 'ru', 'Северо-Курильск', NULL),
(1866, 933, 'en', 'SeveroKurilsk', NULL),
(1867, 934, 'ru', 'Томари', NULL),
(1868, 934, 'en', 'Tomari', NULL),
(1869, 935, 'ru', 'Углегорск', NULL),
(1870, 935, 'en', 'Uglegorsk', NULL),
(1871, 936, 'ru', 'Шахтерск', NULL),
(1872, 936, 'en', 'SHakhtersk', NULL),
(1873, 937, 'ru', 'Холмск', NULL),
(1874, 937, 'en', 'KHolmsk', NULL),
(1875, 938, 'ru', 'Александровск-Сахалинский', NULL),
(1876, 938, 'en', 'AleksandrovskSakhalinskiy', NULL),
(1877, 939, 'ru', 'Екатеринбург', NULL),
(1878, 939, 'en', 'Ekaterinburg', NULL),
(1879, 940, 'ru', 'Асбест', NULL),
(1880, 940, 'en', 'Asbest', NULL),
(1881, 941, 'ru', 'Березовский', NULL),
(1882, 941, 'en', 'Berezovskiy', NULL),
(1883, 942, 'ru', 'Верхняя Пышма', NULL),
(1884, 942, 'en', 'Verkhnyaya Pyshma', NULL),
(1885, 943, 'ru', 'Заречный', NULL),
(1886, 943, 'en', 'Zarechnyy', NULL),
(1887, 944, 'ru', 'Ивдель', NULL),
(1888, 944, 'en', 'Ivdel', NULL),
(1889, 945, 'ru', 'Карпинск', NULL),
(1890, 945, 'en', 'Karpinsk', NULL),
(1891, 946, 'ru', 'Качканар', NULL),
(1892, 946, 'en', 'Kachkanar', NULL),
(1893, 947, 'ru', 'Кировград', NULL),
(1894, 947, 'en', 'Kirovgrad', NULL),
(1895, 948, 'ru', 'Краснотурьинск', NULL),
(1896, 948, 'en', 'Krasnoturinsk', NULL),
(1897, 949, 'ru', 'Красноуральск', NULL),
(1898, 949, 'en', 'Krasnouralsk', NULL),
(1899, 950, 'ru', 'Кушва', NULL),
(1900, 950, 'en', 'Kushva', NULL),
(1901, 951, 'ru', 'Лесной', NULL),
(1902, 951, 'en', 'Lesnoy', NULL),
(1903, 952, 'ru', 'Нижняя Тура', NULL),
(1904, 952, 'en', 'Nizhnyaya Tura', NULL),
(1905, 953, 'ru', 'Новоуральск', NULL),
(1906, 953, 'en', 'Novouralsk', NULL),
(1907, 954, 'ru', 'Первоуральск', NULL),
(1908, 954, 'en', 'Pervouralsk', NULL),
(1909, 955, 'ru', 'Полевской', NULL),
(1910, 955, 'en', 'Polevskoy', NULL),
(1911, 956, 'ru', 'Ревда', NULL),
(1912, 956, 'en', 'Revda', NULL),
(1913, 957, 'ru', 'Североуральск', NULL),
(1914, 957, 'en', 'Severouralsk', NULL),
(1915, 958, 'ru', 'Каменск-Уральский', NULL),
(1916, 958, 'en', 'KamenskUralskiy', NULL),
(1917, 959, 'ru', 'Нижний Тагил', NULL),
(1918, 959, 'en', 'Nizhniy Tagil', NULL),
(1919, 960, 'ru', 'Алапаевск', NULL),
(1920, 960, 'en', 'Alapaevsk', NULL),
(1921, 961, 'ru', 'Нижняя Салда', NULL),
(1922, 961, 'en', 'Nizhnyaya Salda', NULL),
(1923, 962, 'ru', 'Ирбит', NULL),
(1924, 962, 'en', 'Irbit', NULL),
(1925, 963, 'ru', 'Камышлов', NULL),
(1926, 963, 'en', 'Kamyshlov', NULL),
(1927, 964, 'ru', 'Красноуфимск', NULL),
(1928, 964, 'en', 'Krasnoufimsk', NULL),
(1929, 965, 'ru', 'Серов', NULL),
(1930, 965, 'en', 'Serov', NULL),
(1931, 966, 'ru', 'Верхний Тагил', NULL),
(1932, 966, 'en', 'Verkhniy Tagil', NULL),
(1933, 967, 'ru', 'Среднеуральск', NULL),
(1934, 967, 'en', 'Sredneuralsk', NULL),
(1935, 968, 'ru', 'Волчанск', NULL),
(1936, 968, 'en', 'Volchansk', NULL),
(1937, 969, 'ru', 'Верхняя Тура', NULL),
(1938, 969, 'en', 'Verkhnyaya Tura', NULL),
(1939, 970, 'ru', 'Дегтярск', NULL),
(1940, 970, 'en', 'Degtyarsk', NULL),
(1941, 971, 'ru', 'Артемовский', NULL),
(1942, 971, 'en', 'Artemovskiy', NULL),
(1943, 972, 'ru', 'Богданович', NULL),
(1944, 972, 'en', 'Bogdanovich', NULL),
(1945, 973, 'ru', 'Верхняя Салда', NULL),
(1946, 973, 'en', 'Verkhnyaya Salda', NULL),
(1947, 974, 'ru', 'Верхотурье', NULL),
(1948, 974, 'en', 'Verkhoture', NULL),
(1949, 975, 'ru', 'Невьянск', NULL),
(1950, 975, 'en', 'Nevyansk', NULL),
(1951, 976, 'ru', 'Нижние Серги-3', NULL),
(1952, 976, 'en', 'Nizhnie Sergi3', NULL),
(1953, 977, 'ru', 'Нижние Серги', NULL),
(1954, 977, 'en', 'Nizhnie Sergi', NULL),
(1955, 978, 'ru', 'Михайловск', NULL),
(1956, 978, 'en', 'Mikhaylovsk', NULL),
(1957, 979, 'ru', 'Новая Ляля', NULL),
(1958, 979, 'en', 'Novaya Lyalya', NULL),
(1959, 980, 'ru', 'Реж', NULL),
(1960, 980, 'en', 'Rezh', NULL),
(1961, 981, 'ru', 'Сухой Лог', NULL),
(1962, 981, 'en', 'Sukhoy Log', NULL),
(1963, 982, 'ru', 'Сысерть', NULL),
(1964, 982, 'en', 'Sysert', NULL),
(1965, 983, 'ru', 'Арамиль', NULL),
(1966, 983, 'en', 'Aramil', NULL),
(1967, 984, 'ru', 'Тавда', NULL),
(1968, 984, 'en', 'Tavda', NULL),
(1969, 985, 'ru', 'Талица', NULL),
(1970, 985, 'en', 'Talitsa', NULL),
(1971, 986, 'ru', 'Туринск', NULL),
(1972, 986, 'en', 'Turinsk', NULL),
(1973, 987, 'ru', 'Десногорск', NULL),
(1974, 987, 'en', 'Desnogorsk', NULL),
(1975, 988, 'ru', 'Смоленск', NULL),
(1976, 988, 'en', 'Smolensk', NULL),
(1977, 989, 'ru', 'Велиж', NULL),
(1978, 989, 'en', 'Velizh', NULL),
(1979, 990, 'ru', 'Вязьма', NULL),
(1980, 990, 'en', 'Vyazma', NULL),
(1981, 991, 'ru', 'Гагарин', NULL),
(1982, 991, 'en', 'Gagarin', NULL),
(1983, 992, 'ru', 'Демидов', NULL),
(1984, 992, 'en', 'Demidov', NULL),
(1985, 993, 'ru', 'Дорогобуж', NULL),
(1986, 993, 'en', 'Dorogobuzh', NULL),
(1987, 994, 'ru', 'Духовщина', NULL),
(1988, 994, 'en', 'Dukhovshchina', NULL),
(1989, 995, 'ru', 'Ельня', NULL),
(1990, 995, 'en', 'Elnya', NULL),
(1991, 996, 'ru', 'Починок', NULL),
(1992, 996, 'en', 'Pochinok', NULL),
(1993, 997, 'ru', 'Рославль', NULL),
(1994, 997, 'en', 'Roslavl', NULL),
(1995, 998, 'ru', 'Рудня', NULL),
(1996, 998, 'en', 'Rudnya', NULL),
(1997, 999, 'ru', 'Сафоново', NULL),
(1998, 999, 'en', 'Safonovo', NULL),
(1999, 1000, 'ru', 'Сычевка', NULL),
(2000, 1000, 'en', 'Sychevka', NULL),
(2001, 1001, 'ru', 'Ярцево', NULL),
(2002, 1001, 'en', 'YArtsevo', NULL),
(2003, 1002, 'ru', 'Котовск', NULL),
(2004, 1002, 'en', 'Kotovsk', NULL),
(2005, 1003, 'ru', 'Моршанск', NULL),
(2006, 1003, 'en', 'Morshansk', NULL),
(2007, 1004, 'ru', 'Тамбов', NULL),
(2008, 1004, 'en', 'Tambov', NULL),
(2009, 1005, 'ru', 'Кирсанов', NULL),
(2010, 1005, 'en', 'Kirsanov', NULL),
(2011, 1006, 'ru', 'Мичуринск', NULL),
(2012, 1006, 'en', 'Michurinsk', NULL),
(2013, 1007, 'ru', 'Рассказово', NULL),
(2014, 1007, 'en', 'Rasskazovo', NULL),
(2015, 1008, 'ru', 'Уварово', NULL),
(2016, 1008, 'en', 'Uvarovo', NULL),
(2017, 1009, 'ru', 'Жердевка', NULL),
(2018, 1009, 'en', 'ZHerdevka', NULL),
(2019, 1010, 'ru', 'Тверь', NULL),
(2020, 1010, 'en', 'Tver', NULL),
(2021, 1011, 'ru', 'Торжок', NULL),
(2022, 1011, 'en', 'Torzhok', NULL),
(2023, 1012, 'ru', 'Ржев', NULL),
(2024, 1012, 'en', 'Rzhev', NULL),
(2025, 1013, 'ru', 'Нелидово', NULL),
(2026, 1013, 'en', 'Nelidovo', NULL),
(2027, 1014, 'ru', 'Кимры', NULL),
(2028, 1014, 'en', 'Kimry', NULL),
(2029, 1015, 'ru', 'Вышний Волочек', NULL),
(2030, 1015, 'en', 'Vyshniy Volochek', NULL),
(2031, 1016, 'ru', 'Андреаполь', NULL),
(2032, 1016, 'en', 'Andreapol', NULL),
(2033, 1017, 'ru', 'Бежецк', NULL),
(2034, 1017, 'en', 'Bezhetsk', NULL),
(2035, 1018, 'ru', 'Белый', NULL),
(2036, 1018, 'en', 'Belyy', NULL),
(2037, 1019, 'ru', 'Бологое', NULL),
(2038, 1019, 'en', 'Bologoe', NULL),
(2039, 1020, 'ru', 'Весьегонск', NULL),
(2040, 1020, 'en', 'Vesegonsk', NULL),
(2041, 1021, 'ru', 'Западная Двина', NULL),
(2042, 1021, 'en', 'Zapadnaya Dvina', NULL),
(2043, 1022, 'ru', 'Зубцов', NULL),
(2044, 1022, 'en', 'Zubtsov', NULL),
(2045, 1023, 'ru', 'Калязин', NULL),
(2046, 1023, 'en', 'Kalyazin', NULL),
(2047, 1024, 'ru', 'Кашин', NULL),
(2048, 1024, 'en', 'Kashin', NULL),
(2049, 1025, 'ru', 'Конаково', NULL),
(2050, 1025, 'en', 'Konakovo', NULL),
(2051, 1026, 'ru', 'Красный Холм', NULL),
(2052, 1026, 'en', 'Krasnyy KHolm', NULL),
(2053, 1027, 'ru', 'Кувшиново', NULL),
(2054, 1027, 'en', 'Kuvshinovo', NULL),
(2055, 1028, 'ru', 'Лихославль', NULL),
(2056, 1028, 'en', 'Likhoslavl', NULL),
(2057, 1029, 'ru', 'Осташков', NULL),
(2058, 1029, 'en', 'Ostashkov', NULL),
(2059, 1030, 'ru', 'Старица', NULL),
(2060, 1030, 'en', 'Staritsa', NULL),
(2061, 1031, 'ru', 'Торопец', NULL),
(2062, 1031, 'en', 'Toropets', NULL),
(2063, 1032, 'ru', 'Удомля', NULL),
(2064, 1032, 'en', 'Udomlya', NULL),
(2065, 1033, 'ru', 'Томск', NULL),
(2066, 1033, 'en', 'Tomsk', NULL),
(2067, 1034, 'ru', 'Кедровый', NULL),
(2068, 1034, 'en', 'Kedrovyy', NULL),
(2069, 1035, 'ru', 'Северск', NULL),
(2070, 1035, 'en', 'Seversk', NULL),
(2071, 1036, 'ru', 'Стрежевой', NULL),
(2072, 1036, 'en', 'Strezhevoy', NULL),
(2073, 1037, 'ru', 'Асино', NULL),
(2074, 1037, 'en', 'Asino', NULL),
(2075, 1038, 'ru', 'Колпашево', NULL),
(2076, 1038, 'en', 'Kolpashevo', NULL),
(2077, 1039, 'ru', 'Тула', NULL),
(2078, 1039, 'en', 'Tula', NULL),
(2079, 1040, 'ru', 'Донской', NULL),
(2080, 1040, 'en', 'Donskoy', NULL),
(2081, 1041, 'ru', 'Алексин', NULL),
(2082, 1041, 'en', 'Aleksin', NULL),
(2083, 1042, 'ru', 'Белев', NULL),
(2084, 1042, 'en', 'Belev', NULL),
(2085, 1043, 'ru', 'Богородицк', NULL),
(2086, 1043, 'en', 'Bogoroditsk', NULL),
(2087, 1044, 'ru', 'Венев', NULL),
(2088, 1044, 'en', 'Venev', NULL),
(2089, 1045, 'ru', 'Ефремов', NULL),
(2090, 1045, 'en', 'Efremov', NULL),
(2091, 1046, 'ru', 'Кимовск', NULL),
(2092, 1046, 'en', 'Kimovsk', NULL),
(2093, 1047, 'ru', 'Киреевск', NULL),
(2094, 1047, 'en', 'Kireevsk', NULL),
(2095, 1048, 'ru', 'Болохово', NULL),
(2096, 1048, 'en', 'Bolokhovo', NULL),
(2097, 1049, 'ru', 'Липки', NULL),
(2098, 1049, 'en', 'Lipki', NULL),
(2099, 1050, 'ru', 'Новомосковск', NULL),
(2100, 1050, 'en', 'Novomoskovsk', NULL),
(2101, 1051, 'ru', 'Плавск', NULL),
(2102, 1051, 'en', 'Plavsk', NULL),
(2103, 1052, 'ru', 'Суворов', NULL),
(2104, 1052, 'en', 'Suvorov', NULL),
(2105, 1053, 'ru', 'Чекалин', NULL),
(2106, 1053, 'en', 'CHekalin', NULL),
(2107, 1054, 'ru', 'Узловая', NULL),
(2108, 1054, 'en', 'Uzlovaya', NULL),
(2109, 1055, 'ru', 'Щекино', NULL),
(2110, 1055, 'en', 'SHCHekino', NULL),
(2111, 1056, 'ru', 'Советск', NULL),
(2112, 1056, 'en', 'Sovetsk', NULL),
(2113, 1057, 'ru', 'Ясногорск', NULL),
(2114, 1057, 'en', 'YAsnogorsk', NULL),
(2115, 1058, 'ru', 'Тюмень', NULL),
(2116, 1058, 'en', 'Tyumen', NULL),
(2117, 1059, 'ru', 'Тобольск', NULL),
(2118, 1059, 'en', 'Tobolsk', NULL),
(2119, 1060, 'ru', 'Заводоуковск', NULL),
(2120, 1060, 'en', 'Zavodoukovsk', NULL),
(2121, 1061, 'ru', 'Ишим', NULL),
(2122, 1061, 'en', 'Ishim', NULL),
(2123, 1062, 'ru', 'Ялуторовск', NULL),
(2124, 1062, 'en', 'YAlutorovsk', NULL),
(2125, 1063, 'ru', 'Ульяновск', NULL),
(2126, 1063, 'en', 'Ulyanovsk', NULL),
(2127, 1064, 'ru', 'Димитровград', NULL),
(2128, 1064, 'en', 'Dimitrovgrad', NULL),
(2129, 1065, 'ru', 'Барыш', NULL),
(2130, 1065, 'en', 'Barysh', NULL),
(2131, 1066, 'ru', 'Новоульяновск', NULL),
(2132, 1066, 'en', 'Novoulyanovsk', NULL),
(2133, 1067, 'ru', 'Инза', NULL),
(2134, 1067, 'en', 'Inza', NULL),
(2135, 1068, 'ru', 'Сенгилей', NULL),
(2136, 1068, 'en', 'Sengiley', NULL),
(2137, 1069, 'ru', 'Челябинск', NULL),
(2138, 1069, 'en', 'CHelyabinsk', NULL),
(2139, 1070, 'ru', 'Верхний Уфалей', NULL),
(2140, 1070, 'en', 'Verkhniy Ufaley', NULL),
(2141, 1071, 'ru', 'Златоуст', NULL),
(2142, 1071, 'en', 'Zlatoust', NULL),
(2143, 1072, 'ru', 'Карабаш', NULL),
(2144, 1072, 'en', 'Karabash', NULL),
(2145, 1073, 'ru', 'Копейск', NULL),
(2146, 1073, 'en', 'Kopeysk', NULL),
(2147, 1074, 'ru', 'Кыштым', NULL),
(2148, 1074, 'en', 'Kyshtym', NULL),
(2149, 1075, 'ru', 'Магнитогорск', NULL),
(2150, 1075, 'en', 'Magnitogorsk', NULL),
(2151, 1076, 'ru', 'Миасс', NULL),
(2152, 1076, 'en', 'Miass', NULL),
(2153, 1077, 'ru', 'Озерск', NULL),
(2154, 1077, 'en', 'Ozersk', NULL),
(2155, 1078, 'ru', 'Снежинск', NULL),
(2156, 1078, 'en', 'Snezhinsk', NULL),
(2157, 1079, 'ru', 'Трехгорный', NULL),
(2158, 1079, 'en', 'Trekhgornyy', NULL),
(2159, 1080, 'ru', 'Усть-Катав', NULL),
(2160, 1080, 'en', 'UstKatav', NULL),
(2161, 1081, 'ru', 'Южноуральск', NULL),
(2162, 1081, 'en', 'YUzhnouralsk', NULL),
(2163, 1082, 'ru', 'Трехгорный-1', NULL),
(2164, 1082, 'en', 'Trekhgornyy1', NULL),
(2165, 1083, 'ru', 'Чебаркуль', NULL),
(2166, 1083, 'en', 'CHebarkul', NULL),
(2167, 1084, 'ru', 'Миньяр', NULL),
(2168, 1084, 'en', 'Minyar', NULL),
(2169, 1085, 'ru', 'Сим', NULL),
(2170, 1085, 'en', 'Sim', NULL),
(2171, 1086, 'ru', 'Аша', NULL),
(2172, 1086, 'en', 'Asha', NULL),
(2173, 1087, 'ru', 'Карталы', NULL),
(2174, 1087, 'en', 'Kartaly', NULL),
(2175, 1088, 'ru', 'Касли', NULL),
(2176, 1088, 'en', 'Kasli', NULL),
(2177, 1089, 'ru', 'Юрюзань', NULL),
(2178, 1089, 'en', 'YUryuzan', NULL),
(2179, 1090, 'ru', 'Катав-Ивановск', NULL),
(2180, 1090, 'en', 'KatavIvanovsk', NULL),
(2181, 1091, 'ru', 'Бакал', NULL),
(2182, 1091, 'en', 'Bakal', NULL),
(2183, 1092, 'ru', 'Сатка', NULL),
(2184, 1092, 'en', 'Satka', NULL),
(2185, 1093, 'ru', 'Верхнеуральск', NULL),
(2186, 1093, 'en', 'Verkhneuralsk', NULL),
(2187, 1094, 'ru', 'Куса', NULL),
(2188, 1094, 'en', 'Kusa', NULL),
(2189, 1095, 'ru', 'Нязепетровск', NULL),
(2190, 1095, 'en', 'Nyazepetrovsk', NULL),
(2191, 1096, 'ru', 'Еманжелинск', NULL),
(2192, 1096, 'en', 'Emanzhelinsk', NULL),
(2193, 1097, 'ru', 'Коркино', NULL),
(2194, 1097, 'en', 'Korkino', NULL),
(2195, 1098, 'ru', 'Пласт', NULL),
(2196, 1098, 'en', 'Plast', NULL),
(2197, 1099, 'ru', 'Чита', NULL),
(2198, 1099, 'en', 'CHita', NULL),
(2199, 1100, 'ru', 'Балей', NULL),
(2200, 1100, 'en', 'Baley', NULL),
(2201, 1101, 'ru', 'Борзя', NULL),
(2202, 1101, 'en', 'Borzya', NULL),
(2203, 1102, 'ru', 'Краснокаменск', NULL),
(2204, 1102, 'en', 'Krasnokamensk', NULL),
(2205, 1103, 'ru', 'Могоча', NULL),
(2206, 1103, 'en', 'Mogocha', NULL),
(2207, 1104, 'ru', 'Нерчинск', NULL),
(2208, 1104, 'en', 'Nerchinsk', NULL),
(2209, 1105, 'ru', 'Петровск-Забайкальский', NULL),
(2210, 1105, 'en', 'PetrovskZabaykalskiy', NULL),
(2211, 1106, 'ru', 'Сретенск', NULL),
(2212, 1106, 'en', 'Sretensk', NULL),
(2213, 1107, 'ru', 'Хилок', NULL),
(2214, 1107, 'en', 'KHilok', NULL),
(2215, 1108, 'ru', 'Шилка', NULL),
(2216, 1108, 'en', 'SHilka', NULL),
(2217, 1109, 'ru', 'Ярославль', NULL),
(2218, 1109, 'en', 'YAroslavl', NULL),
(2219, 1110, 'ru', 'Переславль-Залесский', NULL),
(2220, 1110, 'en', 'PereslavlZalesskiy', NULL),
(2221, 1111, 'ru', 'Гаврилов-Ям', NULL),
(2222, 1111, 'en', 'GavrilovYAm', NULL),
(2223, 1112, 'ru', 'Данилов', NULL),
(2224, 1112, 'en', 'Danilov', NULL),
(2225, 1113, 'ru', 'Любим', NULL),
(2226, 1113, 'en', 'Lyubim', NULL),
(2227, 1114, 'ru', 'Мышкин', NULL),
(2228, 1114, 'en', 'Myshkin', NULL),
(2229, 1115, 'ru', 'Пошехонье', NULL),
(2230, 1115, 'en', 'Poshekhone', NULL),
(2231, 1116, 'ru', 'Ростов', NULL),
(2232, 1116, 'en', 'Rostov', NULL),
(2233, 1117, 'ru', 'Рыбинск', NULL),
(2234, 1117, 'en', 'Rybinsk', NULL),
(2235, 1118, 'ru', 'Тутаев', NULL),
(2236, 1118, 'en', 'Tutaev', NULL),
(2237, 1119, 'ru', 'Углич', NULL),
(2238, 1119, 'en', 'Uglich', NULL),
(2239, 1120, 'ru', 'Троицк', NULL),
(2240, 1120, 'en', 'Troitsk', NULL),
(2241, 1121, 'ru', 'Биробиджан', NULL),
(2242, 1121, 'en', 'Birobidzhan', NULL),
(2243, 1122, 'ru', 'Облучье', NULL),
(2244, 1122, 'en', 'Obluche', NULL),
(2245, 1123, 'ru', 'Нарьян-Мар', NULL),
(2246, 1123, 'en', 'NaryanMar', NULL),
(2247, 1124, 'ru', 'Ханты-Мансийск', NULL),
(2248, 1124, 'en', 'KHantyMansiysk', NULL),
(2249, 1125, 'ru', 'Когалым', NULL),
(2250, 1125, 'en', 'Kogalym', NULL),
(2251, 1126, 'ru', 'Лангепас', NULL),
(2252, 1126, 'en', 'Langepas', NULL),
(2253, 1127, 'ru', 'Мегион', NULL),
(2254, 1127, 'en', 'Megion', NULL),
(2255, 1128, 'ru', 'Нягань', NULL),
(2256, 1128, 'en', 'Nyagan', NULL),
(2257, 1129, 'ru', 'Покачи', NULL),
(2258, 1129, 'en', 'Pokachi', NULL),
(2259, 1130, 'ru', 'Пыть-Ях', NULL),
(2260, 1130, 'en', 'PytYAkh', NULL),
(2261, 1131, 'ru', 'Урай', NULL),
(2262, 1131, 'en', 'Uray', NULL),
(2263, 1132, 'ru', 'Сургут', NULL),
(2264, 1132, 'en', 'Surgut', NULL),
(2265, 1133, 'ru', 'Нижневартовск', NULL),
(2266, 1133, 'en', 'Nizhnevartovsk', NULL),
(2267, 1134, 'ru', 'Белоярский', NULL),
(2268, 1134, 'en', 'Beloyarskiy', NULL),
(2269, 1135, 'ru', 'Нефтеюганск', NULL),
(2270, 1135, 'en', 'Nefteyugansk', NULL),
(2271, 1136, 'ru', 'Радужный', NULL),
(2272, 1136, 'en', 'Raduzhnyy', NULL),
(2273, 1137, 'ru', 'Югорск', NULL),
(2274, 1137, 'en', 'YUgorsk', NULL),
(2275, 1138, 'ru', 'Советский', NULL),
(2276, 1138, 'en', 'Sovetskiy', NULL),
(2277, 1139, 'ru', 'Лянтор', NULL),
(2278, 1139, 'en', 'Lyantor', NULL),
(2279, 1140, 'ru', 'Анадырь', NULL),
(2280, 1140, 'en', 'Anadyr', NULL),
(2281, 1141, 'ru', 'Билибино', NULL),
(2282, 1141, 'en', 'Bilibino', NULL),
(2283, 1142, 'ru', 'Певек', NULL),
(2284, 1142, 'en', 'Pevek', NULL),
(2285, 1143, 'ru', 'Салехард', NULL),
(2286, 1143, 'en', 'Salekhard', NULL),
(2287, 1144, 'ru', 'Губкинский', NULL),
(2288, 1144, 'en', 'Gubkinskiy', NULL),
(2289, 1145, 'ru', 'Лабытнанги', NULL),
(2290, 1145, 'en', 'Labytnangi', NULL),
(2291, 1146, 'ru', 'Муравленко', NULL),
(2292, 1146, 'en', 'Muravlenko', NULL),
(2293, 1147, 'ru', 'Надым', NULL),
(2294, 1147, 'en', 'Nadym', NULL),
(2295, 1148, 'ru', 'Новый Уренгой', NULL),
(2296, 1148, 'en', 'Novyy Urengoy', NULL),
(2297, 1149, 'ru', 'Ноябрьск', NULL),
(2298, 1149, 'en', 'Noyabrsk', NULL),
(2299, 1150, 'ru', 'Тарко-Сале', NULL),
(2300, 1150, 'en', 'TarkoSale', NULL),
(2301, 1151, 'ru', 'Байконур', NULL),
(2302, 1151, 'en', 'Baykonur', NULL),
(2303, 1152, 'ru', 'Симферополь', NULL),
(2304, 1152, 'en', 'Simferopol', NULL),
(2305, 1153, 'ru', 'Севастополь', NULL),
(2306, 1153, 'en', 'Sevastopol', NULL),
(2307, 1154, 'ru', 'Керчь', NULL),
(2308, 1154, 'en', 'Kerch', NULL),
(2309, 1155, 'ru', 'Евпатория', NULL),
(2310, 1155, 'en', 'Evpatorija', NULL),
(2311, 1156, 'ru', 'Ялта', NULL),
(2312, 1156, 'en', 'JAlta', NULL),
(2313, 1157, 'ru', 'Алушта', NULL),
(2314, 1157, 'en', 'Alushta', NULL),
(2315, 1158, 'ru', 'Феодосия', NULL),
(2316, 1158, 'en', 'Feodosija', NULL),
(2317, 1159, 'ru', 'Джанкой', NULL),
(2318, 1159, 'en', 'Dzhankoj', NULL),
(2319, 1160, 'ru', 'Красноперекопск', NULL),
(2320, 1160, 'en', 'Krasnoperekopsk', NULL),
(2321, 1161, 'ru', 'Бахчисарай', NULL),
(2322, 1161, 'en', 'Bahchisaraj', NULL),
(2323, 1162, 'ru', 'Саки', NULL),
(2324, 1162, 'en', 'Saki', NULL),
(2325, 1163, 'ru', 'Армянськ', NULL),
(2326, 1163, 'en', 'Armjans''k', NULL),
(2327, 1164, 'ru', 'Судак', NULL),
(2328, 1164, 'en', 'Sudak', NULL),
(2329, 1165, 'ru', 'Приморский', NULL),
(2330, 1165, 'en', 'Primors''kij', NULL),
(2331, 1166, 'ru', 'Гвардейское', NULL),
(2332, 1166, 'en', 'Gvardijskoe', NULL),
(2333, 1167, 'ru', 'Инкерман', NULL),
(2334, 1167, 'en', 'Inkerman', NULL),
(2335, 1168, 'ru', 'Октябрьское', NULL),
(2336, 1168, 'en', 'Oktjabrskoe', NULL),
(2337, 1169, 'ru', 'Гаспра', NULL),
(2338, 1169, 'en', 'Gaspra', NULL),
(2339, 1170, 'ru', 'Грэсовский', NULL),
(2340, 1170, 'en', 'Gresovskij', NULL),
(2341, 1171, 'ru', 'Красногвардейское', NULL),
(2342, 1171, 'en', 'Krasnogvardijskoe', NULL),
(2343, 1172, 'ru', 'Тбилиси', NULL),
(2344, 1172, 'en', 'Tbilisi', NULL),
(2345, 1173, 'ru', 'Батуми', NULL),
(2346, 1173, 'en', 'Batumi', NULL),
(2347, 1174, 'ru', 'Сухуми', NULL),
(2348, 1174, 'en', 'Sukhumi', NULL),
(2349, 1175, 'ru', 'Даугавпилс', NULL),
(2350, 1175, 'en', 'Daugavpils', NULL),
(2351, 1176, 'ru', 'Елгава', NULL),
(2352, 1176, 'en', 'Jelgava', NULL),
(2353, 1177, 'ru', 'Юрмала', NULL),
(2354, 1177, 'en', 'Jurmala', NULL),
(2355, 1178, 'ru', 'Лиепая', NULL),
(2356, 1178, 'en', 'Liepaja', NULL),
(2357, 1179, 'ru', 'Рига', NULL),
(2358, 1179, 'en', 'Riga', NULL),
(2359, 1180, 'ru', 'Вентспилс', NULL),
(2360, 1180, 'en', 'Ventspils', NULL),
(2361, 1181, 'ru', 'Вильнюс', NULL),
(2362, 1181, 'en', 'Vilnius', NULL),
(2363, 1182, 'ru', 'Каунас', NULL),
(2364, 1182, 'en', 'Kaunas', NULL),
(2365, 1183, 'ru', 'Клайпеда', NULL),
(2366, 1183, 'en', 'Klaipeda', NULL),
(2367, 1184, 'ru', 'Кишинев', NULL),
(2368, 1184, 'en', 'Kishinev', NULL),
(2369, 1185, 'ru', 'Тирасполь', NULL),
(2370, 1185, 'en', 'Tiraspol', NULL),
(2371, 1186, 'ru', 'Киев', NULL),
(2372, 1186, 'en', 'Kiev', NULL),
(2373, 1187, 'ru', 'Харьков', NULL),
(2374, 1187, 'en', 'Kharkiv', NULL),
(2375, 1188, 'ru', 'Днепропетровск', NULL),
(2376, 1188, 'en', 'Dnipropetrovsk', NULL),
(2377, 1189, 'ru', 'Одесса', NULL),
(2378, 1189, 'en', 'Odessa', NULL),
(2379, 1190, 'ru', 'Донецк', NULL),
(2380, 1190, 'en', 'Donetsk', NULL),
(2381, 1191, 'ru', 'Запорожье', NULL),
(2382, 1191, 'en', 'Zaporizhia', NULL),
(2383, 1192, 'ru', 'Львов', NULL),
(2384, 1192, 'en', 'Lviv', NULL),
(2385, 1193, 'ru', 'Кривой Рог', NULL),
(2386, 1193, 'en', 'Kryvyj Rih', NULL),
(2387, 1194, 'ru', 'Николаев', NULL),
(2388, 1194, 'en', 'Mykolaiv', NULL),
(2389, 1195, 'ru', 'Мариуполь', NULL),
(2390, 1195, 'en', 'Mariupol', NULL),
(2391, 1196, 'ru', 'Луганск', NULL),
(2392, 1196, 'en', 'Luhansk', NULL),
(2393, 1197, 'ru', 'Винница', NULL),
(2394, 1197, 'en', 'Vinnitsia', NULL),
(2395, 1198, 'ru', 'Херсон', NULL),
(2396, 1198, 'en', 'Kherson', NULL),
(2397, 1199, 'ru', 'Полтава', NULL),
(2398, 1199, 'en', 'Poltava', NULL),
(2399, 1200, 'ru', 'Чернигов', NULL),
(2400, 1200, 'en', 'Chernihiv', NULL),
(2401, 1201, 'ru', 'Черкасcы', NULL),
(2402, 1201, 'en', 'Cherkasy', NULL),
(2403, 1202, 'ru', 'Сумы', NULL),
(2404, 1202, 'en', 'Sumy', NULL),
(2405, 1203, 'ru', 'Житомир', NULL),
(2406, 1203, 'en', 'Zhytomir', NULL),
(2407, 1204, 'ru', 'Днепродзержинск', NULL),
(2408, 1204, 'en', 'Dniprodzerzhynsk', NULL),
(2409, 1205, 'ru', 'Кировоград', NULL),
(2410, 1205, 'en', 'Kirovohrad', NULL),
(2411, 1206, 'ru', 'Хмельницкий', NULL),
(2412, 1206, 'en', 'Khmelnytskyi', NULL),
(2413, 1207, 'ru', 'Астана', NULL),
(2414, 1207, 'en', 'Astana', NULL),
(2415, 1208, 'ru', 'Актобе', NULL),
(2416, 1208, 'en', 'Aqtobe', NULL),
(2417, 1209, 'ru', 'Алматы', NULL),
(2418, 1209, 'en', 'Almaty', NULL),
(2419, 1210, 'ru', 'Жаркент', NULL),
(2420, 1210, 'en', 'Zharkent', NULL),
(2421, 1211, 'ru', 'Талдыкорган', NULL),
(2422, 1211, 'en', 'Taldykoragn', NULL),
(2423, 1212, 'ru', 'Атырау', NULL),
(2424, 1212, 'en', 'Atyrau', NULL),
(2425, 1213, 'ru', 'Усть-Каменогорск', NULL),
(2426, 1213, 'en', 'Ust-Kamenogorsk', NULL),
(2427, 1214, 'ru', 'Зыряновск', NULL),
(2428, 1214, 'en', 'Zyrayanovsk', NULL),
(2429, 1215, 'ru', 'Курчатов', NULL),
(2430, 1215, 'en', 'Kurchatov', NULL),
(2431, 1216, 'ru', 'Лениногорск', NULL),
(2432, 1216, 'en', 'Leninogorsk', NULL),
(2433, 1217, 'ru', 'Семипалатинск', NULL),
(2434, 1217, 'en', 'Semipalatinsk', NULL),
(2435, 1218, 'ru', 'Серебрянск', NULL),
(2436, 1218, 'en', 'Serebryansk', NULL),
(2437, 1219, 'ru', 'Шульбинск', NULL),
(2438, 1219, 'en', 'Shulbinsk', NULL),
(2439, 1220, 'ru', 'Тараз', NULL),
(2440, 1220, 'en', 'Taraz', NULL),
(2441, 1221, 'ru', 'Шу', NULL),
(2442, 1221, 'en', 'Chu', NULL),
(2443, 1222, 'ru', 'Уральск', NULL),
(2444, 1222, 'en', 'Uralsk', NULL),
(2445, 1223, 'ru', 'Чапаев', NULL),
(2446, 1223, 'en', 'Chapaev', NULL),
(2447, 1224, 'ru', 'Караганда', NULL),
(2448, 1224, 'en', 'Karaganda', NULL),
(2449, 1225, 'ru', 'Балхаш', NULL),
(2450, 1225, 'en', 'Balkash', NULL),
(2451, 1226, 'ru', 'Жезказган', NULL),
(2452, 1226, 'en', 'Dzhezkazgan', NULL),
(2453, 1227, 'ru', 'Темиртау', NULL),
(2454, 1227, 'en', 'Temirtau', NULL),
(2455, 1228, 'ru', 'Шахтинск', NULL),
(2456, 1228, 'en', 'Shakhtinsk', NULL),
(2457, 1229, 'ru', 'Костанай', NULL),
(2458, 1229, 'en', 'Kostanai', NULL),
(2459, 1230, 'ru', 'Лисаковск', NULL),
(2460, 1230, 'en', 'Lisakovsk', NULL),
(2461, 1231, 'ru', 'Байконур', NULL),
(2462, 1231, 'en', 'Baikonur', NULL),
(2463, 1232, 'ru', 'Аральск', NULL),
(2464, 1232, 'en', 'Aralsk', NULL),
(2465, 1233, 'ru', 'Актау', NULL),
(2466, 1233, 'en', 'Aqtau', NULL),
(2467, 1234, 'ru', 'Павлодар', NULL),
(2468, 1234, 'en', 'Pavlodar', NULL),
(2469, 1235, 'ru', 'Иртышск', NULL),
(2470, 1235, 'en', 'Irtyshsk', NULL),
(2471, 1236, 'ru', 'Экибастуз', NULL),
(2472, 1236, 'en', 'Ekibastuz', NULL),
(2473, 1237, 'ru', 'Шымкент', NULL),
(2474, 1237, 'en', 'Shymkent', NULL),
(2475, 1238, 'ru', 'Ереван', NULL),
(2476, 1238, 'en', 'Yerevan', NULL);

-- --------------------------------------------------------

--
-- Структура таблицы `b_sale_location_country`
--

CREATE TABLE IF NOT EXISTS `b_sale_location_country` (
  `ID` int(11) NOT NULL AUTO_INCREMENT,
  `NAME` varchar(100) NOT NULL,
  `SHORT_NAME` varchar(100) DEFAULT NULL,
  PRIMARY KEY (`ID`),
  KEY `IX_NAME` (`NAME`)
) ENGINE=MyISAM  DEFAULT CHARSET=cp1251 AUTO_INCREMENT=16 ;

--
-- Дамп данных таблицы `b_sale_location_country`
--

INSERT INTO `b_sale_location_country` (`ID`, `NAME`, `SHORT_NAME`) VALUES
(1, 'Azerbaijan', NULL),
(2, 'Belarus', NULL),
(3, 'Estonia', NULL),
(4, 'Russia', NULL),
(5, 'Georgia', NULL),
(6, 'Latvia', NULL),
(7, 'Lithuania', NULL),
(8, 'Moldova', NULL),
(9, 'Ukraine', NULL),
(10, 'Kazakhstan', NULL),
(11, 'Turkmenistan', NULL),
(12, 'Armenia', NULL),
(13, 'Tajikistan', NULL),
(14, 'Uzbekistan', NULL),
(15, 'Kyrgyzstan', NULL);

-- --------------------------------------------------------

--
-- Структура таблицы `b_sale_location_country_lang`
--

CREATE TABLE IF NOT EXISTS `b_sale_location_country_lang` (
  `ID` int(11) NOT NULL AUTO_INCREMENT,
  `COUNTRY_ID` int(11) NOT NULL,
  `LID` char(2) NOT NULL,
  `NAME` varchar(100) NOT NULL,
  `SHORT_NAME` varchar(100) DEFAULT NULL,
  PRIMARY KEY (`ID`),
  UNIQUE KEY `IXS_LOCAT_CNTR_LID` (`COUNTRY_ID`,`LID`)
) ENGINE=MyISAM  DEFAULT CHARSET=cp1251 AUTO_INCREMENT=31 ;

--
-- Дамп данных таблицы `b_sale_location_country_lang`
--

INSERT INTO `b_sale_location_country_lang` (`ID`, `COUNTRY_ID`, `LID`, `NAME`, `SHORT_NAME`) VALUES
(1, 1, 'ru', 'Азербайджан', NULL),
(2, 1, 'en', 'Azerbaijan', NULL),
(3, 2, 'ru', 'Беларусь', NULL),
(4, 2, 'en', 'Belarus', NULL),
(5, 3, 'ru', 'Эстония', NULL),
(6, 3, 'en', 'Estonia', NULL),
(7, 4, 'ru', 'Россия', NULL),
(8, 4, 'en', 'Russia', NULL),
(9, 5, 'ru', 'Грузия', NULL),
(10, 5, 'en', 'Georgia', NULL),
(11, 6, 'ru', 'Латвия', NULL),
(12, 6, 'en', 'Latvia', NULL),
(13, 7, 'ru', 'Литва', NULL),
(14, 7, 'en', 'Lithuania', NULL),
(15, 8, 'ru', 'Молдавия', NULL),
(16, 8, 'en', 'Moldova', NULL),
(17, 9, 'ru', 'Украина', NULL),
(18, 9, 'en', 'Ukraine', NULL),
(19, 10, 'ru', 'Казахстан', NULL),
(20, 10, 'en', 'Kazakhstan', NULL),
(21, 11, 'ru', 'Туркменистан', NULL),
(22, 11, 'en', 'Turkmenistan', NULL),
(23, 12, 'ru', 'Армения', NULL),
(24, 12, 'en', 'Armenia', NULL),
(25, 13, 'ru', 'Таджикистан', NULL),
(26, 13, 'en', 'Tajikistan', NULL),
(27, 14, 'ru', 'Узбекистан', NULL),
(28, 14, 'en', 'Uzbekistan', NULL),
(29, 15, 'ru', 'Кыргызстан', NULL),
(30, 15, 'en', 'Kyrgyzstan', NULL);

-- --------------------------------------------------------

--
-- Структура таблицы `b_sale_location_group`
--

CREATE TABLE IF NOT EXISTS `b_sale_location_group` (
  `ID` int(11) NOT NULL AUTO_INCREMENT,
  `SORT` int(11) NOT NULL DEFAULT '100',
  PRIMARY KEY (`ID`)
) ENGINE=MyISAM  DEFAULT CHARSET=cp1251 AUTO_INCREMENT=2 ;

--
-- Дамп данных таблицы `b_sale_location_group`
--

INSERT INTO `b_sale_location_group` (`ID`, `SORT`) VALUES
(1, 150);

-- --------------------------------------------------------

--
-- Структура таблицы `b_sale_location_group_lang`
--

CREATE TABLE IF NOT EXISTS `b_sale_location_group_lang` (
  `ID` int(11) NOT NULL AUTO_INCREMENT,
  `LOCATION_GROUP_ID` int(11) NOT NULL,
  `LID` char(2) NOT NULL,
  `NAME` varchar(250) NOT NULL,
  PRIMARY KEY (`ID`),
  UNIQUE KEY `ix_location_group_lid` (`LOCATION_GROUP_ID`,`LID`)
) ENGINE=MyISAM  DEFAULT CHARSET=cp1251 AUTO_INCREMENT=3 ;

--
-- Дамп данных таблицы `b_sale_location_group_lang`
--

INSERT INTO `b_sale_location_group_lang` (`ID`, `LOCATION_GROUP_ID`, `LID`, `NAME`) VALUES
(1, 1, 'en', 'Group 1'),
(2, 1, 'ru', 'Группа местоположений');

-- --------------------------------------------------------

--
-- Структура таблицы `b_sale_location_region`
--

CREATE TABLE IF NOT EXISTS `b_sale_location_region` (
  `ID` int(11) NOT NULL AUTO_INCREMENT,
  `NAME` varchar(255) NOT NULL,
  `SHORT_NAME` varchar(100) DEFAULT NULL,
  PRIMARY KEY (`ID`)
) ENGINE=MyISAM  DEFAULT CHARSET=cp1251 AUTO_INCREMENT=83 ;

--
-- Дамп данных таблицы `b_sale_location_region`
--

INSERT INTO `b_sale_location_region` (`ID`, `NAME`, `SHORT_NAME`) VALUES
(1, 'Adygeya Resp', NULL),
(2, 'Bashkortostan Resp', NULL),
(3, 'Buryatiya Resp', NULL),
(4, 'Altay Resp', NULL),
(5, 'Dagestan Resp', NULL),
(6, 'Ingushetiya Resp', NULL),
(7, 'KabardinoBalkarskaya Resp', NULL),
(8, 'Kalmykiya Resp', NULL),
(9, 'KarachaevoCHerkesskaya Resp', NULL),
(10, 'Kareliya Resp', NULL),
(11, 'Komi Resp', NULL),
(12, 'Mariy El Resp', NULL),
(13, 'Mordoviya Resp', NULL),
(14, 'Sakha YAkutiya Resp', NULL),
(15, 'Severnaya Osetiya  Alaniya Resp', NULL),
(16, 'Tatarstan Resp', NULL),
(17, 'Tyva Resp', NULL),
(18, 'Udmurtskaya Resp', NULL),
(19, 'KHakasiya Resp', NULL),
(20, 'CHechenskaya Resp', NULL),
(21, 'Chuvash Resp', NULL),
(22, 'Altayskiy kray', NULL),
(23, 'Krasnodarskiy kray', NULL),
(24, 'Krasnoyarskiy kray', NULL),
(25, 'Primorskiy kray', NULL),
(26, 'Stavropolskiy kray', NULL),
(27, 'KHabarovskiy kray', NULL),
(28, 'Amurskaya obl', NULL),
(29, 'Arkhangelskaya obl', NULL),
(30, 'Astrakhanskaya obl', NULL),
(31, 'Belgorodskaya obl', NULL),
(32, 'Bryanskaya obl', NULL),
(33, 'Vladimirskaya obl', NULL),
(34, 'Volgogradskaya obl', NULL),
(35, 'Vologodskaya obl', NULL),
(36, 'Voronezhskaya obl', NULL),
(37, 'Ivanovskaya obl', NULL),
(38, 'Irkutskaya obl', NULL),
(39, 'Kaliningradskaya obl', NULL),
(40, 'Kaluzhskaya obl', NULL),
(41, 'Kamchatskiy kray', NULL),
(42, 'Kemerovskaya obl', NULL),
(43, 'Kirovskaya obl', NULL),
(44, 'Kostromskaya obl', NULL),
(45, 'Kurganskaya obl', NULL),
(46, 'Kurskaya obl', NULL),
(47, 'Leningradskaya obl', NULL),
(48, 'Lipetskaya obl', NULL),
(49, 'Magadanskaya obl', NULL),
(50, 'Moskovskaya obl', NULL),
(51, 'Murmanskaya obl', NULL),
(52, 'Nizhegorodskaya obl', NULL),
(53, 'Novgorodskaya obl', NULL),
(54, 'Novosibirskaya obl', NULL),
(55, 'Omskaya obl', NULL),
(56, 'Orenburgskaya obl', NULL),
(57, 'Orlovskaya obl', NULL),
(58, 'Penzenskaya obl', NULL),
(59, 'Permskiy kray', NULL),
(60, 'Pskovskaya obl', NULL),
(61, 'Rostovskaya obl', NULL),
(62, 'Ryazanskaya obl', NULL),
(63, 'Samarskaya obl', NULL),
(64, 'Saratovskaya obl', NULL),
(65, 'Sakhalinskaya obl', NULL),
(66, 'Sverdlovskaya obl', NULL),
(67, 'Smolenskaya obl', NULL),
(68, 'Tambovskaya obl', NULL),
(69, 'Tverskaya obl', NULL),
(70, 'Tomskaya obl', NULL),
(71, 'Tulskaya obl', NULL),
(72, 'Tyumenskaya obl', NULL),
(73, 'Ulyanovskaya obl', NULL),
(74, 'CHelyabinskaya obl', NULL),
(75, 'Zabaykalskiy kray', NULL),
(76, 'YAroslavskaya obl', NULL),
(77, 'Evreyskaya Aobl', NULL),
(78, 'Nenetskiy AO', NULL),
(79, 'KHantyMansiyskiy Avtonomnyy okrug  YUgra AO', NULL),
(80, 'CHukotskiy AO', NULL),
(81, 'YAmaloNenetskiy AO', NULL),
(82, 'Krim Resp', NULL);

-- --------------------------------------------------------

--
-- Структура таблицы `b_sale_location_region_lang`
--

CREATE TABLE IF NOT EXISTS `b_sale_location_region_lang` (
  `ID` int(11) NOT NULL AUTO_INCREMENT,
  `REGION_ID` int(11) NOT NULL,
  `LID` char(2) NOT NULL,
  `NAME` varchar(100) NOT NULL,
  `SHORT_NAME` varchar(100) DEFAULT NULL,
  PRIMARY KEY (`ID`),
  UNIQUE KEY `IXS_LOCAT_REGION_LID` (`REGION_ID`,`LID`),
  KEY `IXS_NAME` (`NAME`)
) ENGINE=MyISAM  DEFAULT CHARSET=cp1251 AUTO_INCREMENT=165 ;

--
-- Дамп данных таблицы `b_sale_location_region_lang`
--

INSERT INTO `b_sale_location_region_lang` (`ID`, `REGION_ID`, `LID`, `NAME`, `SHORT_NAME`) VALUES
(1, 1, 'ru', 'Адыгея Респ', NULL),
(2, 1, 'en', 'Adygeya Resp', NULL),
(3, 2, 'ru', 'Башкортостан Респ', NULL),
(4, 2, 'en', 'Bashkortostan Resp', NULL),
(5, 3, 'ru', 'Бурятия Респ', NULL),
(6, 3, 'en', 'Buryatiya Resp', NULL),
(7, 4, 'ru', 'Алтай Респ', NULL),
(8, 4, 'en', 'Altay Resp', NULL),
(9, 5, 'ru', 'Дагестан Респ', NULL),
(10, 5, 'en', 'Dagestan Resp', NULL),
(11, 6, 'ru', 'Ингушетия Респ', NULL),
(12, 6, 'en', 'Ingushetiya Resp', NULL),
(13, 7, 'ru', 'Кабардино-Балкарская Респ', NULL),
(14, 7, 'en', 'KabardinoBalkarskaya Resp', NULL),
(15, 8, 'ru', 'Калмыкия Респ', NULL),
(16, 8, 'en', 'Kalmykiya Resp', NULL),
(17, 9, 'ru', 'Карачаево-Черкесская Респ', NULL),
(18, 9, 'en', 'KarachaevoCHerkesskaya Resp', NULL),
(19, 10, 'ru', 'Карелия Респ', NULL),
(20, 10, 'en', 'Kareliya Resp', NULL),
(21, 11, 'ru', 'Коми Респ', NULL),
(22, 11, 'en', 'Komi Resp', NULL),
(23, 12, 'ru', 'Марий Эл Респ', NULL),
(24, 12, 'en', 'Mariy El Resp', NULL),
(25, 13, 'ru', 'Мордовия Респ', NULL),
(26, 13, 'en', 'Mordoviya Resp', NULL),
(27, 14, 'ru', 'Саха /Якутия/ Респ', NULL),
(28, 14, 'en', 'Sakha YAkutiya Resp', NULL),
(29, 15, 'ru', 'Северная Осетия - Алания Респ', NULL),
(30, 15, 'en', 'Severnaya Osetiya  Alaniya Resp', NULL),
(31, 16, 'ru', 'Татарстан Респ', NULL),
(32, 16, 'en', 'Tatarstan Resp', NULL),
(33, 17, 'ru', 'Тыва Респ', NULL),
(34, 17, 'en', 'Tyva Resp', NULL),
(35, 18, 'ru', 'Удмуртская Респ', NULL),
(36, 18, 'en', 'Udmurtskaya Resp', NULL),
(37, 19, 'ru', 'Хакасия Респ', NULL),
(38, 19, 'en', 'KHakasiya Resp', NULL),
(39, 20, 'ru', 'Чеченская Респ', NULL),
(40, 20, 'en', 'CHechenskaya Resp', NULL),
(41, 21, 'ru', 'Чувашская Респ', NULL),
(42, 21, 'en', 'Chuvash Resp', NULL),
(43, 22, 'ru', 'Алтайский край', NULL),
(44, 22, 'en', 'Altayskiy kray', NULL),
(45, 23, 'ru', 'Краснодарский край', NULL),
(46, 23, 'en', 'Krasnodarskiy kray', NULL),
(47, 24, 'ru', 'Красноярский край', NULL),
(48, 24, 'en', 'Krasnoyarskiy kray', NULL),
(49, 25, 'ru', 'Приморский край', NULL),
(50, 25, 'en', 'Primorskiy kray', NULL),
(51, 26, 'ru', 'Ставропольский край', NULL),
(52, 26, 'en', 'Stavropolskiy kray', NULL),
(53, 27, 'ru', 'Хабаровский край', NULL),
(54, 27, 'en', 'KHabarovskiy kray', NULL),
(55, 28, 'ru', 'Амурская обл', NULL),
(56, 28, 'en', 'Amurskaya obl', NULL),
(57, 29, 'ru', 'Архангельская обл', NULL),
(58, 29, 'en', 'Arkhangelskaya obl', NULL),
(59, 30, 'ru', 'Астраханская обл', NULL),
(60, 30, 'en', 'Astrakhanskaya obl', NULL),
(61, 31, 'ru', 'Белгородская обл', NULL),
(62, 31, 'en', 'Belgorodskaya obl', NULL),
(63, 32, 'ru', 'Брянская обл', NULL),
(64, 32, 'en', 'Bryanskaya obl', NULL),
(65, 33, 'ru', 'Владимирская обл', NULL),
(66, 33, 'en', 'Vladimirskaya obl', NULL),
(67, 34, 'ru', 'Волгоградская обл', NULL),
(68, 34, 'en', 'Volgogradskaya obl', NULL),
(69, 35, 'ru', 'Вологодская обл', NULL),
(70, 35, 'en', 'Vologodskaya obl', NULL),
(71, 36, 'ru', 'Воронежская обл', NULL),
(72, 36, 'en', 'Voronezhskaya obl', NULL),
(73, 37, 'ru', 'Ивановская обл', NULL),
(74, 37, 'en', 'Ivanovskaya obl', NULL),
(75, 38, 'ru', 'Иркутская обл', NULL),
(76, 38, 'en', 'Irkutskaya obl', NULL),
(77, 39, 'ru', 'Калининградская обл', NULL),
(78, 39, 'en', 'Kaliningradskaya obl', NULL),
(79, 40, 'ru', 'Калужская обл', NULL),
(80, 40, 'en', 'Kaluzhskaya obl', NULL),
(81, 41, 'ru', 'Камчатский край', NULL),
(82, 41, 'en', 'Kamchatskiy kray', NULL),
(83, 42, 'ru', 'Кемеровская обл', NULL),
(84, 42, 'en', 'Kemerovskaya obl', NULL),
(85, 43, 'ru', 'Кировская обл', NULL),
(86, 43, 'en', 'Kirovskaya obl', NULL),
(87, 44, 'ru', 'Костромская обл', NULL),
(88, 44, 'en', 'Kostromskaya obl', NULL),
(89, 45, 'ru', 'Курганская обл', NULL),
(90, 45, 'en', 'Kurganskaya obl', NULL),
(91, 46, 'ru', 'Курская обл', NULL),
(92, 46, 'en', 'Kurskaya obl', NULL),
(93, 47, 'ru', 'Ленинградская обл', NULL),
(94, 47, 'en', 'Leningradskaya obl', NULL),
(95, 48, 'ru', 'Липецкая обл', NULL),
(96, 48, 'en', 'Lipetskaya obl', NULL),
(97, 49, 'ru', 'Магаданская обл', NULL),
(98, 49, 'en', 'Magadanskaya obl', NULL),
(99, 50, 'ru', 'Московская обл', NULL),
(100, 50, 'en', 'Moskovskaya obl', NULL),
(101, 51, 'ru', 'Мурманская обл', NULL),
(102, 51, 'en', 'Murmanskaya obl', NULL),
(103, 52, 'ru', 'Нижегородская обл', NULL),
(104, 52, 'en', 'Nizhegorodskaya obl', NULL),
(105, 53, 'ru', 'Новгородская обл', NULL),
(106, 53, 'en', 'Novgorodskaya obl', NULL),
(107, 54, 'ru', 'Новосибирская обл', NULL),
(108, 54, 'en', 'Novosibirskaya obl', NULL),
(109, 55, 'ru', 'Омская обл', NULL),
(110, 55, 'en', 'Omskaya obl', NULL),
(111, 56, 'ru', 'Оренбургская обл', NULL),
(112, 56, 'en', 'Orenburgskaya obl', NULL),
(113, 57, 'ru', 'Орловская обл', NULL),
(114, 57, 'en', 'Orlovskaya obl', NULL),
(115, 58, 'ru', 'Пензенская обл', NULL),
(116, 58, 'en', 'Penzenskaya obl', NULL),
(117, 59, 'ru', 'Пермский край', NULL),
(118, 59, 'en', 'Permskiy kray', NULL),
(119, 60, 'ru', 'Псковская обл', NULL),
(120, 60, 'en', 'Pskovskaya obl', NULL),
(121, 61, 'ru', 'Ростовская обл', NULL),
(122, 61, 'en', 'Rostovskaya obl', NULL),
(123, 62, 'ru', 'Рязанская обл', NULL),
(124, 62, 'en', 'Ryazanskaya obl', NULL),
(125, 63, 'ru', 'Самарская обл', NULL),
(126, 63, 'en', 'Samarskaya obl', NULL),
(127, 64, 'ru', 'Саратовская обл', NULL),
(128, 64, 'en', 'Saratovskaya obl', NULL),
(129, 65, 'ru', 'Сахалинская обл', NULL),
(130, 65, 'en', 'Sakhalinskaya obl', NULL),
(131, 66, 'ru', 'Свердловская обл', NULL),
(132, 66, 'en', 'Sverdlovskaya obl', NULL),
(133, 67, 'ru', 'Смоленская обл', NULL),
(134, 67, 'en', 'Smolenskaya obl', NULL),
(135, 68, 'ru', 'Тамбовская обл', NULL),
(136, 68, 'en', 'Tambovskaya obl', NULL),
(137, 69, 'ru', 'Тверская обл', NULL),
(138, 69, 'en', 'Tverskaya obl', NULL),
(139, 70, 'ru', 'Томская обл', NULL),
(140, 70, 'en', 'Tomskaya obl', NULL),
(141, 71, 'ru', 'Тульская обл', NULL),
(142, 71, 'en', 'Tulskaya obl', NULL),
(143, 72, 'ru', 'Тюменская обл', NULL),
(144, 72, 'en', 'Tyumenskaya obl', NULL),
(145, 73, 'ru', 'Ульяновская обл', NULL),
(146, 73, 'en', 'Ulyanovskaya obl', NULL),
(147, 74, 'ru', 'Челябинская обл', NULL),
(148, 74, 'en', 'CHelyabinskaya obl', NULL),
(149, 75, 'ru', 'Забайкальский край', NULL),
(150, 75, 'en', 'Zabaykalskiy kray', NULL),
(151, 76, 'ru', 'Ярославская обл', NULL),
(152, 76, 'en', 'YAroslavskaya obl', NULL),
(153, 77, 'ru', 'Еврейская Аобл', NULL),
(154, 77, 'en', 'Evreyskaya Aobl', NULL),
(155, 78, 'ru', 'Ненецкий АО', NULL),
(156, 78, 'en', 'Nenetskiy AO', NULL),
(157, 79, 'ru', 'Ханты-Мансийский Автономный округ - Югра АО', NULL),
(158, 79, 'en', 'KHantyMansiyskiy Avtonomnyy okrug  YUgra AO', NULL),
(159, 80, 'ru', 'Чукотский АО', NULL),
(160, 80, 'en', 'CHukotskiy AO', NULL),
(161, 81, 'ru', 'Ямало-Ненецкий АО', NULL),
(162, 81, 'en', 'YAmaloNenetskiy AO', NULL),
(163, 82, 'ru', 'Крым Респ', NULL),
(164, 82, 'en', 'Krim Resp', NULL);

-- --------------------------------------------------------

--
-- Структура таблицы `b_sale_location_zip`
--

CREATE TABLE IF NOT EXISTS `b_sale_location_zip` (
  `ID` int(11) NOT NULL AUTO_INCREMENT,
  `LOCATION_ID` int(11) NOT NULL DEFAULT '0',
  `ZIP` varchar(10) NOT NULL DEFAULT '',
  PRIMARY KEY (`ID`),
  KEY `IX_LOCATION_ID` (`LOCATION_ID`),
  KEY `IX_ZIP` (`ZIP`)
) ENGINE=MyISAM  DEFAULT CHARSET=cp1251 AUTO_INCREMENT=8886 ;

--
-- Дамп данных таблицы `b_sale_location_zip`
--

INSERT INTO `b_sale_location_zip` (`ID`, `LOCATION_ID`, `ZIP`) VALUES
(1, 22, '385200'),
(2, 22, '385239'),
(3, 22, '385271'),
(4, 21, '385000'),
(5, 21, '385452'),
(6, 21, '385060'),
(7, 21, '385002'),
(8, 21, '385061'),
(9, 21, '385064'),
(10, 21, '385001'),
(11, 21, '385077'),
(12, 21, '385019'),
(13, 21, '385020'),
(14, 21, '385017'),
(15, 21, '385012'),
(16, 21, '385009'),
(17, 21, '385008'),
(18, 21, '385007'),
(19, 21, '385006'),
(20, 21, '385003'),
(21, 21, '385069'),
(22, 25, '452920'),
(23, 33, '453633'),
(24, 33, '453630'),
(25, 33, '453631'),
(26, 34, '452000'),
(27, 35, '453502'),
(28, 35, '453500'),
(29, 35, '453503'),
(30, 35, '453505'),
(31, 35, '453506'),
(32, 35, '453511'),
(33, 35, '453512'),
(34, 35, '453507'),
(35, 35, '453510'),
(36, 35, '453504'),
(37, 35, '453501'),
(38, 36, '452450'),
(39, 36, '452453'),
(40, 36, '452469'),
(41, 36, '452320'),
(42, 36, '452451'),
(43, 36, '452452'),
(44, 36, '452474'),
(45, 36, '452455'),
(46, 37, '453434'),
(47, 37, '453430'),
(48, 37, '453431'),
(49, 43, '453400'),
(50, 43, '453401'),
(51, 43, '453402'),
(52, 43, '453405'),
(53, 43, '453406'),
(54, 43, '453403'),
(55, 44, '452320'),
(56, 38, '453205'),
(57, 38, '453201'),
(58, 38, '453203'),
(59, 38, '453200'),
(60, 38, '453214'),
(61, 38, '453204'),
(62, 38, '453215'),
(63, 38, '453211'),
(64, 38, '453209'),
(65, 38, '453208'),
(66, 38, '453213'),
(67, 30, '453306'),
(68, 30, '453303'),
(69, 30, '453300'),
(70, 30, '453302'),
(71, 30, '453304'),
(72, 30, '453307'),
(73, 30, '453308'),
(74, 30, '453309'),
(75, 30, '453315'),
(76, 30, '453316'),
(77, 30, '453301'),
(78, 31, '453571'),
(79, 31, '453570'),
(80, 39, '453850'),
(81, 39, '453856'),
(82, 39, '453852'),
(83, 39, '453854'),
(84, 39, '453851'),
(85, 39, '453853'),
(86, 26, '452680'),
(87, 26, '452681'),
(88, 26, '452683'),
(89, 26, '452688'),
(90, 26, '452695'),
(91, 26, '452696'),
(92, 27, '452600'),
(93, 27, '452615'),
(94, 27, '452614'),
(95, 27, '452613'),
(96, 27, '452603'),
(97, 27, '452602'),
(98, 27, '452616'),
(99, 27, '452607'),
(100, 28, '453265'),
(101, 28, '453261'),
(102, 28, '453259'),
(103, 28, '453256'),
(104, 28, '453254'),
(105, 28, '453253'),
(106, 28, '453252'),
(107, 28, '453250'),
(108, 28, '453251'),
(109, 29, '453837'),
(110, 29, '453831'),
(111, 29, '453838'),
(112, 29, '453845'),
(113, 29, '453839'),
(114, 29, '453833'),
(115, 29, '453840'),
(116, 29, '453832'),
(117, 29, '453830'),
(118, 32, '453116'),
(119, 32, '453100'),
(120, 32, '453107'),
(121, 32, '453101'),
(122, 32, '453102'),
(123, 32, '453103'),
(124, 32, '453104'),
(125, 32, '453115'),
(126, 32, '453130'),
(127, 32, '453118'),
(128, 32, '453120'),
(129, 32, '453105'),
(130, 32, '453106'),
(131, 32, '453112'),
(132, 32, '453122'),
(133, 32, '453109'),
(134, 32, '453126'),
(135, 32, '453124'),
(136, 32, '453114'),
(137, 40, '452752'),
(138, 40, '452757'),
(139, 40, '452751'),
(140, 40, '452756'),
(141, 40, '452754'),
(142, 40, '452755'),
(143, 40, '452753'),
(144, 40, '452750'),
(145, 24, '450014'),
(146, 24, '450008'),
(147, 24, '450017'),
(148, 24, '450015'),
(149, 24, '450077'),
(150, 24, '450078'),
(151, 24, '450081'),
(152, 24, '450018'),
(153, 24, '450091'),
(154, 24, '450092'),
(155, 24, '450010'),
(156, 24, '450069'),
(157, 24, '450080'),
(158, 24, '450004'),
(159, 24, '450000'),
(160, 24, '450001'),
(161, 24, '450076'),
(162, 24, '450075'),
(163, 24, '450074'),
(164, 24, '450073'),
(165, 24, '450024'),
(166, 24, '450019'),
(167, 24, '450097'),
(168, 24, '450096'),
(169, 24, '450003'),
(170, 24, '450007'),
(171, 24, '450052'),
(172, 24, '450068'),
(173, 24, '450033'),
(174, 24, '450903'),
(175, 24, '450038'),
(176, 24, '450039'),
(177, 24, '450071'),
(178, 24, '450043'),
(179, 24, '450045'),
(180, 24, '450030'),
(181, 24, '450051'),
(182, 24, '450032'),
(183, 24, '450055'),
(184, 24, '450056'),
(185, 24, '450057'),
(186, 24, '450059'),
(187, 24, '450061'),
(188, 24, '450064'),
(189, 24, '450065'),
(190, 24, '450040'),
(191, 24, '450049'),
(192, 24, '450006'),
(193, 24, '450104'),
(194, 24, '450105'),
(195, 24, '450106'),
(196, 24, '450112'),
(197, 24, '450002'),
(198, 24, '450591'),
(199, 24, '450037'),
(200, 24, '450099'),
(201, 24, '450103'),
(202, 24, '450098'),
(203, 24, '450900'),
(204, 24, '450901'),
(205, 24, '450902'),
(206, 24, '450095'),
(207, 24, '450044'),
(208, 24, '450022'),
(209, 24, '450027'),
(210, 24, '450028'),
(211, 24, '450029'),
(212, 41, '453702'),
(213, 41, '453731'),
(214, 41, '453701'),
(215, 41, '453700'),
(216, 42, '452800'),
(217, 42, '452806'),
(218, 42, '452802'),
(219, 49, '671230'),
(220, 51, '671160'),
(221, 48, '671950'),
(222, 50, '671841'),
(223, 50, '671840'),
(224, 47, '671700'),
(225, 46, '670014'),
(226, 46, '670009'),
(227, 46, '670034'),
(228, 46, '670033'),
(229, 46, '670013'),
(230, 46, '670019'),
(231, 46, '670023'),
(232, 46, '670004'),
(233, 46, '670018'),
(234, 46, '670011'),
(235, 46, '670050'),
(236, 46, '670002'),
(237, 46, '670000'),
(238, 46, '670010'),
(239, 46, '671254'),
(240, 46, '670035'),
(241, 46, '670040'),
(242, 46, '670024'),
(243, 46, '670042'),
(244, 46, '670031'),
(245, 46, '670045'),
(246, 46, '670047'),
(247, 46, '670003'),
(248, 53, '649006'),
(249, 53, '649002'),
(250, 53, '649007'),
(251, 53, '649000'),
(252, 64, '368222'),
(253, 64, '368225'),
(254, 56, '368611'),
(255, 56, '368670'),
(256, 60, '368608'),
(257, 60, '368607'),
(258, 57, '368502'),
(259, 58, '368304'),
(260, 58, '368301'),
(261, 58, '368303'),
(262, 58, '368302'),
(263, 58, '368305'),
(264, 58, '368300'),
(265, 61, '368101'),
(266, 61, '368107'),
(267, 61, '368124'),
(268, 62, '368830'),
(269, 62, '368870'),
(270, 62, '368802'),
(271, 55, '367950'),
(272, 55, '367910'),
(273, 55, '368905'),
(274, 55, '367003'),
(275, 55, '367033'),
(276, 55, '367032'),
(277, 55, '367039'),
(278, 55, '367022'),
(279, 55, '367021'),
(280, 55, '367026'),
(281, 55, '367018'),
(282, 55, '367034'),
(283, 55, '367912'),
(284, 55, '367913'),
(285, 55, '367027'),
(286, 55, '367009'),
(287, 55, '367007'),
(288, 55, '368018'),
(289, 55, '367008'),
(290, 55, '367904'),
(291, 55, '367010'),
(292, 55, '367002'),
(293, 55, '367025'),
(294, 55, '367000'),
(295, 55, '367014'),
(296, 55, '367015'),
(297, 55, '367012'),
(298, 55, '368010'),
(299, 55, '367013'),
(300, 63, '368006'),
(301, 63, '368041'),
(302, 63, '368008'),
(303, 59, '368890'),
(304, 67, '386230'),
(305, 67, '386231'),
(306, 66, '386001'),
(307, 69, '386303'),
(308, 69, '386301'),
(309, 69, '386302'),
(310, 69, '386300'),
(311, 69, '386304'),
(312, 68, '386140'),
(313, 68, '386104'),
(314, 68, '386106'),
(315, 68, '386102'),
(316, 68, '386101'),
(317, 68, '386130'),
(318, 68, '386103'),
(319, 68, '386132'),
(320, 72, '361534'),
(321, 72, '361500'),
(322, 73, '361111'),
(323, 73, '361112'),
(324, 73, '361113'),
(325, 73, '361115'),
(326, 73, '361114'),
(327, 71, '360015'),
(328, 71, '360903'),
(329, 71, '360051'),
(330, 71, '360030'),
(331, 71, '360019'),
(332, 71, '360017'),
(333, 71, '360032'),
(334, 71, '360901'),
(335, 71, '360024'),
(336, 71, '360021'),
(337, 71, '360022'),
(338, 71, '360000'),
(339, 71, '360009'),
(340, 71, '360002'),
(341, 71, '360016'),
(342, 71, '360003'),
(343, 71, '360904'),
(344, 71, '360004'),
(345, 71, '360005'),
(346, 71, '360006'),
(347, 76, '361330'),
(348, 74, '361045'),
(349, 74, '361044'),
(350, 74, '361048'),
(351, 74, '361031'),
(352, 74, '361041'),
(353, 74, '361000'),
(354, 74, '361043'),
(355, 75, '361202'),
(356, 78, '361624'),
(357, 77, '361401'),
(358, 81, '359050'),
(359, 82, '359221'),
(360, 80, '358903'),
(361, 80, '358005'),
(362, 80, '358011'),
(363, 80, '358003'),
(364, 80, '358014'),
(365, 80, '358009'),
(366, 80, '358007'),
(367, 80, '358001'),
(368, 80, '358018'),
(369, 80, '358016'),
(370, 80, '358000'),
(371, 80, '359180'),
(372, 80, '358004'),
(373, 85, '369241'),
(374, 85, '369200'),
(375, 85, '369238'),
(376, 85, '369226'),
(377, 85, '369221'),
(378, 85, '369201'),
(379, 86, '369210'),
(380, 87, '369300'),
(381, 84, '369000'),
(382, 84, '369005'),
(383, 84, '369015'),
(384, 84, '369004'),
(385, 84, '369009'),
(386, 84, '369007'),
(387, 84, '369006'),
(388, 84, '369001'),
(389, 84, '369010'),
(390, 84, '369012'),
(391, 92, '186500'),
(392, 93, '186615'),
(393, 94, '186225'),
(394, 94, '186220'),
(395, 94, '186222'),
(396, 94, '186223'),
(397, 90, '186942'),
(398, 90, '186930'),
(399, 90, '186931'),
(400, 95, '186730'),
(401, 96, '186352'),
(402, 96, '186350'),
(403, 97, '186000'),
(404, 89, '185030'),
(405, 89, '185031'),
(406, 89, '185032'),
(407, 89, '185016'),
(408, 89, '185033'),
(409, 89, '185035'),
(410, 89, '185034'),
(411, 89, '185026'),
(412, 89, '185005'),
(413, 89, '185011'),
(414, 89, '185013'),
(415, 89, '185014'),
(416, 89, '185009'),
(417, 89, '185001'),
(418, 89, '185007'),
(419, 89, '185012'),
(420, 89, '185003'),
(421, 89, '185002'),
(422, 89, '185000'),
(423, 98, '186810'),
(424, 99, '186150'),
(425, 100, '186420'),
(426, 100, '186424'),
(427, 100, '186423'),
(428, 100, '186422'),
(429, 100, '186421'),
(430, 91, '186757'),
(431, 91, '186758'),
(432, 91, '186762'),
(433, 91, '186792'),
(434, 91, '186000'),
(435, 91, '186753'),
(436, 91, '186790'),
(437, 91, '186791'),
(438, 91, '186756'),
(439, 91, '186760'),
(440, 91, '186759'),
(441, 91, '186755'),
(442, 101, '186870'),
(443, 104, '169902'),
(444, 104, '169926'),
(445, 104, '169900'),
(446, 104, '169925'),
(447, 104, '169945'),
(448, 104, '169912'),
(449, 104, '169915'),
(450, 104, '169903'),
(451, 104, '169905'),
(452, 104, '169908'),
(453, 104, '169909'),
(454, 104, '169950'),
(455, 104, '169941'),
(456, 104, '169933'),
(457, 104, '169907'),
(458, 104, '169930'),
(459, 104, '169937'),
(460, 104, '169936'),
(461, 104, '169906'),
(462, 104, '169935'),
(463, 104, '169901'),
(464, 104, '169932'),
(465, 104, '169940'),
(466, 105, '169575'),
(467, 105, '169573'),
(468, 105, '169577'),
(469, 105, '169582'),
(470, 105, '169584'),
(471, 105, '169585'),
(472, 105, '169570'),
(473, 105, '169578'),
(474, 111, '169200'),
(475, 106, '169832'),
(476, 106, '169820'),
(477, 106, '169849'),
(478, 106, '169834'),
(479, 106, '169840'),
(480, 106, '169842'),
(481, 106, '169841'),
(482, 106, '169848'),
(483, 106, '169810'),
(484, 106, '169845'),
(485, 112, '169060'),
(486, 112, '169061'),
(487, 107, '169629'),
(488, 107, '169630'),
(489, 107, '169633'),
(490, 107, '169625'),
(491, 107, '169607'),
(492, 107, '169622'),
(493, 107, '169621'),
(494, 107, '169635'),
(495, 107, '169620'),
(496, 107, '169640'),
(497, 107, '169634'),
(498, 107, '169645'),
(499, 107, '169655'),
(500, 107, '169660'),
(501, 107, '169651'),
(502, 107, '169609'),
(503, 107, '169606'),
(504, 107, '169665'),
(505, 107, '169650'),
(506, 107, '169600'),
(507, 107, '169601'),
(508, 107, '169663'),
(509, 108, '169533'),
(510, 108, '169534'),
(511, 108, '169530'),
(512, 108, '169540'),
(513, 108, '169516'),
(514, 108, '169511'),
(515, 108, '169510'),
(516, 108, '169500'),
(517, 108, '169523'),
(518, 108, '169521'),
(519, 108, '169520'),
(520, 108, '169532'),
(521, 108, '169522'),
(522, 103, '167028'),
(523, 103, '167023'),
(524, 103, '167005'),
(525, 103, '167004'),
(526, 103, '167002'),
(527, 103, '167022'),
(528, 103, '167021'),
(529, 103, '167984'),
(530, 103, '167904'),
(531, 103, '167905'),
(532, 103, '167981'),
(533, 103, '167907'),
(534, 103, '167019'),
(535, 103, '167000'),
(536, 103, '167009'),
(537, 103, '167016'),
(538, 103, '167014'),
(539, 103, '167026'),
(540, 103, '167011'),
(541, 103, '167031'),
(542, 103, '167018'),
(543, 109, '169707'),
(544, 109, '169724'),
(545, 109, '169720'),
(546, 109, '169727'),
(547, 109, '169712'),
(548, 109, '169729'),
(549, 109, '169731'),
(550, 109, '169711'),
(551, 109, '169721'),
(552, 109, '169728'),
(553, 109, '169710'),
(554, 109, '169726'),
(555, 110, '169347'),
(556, 110, '169360'),
(557, 110, '169306'),
(558, 110, '169338'),
(559, 110, '169314'),
(560, 110, '169305'),
(561, 110, '169341'),
(562, 110, '169370'),
(563, 110, '169319'),
(564, 110, '169309'),
(565, 110, '169307'),
(566, 110, '169310'),
(567, 110, '169337'),
(568, 110, '169336'),
(569, 110, '169318'),
(570, 110, '169313'),
(571, 110, '169311'),
(572, 110, '169340'),
(573, 110, '169300'),
(574, 110, '169301'),
(575, 110, '169302'),
(576, 110, '169304'),
(577, 110, '169303'),
(578, 110, '169312'),
(579, 115, '425000'),
(580, 117, '425061'),
(581, 117, '425060'),
(582, 117, '425062'),
(583, 114, '425222'),
(584, 114, '424038'),
(585, 114, '424002'),
(586, 114, '424019'),
(587, 114, '424004'),
(588, 114, '424032'),
(589, 114, '424028'),
(590, 114, '424030'),
(591, 114, '424031'),
(592, 114, '424000'),
(593, 114, '424016'),
(594, 114, '424033'),
(595, 114, '424918'),
(596, 114, '424913'),
(597, 114, '424039'),
(598, 114, '424037'),
(599, 114, '424005'),
(600, 114, '424006'),
(601, 114, '424007'),
(602, 114, '424020'),
(603, 114, '424003'),
(604, 116, '425350'),
(605, 120, '431860'),
(606, 120, '431874'),
(607, 120, '431861'),
(608, 121, '431430'),
(609, 122, '431350'),
(610, 123, '431260'),
(611, 123, '431261'),
(612, 124, '431445'),
(613, 124, '431451'),
(614, 124, '431444'),
(615, 124, '431481'),
(616, 124, '431449'),
(617, 124, '431440'),
(618, 124, '431480'),
(619, 124, '431443'),
(620, 124, '431450'),
(621, 124, '431448'),
(622, 124, '431441'),
(623, 119, '430028'),
(624, 119, '430905'),
(625, 119, '430906'),
(626, 119, '430903'),
(627, 119, '430034'),
(628, 119, '430033'),
(629, 119, '430032'),
(630, 119, '430031'),
(631, 119, '430030'),
(632, 119, '430910'),
(633, 119, '430904'),
(634, 119, '431905'),
(635, 119, '430006'),
(636, 119, '430010'),
(637, 119, '430027'),
(638, 119, '430003'),
(639, 119, '430004'),
(640, 119, '430001'),
(641, 119, '430901'),
(642, 119, '430007'),
(643, 119, '430000'),
(644, 119, '430018'),
(645, 119, '430005'),
(646, 119, '430024'),
(647, 119, '430009'),
(648, 119, '430017'),
(649, 119, '430015'),
(650, 119, '430013'),
(651, 119, '430012'),
(652, 119, '430011'),
(653, 119, '430008'),
(654, 125, '431220'),
(655, 125, '643122'),
(656, 130, '678906'),
(657, 130, '678900'),
(658, 132, '678530'),
(659, 133, '678213'),
(660, 133, '678200'),
(661, 134, '678144'),
(662, 134, '678140'),
(663, 134, '678145'),
(664, 135, '678171'),
(665, 135, '678175'),
(666, 135, '678174'),
(667, 135, '678170'),
(668, 135, '678173'),
(669, 129, '678967'),
(670, 129, '678965'),
(671, 129, '678996'),
(672, 129, '678995'),
(673, 129, '978994'),
(674, 129, '678997'),
(675, 129, '678990'),
(676, 129, '678988'),
(677, 129, '678980'),
(678, 129, '678960'),
(679, 129, '678994'),
(680, 129, '678962'),
(681, 129, '678976'),
(682, 129, '678981'),
(683, 137, '678450'),
(684, 127, '678100'),
(685, 127, '678103'),
(686, 127, '0'),
(687, 139, '678000'),
(688, 138, '678790'),
(689, 138, '678780'),
(690, 131, '678954'),
(691, 131, '678955'),
(692, 136, '678188'),
(693, 128, '677018'),
(694, 128, '677903'),
(695, 128, '677008'),
(696, 128, '677902'),
(697, 128, '677901'),
(698, 128, '677027'),
(699, 128, '677021'),
(700, 128, '677015'),
(701, 128, '677904'),
(702, 128, '677010'),
(703, 128, '677906'),
(704, 128, '677005'),
(705, 128, '677004'),
(706, 128, '677001'),
(707, 128, '677000'),
(708, 128, '677013'),
(709, 128, '677907'),
(710, 128, '677014'),
(711, 128, '677911'),
(712, 128, '677009'),
(713, 128, '677007'),
(714, 142, '363240'),
(715, 143, '363330'),
(716, 146, '363029'),
(717, 146, '363027'),
(718, 146, '363026'),
(719, 146, '363025'),
(720, 146, '363024'),
(721, 146, '363020'),
(722, 146, '363000'),
(723, 146, '363021'),
(724, 146, '363022'),
(725, 146, '363023'),
(726, 141, '362013'),
(727, 141, '362025'),
(728, 141, '362001'),
(729, 141, '362002'),
(730, 141, '362023'),
(731, 141, '362021'),
(732, 141, '362003'),
(733, 141, '362000'),
(734, 141, '362007'),
(735, 141, '362008'),
(736, 141, '362009'),
(737, 141, '362015'),
(738, 141, '362026'),
(739, 141, '362020'),
(740, 141, '362048'),
(741, 141, '362045'),
(742, 141, '362040'),
(743, 141, '362042'),
(744, 141, '362035'),
(745, 141, '362031'),
(746, 141, '362019'),
(747, 141, '362047'),
(748, 141, '362901'),
(749, 141, '362027'),
(750, 141, '363110'),
(751, 141, '362049'),
(752, 141, '362900'),
(753, 141, '362911'),
(754, 141, '362910'),
(755, 141, '362908'),
(756, 141, '362903'),
(757, 141, '362902'),
(758, 144, '363410'),
(759, 145, '363751'),
(760, 145, '363758'),
(761, 145, '363750'),
(762, 150, '422233'),
(763, 150, '422231'),
(764, 150, '422230'),
(765, 151, '423332'),
(766, 151, '423331'),
(767, 151, '423330'),
(768, 152, '423455'),
(769, 152, '423408'),
(770, 152, '423440'),
(771, 152, '423450'),
(772, 152, '423457'),
(773, 152, '423454'),
(774, 152, '423452'),
(775, 152, '423461'),
(776, 152, '423465'),
(777, 152, '423462'),
(778, 152, '423464'),
(779, 152, '423453'),
(780, 152, '423451'),
(781, 152, '423458'),
(782, 153, '422000'),
(783, 154, '423932'),
(784, 154, '423931'),
(785, 154, '423930'),
(786, 167, '422840'),
(787, 155, '423241'),
(788, 155, '423234'),
(789, 155, '423235'),
(790, 155, '423231'),
(791, 155, '423236'),
(792, 155, '423233'),
(793, 155, '423232'),
(794, 155, '423239'),
(795, 155, '423230'),
(796, 155, '423243'),
(797, 156, '422430'),
(798, 157, '423600'),
(799, 157, '423602'),
(800, 157, '423603'),
(801, 157, '423604'),
(802, 157, '423605'),
(803, 157, '423606'),
(804, 158, '423505'),
(805, 158, '423523'),
(806, 158, '423524'),
(807, 158, '423522'),
(808, 158, '423521'),
(809, 158, '423520'),
(810, 159, '422551'),
(811, 159, '422550'),
(812, 159, '422549'),
(813, 159, '422545'),
(814, 159, '422546'),
(815, 159, '422541'),
(816, 159, '422544'),
(817, 159, '422540'),
(818, 159, '422542'),
(819, 159, '422521'),
(820, 159, '422548'),
(821, 148, '420006'),
(822, 148, '420005'),
(823, 148, '420004'),
(824, 148, '420021'),
(825, 148, '420033'),
(826, 148, '420034'),
(827, 148, '420036'),
(828, 148, '420017'),
(829, 148, '420132'),
(830, 148, '420032'),
(831, 148, '420031'),
(832, 148, '420029'),
(833, 148, '420140'),
(834, 148, '420025'),
(835, 148, '420075'),
(836, 148, '420018'),
(837, 148, '420043'),
(838, 148, '420015'),
(839, 148, '420014'),
(840, 148, '420012'),
(841, 148, '420011'),
(842, 148, '420073'),
(843, 148, '420030'),
(844, 148, '420074'),
(845, 148, '420080'),
(846, 148, '420079'),
(847, 148, '420078'),
(848, 148, '420077'),
(849, 148, '420076'),
(850, 148, '420087'),
(851, 148, '420129'),
(852, 148, '422712'),
(853, 148, '422705'),
(854, 148, '422700'),
(855, 148, '420138'),
(856, 148, '420141'),
(857, 148, '420103'),
(858, 148, '420139'),
(859, 148, '420054'),
(860, 148, '420100'),
(861, 148, '420130'),
(862, 148, '420101'),
(863, 148, '420127'),
(864, 148, '420126'),
(865, 148, '420124'),
(866, 148, '420108'),
(867, 148, '420105'),
(868, 148, '421001'),
(869, 148, '420045'),
(870, 148, '420102'),
(871, 148, '420085'),
(872, 148, '420000'),
(873, 148, '420088'),
(874, 148, '420091'),
(875, 148, '420094'),
(876, 148, '420056'),
(877, 148, '420096'),
(878, 148, '420095'),
(879, 148, '422723'),
(880, 148, '420098'),
(881, 148, '420099'),
(882, 148, '420083'),
(883, 148, '420111'),
(884, 148, '420081'),
(885, 148, '420071'),
(886, 148, '420059'),
(887, 148, '420097'),
(888, 148, '420107'),
(889, 148, '420070'),
(890, 148, '420066'),
(891, 148, '420060'),
(892, 148, '420057'),
(893, 148, '420037'),
(894, 148, '420055'),
(895, 148, '420039'),
(896, 148, '420053'),
(897, 148, '420051'),
(898, 148, '420049'),
(899, 148, '420047'),
(900, 148, '420044'),
(901, 148, '420061'),
(902, 160, '422610'),
(903, 1, '423255'),
(904, 1, '423257'),
(905, 1, '423260'),
(906, 1, '423258'),
(907, 1, '423256'),
(908, 1, '423254'),
(909, 1, '423253'),
(910, 1, '423252'),
(911, 1, '423251'),
(912, 1, '423259'),
(913, 1, '423250'),
(914, 162, '422192'),
(915, 162, '422191'),
(916, 162, '422190'),
(917, 163, '423651'),
(918, 163, '423652'),
(919, 163, '423650'),
(920, 164, '423702'),
(921, 164, '423701'),
(922, 164, '423700'),
(923, 164, '423703'),
(924, 149, '423822'),
(925, 149, '423801'),
(926, 149, '423825'),
(927, 149, '423826'),
(928, 149, '423827'),
(929, 149, '423832'),
(930, 149, '423823'),
(931, 149, '423803'),
(932, 149, '423814'),
(933, 149, '423821'),
(934, 149, '423820'),
(935, 149, '423819'),
(936, 149, '423850'),
(937, 149, '423816'),
(938, 149, '423800'),
(939, 149, '423812'),
(940, 149, '423810'),
(941, 149, '423806'),
(942, 149, '423802'),
(943, 149, '423824'),
(944, 165, '423585'),
(945, 165, '423584'),
(946, 165, '423582'),
(947, 165, '423587'),
(948, 165, '423570'),
(949, 165, '423575'),
(950, 165, '423576'),
(951, 165, '423577'),
(952, 165, '423578'),
(953, 165, '423579'),
(954, 166, '423042'),
(955, 166, '423040'),
(956, 166, '423041'),
(957, 166, '423000'),
(958, 166, '423030'),
(959, 168, '422370'),
(960, 169, '422982'),
(961, 169, '422981'),
(962, 169, '422980'),
(963, 169, '422986'),
(964, 169, '422985'),
(965, 169, '422951'),
(966, 169, '422983'),
(967, 169, '422984'),
(968, 172, '668050'),
(969, 171, '667007'),
(970, 171, '667009'),
(971, 171, '667003'),
(972, 171, '667000'),
(973, 174, '668510'),
(974, 173, '668110'),
(975, 175, '668210'),
(976, 179, '427434'),
(977, 179, '427432'),
(978, 179, '427405'),
(979, 179, '427430'),
(980, 179, '427431'),
(981, 179, '427438'),
(982, 179, '427437'),
(983, 179, '427433'),
(984, 179, '427436'),
(985, 179, '427440'),
(986, 179, '427435'),
(987, 179, '427441'),
(988, 179, '427439'),
(989, 180, '427622'),
(990, 180, '427628'),
(991, 180, '427624'),
(992, 180, '427626'),
(993, 180, '427620'),
(994, 180, '427627'),
(995, 180, '427621'),
(996, 180, '427630'),
(997, 180, '427629'),
(998, 180, '427631'),
(999, 177, '426060'),
(1000, 177, '426057'),
(1001, 177, '426062'),
(1002, 177, '426063'),
(1003, 177, '426067'),
(1004, 177, '426019'),
(1005, 177, '426053'),
(1006, 177, '426065'),
(1007, 177, '426054'),
(1008, 177, '426033'),
(1009, 177, '426068'),
(1010, 177, '426034'),
(1011, 177, '426032'),
(1012, 177, '426030'),
(1013, 177, '426028'),
(1014, 177, '426027'),
(1015, 177, '426069'),
(1016, 177, '426021'),
(1017, 177, '426036'),
(1018, 177, '426035'),
(1019, 177, '426016'),
(1020, 177, '426075'),
(1021, 177, '426052'),
(1022, 177, '426049'),
(1023, 177, '426041'),
(1024, 177, '426039'),
(1025, 177, '426023'),
(1026, 177, '426009'),
(1027, 177, '426000'),
(1028, 177, '426003'),
(1029, 177, '426073'),
(1030, 177, '426010'),
(1031, 177, '426008'),
(1032, 177, '426011'),
(1033, 177, '426038'),
(1034, 177, '426013'),
(1035, 177, '426006'),
(1036, 177, '426072'),
(1037, 182, '427954'),
(1038, 182, '427950'),
(1039, 182, '427953'),
(1040, 182, '427951'),
(1041, 181, '427895'),
(1042, 181, '427891'),
(1043, 181, '427798'),
(1044, 181, '427797'),
(1045, 181, '427795'),
(1046, 181, '427791'),
(1047, 181, '427790'),
(1048, 181, '427793'),
(1049, 181, '427792'),
(1050, 181, '427794'),
(1051, 178, '427972'),
(1052, 178, '427968'),
(1053, 178, '427961'),
(1054, 178, '427960'),
(1055, 178, '427971'),
(1056, 178, '427974'),
(1057, 178, '427962'),
(1058, 178, '427970'),
(1059, 178, '427967'),
(1060, 178, '427966'),
(1061, 178, '427965'),
(1062, 178, '427964'),
(1063, 178, '429964'),
(1064, 187, '655750'),
(1065, 184, '655007'),
(1066, 184, '655018'),
(1067, 184, '655010'),
(1068, 184, '655017'),
(1069, 184, '655014'),
(1070, 184, '655012'),
(1071, 184, '655004'),
(1072, 184, '655002'),
(1073, 184, '655015'),
(1074, 184, '655003'),
(1075, 184, '655009'),
(1076, 184, '655000'),
(1077, 184, '655011'),
(1078, 185, '655603'),
(1079, 185, '655602'),
(1080, 185, '655619'),
(1081, 185, '655614'),
(1082, 185, '655714'),
(1083, 188, '655111'),
(1084, 186, '655150'),
(1085, 186, '655154'),
(1086, 191, '366310'),
(1087, 190, '364004'),
(1088, 190, '364059'),
(1089, 190, '336400'),
(1090, 190, '364061'),
(1091, 190, '364091'),
(1092, 190, '364063'),
(1093, 190, '364001'),
(1094, 190, '364002'),
(1095, 190, '364905'),
(1096, 190, '364003'),
(1097, 190, '364058'),
(1098, 190, '364052'),
(1099, 190, '366000'),
(1100, 190, '364901'),
(1101, 190, '364913'),
(1102, 190, '364902'),
(1103, 190, '364047'),
(1104, 190, '364046'),
(1105, 190, '364043'),
(1106, 190, '364042'),
(1107, 190, '364041'),
(1108, 190, '364903'),
(1109, 190, '364093'),
(1110, 190, '364051'),
(1111, 190, '364904'),
(1112, 190, '366007'),
(1113, 190, '364040'),
(1114, 190, '364060'),
(1115, 190, '364049'),
(1116, 190, '364050'),
(1117, 190, '364038'),
(1118, 190, '364005'),
(1119, 190, '364030'),
(1120, 190, '364037'),
(1121, 190, '364008'),
(1122, 190, '364016'),
(1123, 190, '364031'),
(1124, 190, '364015'),
(1125, 190, '364014'),
(1126, 190, '364020'),
(1127, 190, '364011'),
(1128, 190, '366001'),
(1129, 190, '364007'),
(1130, 190, '364006'),
(1131, 190, '364034'),
(1132, 190, '364035'),
(1133, 190, '364025'),
(1134, 190, '364032'),
(1135, 190, '364013'),
(1136, 190, '364017'),
(1137, 190, '364022'),
(1138, 190, '364029'),
(1139, 190, '364028'),
(1140, 190, '364018'),
(1141, 190, '364027'),
(1142, 190, '364914'),
(1143, 190, '364907'),
(1144, 190, '364021'),
(1145, 190, '364906'),
(1146, 192, '366900'),
(1147, 193, '366504'),
(1148, 193, '366508'),
(1149, 193, '366503'),
(1150, 193, '366507'),
(1151, 193, '366505'),
(1152, 193, '366510'),
(1153, 193, '366506'),
(1154, 193, '366501'),
(1155, 193, '366500'),
(1156, 193, '366512'),
(1157, 193, '366511'),
(1158, 193, '366502'),
(1159, 194, '366300'),
(1160, 207, '658130'),
(1161, 207, '658136'),
(1162, 207, '658137'),
(1163, 207, '658138'),
(1164, 207, '658131'),
(1165, 207, '658135'),
(1166, 207, '658133'),
(1167, 206, '656023'),
(1168, 206, '656904'),
(1169, 206, '656922'),
(1170, 206, '656910'),
(1171, 206, '656909'),
(1172, 206, '656907'),
(1173, 206, '656064'),
(1174, 206, '656903'),
(1175, 206, '656006'),
(1176, 206, '656002'),
(1177, 206, '656065'),
(1178, 206, '656037'),
(1179, 206, '656066'),
(1180, 206, '656036'),
(1181, 206, '656035'),
(1182, 206, '656906'),
(1183, 206, '656004'),
(1184, 206, '656038'),
(1185, 206, '656062'),
(1186, 206, '656063'),
(1187, 206, '656058'),
(1188, 206, '656019'),
(1189, 206, '656043'),
(1190, 206, '656008'),
(1191, 206, '656040'),
(1192, 206, '656044'),
(1193, 206, '656067'),
(1194, 206, '656901'),
(1195, 206, '656902'),
(1196, 206, '656003'),
(1197, 206, '656060'),
(1198, 206, '656000'),
(1199, 206, '656039'),
(1200, 206, '656905'),
(1201, 206, '656053'),
(1202, 206, '656057'),
(1203, 206, '656049'),
(1204, 206, '656050'),
(1205, 206, '656052'),
(1206, 206, '656021'),
(1207, 206, '656010'),
(1208, 206, '656011'),
(1209, 206, '656031'),
(1210, 206, '656056'),
(1211, 206, '656045'),
(1212, 206, '656012'),
(1213, 206, '656015'),
(1214, 206, '656016'),
(1215, 208, '659900'),
(1216, 209, '659318'),
(1217, 209, '659309'),
(1218, 209, '659301'),
(1219, 209, '659308'),
(1220, 209, '659306'),
(1221, 209, '659316'),
(1222, 209, '659305'),
(1223, 209, '659315'),
(1224, 209, '659300'),
(1225, 209, '659304'),
(1226, 209, '659311'),
(1227, 209, '659328'),
(1228, 209, '659312'),
(1229, 209, '659319'),
(1230, 209, '659391'),
(1231, 209, '659314'),
(1232, 209, '659332'),
(1233, 209, '659326'),
(1234, 209, '659310'),
(1235, 209, '659331'),
(1236, 209, '659329'),
(1237, 209, '659330'),
(1238, 209, '659324'),
(1239, 209, '659323'),
(1240, 209, '659322'),
(1241, 209, '659321'),
(1242, 209, '659336'),
(1243, 209, '659325'),
(1244, 209, '659333'),
(1245, 209, '659302'),
(1246, 209, '659303'),
(1247, 209, '659334'),
(1248, 209, '659342'),
(1249, 209, '659320'),
(1250, 217, '658424'),
(1251, 217, '658423'),
(1252, 217, '658421'),
(1253, 217, '658420'),
(1254, 214, '659100'),
(1255, 216, '658480'),
(1256, 216, '658473'),
(1257, 210, '658702'),
(1258, 210, '658701'),
(1259, 210, '658705'),
(1260, 210, '658700'),
(1261, 210, '658709'),
(1262, 210, '658707'),
(1263, 210, '658706'),
(1264, 210, '658703'),
(1265, 210, '658704'),
(1266, 211, '658090'),
(1267, 211, '658082'),
(1268, 211, '658041'),
(1269, 211, '658081'),
(1270, 211, '658083'),
(1271, 211, '658084'),
(1272, 211, '658080'),
(1273, 211, '658085'),
(1274, 211, '658091'),
(1275, 211, '658087'),
(1276, 211, '658089'),
(1277, 212, '658222'),
(1278, 212, '658224'),
(1279, 212, '658200'),
(1280, 212, '658206'),
(1281, 212, '658223'),
(1282, 212, '658201'),
(1283, 212, '658203'),
(1284, 212, '658227'),
(1285, 212, '658204'),
(1286, 212, '658220'),
(1287, 212, '658219'),
(1288, 212, '658218'),
(1289, 212, '658214'),
(1290, 212, '658213'),
(1291, 212, '658210'),
(1292, 212, '658208'),
(1293, 212, '658225'),
(1294, 213, '658841'),
(1295, 213, '658846'),
(1296, 213, '658823'),
(1297, 213, '658848'),
(1298, 213, '658825'),
(1299, 213, '658842'),
(1300, 213, '658847'),
(1301, 213, '658849'),
(1302, 213, '658843'),
(1303, 213, '658835'),
(1304, 215, '658837'),
(1305, 215, '658839'),
(1306, 225, '353320'),
(1307, 226, '353451'),
(1308, 226, '353450'),
(1309, 226, '353431'),
(1310, 226, '353457'),
(1311, 226, '353454'),
(1312, 226, '353445'),
(1313, 226, '353440'),
(1314, 226, '353417'),
(1315, 226, '353427'),
(1316, 226, '353447'),
(1317, 226, '353456'),
(1318, 227, '352691'),
(1319, 227, '352690'),
(1320, 220, '352932'),
(1321, 220, '352919'),
(1322, 220, '352906'),
(1323, 220, '392923'),
(1324, 220, '352931'),
(1325, 220, '352924'),
(1326, 220, '352930'),
(1327, 220, '352941'),
(1328, 220, '352942'),
(1329, 220, '352947'),
(1330, 220, '352926'),
(1331, 220, '352922'),
(1332, 220, '352923'),
(1333, 220, '352925'),
(1334, 220, '352915'),
(1335, 220, '352910'),
(1336, 220, '352912'),
(1337, 220, '352909'),
(1338, 220, '352913'),
(1339, 220, '352905'),
(1340, 220, '352902'),
(1341, 220, '352900'),
(1342, 220, '352903'),
(1343, 229, '352634'),
(1344, 229, '352635'),
(1345, 229, '352633'),
(1346, 229, '352601'),
(1347, 229, '352630'),
(1348, 229, '352631'),
(1349, 221, '353477'),
(1350, 221, '353475'),
(1351, 221, '353468'),
(1352, 221, '353467'),
(1353, 221, '353461'),
(1354, 221, '353466'),
(1355, 221, '353460'),
(1356, 221, '353483'),
(1357, 221, '353484'),
(1358, 221, '353480'),
(1359, 221, '353497'),
(1360, 221, '353465'),
(1361, 221, '353481'),
(1362, 221, '353495'),
(1363, 221, '353494'),
(1364, 221, '353493'),
(1365, 221, '353496'),
(1366, 221, '353492'),
(1367, 221, '353491'),
(1368, 221, '353490'),
(1369, 221, '353488'),
(1370, 221, '353485'),
(1371, 221, '353482'),
(1372, 222, '353274'),
(1373, 222, '353280'),
(1374, 222, '353288'),
(1375, 222, '353281'),
(1376, 222, '353275'),
(1377, 222, '353290'),
(1378, 222, '353287'),
(1379, 222, '353282'),
(1380, 222, '353285'),
(1381, 222, '353294'),
(1382, 222, '353273'),
(1383, 222, '353276'),
(1384, 222, '353271'),
(1385, 222, '353286'),
(1386, 222, '353284'),
(1387, 222, '353283'),
(1388, 230, '352193'),
(1389, 230, '352156'),
(1390, 230, '352190'),
(1391, 230, '352195'),
(1392, 230, '352191'),
(1393, 230, '352151'),
(1394, 230, '352194'),
(1395, 230, '352192'),
(1396, 231, '353691'),
(1397, 231, '353676'),
(1398, 231, '353680'),
(1399, 231, '353682'),
(1400, 231, '353684'),
(1401, 231, '353685'),
(1402, 231, '353688'),
(1403, 231, '353681'),
(1404, 233, '353182'),
(1405, 233, '353185'),
(1406, 233, '353183'),
(1407, 233, '353187'),
(1408, 233, '353181'),
(1409, 233, '353180'),
(1410, 219, '350904'),
(1411, 219, '350087'),
(1412, 219, '350080'),
(1413, 219, '350004'),
(1414, 219, '350002'),
(1415, 219, '350000'),
(1416, 219, '350040'),
(1417, 219, '350077'),
(1418, 219, '350078'),
(1419, 219, '350085'),
(1420, 219, '350073'),
(1421, 219, '350042'),
(1422, 219, '350054'),
(1423, 219, '350055'),
(1424, 219, '350056'),
(1425, 219, '350058'),
(1426, 219, '350051'),
(1427, 219, '350060'),
(1428, 219, '350049'),
(1429, 219, '350062'),
(1430, 219, '350063'),
(1431, 219, '350900'),
(1432, 219, '350065'),
(1433, 219, '353053'),
(1434, 219, '350059'),
(1435, 219, '350075'),
(1436, 219, '350912'),
(1437, 219, '350109'),
(1438, 219, '350038'),
(1439, 219, '350903'),
(1440, 219, '350072'),
(1441, 219, '350906'),
(1442, 219, '350053'),
(1443, 219, '350910'),
(1444, 219, '350089'),
(1445, 219, '350915'),
(1446, 219, '350916'),
(1447, 219, '350901'),
(1448, 219, '350061'),
(1449, 219, '350047'),
(1450, 219, '350909'),
(1451, 219, '350908'),
(1452, 219, '350012'),
(1453, 219, '350064'),
(1454, 219, '350921'),
(1455, 219, '350021'),
(1456, 219, '350911'),
(1457, 219, '353906'),
(1458, 219, '350066'),
(1459, 219, '353204'),
(1460, 219, '350024'),
(1461, 219, '350005'),
(1462, 219, '350007'),
(1463, 219, '350011'),
(1464, 219, '350015'),
(1465, 219, '350018'),
(1466, 219, '353202'),
(1467, 219, '350032'),
(1468, 219, '353085'),
(1469, 219, '350037'),
(1470, 219, '350034'),
(1471, 219, '350010'),
(1472, 219, '350033'),
(1473, 219, '350020'),
(1474, 219, '350031'),
(1475, 219, '350030'),
(1476, 219, '350029'),
(1477, 219, '350027'),
(1478, 219, '350001'),
(1479, 219, '350023'),
(1480, 219, '350039'),
(1481, 232, '352396'),
(1482, 232, '352395'),
(1483, 232, '352382'),
(1484, 232, '352386'),
(1485, 232, '352392'),
(1486, 232, '352387'),
(1487, 232, '352389'),
(1488, 232, '352391'),
(1489, 232, '352394'),
(1490, 232, '352380'),
(1491, 232, '352390'),
(1492, 232, '352393'),
(1493, 234, '353387'),
(1494, 234, '353389'),
(1495, 234, '353383'),
(1496, 234, '353388'),
(1497, 234, '353386'),
(1498, 234, '353385'),
(1499, 234, '353384'),
(1500, 234, '353380'),
(1501, 235, '352430'),
(1502, 235, '352431'),
(1503, 235, '352416'),
(1504, 235, '352432'),
(1505, 235, '352433'),
(1506, 235, '352436'),
(1507, 235, '352423'),
(1508, 236, '352505'),
(1509, 236, '352503'),
(1510, 236, '352507'),
(1511, 236, '352504'),
(1512, 236, '322507'),
(1513, 236, '352508'),
(1514, 236, '352501'),
(1515, 236, '352500'),
(1516, 236, '352506'),
(1517, 236, '352502'),
(1518, 237, '352242'),
(1519, 237, '352241'),
(1520, 237, '352240'),
(1521, 237, '352244'),
(1522, 237, '352243'),
(1523, 237, '352238'),
(1524, 223, '353313'),
(1525, 223, '353400'),
(1526, 223, '353431'),
(1527, 223, '353903'),
(1528, 223, '353905'),
(1529, 223, '353912'),
(1530, 223, '353911'),
(1531, 223, '353916'),
(1532, 223, '353995'),
(1533, 223, '353907'),
(1534, 223, '353996'),
(1535, 223, '353983'),
(1536, 223, '353910'),
(1537, 223, '353906'),
(1538, 223, '353432'),
(1539, 223, '353900'),
(1540, 223, '353997'),
(1541, 223, '353913'),
(1542, 223, '353915'),
(1543, 223, '353902'),
(1544, 223, '353994'),
(1545, 223, '353993'),
(1546, 223, '353923'),
(1547, 223, '353919'),
(1548, 223, '353909'),
(1549, 223, '353922'),
(1550, 223, '353991'),
(1551, 223, '353309'),
(1552, 223, '353917'),
(1553, 223, '353901'),
(1554, 223, '353960'),
(1555, 238, '353898'),
(1556, 238, '353860'),
(1557, 238, '353895'),
(1558, 238, '353864'),
(1559, 238, '353861'),
(1560, 239, '353560'),
(1561, 224, '354220'),
(1562, 224, '354215'),
(1563, 224, '354002'),
(1564, 224, '354000'),
(1565, 224, '354213'),
(1566, 224, '354057'),
(1567, 224, '354203'),
(1568, 224, '354206'),
(1569, 224, '354212'),
(1570, 224, '354211'),
(1571, 224, '354209'),
(1572, 224, '354003'),
(1573, 224, '354207'),
(1574, 224, '354202'),
(1575, 224, '354204'),
(1576, 224, '354008'),
(1577, 224, '354349'),
(1578, 224, '354375'),
(1579, 224, '354208'),
(1580, 224, '354205'),
(1581, 224, '354537'),
(1582, 224, '354394'),
(1583, 224, '354039'),
(1584, 224, '354396'),
(1585, 224, '354534'),
(1586, 224, '354535'),
(1587, 224, '354388'),
(1588, 224, '354538'),
(1589, 224, '354387'),
(1590, 224, '354383'),
(1591, 224, '354340'),
(1592, 224, '354376'),
(1593, 224, '354384'),
(1594, 224, '354342'),
(1595, 224, '354201'),
(1596, 224, '354364'),
(1597, 224, '354343'),
(1598, 224, '354221'),
(1599, 224, '354034'),
(1600, 224, '354226'),
(1601, 224, '354231'),
(1602, 224, '354389'),
(1603, 224, '354382'),
(1604, 224, '354066'),
(1605, 224, '354233'),
(1606, 224, '354037'),
(1607, 224, '354045'),
(1608, 224, '354051'),
(1609, 224, '354053'),
(1610, 224, '354054'),
(1611, 224, '354056'),
(1612, 224, '354386'),
(1613, 224, '354395'),
(1614, 224, '354065'),
(1615, 224, '354385'),
(1616, 224, '354068'),
(1617, 224, '354078'),
(1618, 224, '354200'),
(1619, 224, '354024'),
(1620, 224, '354055'),
(1621, 224, '354539'),
(1622, 224, '354390'),
(1623, 224, '354391'),
(1624, 224, '354392'),
(1625, 224, '354393'),
(1626, 224, '354064'),
(1627, 240, '353500'),
(1628, 240, '353503'),
(1629, 240, '353501'),
(1630, 240, '353506'),
(1631, 240, '353507'),
(1632, 240, '353508'),
(1633, 240, '353502'),
(1634, 240, '353505'),
(1635, 241, '352700'),
(1636, 242, '352121'),
(1637, 242, '352120'),
(1638, 242, '352128'),
(1639, 242, '352126'),
(1640, 242, '352125'),
(1641, 242, '352122'),
(1642, 243, '352800'),
(1643, 244, '352330'),
(1644, 244, '352335'),
(1645, 228, '352680'),
(1646, 263, '662951'),
(1647, 254, '662156'),
(1648, 254, '662150'),
(1649, 254, '662152'),
(1650, 254, '662153'),
(1651, 254, '662159'),
(1652, 254, '662155'),
(1653, 254, '662161'),
(1654, 254, '662172'),
(1655, 254, '662162'),
(1656, 254, '662165'),
(1657, 255, '662060'),
(1658, 255, '662061'),
(1659, 255, '662062'),
(1660, 255, '662063'),
(1661, 247, '663981'),
(1662, 247, '663980'),
(1663, 248, '663091'),
(1664, 248, '663094'),
(1665, 248, '663083'),
(1666, 248, '663090'),
(1667, 248, '663093'),
(1668, 248, '663082'),
(1669, 248, '660910'),
(1670, 268, '647005'),
(1671, 268, '647501'),
(1672, 268, '647502'),
(1673, 268, '647503'),
(1674, 268, '647504'),
(1675, 268, '647506'),
(1676, 268, '647505'),
(1677, 268, '647000'),
(1678, 256, '663182'),
(1679, 256, '663183'),
(1680, 256, '663184'),
(1681, 256, '663185'),
(1682, 256, '663180'),
(1683, 256, '663181'),
(1684, 249, '662991'),
(1685, 249, '662970'),
(1686, 249, '662971'),
(1687, 249, '662972'),
(1688, 249, '662973'),
(1689, 249, '662974'),
(1690, 249, '662977'),
(1691, 249, '662980'),
(1692, 249, '662979'),
(1693, 249, '663034'),
(1694, 249, '662975'),
(1695, 249, '662978'),
(1696, 264, '663960'),
(1697, 250, '663692'),
(1698, 250, '663691'),
(1699, 250, '663690'),
(1700, 250, '663693'),
(1701, 250, '663694'),
(1702, 265, '663200'),
(1703, 261, '663801'),
(1704, 261, '663800'),
(1705, 257, '663611'),
(1706, 257, '663604'),
(1707, 257, '663605'),
(1708, 257, '663606'),
(1709, 257, '663610'),
(1710, 257, '663602'),
(1711, 257, '663612'),
(1712, 257, '663613'),
(1713, 257, '663600'),
(1714, 257, '663615'),
(1715, 257, '663614'),
(1716, 257, '663601'),
(1717, 257, '663609'),
(1718, 262, '663491'),
(1719, 262, '663492'),
(1720, 246, '660135'),
(1721, 246, '660115'),
(1722, 246, '660119'),
(1723, 246, '660078'),
(1724, 246, '660036'),
(1725, 246, '660118'),
(1726, 246, '660111'),
(1727, 246, '660112'),
(1728, 246, '660032'),
(1729, 246, '660031'),
(1730, 246, '660030'),
(1731, 246, '660028'),
(1732, 246, '660027'),
(1733, 246, '660100'),
(1734, 246, '660113'),
(1735, 246, '660079'),
(1736, 246, '660037'),
(1737, 246, '660017'),
(1738, 246, '660130'),
(1739, 246, '660092'),
(1740, 246, '660122'),
(1741, 246, '660099'),
(1742, 246, '660123'),
(1743, 246, '660041'),
(1744, 246, '660124'),
(1745, 246, '660125'),
(1746, 246, '660023'),
(1747, 246, '660093'),
(1748, 246, '660077'),
(1749, 246, '660094'),
(1750, 246, '660075'),
(1751, 246, '660016'),
(1752, 246, '660074'),
(1753, 246, '660052'),
(1754, 246, '660003'),
(1755, 246, '660121'),
(1756, 246, '660068'),
(1757, 246, '660067'),
(1758, 246, '660062'),
(1759, 246, '660061'),
(1760, 246, '660069'),
(1761, 246, '660059'),
(1762, 246, '660060'),
(1763, 246, '660048'),
(1764, 246, '660046'),
(1765, 246, '660073'),
(1766, 246, '660015'),
(1767, 246, '660011'),
(1768, 246, '660014'),
(1769, 246, '660013'),
(1770, 246, '660012'),
(1771, 246, '660018'),
(1772, 246, '660010'),
(1773, 246, '660000'),
(1774, 246, '660001'),
(1775, 246, '660019'),
(1776, 246, '660005'),
(1777, 246, '660004'),
(1778, 246, '660006'),
(1779, 246, '660054'),
(1780, 246, '660050'),
(1781, 246, '660021'),
(1782, 246, '660131'),
(1783, 246, '660020'),
(1784, 246, '660127'),
(1785, 246, '660025'),
(1786, 246, '660022'),
(1787, 246, '660055'),
(1788, 246, '660132'),
(1789, 246, '660056'),
(1790, 246, '660133'),
(1791, 246, '660058'),
(1792, 246, '660049'),
(1793, 246, '660043'),
(1794, 251, '662541'),
(1795, 251, '662556'),
(1796, 251, '662543'),
(1797, 251, '662546'),
(1798, 251, '662544'),
(1799, 251, '662548'),
(1800, 251, '662549'),
(1801, 251, '662547'),
(1802, 258, '662600'),
(1803, 258, '662602'),
(1804, 258, '662622'),
(1805, 258, '662605'),
(1806, 258, '662603'),
(1807, 258, '662601'),
(1808, 258, '662607'),
(1809, 258, '662606'),
(1810, 258, '662608'),
(1811, 258, '662610'),
(1812, 259, '662201'),
(1813, 259, '662202'),
(1814, 259, '662203'),
(1815, 259, '662205'),
(1816, 259, '662204'),
(1817, 259, '662206'),
(1818, 259, '662200'),
(1819, 252, '663321'),
(1820, 252, '663302'),
(1821, 252, '663318'),
(1822, 252, '663330'),
(1823, 252, '663332'),
(1824, 252, '663340'),
(1825, 252, '663335'),
(1826, 252, '663333'),
(1827, 252, '663305'),
(1828, 252, '663316'),
(1829, 252, '663319'),
(1830, 253, '662501'),
(1831, 253, '662500'),
(1832, 266, '662253'),
(1833, 266, '662255'),
(1834, 266, '662250'),
(1835, 267, '663920'),
(1836, 267, '663000'),
(1837, 260, '662305'),
(1838, 260, '662315'),
(1839, 260, '662312'),
(1840, 260, '662314'),
(1841, 260, '662311'),
(1842, 260, '662306'),
(1843, 260, '662313'),
(1844, 260, '662324'),
(1845, 271, '692342'),
(1846, 271, '692331'),
(1847, 271, '692335'),
(1848, 271, '692337'),
(1849, 271, '692338'),
(1850, 271, '692343'),
(1851, 272, '692756'),
(1852, 272, '692775'),
(1853, 272, '692779'),
(1854, 272, '692778'),
(1855, 272, '692754'),
(1856, 272, '692715'),
(1857, 272, '692764'),
(1858, 272, '692777'),
(1859, 272, '692751'),
(1860, 272, '692774'),
(1861, 272, '692759'),
(1862, 272, '692760'),
(1863, 272, '692771'),
(1864, 272, '692770'),
(1865, 276, '692803'),
(1866, 276, '692801'),
(1867, 276, '692880'),
(1868, 276, '692802'),
(1869, 276, '692804'),
(1870, 276, '692806'),
(1871, 276, '692809'),
(1872, 270, '690087'),
(1873, 270, '690080'),
(1874, 270, '690078'),
(1875, 270, '690077'),
(1876, 270, '690016'),
(1877, 270, '690089'),
(1878, 270, '690066'),
(1879, 270, '690033'),
(1880, 270, '690013'),
(1881, 270, '690014'),
(1882, 270, '690088'),
(1883, 270, '690017'),
(1884, 270, '690018'),
(1885, 270, '690021'),
(1886, 270, '690022'),
(1887, 270, '690042'),
(1888, 270, '690025'),
(1889, 270, '690090'),
(1890, 270, '690068'),
(1891, 270, '690035'),
(1892, 270, '690037'),
(1893, 270, '690039'),
(1894, 270, '690024'),
(1895, 270, '690034'),
(1896, 270, '690105'),
(1897, 270, '690911'),
(1898, 270, '690910'),
(1899, 270, '690912'),
(1900, 270, '690011'),
(1901, 270, '690000'),
(1902, 270, '690001'),
(1903, 270, '690920'),
(1904, 270, '690922'),
(1905, 270, '690005'),
(1906, 270, '690049'),
(1907, 270, '690091'),
(1908, 270, '690041'),
(1909, 270, '690002'),
(1910, 270, '690092'),
(1911, 270, '690074'),
(1912, 270, '690065'),
(1913, 270, '690063'),
(1914, 270, '690062'),
(1915, 270, '690054'),
(1916, 270, '690901'),
(1917, 270, '690048'),
(1918, 270, '690003'),
(1919, 270, '690012'),
(1920, 270, '690908'),
(1921, 270, '690106'),
(1922, 270, '690109'),
(1923, 270, '690108'),
(1924, 277, '692438'),
(1925, 277, '692446'),
(1926, 277, '692441'),
(1927, 277, '692442'),
(1928, 277, '692443'),
(1929, 278, '692136'),
(1930, 278, '693135'),
(1931, 278, '692107'),
(1932, 278, '692120'),
(1933, 278, '692130'),
(1934, 278, '692132'),
(1935, 278, '692133'),
(1936, 278, '692135'),
(1937, 278, '692138'),
(1938, 281, '692040'),
(1939, 281, '692051'),
(1940, 281, '692050'),
(1941, 281, '692049'),
(1942, 281, '692058'),
(1943, 281, '692047'),
(1944, 281, '692059'),
(1945, 281, '692052'),
(1946, 281, '692053'),
(1947, 281, '692054'),
(1948, 281, '692055'),
(1949, 281, '692041'),
(1950, 281, '692031'),
(1951, 281, '692042'),
(1952, 281, '692048'),
(1953, 281, '692039'),
(1954, 281, '692033'),
(1955, 281, '692036'),
(1956, 281, '692057'),
(1957, 281, '692038'),
(1958, 273, '692940'),
(1959, 273, '692926'),
(1960, 273, '692921'),
(1961, 273, '692923'),
(1962, 273, '692920'),
(1963, 273, '692924'),
(1964, 273, '692919'),
(1965, 273, '692904'),
(1966, 273, '692953'),
(1967, 273, '692954'),
(1968, 273, '692910'),
(1969, 273, '692906'),
(1970, 273, '692913'),
(1971, 273, '692914'),
(1972, 273, '692916'),
(1973, 273, '692903'),
(1974, 273, '692918'),
(1975, 273, '692902'),
(1976, 273, '692909'),
(1977, 273, '692922'),
(1978, 273, '692930'),
(1979, 273, '692905'),
(1980, 273, '692900'),
(1981, 273, '692928'),
(1982, 273, '692917'),
(1983, 273, '692955'),
(1984, 273, '692943'),
(1985, 273, '692941'),
(1986, 273, '692952'),
(1987, 273, '692929'),
(1988, 273, '692901'),
(1989, 274, '692861'),
(1990, 274, '692860'),
(1991, 274, '692984'),
(1992, 274, '692870'),
(1993, 274, '692850'),
(1994, 274, '692851'),
(1995, 274, '692852'),
(1996, 274, '692853'),
(1997, 274, '692854'),
(1998, 274, '692875'),
(1999, 274, '692858'),
(2000, 274, '692864'),
(2001, 274, '692871'),
(2002, 274, '692874'),
(2003, 274, '692877'),
(2004, 274, '692856'),
(2005, 279, '692243'),
(2006, 279, '692232'),
(2007, 279, '692233'),
(2008, 279, '692237'),
(2009, 279, '692245'),
(2010, 279, '692238'),
(2011, 279, '692239'),
(2012, 280, '692508'),
(2013, 280, '692532'),
(2014, 280, '692511'),
(2015, 280, '692510'),
(2016, 280, '692506'),
(2017, 280, '692500'),
(2018, 280, '692531'),
(2019, 280, '692502'),
(2020, 280, '692524'),
(2021, 280, '692515'),
(2022, 280, '692522'),
(2023, 280, '692526'),
(2024, 280, '692501'),
(2025, 280, '692509'),
(2026, 280, '692537'),
(2027, 280, '692527'),
(2028, 280, '692519'),
(2029, 280, '692546'),
(2030, 280, '692533'),
(2031, 280, '692534'),
(2032, 280, '692538'),
(2033, 280, '692539'),
(2034, 280, '692540'),
(2035, 280, '692541'),
(2036, 280, '692542'),
(2037, 280, '692543'),
(2038, 280, '692545'),
(2039, 280, '692548'),
(2040, 280, '692555'),
(2041, 280, '692557'),
(2042, 280, '692528'),
(2043, 280, '692544'),
(2044, 280, '692529'),
(2045, 280, '692525'),
(2046, 280, '692512'),
(2047, 280, '692530'),
(2048, 280, '692523'),
(2049, 275, '692881'),
(2050, 275, '692890'),
(2051, 275, '692891'),
(2052, 275, '692880'),
(2053, 292, '356420'),
(2054, 293, '356800'),
(2055, 290, '357826'),
(2056, 290, '357844'),
(2057, 290, '357831'),
(2058, 290, '357830'),
(2059, 290, '357821'),
(2060, 290, '357827'),
(2061, 290, '357823'),
(2062, 290, '357825'),
(2063, 290, '357820'),
(2064, 284, '357623'),
(2065, 284, '357634'),
(2066, 284, '357635'),
(2067, 284, '357601'),
(2068, 284, '357602'),
(2069, 284, '357633'),
(2070, 284, '357626'),
(2071, 284, '357600'),
(2072, 285, '357415'),
(2073, 285, '357405'),
(2074, 285, '357400'),
(2075, 285, '357401'),
(2076, 285, '357432'),
(2077, 285, '357430'),
(2078, 285, '357433'),
(2079, 285, '357419'),
(2080, 285, '357431'),
(2081, 300, '357915'),
(2082, 300, '357911'),
(2083, 300, '357912'),
(2084, 300, '357913'),
(2085, 300, '357300'),
(2086, 300, '357929'),
(2087, 300, '357910'),
(2088, 300, '357914'),
(2089, 294, '356141'),
(2090, 294, '356145'),
(2091, 294, '356146'),
(2092, 294, '356140'),
(2093, 295, '356630'),
(2094, 286, '357736'),
(2095, 286, '357715'),
(2096, 286, '357703'),
(2097, 286, '357748'),
(2098, 286, '357700'),
(2099, 287, '357340'),
(2100, 287, '357341'),
(2101, 287, '357348'),
(2102, 287, '357342'),
(2103, 291, '357000'),
(2104, 291, '357200'),
(2105, 291, '357202'),
(2106, 291, '357211'),
(2107, 291, '357212'),
(2108, 291, '357209'),
(2109, 291, '357201'),
(2110, 291, '357218'),
(2111, 291, '357210'),
(2112, 291, '357203'),
(2113, 291, '357207'),
(2114, 301, '356243'),
(2115, 301, '356240'),
(2116, 301, '356245'),
(2117, 301, '356244'),
(2118, 301, '356241'),
(2119, 288, '357101'),
(2120, 288, '357108'),
(2121, 288, '357111'),
(2122, 288, '357110'),
(2123, 288, '357107'),
(2124, 288, '357100'),
(2125, 288, '357106'),
(2126, 297, '356880'),
(2127, 297, '356884'),
(2128, 298, '356000'),
(2129, 296, '357301'),
(2130, 296, '357302'),
(2131, 296, '357300'),
(2132, 289, '357538'),
(2133, 289, '357504'),
(2134, 289, '357503'),
(2135, 289, '357600'),
(2136, 289, '357550'),
(2137, 289, '357502'),
(2138, 289, '357560'),
(2139, 289, '357501'),
(2140, 289, '357528'),
(2141, 289, '357565'),
(2142, 289, '357532'),
(2143, 289, '357551'),
(2144, 289, '357569'),
(2145, 289, '357566'),
(2146, 289, '357500'),
(2147, 299, '356530'),
(2148, 299, '356504'),
(2149, 283, '355038'),
(2150, 283, '355008'),
(2151, 283, '355045'),
(2152, 283, '355012'),
(2153, 283, '355016'),
(2154, 283, '355006'),
(2155, 283, '355005'),
(2156, 283, '355004'),
(2157, 283, '355003'),
(2158, 283, '355002'),
(2159, 283, '355001'),
(2160, 283, '355000'),
(2161, 283, '355007'),
(2162, 283, '355020'),
(2163, 283, '355047'),
(2164, 283, '355037'),
(2165, 283, '355041'),
(2166, 283, '355042'),
(2167, 283, '355040'),
(2168, 283, '355044'),
(2169, 283, '355029'),
(2170, 283, '355017'),
(2171, 283, '355018'),
(2172, 283, '355019'),
(2173, 283, '355013'),
(2174, 283, '355026'),
(2175, 283, '355031'),
(2176, 283, '355035'),
(2177, 304, '682647'),
(2178, 304, '682640'),
(2179, 305, '682972'),
(2180, 305, '682971'),
(2181, 305, '682973'),
(2182, 305, '682970'),
(2183, 309, '682950'),
(2184, 309, '682962'),
(2185, 309, '682951'),
(2186, 306, '681018'),
(2187, 306, '681035'),
(2188, 306, '681034'),
(2189, 306, '681031'),
(2190, 306, '681029'),
(2191, 306, '681022'),
(2192, 306, '681026'),
(2193, 306, '681000'),
(2194, 306, '681023'),
(2195, 306, '681013'),
(2196, 306, '681010'),
(2197, 306, '681027'),
(2198, 306, '681005'),
(2199, 306, '681001'),
(2200, 306, '681007'),
(2201, 306, '681025'),
(2202, 306, '681006'),
(2203, 306, '681008'),
(2204, 306, '681017'),
(2205, 306, '681024'),
(2206, 307, '682469'),
(2207, 307, '682462'),
(2208, 307, '682460'),
(2209, 308, '682848'),
(2210, 308, '682841'),
(2211, 308, '682800'),
(2212, 303, '680026'),
(2213, 303, '680030'),
(2214, 303, '680050'),
(2215, 303, '680038'),
(2216, 303, '680042'),
(2217, 303, '680031'),
(2218, 303, '680009'),
(2219, 303, '680041'),
(2220, 303, '680054'),
(2221, 303, '680067'),
(2222, 303, '680044'),
(2223, 303, '680032'),
(2224, 303, '680040'),
(2225, 303, '680028'),
(2226, 303, '680509'),
(2227, 303, '680029'),
(2228, 303, '680007'),
(2229, 303, '680014'),
(2230, 303, '680033'),
(2231, 303, '680022'),
(2232, 303, '680006'),
(2233, 303, '680025'),
(2234, 303, '680035'),
(2235, 303, '680011'),
(2236, 303, '680018'),
(2237, 303, '680016'),
(2238, 303, '680000'),
(2239, 303, '680001'),
(2240, 303, '680003'),
(2241, 303, '680004'),
(2242, 303, '680015'),
(2243, 303, '680047'),
(2244, 303, '680051'),
(2245, 303, '680021'),
(2246, 303, '680023'),
(2247, 303, '682304'),
(2248, 303, '680052'),
(2249, 303, '680013'),
(2250, 303, '680520'),
(2251, 303, '680020'),
(2252, 303, '680045'),
(2253, 314, '676850'),
(2254, 314, '676863'),
(2255, 314, '676856'),
(2256, 314, '676864'),
(2257, 314, '676862'),
(2258, 314, '676852'),
(2259, 314, '676859'),
(2260, 314, '676854'),
(2261, 314, '676853'),
(2262, 314, '676840'),
(2263, 314, '676855'),
(2264, 312, '675000'),
(2265, 312, '675530'),
(2266, 312, '675004'),
(2267, 312, '675006'),
(2268, 312, '675019'),
(2269, 312, '675018'),
(2270, 312, '675901'),
(2271, 312, '675010'),
(2272, 319, '676870'),
(2273, 315, '676246'),
(2274, 315, '676243'),
(2275, 315, '676244'),
(2276, 315, '676245'),
(2277, 313, '676772'),
(2278, 313, '676776'),
(2279, 313, '676770'),
(2280, 313, '676785'),
(2281, 316, '676450'),
(2282, 320, '676014'),
(2283, 317, '676283'),
(2284, 317, '676285'),
(2285, 317, '676280'),
(2286, 317, '676287'),
(2287, 317, '676290'),
(2288, 317, '676282'),
(2289, 318, '676306'),
(2290, 318, '676300'),
(2291, 318, '676307'),
(2292, 318, '676301'),
(2293, 322, '163025'),
(2294, 322, '163029'),
(2295, 322, '163030'),
(2296, 322, '163031'),
(2297, 322, '163023'),
(2298, 322, '163020'),
(2299, 322, '163032'),
(2300, 322, '163011'),
(2301, 322, '163026'),
(2302, 322, '163017'),
(2303, 322, '163012'),
(2304, 322, '163018'),
(2305, 322, '163009'),
(2306, 322, '163002'),
(2307, 322, '163001'),
(2308, 322, '163064'),
(2309, 322, '163019'),
(2310, 322, '163049'),
(2311, 322, '163071'),
(2312, 322, '163035'),
(2313, 322, '163021'),
(2314, 322, '163024'),
(2315, 322, '163013'),
(2316, 322, '163000'),
(2317, 322, '163059'),
(2318, 322, '163045'),
(2319, 322, '163044'),
(2320, 322, '163062'),
(2321, 322, '163039'),
(2322, 322, '163058'),
(2323, 322, '163046'),
(2324, 322, '163061'),
(2325, 322, '163050'),
(2326, 322, '163022'),
(2327, 322, '163055'),
(2328, 322, '163015'),
(2329, 322, '163048'),
(2330, 322, '163016'),
(2331, 322, '163027'),
(2332, 322, '163060'),
(2333, 322, '163028'),
(2334, 322, '163057'),
(2335, 322, '163051'),
(2336, 322, '163053'),
(2337, 322, '163038'),
(2338, 322, '163054'),
(2339, 327, '165150'),
(2340, 327, '165151'),
(2341, 327, '165152'),
(2342, 328, '164110'),
(2343, 328, '164111'),
(2344, 326, '165650'),
(2345, 329, '165340'),
(2346, 329, '165300'),
(2347, 329, '165311'),
(2348, 329, '165310'),
(2349, 329, '165306'),
(2350, 329, '165304'),
(2351, 329, '165303'),
(2352, 329, '165302'),
(2353, 331, '164750'),
(2354, 323, '164170'),
(2355, 324, '164900'),
(2356, 324, '164902'),
(2357, 324, '164901'),
(2358, 332, '164232'),
(2359, 332, '164200'),
(2360, 333, '164844'),
(2361, 333, '164840'),
(2362, 325, '164512'),
(2363, 325, '164509'),
(2364, 325, '164523'),
(2365, 325, '164525'),
(2366, 325, '164528'),
(2367, 325, '164526'),
(2368, 325, '164500'),
(2369, 325, '164501'),
(2370, 325, '164514'),
(2371, 325, '164502'),
(2372, 325, '164507'),
(2373, 325, '164521'),
(2374, 325, '164520'),
(2375, 325, '164524'),
(2376, 325, '164522'),
(2377, 325, '164504'),
(2378, 325, '164505'),
(2379, 325, '164515'),
(2380, 330, '165330'),
(2381, 334, '165160'),
(2382, 336, '414004'),
(2383, 336, '414021'),
(2384, 336, '414026'),
(2385, 336, '414018'),
(2386, 336, '414017'),
(2387, 336, '414016'),
(2388, 336, '414015'),
(2389, 336, '414030'),
(2390, 336, '414024'),
(2391, 336, '414013'),
(2392, 336, '414047'),
(2393, 336, '414057'),
(2394, 336, '414000'),
(2395, 336, '416130'),
(2396, 336, '414006'),
(2397, 336, '414011'),
(2398, 336, '414009'),
(2399, 336, '414032'),
(2400, 336, '414050'),
(2401, 336, '414042'),
(2402, 336, '414044'),
(2403, 336, '414051'),
(2404, 336, '414052'),
(2405, 336, '414056'),
(2406, 336, '414038'),
(2407, 336, '414041'),
(2408, 336, '414029'),
(2409, 336, '414040'),
(2410, 336, '414028'),
(2411, 336, '414014'),
(2412, 336, '414019'),
(2413, 336, '414022'),
(2414, 338, '416502'),
(2415, 338, '416500'),
(2416, 338, '416501'),
(2417, 338, '416510'),
(2418, 338, '416503'),
(2419, 338, '416504'),
(2420, 338, '416506'),
(2421, 337, '416550'),
(2422, 339, '416300'),
(2423, 339, '416340'),
(2424, 339, '416341'),
(2425, 339, '416344'),
(2426, 340, '416111'),
(2427, 341, '416011'),
(2428, 341, '416010'),
(2429, 347, '309857'),
(2430, 347, '309852'),
(2431, 347, '309853'),
(2432, 347, '309851'),
(2433, 347, '309854'),
(2434, 347, '309855'),
(2435, 347, '309850'),
(2436, 343, '308024'),
(2437, 343, '308033'),
(2438, 343, '308027'),
(2439, 343, '308025'),
(2440, 343, '308017'),
(2441, 343, '308023'),
(2442, 343, '308001'),
(2443, 343, '308018'),
(2444, 343, '308032'),
(2445, 343, '308007'),
(2446, 343, '308036'),
(2447, 343, '308006'),
(2448, 343, '308000'),
(2449, 343, '308019'),
(2450, 343, '308012'),
(2451, 343, '308002'),
(2452, 343, '308020');
INSERT INTO `b_sale_location_zip` (`ID`, `LOCATION_ID`, `ZIP`) VALUES
(2453, 343, '308010'),
(2454, 343, '308014'),
(2455, 343, '308015'),
(2456, 343, '308013'),
(2457, 351, '309921'),
(2458, 351, '309920'),
(2459, 348, '309994'),
(2460, 348, '309996'),
(2461, 348, '309991'),
(2462, 348, '309995'),
(2463, 348, '309993'),
(2464, 348, '309992'),
(2465, 349, '309372'),
(2466, 346, '309188'),
(2467, 346, '309142'),
(2468, 346, '309180'),
(2469, 346, '309181'),
(2470, 346, '309182'),
(2471, 346, '309183'),
(2472, 346, '309184'),
(2473, 346, '309186'),
(2474, 346, '309189'),
(2475, 346, '309190'),
(2476, 346, '309187'),
(2477, 346, '309185'),
(2478, 350, '309210'),
(2479, 352, '309641'),
(2480, 352, '309642'),
(2481, 352, '309640'),
(2482, 344, '309507'),
(2483, 344, '309509'),
(2484, 344, '309506'),
(2485, 344, '309505'),
(2486, 344, '309503'),
(2487, 344, '309504'),
(2488, 344, '309500'),
(2489, 344, '309518'),
(2490, 344, '309513'),
(2491, 344, '309512'),
(2492, 344, '309541'),
(2493, 344, '309540'),
(2494, 344, '309539'),
(2495, 344, '309516'),
(2496, 344, '309501'),
(2497, 344, '309514'),
(2498, 344, '309517'),
(2499, 344, '309502'),
(2500, 344, '309511'),
(2501, 344, '309508'),
(2502, 344, '309537'),
(2503, 353, '309070'),
(2504, 345, '309290'),
(2505, 345, '309294'),
(2506, 345, '309291'),
(2507, 345, '309292'),
(2508, 355, '241004'),
(2509, 355, '241029'),
(2510, 355, '241028'),
(2511, 355, '241016'),
(2512, 355, '241027'),
(2513, 355, '241902'),
(2514, 355, '241903'),
(2515, 355, '241025'),
(2516, 355, '241041'),
(2517, 355, '241013'),
(2518, 355, '241044'),
(2519, 355, '241040'),
(2520, 355, '241047'),
(2521, 355, '241904'),
(2522, 355, '241012'),
(2523, 355, '241037'),
(2524, 355, '241039'),
(2525, 355, '241050'),
(2526, 355, '241006'),
(2527, 355, '241020'),
(2528, 355, '241021'),
(2529, 355, '241014'),
(2530, 355, '241007'),
(2531, 355, '241010'),
(2532, 355, '241000'),
(2533, 355, '241024'),
(2534, 355, '241019'),
(2535, 355, '241035'),
(2536, 355, '241033'),
(2537, 355, '241023'),
(2538, 355, '241022'),
(2539, 359, '242600'),
(2540, 361, '242700'),
(2541, 361, '242702'),
(2542, 362, '243600'),
(2543, 363, '242500'),
(2544, 357, '243144'),
(2545, 357, '243146'),
(2546, 357, '243140'),
(2547, 357, '243111'),
(2548, 357, '243110'),
(2549, 364, '243220'),
(2550, 358, '243020'),
(2551, 365, '243400'),
(2552, 366, '242440'),
(2553, 356, '241550'),
(2554, 356, '241511'),
(2555, 356, '241551'),
(2556, 367, '243240'),
(2557, 368, '243500'),
(2558, 369, '242220'),
(2559, 370, '243300'),
(2560, 370, '243302'),
(2561, 360, '242610'),
(2562, 360, '242611'),
(2563, 377, '601670'),
(2564, 377, '601653'),
(2565, 377, '601657'),
(2566, 377, '601654'),
(2567, 377, '601652'),
(2568, 377, '601655'),
(2569, 377, '601651'),
(2570, 377, '601650'),
(2571, 372, '600007'),
(2572, 372, '600020'),
(2573, 372, '600018'),
(2574, 372, '600017'),
(2575, 372, '600033'),
(2576, 372, '600015'),
(2577, 372, '600009'),
(2578, 372, '600005'),
(2579, 372, '600003'),
(2580, 372, '600001'),
(2581, 372, '600031'),
(2582, 372, '600021'),
(2583, 372, '600028'),
(2584, 372, '600902'),
(2585, 372, '600026'),
(2586, 372, '600016'),
(2587, 372, '600014'),
(2588, 372, '600022'),
(2589, 372, '601289'),
(2590, 372, '601286'),
(2591, 372, '600903'),
(2592, 372, '601902'),
(2593, 372, '600901'),
(2594, 372, '600038'),
(2595, 372, '600037'),
(2596, 372, '600035'),
(2597, 372, '600032'),
(2598, 372, '600027'),
(2599, 372, '600000'),
(2600, 372, '600023'),
(2601, 372, '601257'),
(2602, 380, '601445'),
(2603, 380, '601443'),
(2604, 380, '601442'),
(2605, 380, '601441'),
(2606, 380, '601446'),
(2607, 380, '601430'),
(2608, 381, '601482'),
(2609, 381, '601480'),
(2610, 381, '601481'),
(2611, 381, '601483'),
(2612, 374, '601507'),
(2613, 374, '601500'),
(2614, 374, '601552'),
(2615, 374, '601501'),
(2616, 374, '601556'),
(2617, 374, '601551'),
(2618, 374, '601508'),
(2619, 374, '601506'),
(2620, 374, '601503'),
(2621, 374, '601505'),
(2622, 383, '601300'),
(2623, 383, '601301'),
(2624, 378, '601640'),
(2625, 378, '601641'),
(2626, 378, '601642'),
(2627, 384, '601010'),
(2628, 384, '601021'),
(2629, 384, '601012'),
(2630, 375, '601903'),
(2631, 375, '601900'),
(2632, 375, '601907'),
(2633, 375, '601914'),
(2634, 375, '601902'),
(2635, 375, '601911'),
(2636, 375, '601910'),
(2637, 375, '601909'),
(2638, 375, '601915'),
(2639, 375, '601916'),
(2640, 375, '601958'),
(2641, 375, '601979'),
(2642, 375, '601901'),
(2643, 385, '601770'),
(2644, 385, '601787'),
(2645, 385, '601784'),
(2646, 385, '601781'),
(2647, 385, '601782'),
(2648, 385, '601780'),
(2649, 385, '601785'),
(2650, 385, '601786'),
(2651, 388, '601110'),
(2652, 382, '601570'),
(2653, 391, '601240'),
(2654, 391, '601241'),
(2655, 391, '601242'),
(2656, 391, '601243'),
(2657, 386, '602102'),
(2658, 386, '602100'),
(2659, 386, '602103'),
(2660, 386, '602101'),
(2661, 376, '602205'),
(2662, 376, '602264'),
(2663, 376, '602266'),
(2664, 376, '602263'),
(2665, 376, '602267'),
(2666, 376, '602256'),
(2667, 376, '602201'),
(2668, 376, '602252'),
(2669, 376, '602262'),
(2670, 376, '602254'),
(2671, 376, '602251'),
(2672, 376, '602253'),
(2673, 376, '602257'),
(2674, 387, '601143'),
(2675, 387, '601141'),
(2676, 387, '601140'),
(2677, 387, '601144'),
(2678, 389, '601122'),
(2679, 389, '601120'),
(2680, 373, '600910'),
(2681, 390, '601202'),
(2682, 390, '601204'),
(2683, 390, '601203'),
(2684, 390, '601201'),
(2685, 379, '601671'),
(2686, 379, '601670'),
(2687, 379, '601672'),
(2688, 392, '601351'),
(2689, 392, '601352'),
(2690, 393, '601291'),
(2691, 393, '601293'),
(2692, 394, '601800'),
(2693, 396, '400125'),
(2694, 396, '400122'),
(2695, 396, '400107'),
(2696, 396, '400048'),
(2697, 396, '400032'),
(2698, 396, '400011'),
(2699, 396, '400029'),
(2700, 396, '400026'),
(2701, 396, '400023'),
(2702, 396, '400031'),
(2703, 396, '400076'),
(2704, 396, '400079'),
(2705, 396, '400057'),
(2706, 396, '400078'),
(2707, 396, '400080'),
(2708, 396, '400081'),
(2709, 396, '400069'),
(2710, 396, '400067'),
(2711, 396, '400046'),
(2712, 396, '400016'),
(2713, 396, '400065'),
(2714, 396, '400019'),
(2715, 396, '400009'),
(2716, 396, '400001'),
(2717, 396, '400072'),
(2718, 396, '400075'),
(2719, 396, '400007'),
(2720, 396, '400033'),
(2721, 396, '400002'),
(2722, 396, '400005'),
(2723, 396, '400051'),
(2724, 396, '400054'),
(2725, 396, '400017'),
(2726, 396, '400050'),
(2727, 396, '400034'),
(2728, 396, '400038'),
(2729, 396, '400039'),
(2730, 396, '400040'),
(2731, 396, '400131'),
(2732, 396, '400127'),
(2733, 396, '400020'),
(2734, 396, '400021'),
(2735, 396, '400015'),
(2736, 396, '400006'),
(2737, 396, '400012'),
(2738, 396, '400074'),
(2739, 396, '400105'),
(2740, 396, '400059'),
(2741, 396, '400121'),
(2742, 396, '400120'),
(2743, 396, '400119'),
(2744, 396, '400058'),
(2745, 396, '400093'),
(2746, 396, '400108'),
(2747, 396, '400111'),
(2748, 396, '400112'),
(2749, 396, '400088'),
(2750, 396, '400062'),
(2751, 396, '400094'),
(2752, 396, '400084'),
(2753, 396, '400117'),
(2754, 396, '400086'),
(2755, 396, '400123'),
(2756, 396, '400063'),
(2757, 396, '400064'),
(2758, 396, '400087'),
(2759, 396, '400000'),
(2760, 396, '400022'),
(2761, 396, '400010'),
(2762, 396, '400073'),
(2763, 397, '404102'),
(2764, 397, '404110'),
(2765, 397, '404124'),
(2766, 397, '404133'),
(2767, 397, '404106'),
(2768, 397, '404120'),
(2769, 397, '404101'),
(2770, 397, '404103'),
(2771, 397, '404104'),
(2772, 397, '404111'),
(2773, 397, '404122'),
(2774, 397, '404131'),
(2775, 397, '404130'),
(2776, 397, '404116'),
(2777, 397, '404114'),
(2778, 397, '404113'),
(2779, 402, '404002'),
(2780, 403, '403793'),
(2781, 403, '403792'),
(2782, 403, '403791'),
(2783, 404, '404507'),
(2784, 404, '404503'),
(2785, 404, '404504'),
(2786, 398, '403892'),
(2787, 398, '403874'),
(2788, 398, '403886'),
(2789, 398, '403873'),
(2790, 398, '403888'),
(2791, 398, '403889'),
(2792, 398, '403879'),
(2793, 398, '403871'),
(2794, 398, '403877'),
(2795, 398, '403894'),
(2796, 398, '403870'),
(2797, 398, '403882'),
(2798, 398, '403876'),
(2799, 398, '403895'),
(2800, 398, '403893'),
(2801, 398, '403881'),
(2802, 406, '404354'),
(2803, 406, '404352'),
(2804, 406, '404353'),
(2805, 407, '403805'),
(2806, 407, '403801'),
(2807, 407, '403802'),
(2808, 413, '404162'),
(2809, 413, '404160'),
(2810, 413, '404168'),
(2811, 413, '404161'),
(2812, 408, '404620'),
(2813, 408, '404621'),
(2814, 408, '404622'),
(2815, 399, '403341'),
(2816, 399, '403310'),
(2817, 399, '403344'),
(2818, 399, '403345'),
(2819, 399, '403346'),
(2820, 399, '403348'),
(2821, 399, '403340'),
(2822, 399, '403343'),
(2823, 399, '403342'),
(2824, 409, '404032'),
(2825, 409, '404033'),
(2826, 410, '403954'),
(2827, 410, '403955'),
(2828, 410, '403953'),
(2829, 410, '403958'),
(2830, 410, '403952'),
(2831, 410, '403951'),
(2832, 411, '404262'),
(2833, 411, '404264'),
(2834, 411, '404263'),
(2835, 411, '404261'),
(2836, 411, '404233'),
(2837, 411, '404256'),
(2838, 405, '403840'),
(2839, 412, '403441'),
(2840, 414, '404412'),
(2841, 414, '404415'),
(2842, 414, '404414'),
(2843, 414, '404411'),
(2844, 414, '404413'),
(2845, 400, '403117'),
(2846, 400, '403116'),
(2847, 400, '403115'),
(2848, 400, '403114'),
(2849, 400, '403113'),
(2850, 400, '403112'),
(2851, 400, '403111'),
(2852, 401, '403534'),
(2853, 401, '403533'),
(2854, 401, '403532'),
(2855, 401, '403538'),
(2856, 401, '403531'),
(2857, 401, '403540'),
(2858, 401, '403541'),
(2859, 401, '403536'),
(2860, 401, '403535'),
(2861, 401, '403518'),
(2862, 418, '162480'),
(2863, 418, '162481'),
(2864, 418, '162482'),
(2865, 418, '162483'),
(2866, 419, '161200'),
(2867, 420, '162390'),
(2868, 420, '162345'),
(2869, 420, '162341'),
(2870, 416, '160901'),
(2871, 416, '160002'),
(2872, 416, '160001'),
(2873, 416, '160035'),
(2874, 416, '160555'),
(2875, 416, '160019'),
(2876, 416, '160004'),
(2877, 416, '160009'),
(2878, 416, '160010'),
(2879, 416, '160011'),
(2880, 416, '160012'),
(2881, 416, '160013'),
(2882, 416, '160014'),
(2883, 416, '160530'),
(2884, 416, '160000'),
(2885, 416, '160025'),
(2886, 416, '160026'),
(2887, 416, '160034'),
(2888, 416, '160033'),
(2889, 416, '160032'),
(2890, 416, '160031'),
(2891, 416, '160028'),
(2892, 416, '160017'),
(2893, 416, '160501'),
(2894, 416, '160024'),
(2895, 416, '160022'),
(2896, 416, '160023'),
(2897, 416, '160021'),
(2898, 416, '160029'),
(2899, 422, '162900'),
(2900, 423, '162000'),
(2901, 427, '162107'),
(2902, 424, '161100'),
(2903, 421, '162341'),
(2904, 421, '162345'),
(2905, 421, '162390'),
(2906, 425, '161440'),
(2907, 426, '162130'),
(2908, 428, '131300'),
(2909, 428, '161300'),
(2910, 429, '162840'),
(2911, 430, '162250'),
(2912, 430, '162251'),
(2913, 417, '162609'),
(2914, 417, '162608'),
(2915, 417, '162606'),
(2916, 417, '162602'),
(2917, 417, '162603'),
(2918, 417, '162604'),
(2919, 417, '162601'),
(2920, 417, '162610'),
(2921, 417, '162611'),
(2922, 417, '162614'),
(2923, 417, '162620'),
(2924, 417, '162622'),
(2925, 417, '162600'),
(2926, 417, '162623'),
(2927, 417, '162624'),
(2928, 417, '162605'),
(2929, 417, '162626'),
(2930, 417, '162625'),
(2931, 417, '162612'),
(2932, 435, '397704'),
(2933, 435, '397706'),
(2934, 435, '397705'),
(2935, 435, '397700'),
(2936, 435, '397702'),
(2937, 435, '397701'),
(2938, 436, '396790'),
(2939, 436, '396791'),
(2940, 436, '396792'),
(2941, 437, '397160'),
(2942, 437, '397171'),
(2943, 437, '397167'),
(2944, 437, '397165'),
(2945, 437, '397170'),
(2946, 437, '397164'),
(2947, 437, '397163'),
(2948, 437, '397166'),
(2949, 437, '397172'),
(2950, 438, '397504'),
(2951, 438, '397500'),
(2952, 438, '397501'),
(2953, 438, '397507'),
(2954, 438, '397502'),
(2955, 438, '397505'),
(2956, 438, '397506'),
(2957, 432, '394077'),
(2958, 432, '394011'),
(2959, 432, '394010'),
(2960, 432, '394008'),
(2961, 432, '394007'),
(2962, 432, '394051'),
(2963, 432, '394050'),
(2964, 432, '394018'),
(2965, 432, '394086'),
(2966, 432, '394049'),
(2967, 432, '394076'),
(2968, 432, '394094'),
(2969, 432, '394062'),
(2970, 432, '394084'),
(2971, 432, '394088'),
(2972, 432, '394057'),
(2973, 432, '394063'),
(2974, 432, '394083'),
(2975, 432, '394092'),
(2976, 432, '394091'),
(2977, 432, '394056'),
(2978, 432, '394089'),
(2979, 432, '394065'),
(2980, 432, '394087'),
(2981, 432, '394052'),
(2982, 432, '394066'),
(2983, 432, '394040'),
(2984, 432, '394080'),
(2985, 432, '394068'),
(2986, 432, '394090'),
(2987, 432, '394038'),
(2988, 432, '394002'),
(2989, 432, '394006'),
(2990, 432, '394000'),
(2991, 432, '394075'),
(2992, 432, '394035'),
(2993, 432, '394029'),
(2994, 432, '394016'),
(2995, 432, '394036'),
(2996, 432, '394070'),
(2997, 432, '394042'),
(2998, 432, '394043'),
(2999, 432, '394048'),
(3000, 432, '394031'),
(3001, 432, '394033'),
(3002, 432, '394044'),
(3003, 432, '394093'),
(3004, 432, '394030'),
(3005, 432, '394073'),
(3006, 432, '394004'),
(3007, 432, '394019'),
(3008, 432, '394021'),
(3009, 432, '394023'),
(3010, 432, '394024'),
(3011, 432, '394026'),
(3012, 432, '394003'),
(3013, 432, '394014'),
(3014, 432, '394071'),
(3015, 432, '394028'),
(3016, 432, '394053'),
(3017, 432, '394055'),
(3018, 432, '394061'),
(3019, 432, '394074'),
(3020, 432, '394005'),
(3021, 432, '394072'),
(3022, 432, '394027'),
(3023, 434, '394045'),
(3024, 439, '397602'),
(3025, 439, '397600'),
(3026, 439, '397601'),
(3027, 439, '397631'),
(3028, 440, '397910'),
(3029, 440, '397903'),
(3030, 440, '397902'),
(3031, 440, '397906'),
(3032, 440, '397901'),
(3033, 440, '397900'),
(3034, 440, '397907'),
(3035, 440, '397908'),
(3036, 440, '397909'),
(3037, 440, '397904'),
(3038, 433, '396070'),
(3039, 433, '396071'),
(3040, 433, '396072'),
(3041, 433, '396073'),
(3042, 441, '397401'),
(3043, 441, '397400'),
(3044, 442, '397854'),
(3045, 442, '397855'),
(3046, 442, '397852'),
(3047, 442, '397853'),
(3048, 443, '396422'),
(3049, 443, '396421'),
(3050, 443, '396424'),
(3051, 443, '396456'),
(3052, 443, '396420'),
(3053, 444, '397355'),
(3054, 444, '397350'),
(3055, 444, '397351'),
(3056, 444, '397354'),
(3057, 445, '396659'),
(3058, 445, '396658'),
(3059, 445, '396657'),
(3060, 445, '396650'),
(3061, 445, '396651'),
(3062, 445, '396655'),
(3063, 445, '396656'),
(3064, 445, '396653'),
(3065, 445, '396660'),
(3066, 446, '396902'),
(3067, 446, '396900'),
(3068, 446, '396901'),
(3069, 447, '397030'),
(3070, 447, '397033'),
(3071, 447, '397032'),
(3072, 447, '397031'),
(3073, 451, '155333'),
(3074, 451, '155330'),
(3075, 451, '155334'),
(3076, 451, '155331'),
(3077, 451, '155332'),
(3078, 452, '155000'),
(3079, 453, '155412'),
(3080, 453, '155410'),
(3081, 449, '153051'),
(3082, 449, '153027'),
(3083, 449, '153025'),
(3084, 449, '153024'),
(3085, 449, '153020'),
(3086, 449, '153040'),
(3087, 449, '153043'),
(3088, 449, '153012'),
(3089, 449, '153023'),
(3090, 449, '153028'),
(3091, 449, '153052'),
(3092, 449, '153035'),
(3093, 449, '153521'),
(3094, 449, '153038'),
(3095, 449, '153015'),
(3096, 449, '153014'),
(3097, 449, '153013'),
(3098, 449, '153048'),
(3099, 449, '153007'),
(3100, 449, '153045'),
(3101, 449, '153006'),
(3102, 449, '153033'),
(3103, 449, '153005'),
(3104, 449, '153017'),
(3105, 449, '153003'),
(3106, 449, '153002'),
(3107, 449, '153031'),
(3108, 449, '153021'),
(3109, 449, '153029'),
(3110, 449, '153011'),
(3111, 449, '153042'),
(3112, 449, '153034'),
(3113, 449, '153022'),
(3114, 449, '153032'),
(3115, 449, '153008'),
(3116, 449, '153009'),
(3117, 449, '153030'),
(3118, 449, '153000'),
(3119, 454, '155805'),
(3120, 454, '155810'),
(3121, 454, '155800'),
(3122, 454, '155821'),
(3123, 454, '155808'),
(3124, 454, '155813'),
(3125, 454, '155815'),
(3126, 454, '155814'),
(3127, 454, '155809'),
(3128, 454, '155801'),
(3129, 454, '155802'),
(3130, 454, '155804'),
(3131, 454, '155806'),
(3132, 456, '155150'),
(3133, 450, '153511'),
(3134, 450, '153510'),
(3135, 450, '153512'),
(3136, 455, '155831'),
(3137, 455, '155830'),
(3138, 458, '155555'),
(3139, 457, '155550'),
(3140, 457, '155553'),
(3141, 459, '155362'),
(3142, 459, '155360'),
(3143, 460, '155251'),
(3144, 460, '155252'),
(3145, 460, '155250'),
(3146, 461, '155047'),
(3147, 461, '155043'),
(3148, 461, '155045'),
(3149, 461, '155048'),
(3150, 461, '155040'),
(3151, 462, '155522'),
(3152, 462, '155520'),
(3153, 462, '155523'),
(3154, 462, '155524'),
(3155, 462, '155521'),
(3156, 462, '155526'),
(3157, 463, '155905'),
(3158, 463, '155906'),
(3159, 463, '155902'),
(3160, 463, '155904'),
(3161, 463, '155903'),
(3162, 463, '155901'),
(3163, 463, '155900'),
(3164, 463, '155908'),
(3165, 463, '155912'),
(3166, 464, '155630'),
(3167, 465, '155450'),
(3168, 465, '155453'),
(3169, 465, '155452'),
(3170, 486, '665160'),
(3171, 470, '665827'),
(3172, 470, '665829'),
(3173, 470, '665830'),
(3174, 470, '665819'),
(3175, 470, '665832'),
(3176, 470, '665818'),
(3177, 470, '665834'),
(3178, 470, '665835'),
(3179, 470, '665836'),
(3180, 470, '665838'),
(3181, 470, '665826'),
(3182, 470, '665808'),
(3183, 470, '665831'),
(3184, 470, '665825'),
(3185, 470, '665824'),
(3186, 470, '665833'),
(3187, 470, '665800'),
(3188, 470, '665801'),
(3189, 470, '665816'),
(3190, 470, '665814'),
(3191, 470, '665813'),
(3192, 470, '665841'),
(3193, 470, '665810'),
(3194, 470, '665803'),
(3195, 470, '665852'),
(3196, 470, '665821'),
(3197, 470, '665806'),
(3198, 470, '665809'),
(3199, 488, '665913'),
(3200, 488, '665932'),
(3201, 488, '665930'),
(3202, 489, '665052'),
(3203, 489, '665053'),
(3204, 489, '665051'),
(3205, 489, '665050'),
(3206, 472, '666904'),
(3207, 472, '666901'),
(3208, 472, '666902'),
(3209, 472, '666910'),
(3210, 471, '665759'),
(3211, 471, '665710'),
(3212, 471, '665709'),
(3213, 471, '665714'),
(3214, 471, '665703'),
(3215, 471, '665717'),
(3216, 471, '665700'),
(3217, 471, '665734'),
(3218, 471, '665718'),
(3219, 471, '665719'),
(3220, 471, '665702'),
(3221, 471, '665708'),
(3222, 471, '665723'),
(3223, 471, '665724'),
(3224, 471, '665776'),
(3225, 471, '665730'),
(3226, 471, '665712'),
(3227, 471, '665781'),
(3228, 471, '665732'),
(3229, 471, '665725'),
(3230, 471, '665782'),
(3231, 471, '665783'),
(3232, 483, '665737'),
(3233, 483, '665771'),
(3234, 483, '665770'),
(3235, 483, '665772'),
(3236, 485, '665653'),
(3237, 485, '665651'),
(3238, 485, '665654'),
(3239, 473, '665383'),
(3240, 473, '665382'),
(3241, 473, '665385'),
(3242, 473, '665390'),
(3243, 473, '665393'),
(3244, 473, '665386'),
(3245, 473, '665392'),
(3246, 473, '665388'),
(3247, 469, '664037'),
(3248, 469, '664047'),
(3249, 469, '664046'),
(3250, 469, '664044'),
(3251, 469, '664014'),
(3252, 469, '664056'),
(3253, 469, '664035'),
(3254, 469, '664033'),
(3255, 469, '664025'),
(3256, 469, '664022'),
(3257, 469, '664029'),
(3258, 469, '664040'),
(3259, 469, '664050'),
(3260, 469, '664020'),
(3261, 469, '664007'),
(3262, 469, '664024'),
(3263, 469, '664082'),
(3264, 469, '664058'),
(3265, 469, '664039'),
(3266, 469, '664081'),
(3267, 469, '664078'),
(3268, 469, '664059'),
(3269, 469, '664013'),
(3270, 469, '664012'),
(3271, 469, '664049'),
(3272, 469, '664009'),
(3273, 469, '664080'),
(3274, 469, '664005'),
(3275, 469, '664017'),
(3276, 469, '664002'),
(3277, 469, '664019'),
(3278, 469, '664000'),
(3279, 469, '664003'),
(3280, 469, '664038'),
(3281, 469, '664074'),
(3282, 469, '664053'),
(3283, 469, '664001'),
(3284, 469, '664011'),
(3285, 469, '664043'),
(3286, 467, '664035'),
(3287, 484, '666705'),
(3288, 484, '666703'),
(3289, 484, '666702'),
(3290, 484, '666700'),
(3291, 474, '665106'),
(3292, 474, '665104'),
(3293, 474, '665103'),
(3294, 474, '665102'),
(3295, 474, '665101'),
(3296, 468, '666301'),
(3297, 468, '666302'),
(3298, 468, '666303'),
(3299, 468, '666304'),
(3300, 468, '666305'),
(3301, 468, '665301'),
(3302, 482, '665420'),
(3303, 487, '665904'),
(3304, 487, '665903'),
(3305, 487, '665902'),
(3306, 487, '665900'),
(3307, 475, '665003'),
(3308, 475, '665002'),
(3309, 475, '665001'),
(3310, 475, '665006'),
(3311, 475, '665000'),
(3312, 475, '665008'),
(3313, 475, '665004'),
(3314, 475, '665009'),
(3315, 475, '665010'),
(3316, 476, '665265'),
(3317, 476, '665250'),
(3318, 476, '665264'),
(3319, 476, '665260'),
(3320, 476, '665251'),
(3321, 476, '665268'),
(3322, 476, '665253'),
(3323, 476, '665252'),
(3324, 476, '665255'),
(3325, 476, '665254'),
(3326, 476, '665259'),
(3327, 476, '665257'),
(3328, 476, '665256'),
(3329, 476, '665262'),
(3330, 476, '665266'),
(3331, 476, '665263'),
(3332, 477, '665450'),
(3333, 477, '665452'),
(3334, 477, '665453'),
(3335, 477, '665458'),
(3336, 477, '665451'),
(3337, 477, '665459'),
(3338, 477, '665460'),
(3339, 477, '665462'),
(3340, 477, '665466'),
(3341, 478, '666637'),
(3342, 478, '666687'),
(3343, 478, '666681'),
(3344, 478, '666635'),
(3345, 478, '666682'),
(3346, 478, '666677'),
(3347, 478, '666673'),
(3348, 478, '666671'),
(3349, 478, '666685'),
(3350, 478, '666600'),
(3351, 478, '666684'),
(3352, 479, '666780'),
(3353, 480, '665404'),
(3354, 480, '665413'),
(3355, 480, '665402'),
(3356, 480, '665412'),
(3357, 480, '665407'),
(3358, 480, '665415'),
(3359, 480, '665414'),
(3360, 480, '665409'),
(3361, 480, '665410'),
(3362, 480, '665401'),
(3363, 480, '665408'),
(3364, 480, '665403'),
(3365, 481, '666031'),
(3366, 481, '666037'),
(3367, 481, '666032'),
(3368, 481, '666035'),
(3369, 481, '666034'),
(3370, 481, '666036'),
(3371, 481, '666033'),
(3372, 497, '238420'),
(3373, 510, '238521'),
(3374, 510, '238520'),
(3375, 498, '238210'),
(3376, 499, '238300'),
(3377, 500, '238052'),
(3378, 500, '238056'),
(3379, 500, '238055'),
(3380, 500, '238050'),
(3381, 500, '238051'),
(3382, 501, '238533'),
(3383, 501, '238530'),
(3384, 501, '238553'),
(3385, 491, '236038'),
(3386, 491, '236035'),
(3387, 491, '236034'),
(3388, 491, '236039'),
(3389, 491, '236016'),
(3390, 491, '236003'),
(3391, 491, '236000'),
(3392, 491, '236004'),
(3393, 491, '236029'),
(3394, 491, '236001'),
(3395, 491, '236011'),
(3396, 491, '236020'),
(3397, 491, '236006'),
(3398, 491, '236008'),
(3399, 491, '236009'),
(3400, 491, '236010'),
(3401, 491, '236005'),
(3402, 491, '238350'),
(3403, 491, '236013'),
(3404, 491, '236040'),
(3405, 491, '236019'),
(3406, 491, '236022'),
(3407, 491, '236023'),
(3408, 491, '236028'),
(3409, 502, '238730'),
(3410, 495, '238460'),
(3411, 496, '238450'),
(3412, 503, '238710'),
(3413, 504, '238010'),
(3414, 505, '238120'),
(3415, 492, '238590'),
(3416, 506, '238630'),
(3417, 507, '238400'),
(3418, 511, '238510'),
(3419, 512, '238563'),
(3420, 512, '238561'),
(3421, 512, '238560'),
(3422, 493, '238340'),
(3423, 493, '238347'),
(3424, 493, '238346'),
(3425, 493, '238345'),
(3426, 508, '238600'),
(3427, 494, '238756'),
(3428, 494, '238758'),
(3429, 494, '238753'),
(3430, 494, '238752'),
(3431, 494, '238755'),
(3432, 494, '238754'),
(3433, 494, '238750'),
(3434, 494, '238751'),
(3435, 509, '238151'),
(3436, 517, '249000'),
(3437, 523, '249160'),
(3438, 516, '249013'),
(3439, 516, '249010'),
(3440, 518, '249028'),
(3441, 521, '249340'),
(3442, 522, '249190'),
(3443, 522, '249191'),
(3444, 522, '249192'),
(3445, 514, '248600'),
(3446, 514, '248926'),
(3447, 514, '248921'),
(3448, 514, '248000'),
(3449, 514, '248920'),
(3450, 514, '248031'),
(3451, 514, '248032'),
(3452, 514, '248007'),
(3453, 514, '248912'),
(3454, 514, '248005'),
(3455, 514, '248911'),
(3456, 514, '248002'),
(3457, 514, '248901'),
(3458, 514, '248118'),
(3459, 514, '248019'),
(3460, 514, '248008'),
(3461, 514, '248022'),
(3462, 514, '248003'),
(3463, 514, '248001'),
(3464, 514, '248918'),
(3465, 514, '249810'),
(3466, 514, '248903'),
(3467, 514, '248025'),
(3468, 514, '248029'),
(3469, 514, '248028'),
(3470, 514, '248017'),
(3471, 514, '248016'),
(3472, 514, '248015'),
(3473, 514, '248012'),
(3474, 514, '248011'),
(3475, 514, '248010'),
(3476, 514, '248018'),
(3477, 514, '248009'),
(3478, 514, '248030'),
(3479, 514, '248023'),
(3480, 514, '248021'),
(3481, 514, '248033'),
(3482, 525, '249444'),
(3483, 525, '249440'),
(3484, 525, '249441'),
(3485, 525, '249442'),
(3486, 525, '249443'),
(3487, 526, '249720'),
(3488, 526, '249723'),
(3489, 526, '249722'),
(3490, 520, '249833'),
(3491, 520, '249832'),
(3492, 520, '249831'),
(3493, 520, '249834'),
(3494, 524, '249185'),
(3495, 528, '249402'),
(3496, 528, '249401'),
(3497, 528, '249403'),
(3498, 528, '249405'),
(3499, 528, '249400'),
(3500, 528, '249406'),
(3501, 529, '249090'),
(3502, 529, '249094'),
(3503, 529, '249091'),
(3504, 530, '249950'),
(3505, 531, '249240'),
(3506, 532, '249930'),
(3507, 515, '249192'),
(3508, 515, '249039'),
(3509, 515, '249190'),
(3510, 515, '249031'),
(3511, 515, '249038'),
(3512, 515, '249032'),
(3513, 515, '249033'),
(3514, 515, '249034'),
(3515, 515, '249037'),
(3516, 515, '249030'),
(3517, 527, '249710'),
(3518, 527, '249711'),
(3519, 519, '249611'),
(3520, 519, '249610'),
(3521, 533, '249270'),
(3522, 534, '249100'),
(3523, 534, '248901'),
(3524, 535, '249910'),
(3525, 536, '249910'),
(3526, 537, '0'),
(3527, 540, '684093'),
(3528, 540, '684090'),
(3529, 541, '684000'),
(3530, 541, '684005'),
(3531, 541, '684006'),
(3532, 541, '684007'),
(3533, 541, '684004'),
(3534, 539, '683023'),
(3535, 539, '683024'),
(3536, 539, '683042'),
(3537, 539, '683030'),
(3538, 539, '683012'),
(3539, 539, '683013'),
(3540, 539, '683041'),
(3541, 539, '683031'),
(3542, 539, '683021'),
(3543, 539, '683020'),
(3544, 539, '683049'),
(3545, 539, '683015'),
(3546, 539, '683001'),
(3547, 539, '683011'),
(3548, 539, '683032'),
(3549, 539, '683901'),
(3550, 539, '683000'),
(3551, 539, '683902'),
(3552, 539, '683016'),
(3553, 539, '683009'),
(3554, 539, '683004'),
(3555, 539, '683003'),
(3556, 539, '683002'),
(3557, 539, '683010'),
(3558, 539, '683905'),
(3559, 543, '652488'),
(3560, 543, '652477'),
(3561, 543, '652480'),
(3562, 543, '652486'),
(3563, 543, '652491'),
(3564, 543, '652479'),
(3565, 543, '652470'),
(3566, 543, '652475'),
(3567, 543, '652474'),
(3568, 543, '652473'),
(3569, 543, '652472'),
(3570, 543, '652484'),
(3571, 543, '652471'),
(3572, 543, '652476'),
(3573, 556, '652617'),
(3574, 556, '652616'),
(3575, 556, '652615'),
(3576, 556, '652614'),
(3577, 556, '652612'),
(3578, 556, '652618'),
(3579, 556, '652603'),
(3580, 556, '652645'),
(3581, 556, '652600'),
(3582, 556, '652642'),
(3583, 556, '652607'),
(3584, 556, '652632'),
(3585, 556, '652644'),
(3586, 556, '652651'),
(3587, 556, '652660'),
(3588, 556, '652619'),
(3589, 544, '652431'),
(3590, 544, '652421'),
(3591, 544, '652423'),
(3592, 544, '652425'),
(3593, 544, '652420'),
(3594, 544, '652427'),
(3595, 544, '652422'),
(3596, 558, '652785'),
(3597, 558, '652782'),
(3598, 558, '652780'),
(3599, 545, '652809'),
(3600, 545, '652830'),
(3601, 545, '652816'),
(3602, 545, '652825'),
(3603, 545, '652740'),
(3604, 545, '652741'),
(3605, 545, '652806'),
(3606, 545, '652831'),
(3607, 550, '650903'),
(3608, 550, '650904'),
(3609, 550, '650905'),
(3610, 550, '650906'),
(3611, 550, '650991'),
(3612, 550, '650907'),
(3613, 550, '650052'),
(3614, 550, '650001'),
(3615, 550, '650503'),
(3616, 550, '650032'),
(3617, 550, '650044'),
(3618, 550, '650025'),
(3619, 550, '650056'),
(3620, 550, '650042'),
(3621, 550, '650031'),
(3622, 550, '650033'),
(3623, 550, '650902'),
(3624, 550, '650036'),
(3625, 550, '650066'),
(3626, 550, '650024'),
(3627, 550, '650055'),
(3628, 550, '650068'),
(3629, 550, '650070'),
(3630, 550, '650071'),
(3631, 550, '650516'),
(3632, 550, '650051'),
(3633, 550, '650010'),
(3634, 550, '650021'),
(3635, 550, '650016'),
(3636, 550, '650014'),
(3637, 550, '650004'),
(3638, 550, '650023'),
(3639, 550, '650000'),
(3640, 550, '650003'),
(3641, 550, '650002'),
(3642, 546, '652723'),
(3643, 546, '652716'),
(3644, 546, '652718'),
(3645, 546, '652728'),
(3646, 546, '652727'),
(3647, 546, '652708'),
(3648, 546, '652715'),
(3649, 546, '652711'),
(3650, 546, '652729'),
(3651, 546, '652710'),
(3652, 546, '652726'),
(3653, 546, '652702'),
(3654, 546, '652704'),
(3655, 546, '652707'),
(3656, 546, '652700'),
(3657, 546, '652705'),
(3658, 551, '652500'),
(3659, 551, '652523'),
(3660, 551, '652519'),
(3661, 551, '652517'),
(3662, 551, '652509'),
(3663, 551, '652502'),
(3664, 551, '652518'),
(3665, 551, '652552'),
(3666, 551, '652507'),
(3667, 551, '652580'),
(3668, 551, '652515'),
(3669, 560, '652155'),
(3670, 560, '652156'),
(3671, 560, '652154'),
(3672, 560, '652153'),
(3673, 560, '652150'),
(3674, 560, '652152'),
(3675, 557, '652897'),
(3676, 557, '652887'),
(3677, 557, '652875'),
(3678, 557, '652888'),
(3679, 557, '652895'),
(3680, 557, '652880'),
(3681, 557, '652870'),
(3682, 557, '652884'),
(3683, 557, '652878'),
(3684, 557, '652873'),
(3685, 557, '652874'),
(3686, 557, '652877'),
(3687, 557, '652896'),
(3688, 547, '652842'),
(3689, 547, '652864'),
(3690, 547, '652845'),
(3691, 547, '652862'),
(3692, 547, '652861'),
(3693, 547, '652840'),
(3694, 547, '654245'),
(3695, 547, '652863'),
(3696, 547, '652860'),
(3697, 547, '652866'),
(3698, 553, '654080'),
(3699, 553, '654055'),
(3700, 553, '654063'),
(3701, 553, '654029'),
(3702, 553, '654066'),
(3703, 553, '654034'),
(3704, 553, '654059'),
(3705, 553, '654010'),
(3706, 553, '654043'),
(3707, 553, '654011'),
(3708, 553, '654005'),
(3709, 553, '654000'),
(3710, 553, '654002'),
(3711, 553, '654014'),
(3712, 553, '654006'),
(3713, 553, '654007'),
(3714, 553, '654012'),
(3715, 553, '654013'),
(3716, 553, '654018'),
(3717, 553, '654025'),
(3718, 553, '654027'),
(3719, 553, '654028'),
(3720, 553, '654004'),
(3721, 553, '654031'),
(3722, 553, '654036'),
(3723, 553, '654038'),
(3724, 553, '654041'),
(3725, 553, '654032'),
(3726, 553, '654079'),
(3727, 553, '654033'),
(3728, 553, '654039'),
(3729, 553, '654044'),
(3730, 553, '654078'),
(3731, 553, '654102'),
(3732, 553, '654084'),
(3733, 553, '654086'),
(3734, 553, '654101'),
(3735, 553, '654235'),
(3736, 553, '654030'),
(3737, 553, '654045'),
(3738, 553, '654103'),
(3739, 553, '654224'),
(3740, 548, '652810'),
(3741, 548, '652807'),
(3742, 548, '652805'),
(3743, 548, '652804'),
(3744, 548, '652800'),
(3745, 548, '652815'),
(3746, 548, '652811'),
(3747, 552, '652562'),
(3748, 552, '652560'),
(3749, 552, '652561'),
(3750, 554, '653016'),
(3751, 554, '653026'),
(3752, 554, '653003'),
(3753, 554, '653007'),
(3754, 554, '653008'),
(3755, 554, '653010'),
(3756, 554, '653013'),
(3757, 554, '653014'),
(3758, 554, '653015'),
(3759, 554, '653009'),
(3760, 554, '653017'),
(3761, 554, '653002'),
(3762, 554, '653024'),
(3763, 554, '653052'),
(3764, 554, '653100'),
(3765, 554, '653039'),
(3766, 554, '653035'),
(3767, 554, '653000'),
(3768, 554, '653033'),
(3769, 554, '653045'),
(3770, 554, '653021'),
(3771, 554, '653036'),
(3772, 554, '653046'),
(3773, 559, '652770'),
(3774, 559, '652775'),
(3775, 549, '652401'),
(3776, 549, '652400'),
(3777, 549, '652046'),
(3778, 549, '652410'),
(3779, 561, '652992'),
(3780, 561, '652991'),
(3781, 561, '652993'),
(3782, 561, '652990'),
(3783, 562, '652300'),
(3784, 562, '652303'),
(3785, 562, '652305'),
(3786, 555, '652061'),
(3787, 555, '652059'),
(3788, 555, '652051'),
(3789, 555, '652055'),
(3790, 555, '652062'),
(3791, 555, '652057'),
(3792, 555, '652053'),
(3793, 555, '652050'),
(3794, 565, '613200'),
(3795, 567, '612965'),
(3796, 567, '612962'),
(3797, 567, '612963'),
(3798, 567, '612961'),
(3799, 567, '612966'),
(3800, 567, '612964'),
(3801, 567, '612960'),
(3802, 569, '612412'),
(3803, 569, '612410'),
(3804, 564, '610033'),
(3805, 564, '610027'),
(3806, 564, '610046'),
(3807, 564, '610044'),
(3808, 564, '610040'),
(3809, 564, '610902'),
(3810, 564, '610912'),
(3811, 564, '610913'),
(3812, 564, '610047'),
(3813, 564, '610914'),
(3814, 564, '610007'),
(3815, 564, '610042'),
(3816, 564, '610035'),
(3817, 564, '610932'),
(3818, 564, '610006'),
(3819, 564, '610025'),
(3820, 564, '610021'),
(3821, 564, '610915'),
(3822, 564, '610926'),
(3823, 564, '610020'),
(3824, 564, '610018'),
(3825, 564, '610037'),
(3826, 564, '610051'),
(3827, 564, '610030'),
(3828, 564, '610048'),
(3829, 564, '610014'),
(3830, 564, '610013'),
(3831, 564, '610011'),
(3832, 564, '610010'),
(3833, 564, '610009'),
(3834, 564, '610008'),
(3835, 564, '610017'),
(3836, 564, '610015'),
(3837, 564, '610050'),
(3838, 564, '610016'),
(3839, 564, '610029'),
(3840, 564, '610002'),
(3841, 564, '610000'),
(3842, 564, '610004'),
(3843, 564, '613008'),
(3844, 564, '610005'),
(3845, 564, '610001'),
(3846, 570, '613051'),
(3847, 570, '613050'),
(3848, 570, '613047'),
(3849, 570, '613052'),
(3850, 570, '613043'),
(3851, 570, '613040'),
(3852, 570, '613044'),
(3853, 570, '613045'),
(3854, 570, '613049'),
(3855, 570, '613046'),
(3856, 570, '613048'),
(3857, 566, '612820'),
(3858, 571, '612607'),
(3859, 571, '612606'),
(3860, 571, '612600'),
(3861, 571, '612605'),
(3862, 572, '613980'),
(3863, 572, '613982'),
(3864, 572, '613983'),
(3865, 573, '612920'),
(3866, 573, '612921'),
(3867, 574, '613711'),
(3868, 574, '613710'),
(3869, 575, '613441'),
(3870, 575, '613440'),
(3871, 575, '613451'),
(3872, 576, '612742'),
(3873, 576, '612743'),
(3874, 576, '612744'),
(3875, 576, '612725'),
(3876, 576, '612741'),
(3877, 576, '612740'),
(3878, 577, '612270'),
(3879, 578, '613152'),
(3880, 578, '613153'),
(3881, 578, '613151'),
(3882, 578, '613150'),
(3883, 578, '613155'),
(3884, 578, '613154'),
(3885, 579, '613340'),
(3886, 579, '613343'),
(3887, 579, '613341'),
(3888, 568, '612993'),
(3889, 568, '612990'),
(3890, 568, '612994'),
(3891, 580, '613530'),
(3892, 580, '613531'),
(3893, 581, '612260'),
(3894, 581, '612261'),
(3895, 581, '612263'),
(3896, 581, '612262'),
(3897, 585, '157049'),
(3898, 585, '157004'),
(3899, 585, '157003'),
(3900, 585, '157008'),
(3901, 585, '157006'),
(3902, 585, '157005'),
(3903, 585, '157000'),
(3904, 585, '157001'),
(3905, 585, '157002'),
(3906, 583, '156901'),
(3907, 586, '157200'),
(3908, 586, '157201'),
(3909, 586, '157202'),
(3910, 586, '157203'),
(3911, 587, '157440'),
(3912, 584, '156000'),
(3913, 584, '156016'),
(3914, 584, '156010'),
(3915, 584, '156002'),
(3916, 584, '156961'),
(3917, 584, '156543'),
(3918, 584, '156518'),
(3919, 584, '156029'),
(3920, 584, '156013'),
(3921, 584, '156025'),
(3922, 584, '156019'),
(3923, 584, '156014'),
(3924, 584, '156026'),
(3925, 584, '156012'),
(3926, 584, '156003'),
(3927, 584, '156022'),
(3928, 584, '156007'),
(3929, 584, '156009'),
(3930, 584, '156004'),
(3931, 584, '156008'),
(3932, 584, '156005'),
(3933, 584, '156011'),
(3934, 584, '156001'),
(3935, 588, '157461'),
(3936, 588, '157460'),
(3937, 589, '157300'),
(3938, 589, '157303'),
(3939, 589, '157305'),
(3940, 589, '157302'),
(3941, 589, '157301'),
(3942, 591, '157800'),
(3943, 591, '157802'),
(3944, 591, '157811'),
(3945, 590, '157330'),
(3946, 590, '157331'),
(3947, 590, '157332'),
(3948, 590, '157350'),
(3949, 590, '157351'),
(3950, 592, '157170'),
(3951, 593, '157130'),
(3952, 594, '157505'),
(3953, 594, '157504'),
(3954, 594, '157501'),
(3955, 594, '157510'),
(3956, 594, '157500'),
(3957, 598, '641730'),
(3958, 599, '641704'),
(3959, 599, '641702'),
(3960, 599, '641703'),
(3961, 599, '641700'),
(3962, 599, '641701'),
(3963, 596, '640014'),
(3964, 596, '640000'),
(3965, 596, '640011'),
(3966, 596, '640016'),
(3967, 596, '640027'),
(3968, 596, '640008'),
(3969, 596, '640007'),
(3970, 596, '640022'),
(3971, 596, '640001'),
(3972, 596, '641300'),
(3973, 596, '640038'),
(3974, 596, '640026'),
(3975, 596, '640004'),
(3976, 596, '640040'),
(3977, 596, '640015'),
(3978, 596, '640032'),
(3979, 596, '640003'),
(3980, 596, '640023'),
(3981, 596, '640039'),
(3982, 596, '640037'),
(3983, 596, '640018'),
(3984, 596, '640020'),
(3985, 596, '640006'),
(3986, 596, '640031'),
(3987, 600, '641430'),
(3988, 600, '641432'),
(3989, 600, '641431'),
(3990, 601, '641600'),
(3991, 601, '641601'),
(3992, 602, '641641'),
(3993, 602, '641640'),
(3994, 602, '641642'),
(3995, 597, '641888'),
(3996, 597, '641882'),
(3997, 597, '641884'),
(3998, 597, '641877'),
(3999, 597, '641887'),
(4000, 597, '641883'),
(4001, 597, '641875'),
(4002, 597, '641878'),
(4003, 597, '641870'),
(4004, 597, '641876'),
(4005, 597, '641886'),
(4006, 597, '641881'),
(4007, 597, '641871'),
(4008, 603, '641100'),
(4009, 603, '641102'),
(4010, 603, '641101'),
(4011, 604, '641029'),
(4012, 604, '641010'),
(4013, 607, '307500'),
(4014, 607, '307501'),
(4015, 608, '307170'),
(4016, 608, '307179'),
(4017, 608, '307173'),
(4018, 608, '307176'),
(4019, 608, '307174'),
(4020, 608, '307177'),
(4021, 608, '307178'),
(4022, 606, '305040'),
(4023, 606, '305038'),
(4024, 606, '305035'),
(4025, 606, '305031'),
(4026, 606, '305030'),
(4027, 606, '305048'),
(4028, 606, '305003'),
(4029, 606, '305044'),
(4030, 606, '305021'),
(4031, 606, '305008'),
(4032, 606, '305001'),
(4033, 606, '305004'),
(4034, 606, '305007'),
(4035, 606, '305009'),
(4036, 606, '305014'),
(4037, 606, '305016'),
(4038, 606, '305000'),
(4039, 606, '305010'),
(4040, 606, '305018'),
(4041, 606, '305047'),
(4042, 606, '305019'),
(4043, 606, '305026'),
(4044, 606, '305025'),
(4045, 606, '305023'),
(4046, 606, '305029'),
(4047, 606, '305046'),
(4048, 606, '305022'),
(4049, 606, '305045'),
(4050, 1, '307250'),
(4051, 1, '307251'),
(4052, 610, '307752'),
(4053, 610, '307753'),
(4054, 610, '307750'),
(4055, 610, '307751'),
(4056, 610, '307754'),
(4057, 611, '306230'),
(4058, 612, '307370'),
(4059, 612, '307373'),
(4060, 612, '307374'),
(4061, 613, '307800'),
(4062, 614, '307100'),
(4063, 615, '306531'),
(4064, 615, '306530'),
(4065, 628, '187650'),
(4066, 630, '188410'),
(4067, 631, '187403'),
(4068, 631, '187401'),
(4069, 631, '187406'),
(4070, 631, '187404'),
(4071, 631, '187400'),
(4072, 634, '188643'),
(4073, 634, '188640'),
(4074, 636, '188800'),
(4075, 637, '188909'),
(4076, 641, '188306'),
(4077, 641, '188302'),
(4078, 641, '188310'),
(4079, 641, '188300'),
(4080, 641, '188309'),
(4081, 641, '188307'),
(4082, 641, '188301'),
(4083, 641, '188304'),
(4084, 644, '188490'),
(4085, 644, '188491'),
(4086, 638, '188950'),
(4087, 643, '188461'),
(4088, 643, '188480'),
(4089, 643, '188485'),
(4090, 645, '187110'),
(4091, 645, '187111'),
(4092, 646, '187340'),
(4093, 642, '188320'),
(4094, 642, '188321'),
(4095, 642, '188322'),
(4096, 649, '187701'),
(4097, 649, '187700'),
(4098, 650, '188230'),
(4099, 650, '188233'),
(4100, 650, '188261'),
(4101, 650, '188289'),
(4102, 657, '187051'),
(4103, 657, '187050'),
(4104, 656, '187026'),
(4105, 632, '187450'),
(4106, 647, '187310'),
(4107, 647, '187330'),
(4108, 629, '187602'),
(4109, 651, '187783'),
(4110, 651, '187780'),
(4111, 651, '187782'),
(4112, 639, '188910'),
(4113, 639, '188918'),
(4114, 652, '188760'),
(4115, 640, '188966'),
(4116, 640, '188992'),
(4117, 635, '188650'),
(4118, 653, '188564'),
(4119, 653, '188565'),
(4120, 653, '188563'),
(4121, 653, '188560'),
(4122, 653, '188561'),
(4123, 627, '188544'),
(4124, 633, '187420'),
(4125, 654, '187555'),
(4126, 654, '187556'),
(4127, 654, '187553'),
(4128, 655, '187000'),
(4129, 648, '187320'),
(4130, 661, '399041'),
(4131, 661, '399040'),
(4132, 661, '399059'),
(4133, 662, '399851'),
(4134, 662, '399850'),
(4135, 660, '399780'),
(4136, 660, '399784'),
(4137, 660, '399787'),
(4138, 660, '399775'),
(4139, 660, '399783'),
(4140, 660, '399782'),
(4141, 660, '399785'),
(4142, 660, '399778'),
(4143, 660, '399776'),
(4144, 660, '399774'),
(4145, 660, '399773'),
(4146, 660, '399777'),
(4147, 660, '399771'),
(4148, 660, '399770'),
(4149, 660, '399788'),
(4150, 660, '399772'),
(4151, 663, '399200'),
(4152, 663, '399201'),
(4153, 664, '399610'),
(4154, 664, '399611'),
(4155, 664, '399612'),
(4156, 659, '398908'),
(4157, 659, '398600'),
(4158, 659, '398046'),
(4159, 659, '399073'),
(4160, 659, '399091'),
(4161, 659, '398043'),
(4162, 659, '399082'),
(4163, 659, '399041'),
(4164, 659, '399005'),
(4165, 659, '399074'),
(4166, 659, '398914'),
(4167, 659, '398542'),
(4168, 659, '398513'),
(4169, 659, '398901'),
(4170, 659, '399533'),
(4171, 659, '398902'),
(4172, 659, '398550'),
(4173, 659, '398532'),
(4174, 659, '398533'),
(4175, 659, '398540'),
(4176, 659, '398916'),
(4177, 659, '398037'),
(4178, 659, '398027'),
(4179, 659, '398058'),
(4180, 659, '398056'),
(4181, 659, '398055'),
(4182, 659, '398050'),
(4183, 659, '398019'),
(4184, 659, '398501'),
(4185, 659, '398530'),
(4186, 659, '398041'),
(4187, 659, '398036'),
(4188, 659, '398035'),
(4189, 659, '398029'),
(4190, 659, '398026'),
(4191, 659, '398515'),
(4192, 659, '398507'),
(4193, 659, '398042'),
(4194, 659, '398007'),
(4195, 659, '398002'),
(4196, 659, '398520'),
(4197, 659, '398017'),
(4198, 659, '398016'),
(4199, 659, '398015'),
(4200, 659, '398059'),
(4201, 659, '398011'),
(4202, 659, '398020'),
(4203, 659, '398005'),
(4204, 659, '398024'),
(4205, 659, '398001'),
(4206, 659, '398000'),
(4207, 659, '398048'),
(4208, 659, '398006'),
(4209, 659, '398013'),
(4210, 665, '399373'),
(4211, 666, '399902'),
(4212, 666, '399900'),
(4213, 666, '399903'),
(4214, 668, '685018'),
(4215, 668, '685000'),
(4216, 668, '685901'),
(4217, 668, '685902'),
(4218, 669, '686314'),
(4219, 726, '143363'),
(4220, 726, '143362'),
(4221, 726, '143369'),
(4222, 726, '143360'),
(4223, 706, '143956'),
(4224, 706, '143903'),
(4225, 706, '143902'),
(4226, 706, '143905'),
(4227, 706, '143904'),
(4228, 706, '143922'),
(4229, 706, '143909'),
(4230, 706, '143912'),
(4231, 706, '143900'),
(4232, 706, '143920'),
(4233, 706, '143910'),
(4234, 706, '143930'),
(4235, 706, '143921'),
(4236, 706, '143954'),
(4237, 706, '143981'),
(4238, 706, '143988'),
(4239, 706, '143985'),
(4240, 706, '143961'),
(4241, 675, '140170'),
(4242, 727, '143330'),
(4243, 720, '142700'),
(4244, 720, '142703'),
(4245, 720, '142704'),
(4246, 720, '142702'),
(4247, 720, '142701'),
(4248, 707, '143604'),
(4249, 707, '143600'),
(4250, 707, '143602'),
(4251, 707, '143603'),
(4252, 708, '140206'),
(4253, 708, '140205'),
(4254, 708, '140204'),
(4255, 708, '140203'),
(4256, 708, '140209'),
(4257, 708, '140202'),
(4258, 708, '140200'),
(4259, 708, '140207'),
(4260, 708, '140208'),
(4261, 718, '141650'),
(4262, 733, '143040'),
(4263, 733, '143041'),
(4264, 733, '143044'),
(4265, 714, '143532'),
(4266, 714, '143530'),
(4267, 696, '140093'),
(4268, 696, '140090'),
(4269, 696, '140091'),
(4270, 709, '141801'),
(4271, 709, '141800'),
(4272, 701, '141707'),
(4273, 701, '141720'),
(4274, 674, '142050'),
(4275, 674, '142063'),
(4276, 674, '142072'),
(4277, 674, '142100'),
(4278, 674, '142062'),
(4279, 674, '142061'),
(4280, 674, '142034'),
(4281, 674, '142053'),
(4282, 674, '142032'),
(4283, 674, '142043'),
(4284, 674, '142040'),
(4285, 674, '142033'),
(4286, 674, '142046'),
(4287, 674, '142031'),
(4288, 674, '142030'),
(4289, 674, '142000'),
(4290, 674, '142060'),
(4291, 674, '142047'),
(4292, 674, '142020'),
(4293, 674, '142044'),
(4294, 736, '142660'),
(4295, 678, '141985'),
(4296, 678, '141982'),
(4297, 678, '141981'),
(4298, 678, '141980'),
(4299, 678, '141983'),
(4300, 678, '141986'),
(4301, 711, '140300'),
(4302, 711, '140301'),
(4303, 711, '140306'),
(4304, 711, '140304'),
(4305, 679, '143988'),
(4306, 679, '143982'),
(4307, 679, '143981'),
(4308, 679, '143985'),
(4309, 679, '143989'),
(4310, 679, '143987'),
(4311, 679, '143920'),
(4312, 679, '143986'),
(4313, 679, '143980'),
(4314, 679, '143983'),
(4315, 680, '140180'),
(4316, 680, '140160'),
(4317, 712, '140600'),
(4318, 712, '140601'),
(4319, 681, '143036'),
(4320, 681, '143180'),
(4321, 682, '141282'),
(4322, 682, '141281'),
(4323, 682, '141280'),
(4324, 682, '141284'),
(4325, 713, '143502'),
(4326, 713, '143500'),
(4327, 715, '142902'),
(4328, 715, '142900'),
(4329, 715, '142908'),
(4330, 715, '142901'),
(4331, 715, '142904'),
(4332, 715, '142903'),
(4333, 683, '142181'),
(4334, 683, '142180'),
(4335, 683, '142182'),
(4336, 683, '142184'),
(4337, 717, '141604'),
(4338, 717, '141605'),
(4339, 717, '141603'),
(4340, 717, '141602'),
(4341, 717, '141601'),
(4342, 717, '141606'),
(4343, 717, '141612'),
(4344, 717, '141613'),
(4345, 717, '141607'),
(4346, 699, '140406'),
(4347, 699, '140404'),
(4348, 699, '140410'),
(4349, 699, '140405'),
(4350, 699, '140441'),
(4351, 699, '140402'),
(4352, 699, '140412'),
(4353, 699, '140413'),
(4354, 699, '140414'),
(4355, 699, '140483'),
(4356, 699, '140400'),
(4357, 699, '140415'),
(4358, 699, '140407'),
(4359, 699, '140408'),
(4360, 699, '140411'),
(4361, 684, '141077'),
(4362, 684, '141080'),
(4363, 684, '141067'),
(4364, 684, '141075'),
(4365, 684, '141091'),
(4366, 684, '141065'),
(4367, 684, '141076'),
(4368, 684, '141062'),
(4369, 684, '141078'),
(4370, 684, '141068'),
(4371, 684, '141069'),
(4372, 684, '141071'),
(4373, 684, '141073'),
(4374, 684, '141060'),
(4375, 684, '141090'),
(4376, 684, '141070'),
(4377, 684, '141074'),
(4378, 684, '141085'),
(4379, 704, '140053'),
(4380, 704, '140054'),
(4381, 704, '140011'),
(4382, 704, '140055'),
(4383, 685, '141292'),
(4384, 685, '141290'),
(4385, 719, '143400'),
(4386, 719, '143407'),
(4387, 719, '143404'),
(4388, 719, '143444'),
(4389, 719, '143405'),
(4390, 719, '143403'),
(4391, 719, '143409'),
(4392, 719, '143401'),
(4393, 719, '143406'),
(4394, 719, '143443'),
(4395, 719, '143402'),
(4396, 719, '143408'),
(4397, 743, '141321'),
(4398, 686, '143090'),
(4399, 734, '143078'),
(4400, 734, '143070'),
(4401, 734, '143072'),
(4402, 734, '143071'),
(4403, 737, '142621'),
(4404, 737, '142620'),
(4405, 738, '142672'),
(4406, 738, '142670'),
(4407, 738, '142671'),
(4408, 687, '141730'),
(4409, 687, '141055'),
(4410, 703, '141151'),
(4411, 703, '141150'),
(4412, 703, '141152'),
(4413, 721, '140500'),
(4414, 721, '140501'),
(4415, 721, '140503'),
(4416, 721, '140502'),
(4417, 688, '140082'),
(4418, 688, '140081'),
(4419, 688, '140083'),
(4420, 688, '140080'),
(4421, 722, '140008'),
(4422, 722, '140002'),
(4423, 722, '140013'),
(4424, 722, '140014'),
(4425, 722, '140004'),
(4426, 722, '140009'),
(4427, 722, '140000'),
(4428, 722, '140010'),
(4429, 722, '140102'),
(4430, 722, '140011'),
(4431, 722, '140005'),
(4432, 722, '140007'),
(4433, 722, '140012'),
(4434, 722, '140006'),
(4435, 723, '143200'),
(4436, 724, '141000'),
(4437, 724, '141011'),
(4438, 724, '141013'),
(4439, 724, '141014'),
(4440, 724, '141031'),
(4441, 724, '141021'),
(4442, 724, '141016'),
(4443, 724, '141009'),
(4444, 724, '141002'),
(4445, 724, '141001'),
(4446, 724, '141017'),
(4447, 724, '141008'),
(4448, 724, '141006'),
(4449, 724, '141004'),
(4450, 724, '141005'),
(4451, 724, '141007'),
(4452, 724, '141015'),
(4453, 725, '143306'),
(4454, 725, '143302'),
(4455, 725, '143301'),
(4456, 725, '143300'),
(4457, 728, '142411'),
(4458, 728, '142409'),
(4459, 728, '142410'),
(4460, 728, '142131'),
(4461, 728, '142404'),
(4462, 728, '142400'),
(4463, 728, '142401'),
(4464, 728, '142402'),
(4465, 728, '142412'),
(4466, 728, '142407'),
(4467, 728, '142408'),
(4468, 728, '142405'),
(4469, 728, '142406'),
(4470, 728, '142403'),
(4471, 728, '142438'),
(4472, 728, '142430'),
(4473, 732, '143003'),
(4474, 732, '143002'),
(4475, 732, '143001'),
(4476, 732, '143007'),
(4477, 732, '143005'),
(4478, 732, '143000'),
(4479, 732, '143006'),
(4480, 732, '143025'),
(4481, 716, '142921'),
(4482, 716, '142920'),
(4483, 716, '142900'),
(4484, 735, '140560'),
(4485, 735, '140563'),
(4486, 698, '142601'),
(4487, 698, '142613'),
(4488, 698, '142600'),
(4489, 698, '142602'),
(4490, 698, '142603'),
(4491, 698, '142605'),
(4492, 698, '142608'),
(4493, 698, '142611'),
(4494, 739, '142504'),
(4495, 739, '142503'),
(4496, 739, '142502'),
(4497, 739, '142500'),
(4498, 739, '142507'),
(4499, 739, '142505'),
(4500, 739, '142506'),
(4501, 745, '141320'),
(4502, 697, '142102'),
(4503, 697, '142119'),
(4504, 697, '142114'),
(4505, 697, '142111'),
(4506, 697, '142110'),
(4507, 697, '142108'),
(4508, 697, '142105'),
(4509, 697, '142120'),
(4510, 697, '142104'),
(4511, 697, '142121'),
(4512, 697, '142134'),
(4513, 697, '142115'),
(4514, 697, '142117'),
(4515, 697, '142103'),
(4516, 697, '142116'),
(4517, 697, '142106'),
(4518, 697, '142001'),
(4519, 697, '142100'),
(4520, 697, '142101'),
(4521, 689, '142281'),
(4522, 689, '142280'),
(4523, 740, '141254'),
(4524, 740, '141241'),
(4525, 740, '141240'),
(4526, 740, '141230'),
(4527, 740, '141207'),
(4528, 740, '141211'),
(4529, 740, '141206'),
(4530, 740, '141202'),
(4531, 740, '141205'),
(4532, 740, '141201'),
(4533, 740, '141200'),
(4534, 690, '142290'),
(4535, 741, '140105'),
(4536, 741, '140101'),
(4537, 741, '140103'),
(4538, 741, '140128'),
(4539, 741, '140109'),
(4540, 741, '140124'),
(4541, 741, '140100'),
(4542, 741, '140102'),
(4543, 741, '140104'),
(4544, 741, '140108'),
(4545, 691, '143960'),
(4546, 691, '143965'),
(4547, 691, '143968'),
(4548, 691, '143969'),
(4549, 691, '143964'),
(4550, 691, '143966'),
(4551, 692, '140731'),
(4552, 692, '140732'),
(4553, 692, '140730'),
(4554, 742, '143103'),
(4555, 742, '143100'),
(4556, 746, '141309'),
(4557, 746, '141307'),
(4558, 746, '141306'),
(4559, 746, '141310'),
(4560, 746, '141311'),
(4561, 746, '141313'),
(4562, 746, '141308'),
(4563, 746, '141304'),
(4564, 746, '141302'),
(4565, 746, '141301'),
(4566, 746, '141300'),
(4567, 746, '141303'),
(4568, 746, '141305'),
(4569, 700, '142210'),
(4570, 700, '142206'),
(4571, 700, '142211'),
(4572, 700, '142209'),
(4573, 700, '142207'),
(4574, 700, '142200'),
(4575, 700, '142201'),
(4576, 700, '142203'),
(4577, 700, '142204'),
(4578, 700, '142284'),
(4579, 700, '142214'),
(4580, 700, '142205'),
(4581, 747, '141501'),
(4582, 747, '141580'),
(4583, 747, '141508'),
(4584, 747, '141506'),
(4585, 747, '141505'),
(4586, 747, '141503'),
(4587, 747, '141530'),
(4588, 747, '141504'),
(4589, 748, '141502'),
(4590, 750, '0'),
(4591, 751, '141590'),
(4592, 749, '141507'),
(4593, 731, '142451'),
(4594, 731, '142450'),
(4595, 752, '142803'),
(4596, 752, '142804'),
(4597, 752, '142802'),
(4598, 752, '142800'),
(4599, 753, '141900'),
(4600, 753, '141901'),
(4601, 693, '141195'),
(4602, 693, '141191'),
(4603, 693, '141196'),
(4604, 693, '141190'),
(4605, 702, '141446'),
(4606, 702, '141441'),
(4607, 702, '141406'),
(4608, 702, '141431'),
(4609, 702, '141421'),
(4610, 702, '141420'),
(4611, 702, '141435'),
(4612, 702, '141410'),
(4613, 702, '141407'),
(4614, 702, '141401'),
(4615, 702, '141400'),
(4616, 702, '141408'),
(4617, 702, '141411'),
(4618, 744, '141370'),
(4619, 744, '141371'),
(4620, 744, '141372'),
(4621, 730, '142432'),
(4622, 730, '142404'),
(4623, 754, '142306'),
(4624, 754, '142300'),
(4625, 754, '142301'),
(4626, 754, '142305'),
(4627, 754, '142307'),
(4628, 754, '142327'),
(4629, 754, '142304'),
(4630, 755, '142302'),
(4631, 756, '142303'),
(4632, 757, '142300'),
(4633, 758, '140713'),
(4634, 758, '140700'),
(4635, 759, '141103'),
(4636, 759, '141107'),
(4637, 759, '141112'),
(4638, 759, '141104'),
(4639, 759, '141108'),
(4640, 759, '141102'),
(4641, 759, '141101'),
(4642, 759, '141100'),
(4643, 759, '141110'),
(4644, 759, '141113'),
(4645, 759, '141109'),
(4646, 705, '142530'),
(4647, 705, '142531'),
(4648, 694, '144001'),
(4649, 694, '144012'),
(4650, 694, '144010'),
(4651, 694, '144011'),
(4652, 694, '144002'),
(4653, 694, '144003'),
(4654, 694, '144004'),
(4655, 694, '144005'),
(4656, 694, '144006'),
(4657, 694, '144007'),
(4658, 694, '144008'),
(4659, 694, '144000'),
(4660, 694, '144009'),
(4661, 729, '142450'),
(4662, 729, '142455'),
(4663, 729, '142461'),
(4664, 729, '142401'),
(4665, 695, '141090'),
(4666, 695, '141092'),
(4667, 695, '141091'),
(4668, 710, '141840'),
(4669, 762, '184209'),
(4670, 762, '184029'),
(4671, 772, '184670'),
(4672, 763, '184310'),
(4673, 779, '184430'),
(4674, 764, '184041'),
(4675, 764, '184044'),
(4676, 764, '184021'),
(4677, 764, '184001'),
(4678, 764, '184040'),
(4679, 764, '184004'),
(4680, 764, '184002'),
(4681, 764, '184012'),
(4682, 764, '184015'),
(4683, 764, '184042'),
(4684, 764, '184020'),
(4685, 764, '184030'),
(4686, 764, '184049'),
(4687, 764, '184056'),
(4688, 764, '184046'),
(4689, 764, '184048'),
(4690, 764, '184070'),
(4691, 764, '184060'),
(4692, 765, '184227'),
(4693, 765, '184250'),
(4694, 765, '184245'),
(4695, 765, '184256'),
(4696, 777, '184141'),
(4697, 777, '184144'),
(4698, 777, '184143'),
(4699, 778, '184381'),
(4700, 766, '184510'),
(4701, 766, '184512'),
(4702, 766, '184511'),
(4703, 766, '184506'),
(4704, 766, '184505'),
(4705, 761, '183035'),
(4706, 761, '183001'),
(4707, 761, '183003'),
(4708, 761, '183008'),
(4709, 761, '183027'),
(4710, 761, '183010'),
(4711, 761, '183071'),
(4712, 761, '183005'),
(4713, 761, '183074'),
(4714, 761, '183034'),
(4715, 761, '183050'),
(4716, 761, '183032'),
(4717, 761, '183038'),
(4718, 761, '184635'),
(4719, 761, '183039'),
(4720, 761, '183031'),
(4721, 761, '183036'),
(4722, 761, '183053'),
(4723, 761, '183052'),
(4724, 761, '183040'),
(4725, 761, '184637'),
(4726, 761, '183025'),
(4727, 761, '183014'),
(4728, 761, '183017'),
(4729, 767, '184536'),
(4730, 767, '184538'),
(4731, 767, '184530'),
(4732, 774, '184531'),
(4733, 775, '184532'),
(4734, 776, '184534'),
(4735, 768, '184640'),
(4736, 769, '184230'),
(4737, 769, '184225'),
(4738, 769, '184220'),
(4739, 770, '184650'),
(4740, 771, '184600'),
(4741, 771, '184601'),
(4742, 771, '184602'),
(4743, 771, '184603'),
(4744, 771, '184604'),
(4745, 771, '184606'),
(4746, 771, '184620'),
(4747, 771, '184621'),
(4748, 771, '184605'),
(4749, 771, '184635'),
(4750, 771, '184637'),
(4751, 773, '184680'),
(4752, 773, '184682'),
(4753, 784, '607221'),
(4754, 784, '607226'),
(4755, 784, '607260'),
(4756, 784, '607232'),
(4757, 784, '607225'),
(4758, 784, '607224'),
(4759, 784, '607223'),
(4760, 784, '607222'),
(4761, 784, '607220'),
(4762, 784, '607233'),
(4763, 788, '606408'),
(4764, 788, '606400'),
(4765, 788, '606402'),
(4766, 788, '606403'),
(4767, 788, '606406'),
(4768, 788, '606407'),
(4769, 789, '607602'),
(4770, 789, '607600'),
(4771, 789, '607603'),
(4772, 789, '607605'),
(4773, 785, '606464'),
(4774, 785, '606443'),
(4775, 785, '606457'),
(4776, 785, '606446'),
(4777, 785, '606441'),
(4778, 785, '606485'),
(4779, 785, '606452'),
(4780, 785, '606453'),
(4781, 785, '606455'),
(4782, 785, '606476'),
(4783, 785, '606458'),
(4784, 785, '606460'),
(4785, 785, '606454'),
(4786, 785, '606448'),
(4787, 785, '606474'),
(4788, 785, '606482'),
(4789, 785, '606461'),
(4790, 785, '606463'),
(4791, 785, '606473'),
(4792, 785, '606472'),
(4793, 785, '606471'),
(4794, 785, '606470'),
(4795, 785, '606467'),
(4796, 785, '606466'),
(4797, 785, '606480'),
(4798, 785, '606483'),
(4799, 785, '606481'),
(4800, 785, '606491'),
(4801, 785, '606495'),
(4802, 785, '606487'),
(4803, 785, '606488'),
(4804, 785, '606484'),
(4805, 785, '606489'),
(4806, 785, '606490'),
(4807, 785, '606492'),
(4808, 785, '606499'),
(4809, 785, '606440'),
(4810, 790, '606860'),
(4811, 791, '606070'),
(4812, 791, '606072'),
(4813, 801, '606120'),
(4814, 801, '606121'),
(4815, 787, '607056'),
(4816, 787, '607050'),
(4817, 787, '607052'),
(4818, 787, '607051'),
(4819, 787, '607061'),
(4820, 787, '607047'),
(4821, 787, '607031'),
(4822, 787, '607060'),
(4823, 787, '607032'),
(4824, 787, '607033'),
(4825, 787, '607036'),
(4826, 787, '607037'),
(4827, 787, '607041'),
(4828, 787, '607039'),
(4829, 787, '607062'),
(4830, 787, '607038');
INSERT INTO `b_sale_location_zip` (`ID`, `LOCATION_ID`, `ZIP`) VALUES
(4831, 787, '607067'),
(4832, 787, '607034'),
(4833, 787, '607043'),
(4834, 787, '607042'),
(4835, 787, '607044'),
(4836, 787, '607040'),
(4837, 802, '606125'),
(4838, 792, '606501'),
(4839, 792, '606500'),
(4840, 792, '606502'),
(4841, 792, '606504'),
(4842, 792, '606505'),
(4843, 792, '606508'),
(4844, 792, '606503'),
(4845, 782, '606040'),
(4846, 782, '606015'),
(4847, 782, '606000'),
(4848, 782, '606020'),
(4849, 782, '606037'),
(4850, 782, '606041'),
(4851, 782, '606023'),
(4852, 782, '606007'),
(4853, 782, '606008'),
(4854, 782, '606010'),
(4855, 782, '606042'),
(4856, 782, '606039'),
(4857, 782, '606002'),
(4858, 782, '606036'),
(4859, 782, '606044'),
(4860, 782, '606034'),
(4861, 782, '606055'),
(4862, 782, '606033'),
(4863, 782, '606026'),
(4864, 782, '606029'),
(4865, 782, '606024'),
(4866, 782, '606030'),
(4867, 782, '606019'),
(4868, 782, '606031'),
(4869, 782, '606032'),
(4870, 782, '606017'),
(4871, 782, '606016'),
(4872, 793, '606512'),
(4873, 793, '606524'),
(4874, 793, '606523'),
(4875, 793, '606521'),
(4876, 793, '606520'),
(4877, 794, '606340'),
(4878, 795, '607662'),
(4879, 795, '607680'),
(4880, 795, '607657'),
(4881, 795, '607664'),
(4882, 795, '607655'),
(4883, 795, '607663'),
(4884, 795, '607650'),
(4885, 795, '607651'),
(4886, 795, '607661'),
(4887, 795, '607660'),
(4888, 796, '607015'),
(4889, 796, '607011'),
(4890, 796, '607018'),
(4891, 796, '607010'),
(4892, 796, '607017'),
(4893, 796, '607012'),
(4894, 796, '607014'),
(4895, 797, '607802'),
(4896, 797, '607800'),
(4897, 798, '606210'),
(4898, 799, '607100'),
(4899, 799, '607102'),
(4900, 799, '607101'),
(4901, 781, '603155'),
(4902, 781, '603007'),
(4903, 781, '603011'),
(4904, 781, '603901'),
(4905, 781, '603070'),
(4906, 781, '603137'),
(4907, 781, '603142'),
(4908, 781, '603016'),
(4909, 781, '603009'),
(4910, 781, '603141'),
(4911, 781, '603140'),
(4912, 781, '603018'),
(4913, 781, '603139'),
(4914, 781, '603950'),
(4915, 781, '603138'),
(4916, 781, '607686'),
(4917, 781, '603136'),
(4918, 781, '603014'),
(4919, 781, '603162'),
(4920, 781, '603167'),
(4921, 781, '603902'),
(4922, 781, '603010'),
(4923, 781, '603903'),
(4924, 781, '603159'),
(4925, 781, '603033'),
(4926, 781, '603122'),
(4927, 781, '603043'),
(4928, 781, '603091'),
(4929, 781, '603132'),
(4930, 781, '603101'),
(4931, 781, '603127'),
(4932, 781, '603024'),
(4933, 781, '603026'),
(4934, 781, '603028'),
(4935, 781, '603092'),
(4936, 781, '603032'),
(4937, 781, '603093'),
(4938, 781, '603034'),
(4939, 781, '603115'),
(4940, 781, '603089'),
(4941, 781, '603037'),
(4942, 781, '603038'),
(4943, 781, '603040'),
(4944, 781, '603126'),
(4945, 781, '603124'),
(4946, 781, '603123'),
(4947, 781, '603029'),
(4948, 781, '603108'),
(4949, 781, '603000'),
(4950, 781, '603005'),
(4951, 781, '603163'),
(4952, 781, '603001'),
(4953, 781, '607680'),
(4954, 781, '603002'),
(4955, 781, '603003'),
(4956, 781, '603004'),
(4957, 781, '603096'),
(4958, 781, '603041'),
(4959, 781, '603109'),
(4960, 781, '603036'),
(4961, 781, '603107'),
(4962, 781, '603106'),
(4963, 781, '603105'),
(4964, 781, '603104'),
(4965, 781, '603116'),
(4966, 781, '603098'),
(4967, 781, '603117'),
(4968, 781, '603095'),
(4969, 781, '603094'),
(4970, 781, '603111'),
(4971, 781, '603044'),
(4972, 781, '603074'),
(4973, 781, '603073'),
(4974, 781, '603061'),
(4975, 781, '603087'),
(4976, 781, '603035'),
(4977, 781, '603083'),
(4978, 781, '603128'),
(4979, 781, '603082'),
(4980, 781, '603050'),
(4981, 781, '603076'),
(4982, 781, '603135'),
(4983, 781, '603086'),
(4984, 781, '603081'),
(4985, 781, '603152'),
(4986, 781, '603148'),
(4987, 781, '603147'),
(4988, 781, '603146'),
(4989, 781, '603144'),
(4990, 781, '603157'),
(4991, 781, '603158'),
(4992, 781, '603006'),
(4993, 781, '603022'),
(4994, 781, '603079'),
(4995, 781, '603049'),
(4996, 781, '603054'),
(4997, 781, '603053'),
(4998, 781, '603069'),
(4999, 781, '603051'),
(5000, 781, '603057'),
(5001, 781, '603090'),
(5002, 781, '603058'),
(5003, 781, '603059'),
(5004, 781, '603062'),
(5005, 781, '603047'),
(5006, 781, '603068'),
(5007, 781, '603066'),
(5008, 781, '603065'),
(5009, 781, '603064'),
(5010, 781, '603063'),
(5011, 800, '606106'),
(5012, 800, '606107'),
(5013, 800, '606104'),
(5014, 800, '606103'),
(5015, 800, '606108'),
(5016, 800, '606101'),
(5017, 800, '606100'),
(5018, 803, '607762'),
(5019, 803, '607760'),
(5020, 804, '607400'),
(5021, 783, '607186'),
(5022, 783, '607188'),
(5023, 783, '607187'),
(5024, 783, '607190'),
(5025, 783, '607181'),
(5026, 783, '607182'),
(5027, 783, '607183'),
(5028, 783, '607189'),
(5029, 783, '607185'),
(5030, 786, '606620'),
(5031, 786, '606650'),
(5032, 786, '606621'),
(5033, 786, '606615'),
(5034, 786, '606618'),
(5035, 786, '606602'),
(5036, 786, '606612'),
(5037, 786, '606605'),
(5038, 786, '606611'),
(5039, 786, '606608'),
(5040, 786, '606613'),
(5041, 786, '606610'),
(5042, 786, '606601'),
(5043, 786, '606616'),
(5044, 786, '606607'),
(5045, 786, '606640'),
(5046, 786, '606635'),
(5047, 786, '606622'),
(5048, 786, '606657'),
(5049, 786, '606654'),
(5050, 786, '606653'),
(5051, 786, '606651'),
(5052, 786, '606636'),
(5053, 786, '606630'),
(5054, 786, '606629'),
(5055, 786, '606628'),
(5056, 786, '606627'),
(5057, 786, '606626'),
(5058, 786, '606624'),
(5059, 786, '606652'),
(5060, 805, '607514'),
(5061, 805, '607510'),
(5062, 805, '607500'),
(5063, 805, '607513'),
(5064, 805, '607511'),
(5065, 806, '606800'),
(5066, 806, '606803'),
(5067, 807, '606541'),
(5068, 807, '606540'),
(5069, 808, '606910'),
(5070, 811, '174401'),
(5071, 811, '174411'),
(5072, 811, '174409'),
(5073, 811, '174408'),
(5074, 811, '174407'),
(5075, 811, '174406'),
(5076, 811, '174405'),
(5077, 811, '174403'),
(5078, 811, '174404'),
(5079, 811, '174416'),
(5080, 812, '175402'),
(5081, 812, '175400'),
(5082, 812, '175403'),
(5083, 810, '173003'),
(5084, 810, '173015'),
(5085, 810, '173016'),
(5086, 810, '173018'),
(5087, 810, '173020'),
(5088, 810, '173021'),
(5089, 810, '173013'),
(5090, 810, '173008'),
(5091, 810, '173012'),
(5092, 810, '173007'),
(5093, 810, '173004'),
(5094, 810, '173001'),
(5095, 810, '173011'),
(5096, 810, '173014'),
(5097, 810, '173000'),
(5098, 810, '173009'),
(5099, 810, '173002'),
(5100, 810, '173022'),
(5101, 813, '174260'),
(5102, 814, '174351'),
(5103, 814, '174352'),
(5104, 814, '174353'),
(5105, 814, '174350'),
(5106, 815, '174510'),
(5107, 815, '174511'),
(5108, 816, '175041'),
(5109, 816, '175040'),
(5110, 817, '175042'),
(5111, 818, '175207'),
(5112, 818, '175201'),
(5113, 818, '175202'),
(5114, 818, '175205'),
(5115, 818, '175210'),
(5116, 818, '175204'),
(5117, 819, '175271'),
(5118, 819, '175270'),
(5119, 820, '174210'),
(5120, 820, '174213'),
(5121, 820, '174211'),
(5122, 825, '632336'),
(5123, 825, '632334'),
(5124, 825, '632335'),
(5125, 825, '632332'),
(5126, 825, '632956'),
(5127, 825, '632331'),
(5128, 825, '632000'),
(5129, 825, '632338'),
(5130, 823, '633011'),
(5131, 823, '633000'),
(5132, 823, '633010'),
(5133, 823, '633004'),
(5134, 823, '633001'),
(5135, 823, '633009'),
(5136, 823, '633003'),
(5137, 829, '633343'),
(5138, 829, '633340'),
(5139, 829, '633344'),
(5140, 826, '633205'),
(5141, 826, '633208'),
(5142, 826, '633209'),
(5143, 826, '633222'),
(5144, 826, '633204'),
(5145, 826, '633227'),
(5146, 826, '633203'),
(5147, 826, '633000'),
(5148, 830, '632868'),
(5149, 830, '632867'),
(5150, 830, '632860'),
(5151, 830, '632861'),
(5152, 830, '632862'),
(5153, 830, '632863'),
(5154, 830, '632864'),
(5155, 830, '632866'),
(5156, 830, '632865'),
(5157, 831, '632401'),
(5158, 831, '632402'),
(5159, 827, '632380'),
(5160, 827, '632384'),
(5161, 827, '632387'),
(5162, 827, '632385'),
(5163, 827, '632383'),
(5164, 827, '632382'),
(5165, 827, '632381'),
(5166, 827, '632372'),
(5167, 827, '632386'),
(5168, 832, '632735'),
(5169, 822, '630051'),
(5170, 822, '630067'),
(5171, 822, '630049'),
(5172, 822, '630047'),
(5173, 822, '630046'),
(5174, 822, '630048'),
(5175, 822, '630079'),
(5176, 822, '630020'),
(5177, 822, '630102'),
(5178, 822, '630075'),
(5179, 822, '630055'),
(5180, 822, '630056'),
(5181, 822, '630057'),
(5182, 822, '630058'),
(5183, 822, '630059'),
(5184, 822, '630071'),
(5185, 822, '630061'),
(5186, 822, '630068'),
(5187, 822, '630105'),
(5188, 822, '630000'),
(5189, 822, '630041'),
(5190, 822, '630033'),
(5191, 822, '630034'),
(5192, 822, '630036'),
(5193, 822, '630037'),
(5194, 822, '630039'),
(5195, 822, '630040'),
(5196, 822, '630517'),
(5197, 822, '630526'),
(5198, 822, '630064'),
(5199, 822, '630129'),
(5200, 822, '630077'),
(5201, 822, '630128'),
(5202, 822, '630098'),
(5203, 822, '630900'),
(5204, 822, '630052'),
(5205, 822, '630073'),
(5206, 822, '630132'),
(5207, 822, '630045'),
(5208, 822, '630054'),
(5209, 822, '630133'),
(5210, 822, '630022'),
(5211, 822, '630025'),
(5212, 822, '630007'),
(5213, 822, '630024'),
(5214, 822, '630005'),
(5215, 822, '630087'),
(5216, 822, '630008'),
(5217, 822, '630010'),
(5218, 822, '630136'),
(5219, 822, '630004'),
(5220, 822, '630108'),
(5221, 822, '630089'),
(5222, 822, '630001'),
(5223, 822, '630009'),
(5224, 822, '630017'),
(5225, 822, '630110'),
(5226, 822, '630112'),
(5227, 822, '630114'),
(5228, 822, '630116'),
(5229, 822, '630117'),
(5230, 822, '630120'),
(5231, 822, '630121'),
(5232, 822, '630123'),
(5233, 822, '630126'),
(5234, 822, '630111'),
(5235, 822, '630003'),
(5236, 822, '630099'),
(5237, 822, '630096'),
(5238, 822, '630095'),
(5239, 822, '630032'),
(5240, 822, '630015'),
(5241, 822, '630027'),
(5242, 822, '630086'),
(5243, 822, '630078'),
(5244, 822, '630030'),
(5245, 822, '630090'),
(5246, 822, '630901'),
(5247, 822, '630060'),
(5248, 822, '630088'),
(5249, 822, '630066'),
(5250, 822, '630063'),
(5251, 822, '630028'),
(5252, 822, '630084'),
(5253, 822, '630083'),
(5254, 822, '630097'),
(5255, 822, '630080'),
(5256, 822, '630029'),
(5257, 822, '630019'),
(5258, 822, '630124'),
(5259, 822, '630082'),
(5260, 824, '633102'),
(5261, 824, '633104'),
(5262, 824, '633103'),
(5263, 828, '632121'),
(5264, 828, '632124'),
(5265, 828, '632126'),
(5266, 828, '632125'),
(5267, 828, '632122'),
(5268, 833, '633453'),
(5269, 833, '633452'),
(5270, 833, '633456'),
(5271, 833, '633450'),
(5272, 833, '633454'),
(5273, 834, '633522'),
(5274, 834, '633525'),
(5275, 836, '632551'),
(5276, 836, '632552'),
(5277, 835, '632592'),
(5278, 835, '632575'),
(5279, 835, '632553'),
(5280, 835, '632561'),
(5281, 835, '632582'),
(5282, 835, '632587'),
(5283, 835, '632564'),
(5284, 835, '632588'),
(5285, 835, '632590'),
(5286, 835, '632581'),
(5287, 835, '632565'),
(5288, 835, '632570'),
(5289, 835, '632563'),
(5290, 835, '632580'),
(5291, 835, '632583'),
(5292, 835, '632586'),
(5293, 839, '646020'),
(5294, 839, '646024'),
(5295, 839, '646025'),
(5296, 839, '646023'),
(5297, 840, '646901'),
(5298, 840, '646904'),
(5299, 840, '646900'),
(5300, 840, '646902'),
(5301, 840, '646906'),
(5302, 840, '646905'),
(5303, 841, '646103'),
(5304, 841, '646104'),
(5305, 841, '646100'),
(5306, 841, '646105'),
(5307, 841, '646101'),
(5308, 838, '644015'),
(5309, 838, '644027'),
(5310, 838, '644000'),
(5311, 838, '644045'),
(5312, 838, '644001'),
(5313, 838, '644005'),
(5314, 838, '644006'),
(5315, 838, '644007'),
(5316, 838, '644070'),
(5317, 838, '644009'),
(5318, 838, '644058'),
(5319, 838, '644011'),
(5320, 838, '644012'),
(5321, 838, '644025'),
(5322, 838, '644014'),
(5323, 838, '644032'),
(5324, 838, '644016'),
(5325, 838, '644018'),
(5326, 838, '644008'),
(5327, 838, '644029'),
(5328, 838, '644035'),
(5329, 838, '644044'),
(5330, 838, '644043'),
(5331, 838, '644042'),
(5332, 838, '644041'),
(5333, 838, '644036'),
(5334, 838, '644046'),
(5335, 838, '644024'),
(5336, 838, '644047'),
(5337, 838, '644033'),
(5338, 838, '644061'),
(5339, 838, '644031'),
(5340, 838, '644069'),
(5341, 838, '644073'),
(5342, 838, '644039'),
(5343, 838, '644023'),
(5344, 838, '644048'),
(5345, 838, '644049'),
(5346, 838, '644050'),
(5347, 838, '644052'),
(5348, 838, '644053'),
(5349, 838, '644060'),
(5350, 838, '644065'),
(5351, 838, '644010'),
(5352, 838, '644092'),
(5353, 838, '644030'),
(5354, 838, '644910'),
(5355, 838, '644100'),
(5356, 838, '644082'),
(5357, 838, '644083'),
(5358, 838, '644085'),
(5359, 838, '644086'),
(5360, 838, '644088'),
(5361, 838, '644120'),
(5362, 838, '644081'),
(5363, 838, '644902'),
(5364, 838, '644091'),
(5365, 838, '644105'),
(5366, 838, '644098'),
(5367, 838, '644089'),
(5368, 838, '644079'),
(5369, 838, '644103'),
(5370, 838, '644106'),
(5371, 838, '644076'),
(5372, 838, '644074'),
(5373, 838, '644109'),
(5374, 838, '644110'),
(5375, 838, '644094'),
(5376, 838, '644040'),
(5377, 838, '644112'),
(5378, 838, '644114'),
(5379, 838, '644077'),
(5380, 838, '644901'),
(5381, 838, '644020'),
(5382, 838, '644021'),
(5383, 838, '644022'),
(5384, 838, '644013'),
(5385, 838, '644116'),
(5386, 838, '644119'),
(5387, 838, '644121'),
(5388, 838, '644123'),
(5389, 838, '644516'),
(5390, 838, '644521'),
(5391, 838, '644520'),
(5392, 838, '644903'),
(5393, 838, '644113'),
(5394, 838, '644546'),
(5395, 838, '644532'),
(5396, 838, '644117'),
(5397, 842, '646531'),
(5398, 842, '646530'),
(5399, 842, '646532'),
(5400, 842, '646504'),
(5401, 842, '646536'),
(5402, 842, '646535'),
(5403, 843, '646334'),
(5404, 843, '646332'),
(5405, 843, '646330'),
(5406, 843, '646333'),
(5407, 843, '646331'),
(5408, 856, '461744'),
(5409, 856, '461743'),
(5410, 856, '461740'),
(5411, 856, '461742'),
(5412, 849, '461632'),
(5413, 849, '461637'),
(5414, 849, '461636'),
(5415, 849, '461633'),
(5416, 849, '461631'),
(5417, 849, '461602'),
(5418, 849, '461607'),
(5419, 849, '461634'),
(5420, 849, '461630'),
(5421, 849, '461635'),
(5422, 850, '461042'),
(5423, 850, '461049'),
(5424, 850, '461047'),
(5425, 850, '461046'),
(5426, 850, '461045'),
(5427, 850, '461050'),
(5428, 850, '461043'),
(5429, 850, '461048'),
(5430, 850, '461044'),
(5431, 850, '461040'),
(5432, 850, '461041'),
(5433, 850, '461800'),
(5434, 851, '462634'),
(5435, 851, '462635'),
(5436, 851, '462633'),
(5437, 851, '462630'),
(5438, 851, '462624'),
(5439, 852, '462242'),
(5440, 852, '462220'),
(5441, 852, '462240'),
(5442, 852, '462241'),
(5443, 852, '462244'),
(5444, 852, '462243'),
(5445, 846, '462271'),
(5446, 846, '462290'),
(5447, 846, '462278'),
(5448, 846, '462292'),
(5449, 846, '462275'),
(5450, 846, '462280'),
(5451, 846, '462281'),
(5452, 846, '462291'),
(5453, 846, '462214'),
(5454, 846, '462272'),
(5455, 846, '462274'),
(5456, 847, '462353'),
(5457, 847, '462351'),
(5458, 847, '462375'),
(5459, 847, '462373'),
(5460, 847, '462372'),
(5461, 847, '462371'),
(5462, 847, '462370'),
(5463, 847, '462363'),
(5464, 847, '462360'),
(5465, 847, '462359'),
(5466, 847, '462356'),
(5467, 847, '462354'),
(5468, 845, '460021'),
(5469, 845, '460025'),
(5470, 845, '460036'),
(5471, 845, '460052'),
(5472, 845, '460037'),
(5473, 845, '460051'),
(5474, 845, '460505'),
(5475, 845, '460058'),
(5476, 845, '460056'),
(5477, 845, '460055'),
(5478, 845, '460038'),
(5479, 845, '460048'),
(5480, 845, '460003'),
(5481, 845, '460040'),
(5482, 845, '460009'),
(5483, 845, '460008'),
(5484, 845, '460026'),
(5485, 845, '460041'),
(5486, 845, '460047'),
(5487, 845, '460001'),
(5488, 845, '460050'),
(5489, 845, '460044'),
(5490, 845, '460014'),
(5491, 845, '460004'),
(5492, 845, '460005'),
(5493, 845, '460045'),
(5494, 845, '460006'),
(5495, 845, '460552'),
(5496, 845, '460028'),
(5497, 845, '460031'),
(5498, 845, '460034'),
(5499, 845, '460035'),
(5500, 845, '460024'),
(5501, 845, '460019'),
(5502, 845, '461360'),
(5503, 845, '460027'),
(5504, 845, '460526'),
(5505, 845, '460535'),
(5506, 845, '460018'),
(5507, 845, '460908'),
(5508, 845, '460020'),
(5509, 845, '460000'),
(5510, 845, '460512'),
(5511, 848, '462449'),
(5512, 848, '462424'),
(5513, 848, '462429'),
(5514, 848, '462428'),
(5515, 848, '462435'),
(5516, 848, '462426'),
(5517, 848, '462455'),
(5518, 848, '462454'),
(5519, 848, '462453'),
(5520, 848, '462433'),
(5521, 848, '462434'),
(5522, 848, '462427'),
(5523, 848, '462408'),
(5524, 848, '462431'),
(5525, 848, '462430'),
(5526, 848, '462420'),
(5527, 848, '462421'),
(5528, 848, '462419'),
(5529, 848, '462416'),
(5530, 848, '462415'),
(5531, 848, '462414'),
(5532, 848, '462413'),
(5533, 848, '462412'),
(5534, 848, '462411'),
(5535, 848, '462409'),
(5536, 848, '462422'),
(5537, 848, '462423'),
(5538, 848, '462400'),
(5539, 848, '462443'),
(5540, 848, '462432'),
(5541, 848, '462403'),
(5542, 848, '462402'),
(5543, 848, '462410'),
(5544, 848, '462401'),
(5545, 848, '462405'),
(5546, 848, '462404'),
(5547, 848, '462442'),
(5548, 848, '462407'),
(5549, 855, '461500'),
(5550, 855, '461535'),
(5551, 855, '461503'),
(5552, 855, '461505'),
(5553, 855, '461541'),
(5554, 855, '461504'),
(5555, 855, '461501'),
(5556, 853, '461900'),
(5557, 853, '461906'),
(5558, 853, '461904'),
(5559, 853, '461903'),
(5560, 853, '461902'),
(5561, 853, '461901'),
(5562, 854, '462781'),
(5563, 861, '303142'),
(5564, 861, '303140'),
(5565, 862, '303240'),
(5566, 859, '303384'),
(5567, 859, '303856'),
(5568, 859, '303851'),
(5569, 859, '303850'),
(5570, 859, '303859'),
(5571, 859, '303852'),
(5572, 859, '303854'),
(5573, 859, '303800'),
(5574, 859, '303858'),
(5575, 859, '303857'),
(5576, 863, '303370'),
(5577, 860, '303031'),
(5578, 860, '303030'),
(5579, 860, '303026'),
(5580, 860, '303036'),
(5581, 860, '303034'),
(5582, 860, '303032'),
(5583, 860, '303035'),
(5584, 864, '303500'),
(5585, 858, '302016'),
(5586, 858, '302030'),
(5587, 858, '302029'),
(5588, 858, '302028'),
(5589, 858, '302027'),
(5590, 858, '302026'),
(5591, 858, '302025'),
(5592, 858, '302020'),
(5593, 858, '302011'),
(5594, 858, '302023'),
(5595, 858, '302019'),
(5596, 858, '302031'),
(5597, 858, '302024'),
(5598, 858, '302005'),
(5599, 858, '302008'),
(5600, 858, '302012'),
(5601, 858, '302000'),
(5602, 858, '302038'),
(5603, 858, '302004'),
(5604, 858, '302040'),
(5605, 858, '302043'),
(5606, 858, '302042'),
(5607, 858, '302009'),
(5608, 858, '302010'),
(5609, 858, '302006'),
(5610, 858, '302001'),
(5611, 869, '442250'),
(5612, 870, '442310'),
(5613, 867, '442963'),
(5614, 867, '442962'),
(5615, 867, '442960'),
(5616, 867, '442961'),
(5617, 867, '442964'),
(5618, 867, '442965'),
(5619, 872, '442248'),
(5620, 872, '442247'),
(5621, 872, '442246'),
(5622, 872, '442245'),
(5623, 872, '442242'),
(5624, 872, '442240'),
(5625, 873, '442535'),
(5626, 873, '442539'),
(5627, 873, '442550'),
(5628, 873, '442544'),
(5629, 873, '442542'),
(5630, 873, '442538'),
(5631, 873, '442534'),
(5632, 873, '442537'),
(5633, 873, '442533'),
(5634, 873, '442543'),
(5635, 873, '442439'),
(5636, 873, '442500'),
(5637, 873, '442530'),
(5638, 874, '442533'),
(5639, 874, '442535'),
(5640, 874, '442542'),
(5641, 874, '442538'),
(5642, 874, '442550'),
(5643, 874, '442539'),
(5644, 874, '442544'),
(5645, 874, '442439'),
(5646, 874, '442530'),
(5647, 874, '442534'),
(5648, 874, '442543'),
(5649, 874, '442537'),
(5650, 874, '442500'),
(5651, 875, '442539'),
(5652, 875, '442537'),
(5653, 875, '442535'),
(5654, 875, '442530'),
(5655, 875, '442533'),
(5656, 875, '442543'),
(5657, 875, '442534'),
(5658, 875, '442439'),
(5659, 875, '442500'),
(5660, 875, '442542'),
(5661, 875, '442550'),
(5662, 875, '442544'),
(5663, 875, '442538'),
(5664, 876, '442150'),
(5665, 876, '442151'),
(5666, 876, '442152'),
(5667, 876, '442153'),
(5668, 877, '442682'),
(5669, 877, '442683'),
(5670, 877, '442681'),
(5671, 877, '442680'),
(5672, 866, '440060'),
(5673, 866, '440005'),
(5674, 866, '440061'),
(5675, 866, '440071'),
(5676, 866, '440007'),
(5677, 866, '440040'),
(5678, 866, '440003'),
(5679, 866, '440052'),
(5680, 866, '440056'),
(5681, 866, '440000'),
(5682, 866, '440042'),
(5683, 866, '440044'),
(5684, 866, '440012'),
(5685, 866, '440004'),
(5686, 866, '440047'),
(5687, 866, '440011'),
(5688, 866, '440046'),
(5689, 866, '440051'),
(5690, 866, '440009'),
(5691, 866, '440008'),
(5692, 866, '440013'),
(5693, 866, '440014'),
(5694, 866, '440018'),
(5695, 866, '440039'),
(5696, 866, '440026'),
(5697, 866, '440015'),
(5698, 866, '440032'),
(5699, 866, '440067'),
(5700, 866, '440028'),
(5701, 866, '440600'),
(5702, 866, '440066'),
(5703, 866, '440034'),
(5704, 866, '440058'),
(5705, 866, '440072'),
(5706, 866, '440031'),
(5707, 866, '440023'),
(5708, 866, '440068'),
(5709, 878, '442890'),
(5710, 878, '442891'),
(5711, 878, '442895'),
(5712, 878, '442894'),
(5713, 878, '442893'),
(5714, 868, '442600'),
(5715, 871, '442300'),
(5716, 882, '618335'),
(5717, 882, '618320'),
(5718, 882, '618333'),
(5719, 882, '618334'),
(5720, 882, '618323'),
(5721, 882, '618346'),
(5722, 882, '618345'),
(5723, 882, '618340'),
(5724, 881, '618430'),
(5725, 881, '618409'),
(5726, 881, '618404'),
(5727, 881, '618416'),
(5728, 881, '618426'),
(5729, 881, '618419'),
(5730, 881, '618417'),
(5731, 881, '618400'),
(5732, 893, '617120'),
(5733, 893, '617123'),
(5734, 894, '618820'),
(5735, 883, '618284'),
(5736, 883, '618283'),
(5737, 883, '618270'),
(5738, 883, '618282'),
(5739, 883, '618277'),
(5740, 884, '618262'),
(5741, 884, '618250'),
(5742, 884, '618266'),
(5743, 884, '618265'),
(5744, 884, '618268'),
(5745, 884, '618261'),
(5746, 885, '618701'),
(5747, 885, '618703'),
(5748, 885, '618710'),
(5749, 885, '618730'),
(5750, 885, '618735'),
(5751, 885, '618714'),
(5752, 885, '618720'),
(5753, 885, '618716'),
(5754, 885, '618722'),
(5755, 885, '618736'),
(5756, 885, '618715'),
(5757, 885, '618712'),
(5758, 885, '618717'),
(5759, 885, '618742'),
(5760, 885, '618740'),
(5761, 885, '618719'),
(5762, 885, '618708'),
(5763, 885, '618711'),
(5764, 885, '618709'),
(5765, 885, '618706'),
(5766, 885, '618707'),
(5767, 886, '618381'),
(5768, 886, '618382'),
(5769, 886, '618362'),
(5770, 886, '618384'),
(5771, 886, '618350'),
(5772, 886, '618370'),
(5773, 886, '618383'),
(5774, 896, '618593'),
(5775, 896, '618590'),
(5776, 896, '618592'),
(5777, 896, '618591'),
(5778, 904, '617060'),
(5779, 892, '619000'),
(5780, 887, '617178'),
(5781, 887, '617470'),
(5782, 887, '617472'),
(5783, 887, '617473'),
(5784, 887, '617474'),
(5785, 887, '617475'),
(5786, 887, '617471'),
(5787, 888, '618968'),
(5788, 888, '618924'),
(5789, 888, '618920'),
(5790, 888, '618910'),
(5791, 888, '618905'),
(5792, 888, '618909'),
(5793, 888, '618962'),
(5794, 888, '618937'),
(5795, 888, '618900'),
(5796, 888, '618961'),
(5797, 888, '618966'),
(5798, 888, '618904'),
(5799, 888, '618903'),
(5800, 888, '618967'),
(5801, 888, '618926'),
(5802, 888, '618906'),
(5803, 888, '618965'),
(5804, 888, '618964'),
(5805, 888, '618941'),
(5806, 888, '618940'),
(5807, 888, '618907'),
(5808, 888, '618931'),
(5809, 888, '618925'),
(5810, 888, '618950'),
(5811, 897, '617000'),
(5812, 898, '618124'),
(5813, 898, '618120'),
(5814, 898, '618122'),
(5815, 899, '618100'),
(5816, 900, '617140'),
(5817, 900, '617141'),
(5818, 880, '614024'),
(5819, 880, '614058'),
(5820, 880, '614102'),
(5821, 880, '617020'),
(5822, 880, '614088'),
(5823, 880, '614031'),
(5824, 880, '614042'),
(5825, 880, '614083'),
(5826, 880, '614095'),
(5827, 880, '614094'),
(5828, 880, '614051'),
(5829, 880, '614089'),
(5830, 880, '614034'),
(5831, 880, '614087'),
(5832, 880, '614081'),
(5833, 880, '614077'),
(5834, 880, '614070'),
(5835, 880, '614068'),
(5836, 880, '614067'),
(5837, 880, '614090'),
(5838, 880, '614046'),
(5839, 880, '614105'),
(5840, 880, '614066'),
(5841, 880, '614101'),
(5842, 880, '614038'),
(5843, 880, '614097'),
(5844, 880, '614053'),
(5845, 880, '614032'),
(5846, 880, '614047'),
(5847, 880, '614033'),
(5848, 880, '614055'),
(5849, 880, '614039'),
(5850, 880, '614054'),
(5851, 880, '614037'),
(5852, 880, '614036'),
(5853, 880, '614064'),
(5854, 880, '614104'),
(5855, 880, '614056'),
(5856, 880, '614025'),
(5857, 880, '614023'),
(5858, 880, '614022'),
(5859, 880, '614018'),
(5860, 880, '614017'),
(5861, 880, '614007'),
(5862, 880, '614014'),
(5863, 880, '614010'),
(5864, 880, '614029'),
(5865, 880, '614065'),
(5866, 880, '614013'),
(5867, 880, '614016'),
(5868, 880, '614026'),
(5869, 880, '614060'),
(5870, 880, '614109'),
(5871, 880, '614111'),
(5872, 880, '614113'),
(5873, 880, '614030'),
(5874, 880, '614012'),
(5875, 880, '614112'),
(5876, 880, '614107'),
(5877, 880, '614002'),
(5878, 880, '614000'),
(5879, 889, '618551'),
(5880, 889, '618544'),
(5881, 889, '618553'),
(5882, 889, '618556'),
(5883, 889, '618554'),
(5884, 889, '618548'),
(5885, 889, '618541'),
(5886, 889, '618547'),
(5887, 889, '618545'),
(5888, 889, '618542'),
(5889, 889, '618546'),
(5890, 889, '618540'),
(5891, 901, '618460'),
(5892, 901, '618430'),
(5893, 890, '617748'),
(5894, 890, '617745'),
(5895, 890, '617742'),
(5896, 890, '617750'),
(5897, 890, '617747'),
(5898, 890, '617763'),
(5899, 890, '617753'),
(5900, 890, '617762'),
(5901, 890, '617764'),
(5902, 890, '617761'),
(5903, 890, '617760'),
(5904, 890, '617759'),
(5905, 890, '617766'),
(5906, 890, '617757'),
(5907, 890, '617751'),
(5908, 890, '617754'),
(5909, 902, '618601'),
(5910, 895, '617040'),
(5911, 903, '617834'),
(5912, 903, '617818'),
(5913, 903, '617830'),
(5914, 903, '617831'),
(5915, 903, '617832'),
(5916, 903, '617833'),
(5917, 891, '618200'),
(5918, 891, '618206'),
(5919, 891, '618220'),
(5920, 891, '618204'),
(5921, 891, '618245'),
(5922, 891, '618201'),
(5923, 891, '618235'),
(5924, 891, '618232'),
(5925, 891, '618215'),
(5926, 891, '618221'),
(5927, 891, '618205'),
(5928, 891, '618222'),
(5929, 891, '618243'),
(5930, 891, '618202'),
(5931, 891, '618223'),
(5932, 891, '618236'),
(5933, 891, '618242'),
(5934, 891, '618244'),
(5935, 891, '618230'),
(5936, 891, '618203'),
(5937, 891, '618231'),
(5938, 891, '618226'),
(5939, 891, '618225'),
(5940, 891, '618240'),
(5941, 907, '182171'),
(5942, 907, '182100'),
(5943, 907, '182113'),
(5944, 907, '182108'),
(5945, 907, '182110'),
(5946, 907, '182111'),
(5947, 907, '182112'),
(5948, 907, '182115'),
(5949, 907, '182141'),
(5950, 907, '182160'),
(5951, 907, '182161'),
(5952, 907, '182105'),
(5953, 907, '182106'),
(5954, 907, '182170'),
(5955, 907, '182180'),
(5956, 907, '182104'),
(5957, 907, '182101'),
(5958, 907, '182107'),
(5959, 908, '0'),
(5960, 909, '181600'),
(5961, 910, '182670'),
(5962, 911, '182500'),
(5963, 911, '182511'),
(5964, 912, '182440'),
(5965, 913, '182200'),
(5966, 914, '182354'),
(5967, 914, '182343'),
(5968, 914, '182330'),
(5969, 915, '181350'),
(5970, 915, '181353'),
(5971, 915, '181352'),
(5972, 916, '181500'),
(5973, 916, '181502'),
(5974, 917, '182620'),
(5975, 906, '180017'),
(5976, 906, '180024'),
(5977, 906, '180014'),
(5978, 906, '180011'),
(5979, 906, '180020'),
(5980, 906, '180022'),
(5981, 906, '180000'),
(5982, 906, '180016'),
(5983, 906, '180541'),
(5984, 906, '180019'),
(5985, 906, '180021'),
(5986, 906, '180560'),
(5987, 906, '180520'),
(5988, 906, '180007'),
(5989, 906, '180002'),
(5990, 906, '180550'),
(5991, 906, '180516'),
(5992, 906, '180004'),
(5993, 906, '180005'),
(5994, 906, '180006'),
(5995, 918, '182300'),
(5996, 919, '181410'),
(5997, 920, '182251'),
(5998, 920, '182250'),
(5999, 933, '346787'),
(6000, 933, '346781'),
(6001, 933, '346782'),
(6002, 933, '346789'),
(6003, 933, '346780'),
(6004, 933, '346783'),
(6005, 934, '346720'),
(6006, 923, '346881'),
(6007, 923, '346887'),
(6008, 923, '346892'),
(6009, 923, '346893'),
(6010, 923, '346889'),
(6011, 923, '346859'),
(6012, 923, '346888'),
(6013, 923, '346886'),
(6014, 923, '346884'),
(6015, 923, '346883'),
(6016, 923, '346882'),
(6017, 923, '346894'),
(6018, 923, '346880'),
(6019, 935, '347040'),
(6020, 935, '347041'),
(6021, 935, '347042'),
(6022, 935, '347045'),
(6023, 935, '347044'),
(6024, 924, '347386'),
(6025, 924, '347395'),
(6026, 924, '347389'),
(6027, 924, '347360'),
(6028, 924, '347375'),
(6029, 924, '347380'),
(6030, 924, '347381'),
(6031, 924, '347486'),
(6032, 924, '347368'),
(6033, 924, '347366'),
(6034, 924, '347383'),
(6035, 924, '347382'),
(6036, 924, '347371'),
(6037, 925, '347879'),
(6038, 925, '347880'),
(6039, 925, '347874'),
(6040, 925, '347873'),
(6041, 925, '347890'),
(6042, 925, '347892'),
(6043, 925, '347886'),
(6044, 925, '347872'),
(6045, 925, '347871'),
(6046, 1, '346341'),
(6047, 1, '346345'),
(6048, 1, '346337'),
(6049, 1, '346333'),
(6050, 1, '346330'),
(6051, 1, '346332'),
(6052, 1, '346342'),
(6053, 1, '346335'),
(6054, 1, '346331'),
(6055, 1, '346338'),
(6056, 927, '346310'),
(6057, 927, '347831'),
(6058, 927, '346312'),
(6059, 927, '346319'),
(6060, 927, '346311'),
(6061, 936, '347740'),
(6062, 928, '347809'),
(6063, 928, '347825'),
(6064, 928, '347812'),
(6065, 928, '347803'),
(6066, 928, '347805'),
(6067, 928, '347831'),
(6068, 928, '347800'),
(6069, 928, '347801'),
(6070, 928, '347820'),
(6071, 928, '347810'),
(6072, 937, '347250'),
(6073, 937, '347252'),
(6074, 938, '346350'),
(6075, 938, '346361'),
(6076, 938, '346353'),
(6077, 938, '346390'),
(6078, 938, '346351'),
(6079, 938, '346358'),
(6080, 938, '346355'),
(6081, 938, '346356'),
(6082, 938, '346360'),
(6083, 938, '346357'),
(6084, 938, '346359'),
(6085, 938, '346352'),
(6086, 939, '346130'),
(6087, 940, '347211'),
(6088, 940, '347210'),
(6089, 940, '347214'),
(6090, 929, '346421'),
(6091, 929, '346430'),
(6092, 929, '346410'),
(6093, 929, '346416'),
(6094, 929, '346408'),
(6095, 929, '346423'),
(6096, 929, '346400'),
(6097, 929, '346406'),
(6098, 929, '346413'),
(6099, 930, '346919'),
(6100, 930, '346930'),
(6101, 930, '346931'),
(6102, 930, '346933'),
(6103, 930, '346934'),
(6104, 930, '346937'),
(6105, 930, '346918'),
(6106, 930, '346935'),
(6107, 930, '346905'),
(6108, 930, '346911'),
(6109, 930, '346910'),
(6110, 930, '346909'),
(6111, 930, '346908'),
(6112, 930, '346907'),
(6113, 930, '346912'),
(6114, 930, '346906'),
(6115, 930, '346916'),
(6116, 930, '346914'),
(6117, 930, '346903'),
(6118, 930, '346902'),
(6119, 930, '346901'),
(6120, 930, '346915'),
(6121, 930, '346900'),
(6122, 941, '347536'),
(6123, 941, '347540'),
(6124, 941, '347544'),
(6125, 941, '347542'),
(6126, 941, '347541'),
(6127, 922, '344011'),
(6128, 922, '344037'),
(6129, 922, '344038'),
(6130, 922, '344039'),
(6131, 922, '344029'),
(6132, 922, '344006'),
(6133, 922, '344009'),
(6134, 922, '344010'),
(6135, 922, '344041'),
(6136, 922, '344034'),
(6137, 922, '344016'),
(6138, 922, '344033'),
(6139, 922, '344025'),
(6140, 922, '344030'),
(6141, 922, '344019'),
(6142, 922, '344020'),
(6143, 922, '344072'),
(6144, 922, '344022'),
(6145, 922, '344023'),
(6146, 922, '344079'),
(6147, 922, '344032'),
(6148, 922, '344092'),
(6149, 922, '344048'),
(6150, 922, '344055'),
(6151, 922, '344056'),
(6152, 922, '344111'),
(6153, 922, '344082'),
(6154, 922, '344004'),
(6155, 922, '344000'),
(6156, 922, '344091'),
(6157, 922, '344114'),
(6158, 922, '344093'),
(6159, 922, '344094'),
(6160, 922, '344095'),
(6161, 922, '344101'),
(6162, 922, '344112'),
(6163, 922, '344113'),
(6164, 922, '344012'),
(6165, 922, '344090'),
(6166, 922, '344045'),
(6167, 922, '344013'),
(6168, 922, '344015'),
(6169, 922, '344068'),
(6170, 922, '344069'),
(6171, 922, '344064'),
(6172, 922, '344018'),
(6173, 922, '344065'),
(6174, 922, '344002'),
(6175, 922, '344001'),
(6176, 922, '344058'),
(6177, 942, '347636'),
(6178, 942, '347634'),
(6179, 942, '347640'),
(6180, 942, '347633'),
(6181, 942, '347632'),
(6182, 942, '347630'),
(6183, 942, '347631'),
(6184, 942, '347639'),
(6185, 943, '346630'),
(6186, 931, '347905'),
(6187, 931, '347930'),
(6188, 931, '347902'),
(6189, 931, '347928'),
(6190, 931, '347916'),
(6191, 931, '347900'),
(6192, 931, '347924'),
(6193, 931, '347904'),
(6194, 931, '347931'),
(6195, 931, '347909'),
(6196, 931, '347923'),
(6197, 931, '347922'),
(6198, 931, '347917'),
(6199, 931, '347939'),
(6200, 931, '347942'),
(6201, 931, '347000'),
(6202, 931, '347936'),
(6203, 931, '347943'),
(6204, 931, '347927'),
(6205, 931, '347913'),
(6206, 931, '347932'),
(6207, 931, '347910'),
(6208, 931, '347935'),
(6209, 944, '347325'),
(6210, 944, '347320'),
(6211, 932, '346505'),
(6212, 932, '346517'),
(6213, 932, '346538'),
(6214, 932, '346537'),
(6215, 932, '346535'),
(6216, 932, '346528'),
(6217, 932, '346521'),
(6218, 932, '346527'),
(6219, 932, '346525'),
(6220, 932, '346524'),
(6221, 932, '346523'),
(6222, 932, '346536'),
(6223, 932, '346500'),
(6224, 932, '346510'),
(6225, 932, '346530'),
(6226, 932, '346519'),
(6227, 932, '346503'),
(6228, 932, '346504'),
(6229, 932, '346506'),
(6230, 932, '346512'),
(6231, 932, '346513'),
(6232, 932, '346516'),
(6233, 932, '346480'),
(6234, 932, '346518'),
(6235, 949, '391306'),
(6236, 949, '391308'),
(6237, 949, '391301'),
(6238, 949, '391302'),
(6239, 949, '391300'),
(6240, 949, '391303'),
(6241, 951, '391200'),
(6242, 951, '391201'),
(6243, 952, '391712'),
(6244, 952, '391710'),
(6245, 953, '391160'),
(6246, 954, '391134'),
(6247, 954, '391110'),
(6248, 954, '391111'),
(6249, 954, '391112'),
(6250, 955, '391964'),
(6251, 955, '391960'),
(6252, 955, '391962'),
(6253, 946, '390013'),
(6254, 946, '390042'),
(6255, 946, '390039'),
(6256, 946, '390043'),
(6257, 946, '390015'),
(6258, 946, '390011'),
(6259, 946, '390025'),
(6260, 946, '390019'),
(6261, 946, '390021'),
(6262, 946, '390026'),
(6263, 946, '390017'),
(6264, 946, '390027'),
(6265, 946, '390010'),
(6266, 946, '390046'),
(6267, 946, '390037'),
(6268, 946, '390504'),
(6269, 946, '390048'),
(6270, 946, '390029'),
(6271, 946, '390044'),
(6272, 946, '390023'),
(6273, 946, '390028'),
(6274, 946, '390000'),
(6275, 946, '390005'),
(6276, 946, '390006'),
(6277, 946, '390007'),
(6278, 946, '390035'),
(6279, 946, '390020'),
(6280, 946, '390047'),
(6281, 947, '391431'),
(6282, 947, '391432'),
(6283, 947, '391430'),
(6284, 947, '391434'),
(6285, 948, '391846'),
(6286, 948, '391800'),
(6287, 948, '391847'),
(6288, 948, '391825'),
(6289, 948, '391801'),
(6290, 948, '391802'),
(6291, 948, '391840'),
(6292, 948, '391842'),
(6293, 948, '391803'),
(6294, 950, '391030'),
(6295, 956, '391050'),
(6296, 957, '391550'),
(6297, 960, '445363'),
(6298, 960, '445362'),
(6299, 960, '445351'),
(6300, 960, '446362'),
(6301, 960, '445365'),
(6302, 960, '445354'),
(6303, 960, '445352'),
(6304, 960, '445350'),
(6305, 960, '445366'),
(6306, 960, '445359'),
(6307, 960, '445364'),
(6308, 968, '446436'),
(6309, 968, '446462'),
(6310, 968, '446433'),
(6311, 968, '446431'),
(6312, 968, '446430'),
(6313, 968, '446441'),
(6314, 968, '446442'),
(6315, 968, '446435'),
(6316, 969, '446600'),
(6317, 961, '446208'),
(6318, 961, '446200'),
(6319, 961, '446219'),
(6320, 961, '446218'),
(6321, 961, '446217'),
(6322, 961, '446205'),
(6323, 961, '446209'),
(6324, 961, '446201'),
(6325, 961, '446100'),
(6326, 961, '446104'),
(6327, 961, '446121'),
(6328, 961, '446206'),
(6329, 961, '446213'),
(6330, 962, '445247'),
(6331, 962, '445250'),
(6332, 962, '445241'),
(6333, 962, '445243'),
(6334, 962, '445244'),
(6335, 962, '445246'),
(6336, 962, '445245'),
(6337, 962, '445240'),
(6338, 963, '446301'),
(6339, 963, '446305'),
(6340, 963, '446304'),
(6341, 963, '446303'),
(6342, 963, '446306'),
(6343, 963, '446300'),
(6344, 967, '446452'),
(6345, 967, '446454'),
(6346, 967, '446450'),
(6347, 967, '446451'),
(6348, 967, '446455'),
(6349, 967, '446459'),
(6350, 967, '446453'),
(6351, 959, '443079'),
(6352, 959, '443000'),
(6353, 959, '443099'),
(6354, 959, '443098'),
(6355, 959, '443004'),
(6356, 959, '443095'),
(6357, 959, '443093'),
(6358, 959, '443092'),
(6359, 959, '443090'),
(6360, 959, '443086'),
(6361, 959, '443085'),
(6362, 959, '443096'),
(6363, 959, '443045'),
(6364, 959, '443010'),
(6365, 959, '443001'),
(6366, 959, '443008'),
(6367, 959, '443012'),
(6368, 959, '443041'),
(6369, 959, '443002'),
(6370, 959, '443005'),
(6371, 959, '443009'),
(6372, 959, '443036'),
(6373, 959, '443011'),
(6374, 959, '443042'),
(6375, 959, '443035'),
(6376, 959, '443122'),
(6377, 959, '443051'),
(6378, 959, '443052'),
(6379, 959, '446379'),
(6380, 959, '443100'),
(6381, 959, '443903'),
(6382, 959, '443101'),
(6383, 959, '443902'),
(6384, 959, '443125'),
(6385, 959, '443112'),
(6386, 959, '443117'),
(6387, 959, '443904'),
(6388, 959, '443107'),
(6389, 959, '443109'),
(6390, 959, '443110'),
(6391, 959, '443056'),
(6392, 959, '443901'),
(6393, 959, '443013'),
(6394, 959, '443105'),
(6395, 959, '443076'),
(6396, 959, '443072'),
(6397, 959, '443071'),
(6398, 959, '443070'),
(6399, 959, '443068'),
(6400, 959, '443033'),
(6401, 959, '443067'),
(6402, 959, '443047'),
(6403, 959, '443066'),
(6404, 959, '443065'),
(6405, 959, '443063'),
(6406, 959, '443061'),
(6407, 959, '443082'),
(6408, 959, '443046'),
(6409, 959, '443080'),
(6410, 959, '443050'),
(6411, 959, '443030'),
(6412, 959, '443016'),
(6413, 959, '443017'),
(6414, 959, '443020'),
(6415, 959, '443022'),
(6416, 959, '443023'),
(6417, 959, '443026'),
(6418, 959, '443028'),
(6419, 959, '443044'),
(6420, 959, '443048'),
(6421, 959, '443015'),
(6422, 959, '443029'),
(6423, 959, '443058'),
(6424, 959, '443031'),
(6425, 966, '446014'),
(6426, 966, '446022'),
(6427, 966, '446011'),
(6428, 966, '446005'),
(6429, 966, '446012'),
(6430, 966, '446013'),
(6431, 966, '446008'),
(6432, 966, '446007'),
(6433, 966, '446031'),
(6434, 966, '446001'),
(6435, 966, '446002'),
(6436, 966, '446010'),
(6437, 966, '446026'),
(6438, 966, '446021'),
(6439, 966, '446023'),
(6440, 966, '446029'),
(6441, 966, '446025'),
(6442, 966, '446015'),
(6443, 966, '446028'),
(6444, 966, '446019'),
(6445, 966, '446020'),
(6446, 966, '446018'),
(6447, 966, '446024'),
(6448, 965, '445019'),
(6449, 965, '445020'),
(6450, 965, '445024'),
(6451, 965, '445026'),
(6452, 965, '445021'),
(6453, 965, '445051'),
(6454, 965, '445032'),
(6455, 965, '445010'),
(6456, 965, '445036'),
(6457, 965, '445039'),
(6458, 965, '445037'),
(6459, 965, '445041'),
(6460, 965, '445012'),
(6461, 965, '445028'),
(6462, 965, '445040'),
(6463, 965, '445092'),
(6464, 965, '445011'),
(6465, 965, '445091'),
(6466, 965, '445030'),
(6467, 965, '445005'),
(6468, 965, '445004'),
(6469, 965, '445003'),
(6470, 965, '445000'),
(6471, 965, '445017'),
(6472, 965, '445046'),
(6473, 965, '445013'),
(6474, 965, '445007'),
(6475, 965, '445009'),
(6476, 965, '445047'),
(6477, 965, '445031'),
(6478, 965, '445043'),
(6479, 965, '445015'),
(6480, 965, '445045'),
(6481, 965, '445027'),
(6482, 965, '445044'),
(6483, 965, '445042'),
(6484, 965, '445022'),
(6485, 964, '446230'),
(6486, 964, '443001'),
(6487, 964, '446114'),
(6488, 964, '446113'),
(6489, 964, '446100'),
(6490, 964, '446101'),
(6491, 964, '446104'),
(6492, 964, '446111'),
(6493, 964, '446110'),
(6494, 964, '446103'),
(6495, 964, '446116'),
(6496, 964, '446112'),
(6497, 964, '446115'),
(6498, 987, '412210'),
(6499, 973, '412421'),
(6500, 973, '412425'),
(6501, 973, '412420'),
(6502, 973, '412424'),
(6503, 973, '412423'),
(6504, 974, '413849'),
(6505, 974, '413851'),
(6506, 974, '413855'),
(6507, 974, '413860'),
(6508, 974, '413863'),
(6509, 974, '413857'),
(6510, 974, '413864'),
(6511, 974, '413865'),
(6512, 974, '413841'),
(6513, 974, '413850'),
(6514, 974, '413840'),
(6515, 974, '413859'),
(6516, 974, '413853'),
(6517, 975, '412316'),
(6518, 975, '412307'),
(6519, 975, '412304'),
(6520, 975, '412306'),
(6521, 975, '412311'),
(6522, 975, '412315'),
(6523, 975, '412313'),
(6524, 975, '412310'),
(6525, 975, '412309'),
(6526, 975, '412314'),
(6527, 975, '412305'),
(6528, 975, '412308'),
(6529, 975, '412302'),
(6530, 975, '412303'),
(6531, 976, '412916'),
(6532, 976, '412950'),
(6533, 976, '412913'),
(6534, 976, '412911'),
(6535, 976, '412904'),
(6536, 976, '412909'),
(6537, 976, '412921'),
(6538, 976, '412906'),
(6539, 976, '412900'),
(6540, 976, '412905'),
(6541, 976, '412918'),
(6542, 976, '412901'),
(6543, 976, '412919'),
(6544, 976, '412902'),
(6545, 977, '412913'),
(6546, 977, '412918'),
(6547, 977, '412916'),
(6548, 977, '412904'),
(6549, 977, '412911'),
(6550, 977, '412909'),
(6551, 977, '412906'),
(6552, 977, '412905'),
(6553, 977, '412900'),
(6554, 977, '412902'),
(6555, 977, '412921'),
(6556, 977, '412919'),
(6557, 977, '412950'),
(6558, 977, '412901'),
(6559, 988, '413502'),
(6560, 988, '413503'),
(6561, 988, '413520'),
(6562, 988, '413525'),
(6563, 989, '412484'),
(6564, 989, '412483'),
(6565, 989, '412481'),
(6566, 978, '412800'),
(6567, 978, '412804'),
(6568, 978, '412802'),
(6569, 978, '412801'),
(6570, 990, '413233'),
(6571, 990, '413234'),
(6572, 990, '413231'),
(6573, 990, '413232'),
(6574, 990, '413235'),
(6575, 979, '413092'),
(6576, 979, '413090'),
(6577, 979, '413093'),
(6578, 991, '413362'),
(6579, 991, '413341'),
(6580, 991, '413361'),
(6581, 991, '413360'),
(6582, 991, '413342'),
(6583, 980, '412540'),
(6584, 980, '412542'),
(6585, 980, '412541'),
(6586, 980, '412545'),
(6587, 980, '412543'),
(6588, 980, '412544'),
(6589, 981, '413723'),
(6590, 981, '413724'),
(6591, 981, '413727'),
(6592, 981, '413725'),
(6593, 981, '413728'),
(6594, 981, '413729'),
(6595, 981, '413726'),
(6596, 981, '413722'),
(6597, 981, '413721'),
(6598, 981, '413720'),
(6599, 982, '412033'),
(6600, 982, '412034'),
(6601, 982, '412035'),
(6602, 982, '412031'),
(6603, 982, '412032'),
(6604, 971, '410012'),
(6605, 971, '410053'),
(6606, 971, '410055'),
(6607, 971, '410056'),
(6608, 971, '410057'),
(6609, 971, '410059'),
(6610, 971, '410060'),
(6611, 971, '410069'),
(6612, 971, '410065'),
(6613, 971, '410071'),
(6614, 971, '410067'),
(6615, 971, '410049'),
(6616, 971, '410068'),
(6617, 971, '410003'),
(6618, 971, '410062'),
(6619, 971, '410004'),
(6620, 971, '410600'),
(6621, 971, '413007'),
(6622, 971, '410000'),
(6623, 971, '410015'),
(6624, 971, '410001'),
(6625, 971, '410005'),
(6626, 971, '410054'),
(6627, 971, '410016'),
(6628, 971, '410074'),
(6629, 971, '410007'),
(6630, 971, '410008'),
(6631, 971, '410009'),
(6632, 971, '410010'),
(6633, 971, '410064'),
(6634, 971, '410002'),
(6635, 971, '410039'),
(6636, 971, '410076'),
(6637, 971, '410030'),
(6638, 971, '410031'),
(6639, 971, '410051'),
(6640, 971, '410035'),
(6641, 971, '410050'),
(6642, 971, '410033'),
(6643, 971, '410038'),
(6644, 971, '410027'),
(6645, 971, '410040'),
(6646, 971, '410041'),
(6647, 971, '410044'),
(6648, 971, '410047'),
(6649, 971, '410048'),
(6650, 971, '410507'),
(6651, 971, '410037'),
(6652, 971, '410018'),
(6653, 971, '410078'),
(6654, 971, '410080'),
(6655, 971, '410082'),
(6656, 971, '410086'),
(6657, 971, '410090'),
(6658, 971, '410066'),
(6659, 971, '410017'),
(6660, 971, '410028'),
(6661, 971, '410019'),
(6662, 971, '410020'),
(6663, 971, '410022'),
(6664, 971, '410026'),
(6665, 971, '410052'),
(6666, 971, '410036'),
(6667, 983, '412781'),
(6668, 983, '412787'),
(6669, 983, '412784'),
(6670, 983, '412751'),
(6671, 983, '412762'),
(6672, 983, '412782'),
(6673, 983, '412780'),
(6674, 972, '412950'),
(6675, 984, '413106'),
(6676, 984, '413105'),
(6677, 984, '413112'),
(6678, 984, '413115'),
(6679, 984, '410514'),
(6680, 984, '413100'),
(6681, 984, '413102'),
(6682, 984, '413108'),
(6683, 984, '413107'),
(6684, 984, '413111'),
(6685, 984, '413110'),
(6686, 984, '413113'),
(6687, 984, '413114'),
(6688, 984, '413116'),
(6689, 984, '413117'),
(6690, 984, '413118'),
(6691, 984, '413121'),
(6692, 984, '413122'),
(6693, 984, '413123'),
(6694, 984, '413124'),
(6695, 984, '413101'),
(6696, 985, '413119'),
(6697, 986, '413102'),
(6698, 1007, '694420'),
(6699, 994, '694030'),
(6700, 995, '694050'),
(6701, 996, '694020'),
(6702, 997, '694530'),
(6703, 997, '694532'),
(6704, 998, '694140'),
(6705, 999, '694745'),
(6706, 999, '694742'),
(6707, 999, '694741'),
(6708, 999, '694740'),
(6709, 1000, '694490'),
(6710, 1001, '694240'),
(6711, 1002, '694550'),
(6712, 1003, '694820'),
(6713, 1004, '694920'),
(6714, 1006, '694620'),
(6715, 1005, '694910'),
(6716, 1005, '694916'),
(6717, 1005, '694913'),
(6718, 1005, '694912'),
(6719, 993, '693008'),
(6720, 993, '693007'),
(6721, 993, '693000'),
(6722, 993, '693006'),
(6723, 993, '693005'),
(6724, 993, '693001'),
(6725, 993, '693903'),
(6726, 993, '693010'),
(6727, 993, '693003'),
(6728, 993, '693004'),
(6729, 993, '693904'),
(6730, 993, '693012'),
(6731, 993, '693020'),
(6732, 993, '693021'),
(6733, 993, '693022'),
(6734, 993, '693023'),
(6735, 993, '693901'),
(6736, 993, '693902'),
(6737, 993, '693014'),
(6738, 993, '693013'),
(6739, 993, '693017'),
(6740, 1030, '624604'),
(6741, 1030, '624602'),
(6742, 1030, '624601'),
(6743, 1030, '624600'),
(6744, 1030, '624611'),
(6745, 1030, '624610'),
(6746, 1030, '624607'),
(6747, 1030, '624605'),
(6748, 1030, '624615'),
(6749, 1030, '624612'),
(6750, 1030, '624603'),
(6751, 1030, '624606'),
(6752, 1053, '624002'),
(6753, 1041, '623780'),
(6754, 1041, '623794'),
(6755, 1041, '623785'),
(6756, 1041, '623783'),
(6757, 1041, '623782'),
(6758, 1041, '623784'),
(6759, 1010, '624260'),
(6760, 1010, '624264'),
(6761, 1010, '624282'),
(6762, 1010, '624286'),
(6763, 1010, '624285'),
(6764, 1010, '624287'),
(6765, 1011, '623711'),
(6766, 1011, '623704'),
(6767, 1011, '623700'),
(6768, 1011, '623702'),
(6769, 1011, '623725'),
(6770, 1011, '623703'),
(6771, 1011, '623710'),
(6772, 1011, '623712'),
(6773, 1011, '623721'),
(6774, 1011, '623718'),
(6775, 1011, '623701'),
(6776, 1011, '623720'),
(6777, 1011, '623719'),
(6778, 1011, '623706'),
(6779, 1042, '623530'),
(6780, 1036, '624140'),
(6781, 1036, '624154'),
(6782, 1036, '624160'),
(6783, 1012, '624080'),
(6784, 1012, '624096'),
(6785, 1012, '624091'),
(6786, 1012, '624093'),
(6787, 1012, '624092'),
(6788, 1012, '624097'),
(6789, 1012, '624088'),
(6790, 1012, '624087'),
(6791, 1012, '624082'),
(6792, 1012, '624086'),
(6793, 1012, '624090'),
(6794, 1043, '624760'),
(6795, 1043, '624764'),
(6796, 1039, '624320'),
(6797, 1039, '624300'),
(6798, 1044, '624380'),
(6799, 1044, '624381'),
(6800, 1044, '624383'),
(6801, 1038, '624940'),
(6802, 1038, '624941'),
(6803, 1040, '623280'),
(6804, 1040, '623270'),
(6805, 1009, '620907'),
(6806, 1009, '620050'),
(6807, 1009, '620039'),
(6808, 1009, '620041'),
(6809, 1009, '620042'),
(6810, 1009, '620043'),
(6811, 1009, '620046'),
(6812, 1009, '620048'),
(6813, 1009, '620149'),
(6814, 1009, '620049'),
(6815, 1009, '620033'),
(6816, 1009, '620053'),
(6817, 1009, '620134'),
(6818, 1009, '620010'),
(6819, 1009, '620920'),
(6820, 1009, '620000'),
(6821, 1009, '620014'),
(6822, 1009, '620004'),
(6823, 1009, '620107'),
(6824, 1009, '620127'),
(6825, 1009, '620130'),
(6826, 1009, '620098'),
(6827, 1009, '620012'),
(6828, 1009, '620007'),
(6829, 1009, '620912'),
(6830, 1009, '620075'),
(6831, 1009, '620024'),
(6832, 1009, '620078'),
(6833, 1009, '620030'),
(6834, 1009, '620910'),
(6835, 1009, '620028'),
(6836, 1009, '620054'),
(6837, 1009, '620026'),
(6838, 1009, '620034'),
(6839, 1009, '620131'),
(6840, 1009, '620146'),
(6841, 1009, '620097'),
(6842, 1009, '620089'),
(6843, 1009, '620904'),
(6844, 1009, '620088'),
(6845, 1009, '620087'),
(6846, 1009, '620137'),
(6847, 1009, '620138'),
(6848, 1009, '620141'),
(6849, 1009, '620076'),
(6850, 1009, '620102'),
(6851, 1009, '620135'),
(6852, 1009, '620913'),
(6853, 1009, '620100'),
(6854, 1009, '620086'),
(6855, 1009, '620085'),
(6856, 1009, '620082'),
(6857, 1009, '620036'),
(6858, 1009, '620142'),
(6859, 1009, '620103'),
(6860, 1009, '620905'),
(6861, 1009, '620908'),
(6862, 1009, '620027'),
(6863, 1009, '620144'),
(6864, 1009, '620070'),
(6865, 1009, '620023'),
(6866, 1009, '620017'),
(6867, 1009, '620057'),
(6868, 1009, '620058'),
(6869, 1009, '620062'),
(6870, 1009, '620902'),
(6871, 1009, '620016'),
(6872, 1009, '620072'),
(6873, 1013, '624241'),
(6874, 1013, '624247'),
(6875, 1013, '624250'),
(6876, 1014, '624582'),
(6877, 1014, '624577'),
(6878, 1014, '624579'),
(6879, 1014, '624561'),
(6880, 1014, '624574'),
(6881, 1014, '624540'),
(6882, 1014, '624581'),
(6883, 1014, '624575'),
(6884, 1014, '624583'),
(6885, 1014, '624550'),
(6886, 1014, '624590'),
(6887, 1014, '624573'),
(6888, 1032, '623856'),
(6889, 1032, '623855'),
(6890, 1032, '623854'),
(6891, 1032, '623851'),
(6892, 1032, '623850'),
(6893, 1032, '623852'),
(6894, 1028, '623415'),
(6895, 1028, '623408'),
(6896, 1028, '623428'),
(6897, 1028, '623418'),
(6898, 1028, '623401'),
(6899, 1028, '623414'),
(6900, 1028, '623412'),
(6901, 1028, '623409'),
(6902, 1028, '623430'),
(6903, 1028, '623417'),
(6904, 1028, '623416'),
(6905, 1028, '623400'),
(6906, 1028, '623405'),
(6907, 1028, '623402'),
(6908, 1033, '624860'),
(6909, 1015, '624930'),
(6910, 1015, '624943'),
(6911, 1015, '624947'),
(6912, 1015, '624945'),
(6913, 1016, '624365'),
(6914, 1016, '624350'),
(6915, 1016, '624351'),
(6916, 1017, '624140'),
(6917, 1017, '624152'),
(6918, 1017, '624155'),
(6919, 1018, '624461'),
(6920, 1018, '624448'),
(6921, 1018, '624465'),
(6922, 1018, '624450'),
(6923, 1018, '624467'),
(6924, 1018, '624445'),
(6925, 1018, '624440'),
(6926, 1018, '624447'),
(6927, 1018, '624449'),
(6928, 1018, '624446'),
(6929, 1018, '624441'),
(6930, 1018, '624443'),
(6931, 1018, '624444'),
(6932, 1019, '624332'),
(6933, 1019, '624343'),
(6934, 1019, '624330'),
(6935, 1034, '623300'),
(6936, 1020, '624315'),
(6937, 1020, '624310'),
(6938, 1020, '624300'),
(6939, 1021, '624213'),
(6940, 1021, '624356'),
(6941, 1021, '624205'),
(6942, 1021, '624204'),
(6943, 1021, '624203'),
(6944, 1021, '624202'),
(6945, 1021, '624201'),
(6946, 1021, '624200'),
(6947, 1021, '624214'),
(6948, 1048, '623080'),
(6949, 1045, '624191'),
(6950, 1045, '624171'),
(6951, 1045, '624192'),
(6952, 1045, '624194'),
(6953, 1047, '623090'),
(6954, 1046, '623089'),
(6955, 1046, '623090'),
(6956, 1046, '623093'),
(6957, 1046, '623075'),
(6958, 1046, '623045'),
(6959, 1046, '623040'),
(6960, 1046, '623056'),
(6961, 1046, '623042'),
(6962, 1046, '623087'),
(6963, 1046, '623041'),
(6964, 1046, '623053'),
(6965, 1046, '623050'),
(6966, 1046, '623055'),
(6967, 1046, '623083'),
(6968, 1046, '623061'),
(6969, 1046, '623070'),
(6970, 1046, '623078'),
(6971, 1046, '623060'),
(6972, 1046, '623057'),
(6973, 1046, '623084'),
(6974, 1046, '623085'),
(6975, 1029, '622036'),
(6976, 1029, '622049'),
(6977, 1029, '622051'),
(6978, 1029, '622052'),
(6979, 1029, '622021'),
(6980, 1029, '622022'),
(6981, 1029, '622026'),
(6982, 1029, '622000'),
(6983, 1029, '622030'),
(6984, 1029, '622039'),
(6985, 1029, '622034'),
(6986, 1029, '622016'),
(6987, 1029, '622001'),
(6988, 1029, '622002'),
(6989, 1029, '622042'),
(6990, 1029, '622048'),
(6991, 1029, '622014'),
(6992, 1029, '622013'),
(6993, 1029, '622012'),
(6994, 1029, '622008'),
(6995, 1029, '622005'),
(6996, 1029, '622004'),
(6997, 1029, '622031'),
(6998, 1029, '622018'),
(6999, 1029, '622015'),
(7000, 1031, '624740'),
(7001, 1022, '624221'),
(7002, 1022, '624239'),
(7003, 1022, '624220'),
(7004, 1022, '624238'),
(7005, 1022, '624231'),
(7006, 1022, '624230'),
(7007, 1022, '624223'),
(7008, 1022, '624222'),
(7009, 1049, '624400'),
(7010, 1023, '624128'),
(7011, 1023, '624130'),
(7012, 1023, '624131'),
(7013, 1023, '624132'),
(7014, 1023, '624134'),
(7015, 1023, '624135'),
(7016, 1023, '624127'),
(7017, 1023, '624133'),
(7018, 1024, '623132'),
(7019, 1024, '623113'),
(7020, 1024, '623141'),
(7021, 1024, '623131'),
(7022, 1024, '623108'),
(7023, 1024, '623103'),
(7024, 1024, '623107'),
(7025, 1024, '623135'),
(7026, 1024, '623116'),
(7027, 1024, '623104'),
(7028, 1024, '623118'),
(7029, 1024, '623090'),
(7030, 1024, '623151'),
(7031, 1024, '623150'),
(7032, 1024, '623148'),
(7033, 1024, '623145'),
(7034, 1024, '623144'),
(7035, 1024, '623143'),
(7036, 1024, '623105'),
(7037, 1024, '623140'),
(7038, 1024, '623100'),
(7039, 1024, '623101'),
(7040, 1025, '623377'),
(7041, 1025, '623395'),
(7042, 1025, '623375'),
(7043, 1025, '623376'),
(7044, 1025, '623380'),
(7045, 1025, '623370'),
(7046, 1025, '623373'),
(7047, 1026, '623280'),
(7048, 1026, '623287'),
(7049, 1026, '623284'),
(7050, 1026, '623286'),
(7051, 1026, '623277'),
(7052, 1026, '623275'),
(7053, 1026, '623274'),
(7054, 1026, '623283'),
(7055, 1026, '623281'),
(7056, 1026, '623285'),
(7057, 1050, '623752'),
(7058, 1050, '623750'),
(7059, 1050, '623751'),
(7060, 1050, '623753'),
(7061, 1027, '624480'),
(7062, 1027, '624473'),
(7063, 1027, '624474'),
(7064, 1027, '624479'),
(7065, 1027, '624472'),
(7066, 1027, '624477'),
(7067, 1027, '624475'),
(7068, 1027, '624471'),
(7069, 1035, '624981'),
(7070, 1035, '624970'),
(7071, 1035, '624999'),
(7072, 1035, '624995'),
(7073, 1035, '624997'),
(7074, 1035, '624980'),
(7075, 1035, '624983'),
(7076, 1035, '624990'),
(7077, 1035, '624992'),
(7078, 1035, '624993'),
(7079, 1035, '624994'),
(7080, 1037, '624070'),
(7081, 1037, '624071'),
(7082, 1051, '624800'),
(7083, 1051, '624802'),
(7084, 1051, '624803'),
(7085, 1051, '624804'),
(7086, 1052, '624021'),
(7087, 1054, '623950'),
(7088, 1055, '623640'),
(7089, 1056, '623903'),
(7090, 1056, '623924'),
(7091, 1056, '623900'),
(7092, 1056, '623905'),
(7093, 1056, '623915'),
(7094, 1056, '623930'),
(7095, 1060, '216291'),
(7096, 1060, '216290'),
(7097, 1061, '215116'),
(7098, 1061, '215107'),
(7099, 1061, '215118'),
(7100, 1061, '215119'),
(7101, 1061, '215110'),
(7102, 1061, '215113'),
(7103, 1061, '215111'),
(7104, 1062, '215010'),
(7105, 1063, '216240'),
(7106, 1058, '216400'),
(7107, 1064, '215713'),
(7108, 1064, '215710'),
(7109, 1065, '216200'),
(7110, 1066, '216330'),
(7111, 1067, '216450'),
(7112, 1068, '216507'),
(7113, 1068, '216505'),
(7114, 1068, '216502'),
(7115, 1068, '216500'),
(7116, 1068, '216509'),
(7117, 1068, '216504'),
(7118, 1068, '216501'),
(7119, 1068, '216506'),
(7120, 1069, '216790'),
(7121, 1070, '215500'),
(7122, 1070, '215503'),
(7123, 1070, '215506'),
(7124, 1070, '215502'),
(7125, 1070, '215505'),
(7126, 1059, '214015'),
(7127, 1059, '214024'),
(7128, 1059, '214004'),
(7129, 1059, '214027'),
(7130, 1059, '214025'),
(7131, 1059, '214018'),
(7132, 1059, '214005'),
(7133, 1059, '214006'),
(7134, 1059, '214008'),
(7135, 1059, '214010'),
(7136, 1059, '214505'),
(7137, 1059, '214019'),
(7138, 1059, '214009'),
(7139, 1059, '214039'),
(7140, 1059, '214038'),
(7141, 1059, '214011'),
(7142, 1059, '214033'),
(7143, 1059, '214034'),
(7144, 1059, '214032'),
(7145, 1059, '214031'),
(7146, 1059, '214000'),
(7147, 1059, '214036'),
(7148, 1059, '214515'),
(7149, 1059, '214525'),
(7150, 1059, '214013'),
(7151, 1059, '214030'),
(7152, 1059, '214020'),
(7153, 1059, '214001'),
(7154, 1059, '214016'),
(7155, 1059, '214023'),
(7156, 1059, '214014'),
(7157, 1059, '214012'),
(7158, 1059, '214022'),
(7159, 1059, '214534'),
(7160, 1071, '215280'),
(7161, 1072, '215805'),
(7162, 1072, '215830'),
(7163, 1072, '215800'),
(7164, 1072, '215801'),
(7165, 1072, '215806'),
(7166, 1081, '393672'),
(7167, 1081, '393671'),
(7168, 1081, '393670'),
(7169, 1077, '393364'),
(7170, 1077, '393366'),
(7171, 1077, '393362'),
(7172, 1077, '393361'),
(7173, 1077, '393360'),
(7174, 1074, '393194'),
(7175, 1078, '393762'),
(7176, 1078, '393761'),
(7177, 1078, '393771'),
(7178, 1078, '393736'),
(7179, 1078, '393760'),
(7180, 1078, '393772'),
(7181, 1078, '393773'),
(7182, 1078, '393774'),
(7183, 1078, '393777'),
(7184, 1078, '393778'),
(7185, 1078, '393765'),
(7186, 1078, '393763');
INSERT INTO `b_sale_location_zip` (`ID`, `LOCATION_ID`, `ZIP`) VALUES
(7187, 1078, '393770'),
(7188, 1078, '393764'),
(7189, 1078, '393766'),
(7190, 1078, '393768'),
(7191, 1075, '393950'),
(7192, 1079, '393253'),
(7193, 1079, '393251'),
(7194, 1079, '393254'),
(7195, 1079, '393255'),
(7196, 1079, '393279'),
(7197, 1079, '393257'),
(7198, 1079, '393250'),
(7199, 1079, '393252'),
(7200, 1076, '392030'),
(7201, 1076, '392005'),
(7202, 1076, '392020'),
(7203, 1076, '392032'),
(7204, 1076, '392029'),
(7205, 1076, '392036'),
(7206, 1076, '392037'),
(7207, 1076, '392028'),
(7208, 1076, '392027'),
(7209, 1076, '392026'),
(7210, 1076, '392022'),
(7211, 1076, '392018'),
(7212, 1076, '392016'),
(7213, 1076, '392021'),
(7214, 1076, '392009'),
(7215, 1076, '392004'),
(7216, 1076, '392002'),
(7217, 1076, '392012'),
(7218, 1076, '392014'),
(7219, 1076, '392024'),
(7220, 1076, '392001'),
(7221, 1076, '392023'),
(7222, 1076, '392008'),
(7223, 1076, '392033'),
(7224, 1076, '392000'),
(7225, 1080, '393462'),
(7226, 1080, '393464'),
(7227, 1080, '393461'),
(7228, 1080, '393460'),
(7229, 1080, '393463'),
(7230, 1089, '172801'),
(7231, 1089, '172800'),
(7232, 1090, '171987'),
(7233, 1090, '171988'),
(7234, 1090, '171982'),
(7235, 1090, '171984'),
(7236, 1090, '171983'),
(7237, 1090, '171981'),
(7238, 1091, '172530'),
(7239, 1092, '171081'),
(7240, 1092, '171071'),
(7241, 1092, '171072'),
(7242, 1092, '171075'),
(7243, 1092, '171080'),
(7244, 1092, '171076'),
(7245, 1093, '171721'),
(7246, 1093, '171720'),
(7247, 1088, '171160'),
(7248, 1088, '171167'),
(7249, 1088, '171151'),
(7250, 1088, '171161'),
(7251, 1088, '171162'),
(7252, 1088, '171168'),
(7253, 1088, '171150'),
(7254, 1088, '171155'),
(7255, 1088, '171159'),
(7256, 1088, '171157'),
(7257, 1088, '171158'),
(7258, 1088, '171166'),
(7259, 1088, '171164'),
(7260, 1088, '171163'),
(7261, 1094, '172610'),
(7262, 1094, '172611'),
(7263, 1095, '172332'),
(7264, 1095, '172333'),
(7265, 1096, '171571'),
(7266, 1096, '171573'),
(7267, 1097, '171645'),
(7268, 1097, '171641'),
(7269, 1097, '171640'),
(7270, 1087, '171502'),
(7271, 1087, '171501'),
(7272, 1087, '171510'),
(7273, 1087, '171504'),
(7274, 1087, '171508'),
(7275, 1087, '171507'),
(7276, 1087, '171506'),
(7277, 1087, '171503'),
(7278, 1087, '171505'),
(7279, 1098, '171251'),
(7280, 1098, '171253'),
(7281, 1098, '171256'),
(7282, 1098, '171252'),
(7283, 1098, '171254'),
(7284, 1098, '171250'),
(7285, 1099, '171660'),
(7286, 1099, '171661'),
(7287, 1100, '172110'),
(7288, 1100, '172111'),
(7289, 1100, '172112'),
(7290, 1101, '171210'),
(7291, 1086, '172524'),
(7292, 1086, '172523'),
(7293, 1086, '172527'),
(7294, 1086, '172521'),
(7295, 1086, '172522'),
(7296, 1102, '172730'),
(7297, 1102, '172734'),
(7298, 1102, '172735'),
(7299, 1085, '172387'),
(7300, 1085, '172383'),
(7301, 1085, '172381'),
(7302, 1085, '172384'),
(7303, 1085, '172386'),
(7304, 1085, '172391'),
(7305, 1085, '172390'),
(7306, 1085, '172389'),
(7307, 1085, '172388'),
(7308, 1085, '172382'),
(7309, 1085, '172385'),
(7310, 1103, '171361'),
(7311, 1083, '170005'),
(7312, 1083, '170041'),
(7313, 1083, '170000'),
(7314, 1083, '170015'),
(7315, 1083, '170002'),
(7316, 1083, '170040'),
(7317, 1083, '170037'),
(7318, 1083, '170036'),
(7319, 1083, '170034'),
(7320, 1083, '170004'),
(7321, 1083, '170008'),
(7322, 1083, '170006'),
(7323, 1083, '170032'),
(7324, 1083, '170039'),
(7325, 1083, '170007'),
(7326, 1083, '170043'),
(7327, 1083, '170009'),
(7328, 1083, '170001'),
(7329, 1083, '170016'),
(7330, 1083, '170042'),
(7331, 1083, '170033'),
(7332, 1083, '170027'),
(7333, 1083, '170012'),
(7334, 1083, '170024'),
(7335, 1083, '170017'),
(7336, 1083, '170019'),
(7337, 1083, '170021'),
(7338, 1083, '170028'),
(7339, 1083, '170026'),
(7340, 1083, '170904'),
(7341, 1083, '170025'),
(7342, 1083, '170003'),
(7343, 1083, '170023'),
(7344, 1083, '170100'),
(7345, 1084, '172009'),
(7346, 1084, '172001'),
(7347, 1084, '172002'),
(7348, 1084, '172003'),
(7349, 1084, '172008'),
(7350, 1084, '172010'),
(7351, 1084, '172006'),
(7352, 1084, '172007'),
(7353, 1104, '172840'),
(7354, 1105, '171842'),
(7355, 1105, '171841'),
(7356, 1105, '171843'),
(7357, 1111, '636841'),
(7358, 1111, '636844'),
(7359, 1111, '636843'),
(7360, 1111, '636810'),
(7361, 1111, '636842'),
(7362, 1111, '636820'),
(7363, 1111, '636845'),
(7364, 1111, '636840'),
(7365, 1111, '636813'),
(7366, 1108, '636615'),
(7367, 1108, '636620'),
(7368, 1108, '636623'),
(7369, 1112, '636461'),
(7370, 1112, '636460'),
(7371, 1112, '636465'),
(7372, 1112, '636464'),
(7373, 1112, '636463'),
(7374, 1112, '636462'),
(7375, 1109, '634503'),
(7376, 1109, '636013'),
(7377, 1109, '634501'),
(7378, 1109, '636018'),
(7379, 1109, '636017'),
(7380, 1109, '634058'),
(7381, 1109, '636071'),
(7382, 1109, '636035'),
(7383, 1109, '636000'),
(7384, 1109, '636070'),
(7385, 1109, '636037'),
(7386, 1109, '636019'),
(7387, 1109, '636036'),
(7388, 1110, '636782'),
(7389, 1110, '636783'),
(7390, 1110, '636780'),
(7391, 1110, '636785'),
(7392, 1107, '634593'),
(7393, 1107, '634550'),
(7394, 1107, '634100'),
(7395, 1107, '634063'),
(7396, 1107, '634538'),
(7397, 1107, '634062'),
(7398, 1107, '634067'),
(7399, 1107, '634506'),
(7400, 1107, '634507'),
(7401, 1107, '634510'),
(7402, 1107, '634511'),
(7403, 1107, '634526'),
(7404, 1107, '634513'),
(7405, 1107, '634015'),
(7406, 1107, '634024'),
(7407, 1107, '634034'),
(7408, 1107, '634012'),
(7409, 1107, '634016'),
(7410, 1107, '634009'),
(7411, 1107, '634031'),
(7412, 1107, '634033'),
(7413, 1107, '634040'),
(7414, 1107, '634041'),
(7415, 1107, '634045'),
(7416, 1107, '634049'),
(7417, 1107, '634050'),
(7418, 1107, '634055'),
(7419, 1107, '634028'),
(7420, 1107, '634058'),
(7421, 1107, '634059'),
(7422, 1107, '634014'),
(7423, 1107, '634061'),
(7424, 1107, '634026'),
(7425, 1107, '634027'),
(7426, 1107, '634011'),
(7427, 1107, '634000'),
(7428, 1107, '634021'),
(7429, 1107, '634057'),
(7430, 1107, '634029'),
(7431, 1107, '634003'),
(7432, 1107, '634006'),
(7433, 1116, '301360'),
(7434, 1116, '301363'),
(7435, 1116, '301365'),
(7436, 1116, '301364'),
(7437, 1116, '301371'),
(7438, 1116, '301361'),
(7439, 1116, '301367'),
(7440, 1116, '301368'),
(7441, 1116, '301370'),
(7442, 1116, '301362'),
(7443, 1116, '301369'),
(7444, 1117, '301531'),
(7445, 1117, '301530'),
(7446, 1118, '301832'),
(7447, 1118, '301830'),
(7448, 1118, '301821'),
(7449, 1118, '301806'),
(7450, 1118, '301823'),
(7451, 1118, '301822'),
(7452, 1118, '301801'),
(7453, 1118, '301835'),
(7454, 1118, '301833'),
(7455, 1118, '301831'),
(7456, 1118, '301836'),
(7457, 1123, '301280'),
(7458, 1119, '301321'),
(7459, 1119, '301320'),
(7460, 1115, '301770'),
(7461, 1115, '301790'),
(7462, 1115, '301784'),
(7463, 1115, '301782'),
(7464, 1115, '301781'),
(7465, 1115, '301765'),
(7466, 1115, '301773'),
(7467, 1115, '301766'),
(7468, 1115, '301764'),
(7469, 1115, '301761'),
(7470, 1115, '301760'),
(7471, 1115, '301294'),
(7472, 1115, '301767'),
(7473, 1115, '301780'),
(7474, 1120, '301846'),
(7475, 1120, '301879'),
(7476, 1120, '301847'),
(7477, 1120, '301845'),
(7478, 1120, '301844'),
(7479, 1120, '301842'),
(7480, 1120, '301841'),
(7481, 1120, '301840'),
(7482, 1120, '301848'),
(7483, 1121, '301734'),
(7484, 1121, '301720'),
(7485, 1121, '301731'),
(7486, 1121, '301723'),
(7487, 1121, '301721'),
(7488, 1121, '301722'),
(7489, 1122, '301262'),
(7490, 1122, '301320'),
(7491, 1122, '301260'),
(7492, 1122, '301261'),
(7493, 1124, '301265'),
(7494, 1124, '301264'),
(7495, 1124, '301293'),
(7496, 1125, '301664'),
(7497, 1125, '301681'),
(7498, 1125, '301680'),
(7499, 1125, '301650'),
(7500, 1125, '301652'),
(7501, 1125, '301662'),
(7502, 1125, '301663'),
(7503, 1125, '301692'),
(7504, 1125, '301666'),
(7505, 1125, '301653'),
(7506, 1125, '301670'),
(7507, 1125, '301651'),
(7508, 1125, '301665'),
(7509, 1125, '301668'),
(7510, 1125, '301661'),
(7511, 1125, '301657'),
(7512, 1125, '301660'),
(7513, 1125, '301654'),
(7514, 1125, '301659'),
(7515, 1126, '301470'),
(7516, 1131, '301205'),
(7517, 1127, '301430'),
(7518, 1114, '300901'),
(7519, 1114, '300028'),
(7520, 1114, '300031'),
(7521, 1114, '300021'),
(7522, 1114, '300904'),
(7523, 1114, '300041'),
(7524, 1114, '300600'),
(7525, 1114, '300057'),
(7526, 1114, '300910'),
(7527, 1114, '300911'),
(7528, 1114, '300908'),
(7529, 1114, '300034'),
(7530, 1114, '300903'),
(7531, 1114, '300007'),
(7532, 1114, '300036'),
(7533, 1114, '300040'),
(7534, 1114, '300000'),
(7535, 1114, '300001'),
(7536, 1114, '300002'),
(7537, 1114, '300005'),
(7538, 1114, '300010'),
(7539, 1114, '300008'),
(7540, 1114, '300027'),
(7541, 1114, '300024'),
(7542, 1114, '300012'),
(7543, 1114, '300053'),
(7544, 1114, '300022'),
(7545, 1114, '300004'),
(7546, 1114, '300045'),
(7547, 1114, '300026'),
(7548, 1114, '300044'),
(7549, 1114, '300065'),
(7550, 1114, '300039'),
(7551, 1114, '300062'),
(7552, 1114, '300020'),
(7553, 1114, '300017'),
(7554, 1114, '300016'),
(7555, 1114, '300013'),
(7556, 1129, '301607'),
(7557, 1129, '301605'),
(7558, 1129, '301602'),
(7559, 1129, '301600'),
(7560, 1129, '301603'),
(7561, 1129, '301657'),
(7562, 1129, '301635'),
(7563, 1129, '301610'),
(7564, 1129, '301608'),
(7565, 1129, '301609'),
(7566, 1128, '301414'),
(7567, 1130, '301243'),
(7568, 1130, '301241'),
(7569, 1130, '301245'),
(7570, 1130, '301244'),
(7571, 1130, '301248'),
(7572, 1130, '301249'),
(7573, 1130, '301246'),
(7574, 1130, '301247'),
(7575, 1130, '301240'),
(7576, 1132, '301030'),
(7577, 1132, '301032'),
(7578, 1132, '301031'),
(7579, 1136, '627140'),
(7580, 1136, '627141'),
(7581, 1136, '627142'),
(7582, 1136, '627144'),
(7583, 1136, '627145'),
(7584, 1136, '627143'),
(7585, 1137, '627751'),
(7586, 1137, '627759'),
(7587, 1137, '627757'),
(7588, 1137, '627705'),
(7589, 1137, '627753'),
(7590, 1137, '627754'),
(7591, 1137, '627755'),
(7592, 1137, '627756'),
(7593, 1137, '627750'),
(7594, 1135, '626158'),
(7595, 1135, '626156'),
(7596, 1135, '626155'),
(7597, 1135, '626157'),
(7598, 1135, '626159'),
(7599, 1135, '626153'),
(7600, 1135, '626152'),
(7601, 1135, '626128'),
(7602, 1135, '626123'),
(7603, 1135, '626109'),
(7604, 1135, '626102'),
(7605, 1135, '626104'),
(7606, 1135, '626150'),
(7607, 1134, '625031'),
(7608, 1134, '625000'),
(7609, 1134, '625006'),
(7610, 1134, '625003'),
(7611, 1134, '625002'),
(7612, 1134, '625001'),
(7613, 1134, '625008'),
(7614, 1134, '625030'),
(7615, 1134, '625007'),
(7616, 1134, '625016'),
(7617, 1134, '625037'),
(7618, 1134, '625032'),
(7619, 1134, '625033'),
(7620, 1134, '625049'),
(7621, 1134, '625014'),
(7622, 1134, '625015'),
(7623, 1134, '625047'),
(7624, 1134, '625025'),
(7625, 1134, '625038'),
(7626, 1134, '625017'),
(7627, 1134, '625019'),
(7628, 1134, '625500'),
(7629, 1134, '625022'),
(7630, 1134, '625061'),
(7631, 1134, '625023'),
(7632, 1134, '625029'),
(7633, 1134, '625054'),
(7634, 1134, '625062'),
(7635, 1134, '625005'),
(7636, 1134, '625059'),
(7637, 1134, '625058'),
(7638, 1134, '625034'),
(7639, 1134, '625055'),
(7640, 1134, '625039'),
(7641, 1134, '625053'),
(7642, 1134, '625051'),
(7643, 1134, '625013'),
(7644, 1134, '625048'),
(7645, 1134, '625079'),
(7646, 1134, '625046'),
(7647, 1134, '625043'),
(7648, 1134, '625041'),
(7649, 1134, '625056'),
(7650, 1138, '627011'),
(7651, 1138, '627018'),
(7652, 1138, '627010'),
(7653, 1138, '627016'),
(7654, 1138, '627013'),
(7655, 1138, '627017'),
(7656, 1138, '627014'),
(7657, 1142, '433751'),
(7658, 1142, '433790'),
(7659, 1142, '433750'),
(7660, 1142, '433754'),
(7661, 1142, '433753'),
(7662, 1142, '433752'),
(7663, 1142, '433795'),
(7664, 1141, '433435'),
(7665, 1141, '433503'),
(7666, 1141, '433416'),
(7667, 1141, '433509'),
(7668, 1141, '433436'),
(7669, 1141, '433535'),
(7670, 1141, '433512'),
(7671, 1141, '433513'),
(7672, 1141, '433551'),
(7673, 1141, '433511'),
(7674, 1141, '433500'),
(7675, 1141, '433514'),
(7676, 1141, '433510'),
(7677, 1141, '433505'),
(7678, 1141, '433506'),
(7679, 1141, '433507'),
(7680, 1141, '433508'),
(7681, 1141, '433502'),
(7682, 1141, '433501'),
(7683, 1141, '433504'),
(7684, 1141, '433533'),
(7685, 1144, '433032'),
(7686, 1144, '433030'),
(7687, 1144, '433031'),
(7688, 1144, '433033'),
(7689, 1144, '433034'),
(7690, 1143, '433303'),
(7691, 1143, '433300'),
(7692, 1143, '433304'),
(7693, 1143, '433308'),
(7694, 1143, '433337'),
(7695, 1145, '433380'),
(7696, 1140, '433324'),
(7697, 1140, '432325'),
(7698, 1140, '433328'),
(7699, 1140, '433325'),
(7700, 1140, '433321'),
(7701, 1140, '433318'),
(7702, 1140, '433306'),
(7703, 1140, '433327'),
(7704, 1140, '432073'),
(7705, 1140, '432072'),
(7706, 1140, '432071'),
(7707, 1140, '432069'),
(7708, 1140, '432067'),
(7709, 1140, '432066'),
(7710, 1140, '432063'),
(7711, 1140, '433320'),
(7712, 1140, '432025'),
(7713, 1140, '432044'),
(7714, 1140, '432043'),
(7715, 1140, '432042'),
(7716, 1140, '432014'),
(7717, 1140, '432017'),
(7718, 1140, '432030'),
(7719, 1140, '432045'),
(7720, 1140, '432027'),
(7721, 1140, '432035'),
(7722, 1140, '432023'),
(7723, 1140, '433329'),
(7724, 1140, '432022'),
(7725, 1140, '432055'),
(7726, 1140, '432054'),
(7727, 1140, '432036'),
(7728, 1140, '432029'),
(7729, 1140, '432008'),
(7730, 1140, '432013'),
(7731, 1140, '432012'),
(7732, 1140, '432031'),
(7733, 1140, '432010'),
(7734, 1140, '432047'),
(7735, 1140, '432007'),
(7736, 1140, '432006'),
(7737, 1140, '432002'),
(7738, 1140, '432053'),
(7739, 1140, '432011'),
(7740, 1140, '432049'),
(7741, 1140, '432061'),
(7742, 1140, '432034'),
(7743, 1140, '432001'),
(7744, 1140, '432018'),
(7745, 1140, '432000'),
(7746, 1164, '456010'),
(7747, 1169, '456901'),
(7748, 1169, '456900'),
(7749, 1169, '456907'),
(7750, 1169, '456903'),
(7751, 1169, '456933'),
(7752, 1169, '456947'),
(7753, 1171, '457670'),
(7754, 1148, '456810'),
(7755, 1148, '456800'),
(7756, 1148, '456803'),
(7757, 1148, '456804'),
(7758, 1148, '456813'),
(7759, 1148, '456812'),
(7760, 1148, '456811'),
(7761, 1174, '456580'),
(7762, 1174, '456574'),
(7763, 1174, '456591'),
(7764, 1174, '456584'),
(7765, 1149, '456234'),
(7766, 1149, '456291'),
(7767, 1149, '456292'),
(7768, 1149, '456205'),
(7769, 1149, '456228'),
(7770, 1149, '456206'),
(7771, 1149, '456211'),
(7772, 1149, '456200'),
(7773, 1149, '456203'),
(7774, 1149, '456207'),
(7775, 1149, '456209'),
(7776, 1149, '456217'),
(7777, 1149, '456219'),
(7778, 1149, '456218'),
(7779, 1149, '456208'),
(7780, 1149, '456204'),
(7781, 1149, '456227'),
(7782, 1149, '456221'),
(7783, 1149, '456216'),
(7784, 1149, '456238'),
(7785, 1150, '456151'),
(7786, 1150, '456055'),
(7787, 1150, '456140'),
(7788, 1150, '456141'),
(7789, 1150, '456142'),
(7790, 1150, '456143'),
(7791, 1150, '456144'),
(7792, 1165, '457351'),
(7793, 1165, '457381'),
(7794, 1165, '457358'),
(7795, 1165, '457390'),
(7796, 1165, '457353'),
(7797, 1165, '457357'),
(7798, 1165, '457352'),
(7799, 1165, '457359'),
(7800, 1166, '456833'),
(7801, 1166, '456835'),
(7802, 1168, '456110'),
(7803, 1151, '456610'),
(7804, 1151, '456621'),
(7805, 1151, '456620'),
(7806, 1151, '456619'),
(7807, 1151, '456657'),
(7808, 1151, '456617'),
(7809, 1151, '456609'),
(7810, 1151, '456612'),
(7811, 1151, '456607'),
(7812, 1151, '456622'),
(7813, 1151, '456618'),
(7814, 1151, '456614'),
(7815, 1151, '456601'),
(7816, 1151, '456600'),
(7817, 1151, '456655'),
(7818, 1151, '456604'),
(7819, 1151, '456658'),
(7820, 1151, '456623'),
(7821, 1151, '456656'),
(7822, 1151, '456602'),
(7823, 1151, '456654'),
(7824, 1151, '456653'),
(7825, 1151, '456652'),
(7826, 1151, '456625'),
(7827, 1151, '456659'),
(7828, 1175, '456550'),
(7829, 1172, '456940'),
(7830, 1152, '456873'),
(7831, 1152, '456864'),
(7832, 1152, '456860'),
(7833, 1152, '456863'),
(7834, 1152, '456867'),
(7835, 1152, '456870'),
(7836, 1152, '456862'),
(7837, 1152, '456872'),
(7838, 1152, '456875'),
(7839, 1152, '456874'),
(7840, 1152, '456871'),
(7841, 1153, '455019'),
(7842, 1153, '455001'),
(7843, 1153, '455038'),
(7844, 1153, '455000'),
(7845, 1153, '455021'),
(7846, 1153, '744550'),
(7847, 1153, '455045'),
(7848, 1153, '455003'),
(7849, 1153, '455048'),
(7850, 1153, '455039'),
(7851, 1153, '455036'),
(7852, 1153, '455035'),
(7853, 1153, '455030'),
(7854, 1153, '455049'),
(7855, 1153, '455017'),
(7856, 1153, '455016'),
(7857, 1153, '455013'),
(7858, 1153, '455023'),
(7859, 1153, '455022'),
(7860, 1153, '455011'),
(7861, 1153, '455005'),
(7862, 1153, '455006'),
(7863, 1153, '455007'),
(7864, 1153, '455008'),
(7865, 1153, '455010'),
(7866, 1153, '455020'),
(7867, 1154, '456323'),
(7868, 1154, '456381'),
(7869, 1154, '456382'),
(7870, 1154, '456300'),
(7871, 1154, '456386'),
(7872, 1154, '456388'),
(7873, 1154, '456390'),
(7874, 1154, '456393'),
(7875, 1154, '456394'),
(7876, 1154, '456302'),
(7877, 1154, '456395'),
(7878, 1154, '456315'),
(7879, 1154, '456320'),
(7880, 1154, '456383'),
(7881, 1154, '456318'),
(7882, 1154, '456304'),
(7883, 1154, '456305'),
(7884, 1154, '456313'),
(7885, 1154, '456316'),
(7886, 1154, '456387'),
(7887, 1154, '456317'),
(7888, 1154, '456306'),
(7889, 1154, '456303'),
(7890, 1154, '456384'),
(7891, 1162, '456007'),
(7892, 1173, '456970'),
(7893, 1155, '456870'),
(7894, 1155, '456796'),
(7895, 1155, '456799'),
(7896, 1155, '456783'),
(7897, 1155, '456875'),
(7898, 1155, '456795'),
(7899, 1155, '456790'),
(7900, 1155, '456784'),
(7901, 1155, '456782'),
(7902, 1155, '456780'),
(7903, 1155, '456787'),
(7904, 1176, '457020'),
(7905, 1176, '475020'),
(7906, 1170, '456912'),
(7907, 1170, '456915'),
(7908, 1170, '456955'),
(7909, 1170, '456918'),
(7910, 1170, '456913'),
(7911, 1170, '456910'),
(7912, 1163, '456022'),
(7913, 1156, '456775'),
(7914, 1156, '456774'),
(7915, 1156, '456773'),
(7916, 1156, '456776'),
(7917, 1156, '456770'),
(7918, 1156, '456771'),
(7919, 1156, '456772'),
(7920, 1157, '456080'),
(7921, 1157, '456082'),
(7922, 1160, '456081'),
(7923, 1158, '456041'),
(7924, 1158, '456042'),
(7925, 1158, '456043'),
(7926, 1158, '456050'),
(7927, 1158, '456055'),
(7928, 1158, '456060'),
(7929, 1158, '456051'),
(7930, 1158, '456040'),
(7931, 1161, '456440'),
(7932, 1161, '456449'),
(7933, 1161, '456447'),
(7934, 1161, '456446'),
(7935, 1161, '456444'),
(7936, 1161, '456441'),
(7937, 1161, '456443'),
(7938, 1161, '456445'),
(7939, 1161, '456442'),
(7940, 1147, '454012'),
(7941, 1147, '454082'),
(7942, 1147, '454028'),
(7943, 1147, '454014'),
(7944, 1147, '454015'),
(7945, 1147, '454016'),
(7946, 1147, '454013'),
(7947, 1147, '454106'),
(7948, 1147, '454080'),
(7949, 1147, '454052'),
(7950, 1147, '454018'),
(7951, 1147, '454007'),
(7952, 1147, '454100'),
(7953, 1147, '454091'),
(7954, 1147, '454087'),
(7955, 1147, '454047'),
(7956, 1147, '454081'),
(7957, 1147, '454079'),
(7958, 1147, '454078'),
(7959, 1147, '454074'),
(7960, 1147, '454053'),
(7961, 1147, '454085'),
(7962, 1147, '454025'),
(7963, 1147, '454077'),
(7964, 1147, '454084'),
(7965, 1147, '454129'),
(7966, 1147, '454048'),
(7967, 1147, '454006'),
(7968, 1147, '454071'),
(7969, 1147, '454000'),
(7970, 1147, '454138'),
(7971, 1147, '454004'),
(7972, 1147, '454126'),
(7973, 1147, '454119'),
(7974, 1147, '454133'),
(7975, 1147, '454136'),
(7976, 1147, '454904'),
(7977, 1147, '454139'),
(7978, 1147, '454008'),
(7979, 1147, '454038'),
(7980, 1147, '454108'),
(7981, 1147, '454036'),
(7982, 1147, '454901'),
(7983, 1147, '454039'),
(7984, 1147, '454045'),
(7985, 1147, '454046'),
(7986, 1147, '454010'),
(7987, 1147, '454135'),
(7988, 1147, '454902'),
(7989, 1147, '454930'),
(7990, 1147, '454021'),
(7991, 1147, '454031'),
(7992, 1159, '457040'),
(7993, 1159, '457018'),
(7994, 1167, '456120'),
(7995, 1179, '673450'),
(7996, 1180, '674607'),
(7997, 1180, '674600'),
(7998, 1181, '674676'),
(7999, 1181, '674674'),
(8000, 1181, '674677'),
(8001, 1181, '674673'),
(8002, 1182, '673732'),
(8003, 1183, '673403'),
(8004, 1183, '673400'),
(8005, 1184, '673005'),
(8006, 1184, '673008'),
(8007, 1184, '673009'),
(8008, 1184, '673002'),
(8009, 1184, '673004'),
(8010, 1185, '673500'),
(8011, 1185, '673504'),
(8012, 1186, '673204'),
(8013, 1178, '673023'),
(8014, 1178, '672049'),
(8015, 1178, '672045'),
(8016, 1178, '672015'),
(8017, 1178, '672042'),
(8018, 1178, '672043'),
(8019, 1178, '672023'),
(8020, 1178, '672038'),
(8021, 1178, '672040'),
(8022, 1178, '672037'),
(8023, 1178, '672031'),
(8024, 1178, '672028'),
(8025, 1178, '672027'),
(8026, 1178, '672026'),
(8027, 1178, '672006'),
(8028, 1178, '672039'),
(8029, 1178, '672003'),
(8030, 1178, '672010'),
(8031, 1178, '672032'),
(8032, 1178, '672018'),
(8033, 1178, '672030'),
(8034, 1178, '672022'),
(8035, 1178, '672001'),
(8036, 1178, '672005'),
(8037, 1178, '672007'),
(8038, 1178, '672012'),
(8039, 1178, '672013'),
(8040, 1178, '672014'),
(8041, 1178, '672016'),
(8042, 1178, '672020'),
(8043, 1178, '672000'),
(8044, 1187, '673370'),
(8045, 1191, '152241'),
(8046, 1191, '152240'),
(8047, 1192, '152072'),
(8048, 1192, '152071'),
(8049, 1192, '152060'),
(8050, 1192, '152070'),
(8051, 1193, '152470'),
(8052, 1194, '152830'),
(8053, 1190, '152024'),
(8054, 1190, '152021'),
(8055, 1190, '152023'),
(8056, 1190, '152020'),
(8057, 1190, '152025'),
(8058, 1190, '152040'),
(8059, 1195, '152850'),
(8060, 1196, '152120'),
(8061, 1196, '152150'),
(8062, 1196, '152151'),
(8063, 1196, '152155'),
(8064, 1197, '152911'),
(8065, 1197, '152903'),
(8066, 1197, '152920'),
(8067, 1197, '152909'),
(8068, 1197, '152978'),
(8069, 1197, '152908'),
(8070, 1197, '152901'),
(8071, 1197, '152934'),
(8072, 1197, '152912'),
(8073, 1197, '152906'),
(8074, 1197, '152981'),
(8075, 1197, '152900'),
(8076, 1197, '152907'),
(8077, 1197, '152905'),
(8078, 1197, '152914'),
(8079, 1197, '152917'),
(8080, 1197, '152931'),
(8081, 1197, '152930'),
(8082, 1197, '152929'),
(8083, 1197, '152924'),
(8084, 1197, '152919'),
(8085, 1197, '152935'),
(8086, 1197, '152916'),
(8087, 1197, '152925'),
(8088, 1197, '152915'),
(8089, 1198, '152300'),
(8090, 1198, '152302'),
(8091, 1198, '152303'),
(8092, 1199, '152613'),
(8093, 1199, '152611'),
(8094, 1199, '152612'),
(8095, 1199, '152615'),
(8096, 1199, '152616'),
(8097, 1199, '152610'),
(8098, 1189, '150064'),
(8099, 1189, '150020'),
(8100, 1189, '150019'),
(8101, 1189, '150018'),
(8102, 1189, '150014'),
(8103, 1189, '150044'),
(8104, 1189, '150055'),
(8105, 1189, '150043'),
(8106, 1189, '150023'),
(8107, 1189, '510033'),
(8108, 1189, '150025'),
(8109, 1189, '150066'),
(8110, 1189, '150027'),
(8111, 1189, '150029'),
(8112, 1189, '150030'),
(8113, 1189, '150031'),
(8114, 1189, '150032'),
(8115, 1189, '150022'),
(8116, 1189, '150034'),
(8117, 1189, '150046'),
(8118, 1189, '150035'),
(8119, 1189, '150033'),
(8120, 1189, '150000'),
(8121, 1189, '150507'),
(8122, 1189, '150008'),
(8123, 1189, '150007'),
(8124, 1189, '150047'),
(8125, 1189, '150001'),
(8126, 1189, '150002'),
(8127, 1189, '150006'),
(8128, 1189, '150042'),
(8129, 1189, '150052'),
(8130, 1189, '150010'),
(8131, 1189, '150065'),
(8132, 1189, '150062'),
(8133, 1189, '150061'),
(8134, 1189, '150060'),
(8135, 1189, '150057'),
(8136, 1189, '150036'),
(8137, 1189, '150054'),
(8138, 1189, '150048'),
(8139, 1189, '150040'),
(8140, 1189, '150051'),
(8141, 1189, '150049'),
(8142, 1189, '150003'),
(8143, 1202, '679000'),
(8144, 1202, '679011'),
(8145, 1203, '679100'),
(8146, 1205, '166000'),
(8147, 1205, '166700'),
(8148, 1217, '628160'),
(8149, 1217, '628163'),
(8150, 1217, '628162'),
(8151, 1208, '628481'),
(8152, 1208, '628486'),
(8153, 1208, '628485'),
(8154, 1208, '628484'),
(8155, 1208, '628483'),
(8156, 1208, '628482'),
(8157, 1209, '628671'),
(8158, 1209, '628672'),
(8159, 1222, '628449'),
(8160, 1210, '628680'),
(8161, 1210, '628690'),
(8162, 1210, '628681'),
(8163, 1210, '628684'),
(8164, 1218, '628303'),
(8165, 1218, '628310'),
(8166, 1218, '628311'),
(8167, 1218, '628300'),
(8168, 1218, '628309'),
(8169, 1218, '628307'),
(8170, 1218, '628306'),
(8171, 1218, '628305'),
(8172, 1218, '628312'),
(8173, 1218, '628301'),
(8174, 1216, '628616'),
(8175, 1216, '628606'),
(8176, 1216, '628614'),
(8177, 1216, '628611'),
(8178, 1216, '628605'),
(8179, 1216, '628602'),
(8180, 1216, '628601'),
(8181, 1216, '628600'),
(8182, 1216, '628621'),
(8183, 1216, '628624'),
(8184, 1211, '628181'),
(8185, 1211, '628180'),
(8186, 1211, '628186'),
(8187, 1211, '628183'),
(8188, 1211, '628187'),
(8189, 1212, '628661'),
(8190, 1213, '628380'),
(8191, 1213, '628383'),
(8192, 1213, '628386'),
(8193, 1213, '628387'),
(8194, 1213, '628384'),
(8195, 1219, '628464'),
(8196, 1219, '628462'),
(8197, 1219, '628463'),
(8198, 1219, '628460'),
(8199, 1219, '628461'),
(8200, 1221, '628242'),
(8201, 1221, '628240'),
(8202, 1221, '628241'),
(8203, 1215, '628403'),
(8204, 1215, '628433'),
(8205, 1215, '628404'),
(8206, 1215, '628418'),
(8207, 1215, '628407'),
(8208, 1215, '628400'),
(8209, 1215, '628402'),
(8210, 1215, '628406'),
(8211, 1215, '628408'),
(8212, 1215, '628405'),
(8213, 1215, '628422'),
(8214, 1215, '628410'),
(8215, 1215, '628414'),
(8216, 1215, '628415'),
(8217, 1215, '628416'),
(8218, 1215, '628417'),
(8219, 1215, '628401'),
(8220, 1214, '628281'),
(8221, 1214, '628284'),
(8222, 1214, '628285'),
(8223, 1207, '420000'),
(8224, 1207, '628000'),
(8225, 1207, '628001'),
(8226, 1207, '628002'),
(8227, 1207, '628012'),
(8228, 1207, '628007'),
(8229, 1207, '628991'),
(8230, 1220, '628263'),
(8231, 1220, '628260'),
(8232, 1224, '689000'),
(8233, 1225, '689450'),
(8234, 1226, '689400'),
(8235, 1229, '629830'),
(8236, 1230, '629404'),
(8237, 1230, '629405'),
(8238, 1230, '629400'),
(8239, 1231, '629600'),
(8240, 1231, '629601'),
(8241, 1231, '629604'),
(8242, 1231, '629602'),
(8243, 1232, '629730'),
(8244, 1232, '629733'),
(8245, 1232, '629763'),
(8246, 1233, '629303'),
(8247, 1233, '629325'),
(8248, 1233, '629300'),
(8249, 1233, '629305'),
(8250, 1233, '629306'),
(8251, 1233, '629307'),
(8252, 1233, '629320'),
(8253, 1234, '629806'),
(8254, 1234, '629807'),
(8255, 1234, '629800'),
(8256, 1234, '629801'),
(8257, 1234, '629802'),
(8258, 1234, '629805'),
(8259, 1234, '629810'),
(8260, 1234, '629811'),
(8261, 1234, '629828'),
(8262, 1234, '629804'),
(8263, 1234, '629809'),
(8264, 1234, '629803'),
(8265, 1228, '629000'),
(8266, 1228, '629601'),
(8267, 1228, '629600'),
(8268, 1228, '629008'),
(8269, 1228, '629007'),
(8270, 1228, '629004'),
(8271, 1228, '629003'),
(8272, 1228, '629002'),
(8273, 1228, '629001'),
(8274, 1235, '629850'),
(8275, 671, '101000'),
(8276, 671, '103274'),
(8277, 671, '105005'),
(8278, 671, '105037'),
(8279, 671, '105043'),
(8280, 671, '105062'),
(8281, 671, '105064'),
(8282, 671, '105066'),
(8283, 671, '105082'),
(8284, 671, '105094'),
(8285, 671, '105118'),
(8286, 671, '105120'),
(8287, 671, '105122'),
(8288, 671, '105173'),
(8289, 671, '105187'),
(8290, 671, '105203'),
(8291, 671, '105275'),
(8292, 671, '105318'),
(8293, 671, '105425'),
(8294, 671, '105484'),
(8295, 671, '105523'),
(8296, 671, '105568'),
(8297, 671, '107014'),
(8298, 671, '107023'),
(8299, 671, '107031'),
(8300, 671, '107045'),
(8301, 671, '107061'),
(8302, 671, '107065'),
(8303, 671, '107076'),
(8304, 671, '107078'),
(8305, 671, '107113'),
(8306, 671, '107140'),
(8307, 671, '107143'),
(8308, 671, '107150'),
(8309, 671, '107174'),
(8310, 671, '107241'),
(8311, 671, '107258'),
(8312, 671, '107370'),
(8313, 671, '107392'),
(8314, 671, '107497'),
(8315, 671, '107553'),
(8316, 671, '107564'),
(8317, 671, '107589'),
(8318, 671, '109004'),
(8319, 671, '109012'),
(8320, 671, '109028'),
(8321, 671, '109029'),
(8322, 671, '109044'),
(8323, 671, '109052'),
(8324, 671, '109125'),
(8325, 671, '109129'),
(8326, 671, '109145'),
(8327, 671, '109147'),
(8328, 671, '109153'),
(8329, 671, '109156'),
(8330, 671, '109180'),
(8331, 671, '109202'),
(8332, 671, '109235'),
(8333, 671, '109240'),
(8334, 671, '109316'),
(8335, 671, '109341'),
(8336, 671, '109377'),
(8337, 671, '109380'),
(8338, 671, '109382'),
(8339, 671, '109383'),
(8340, 671, '109386'),
(8341, 671, '109387'),
(8342, 671, '109388'),
(8343, 671, '109391'),
(8344, 671, '109428'),
(8345, 671, '109429'),
(8346, 671, '109444'),
(8347, 671, '109456'),
(8348, 671, '109457'),
(8349, 671, '109462'),
(8350, 671, '109472'),
(8351, 671, '109507'),
(8352, 671, '109518'),
(8353, 671, '109544'),
(8354, 671, '109548'),
(8355, 671, '109559'),
(8356, 671, '109649'),
(8357, 671, '109651'),
(8358, 671, '109652'),
(8359, 671, '111020'),
(8360, 671, '111024'),
(8361, 671, '111033'),
(8362, 671, '111116'),
(8363, 671, '111123'),
(8364, 671, '111141'),
(8365, 671, '111250'),
(8366, 671, '111394'),
(8367, 671, '111395'),
(8368, 671, '111396'),
(8369, 671, '111398'),
(8370, 671, '111402'),
(8371, 671, '111524'),
(8372, 671, '111531'),
(8373, 671, '111538'),
(8374, 671, '111539'),
(8375, 671, '111555'),
(8376, 671, '111558'),
(8377, 671, '111621'),
(8378, 671, '111622'),
(8379, 671, '111625'),
(8380, 671, '111672'),
(8381, 671, '111673'),
(8382, 671, '111674'),
(8383, 671, '111675'),
(8384, 671, '115035'),
(8385, 671, '115054'),
(8386, 671, '115068'),
(8387, 671, '115088'),
(8388, 671, '115093'),
(8389, 671, '115114'),
(8390, 671, '115142'),
(8391, 671, '115162'),
(8392, 671, '115172'),
(8393, 671, '115184'),
(8394, 671, '115191'),
(8395, 671, '115193'),
(8396, 671, '115201'),
(8397, 671, '115211'),
(8398, 671, '115230'),
(8399, 671, '115280'),
(8400, 671, '115304'),
(8401, 671, '115404'),
(8402, 671, '115406'),
(8403, 671, '115408'),
(8404, 671, '115409'),
(8405, 671, '115419'),
(8406, 671, '115432'),
(8407, 671, '115446'),
(8408, 671, '115470'),
(8409, 671, '115477'),
(8410, 671, '115478'),
(8411, 671, '115487'),
(8412, 671, '115516'),
(8413, 671, '115522'),
(8414, 671, '115533'),
(8415, 671, '115547'),
(8416, 671, '115563'),
(8417, 671, '115569'),
(8418, 671, '115573'),
(8419, 671, '115580'),
(8420, 671, '115582'),
(8421, 671, '115583'),
(8422, 671, '115597'),
(8423, 671, '115598'),
(8424, 671, '115612'),
(8425, 671, '117036'),
(8426, 671, '117042'),
(8427, 671, '117105'),
(8428, 671, '117133'),
(8429, 671, '117148'),
(8430, 671, '117152'),
(8431, 671, '117186'),
(8432, 671, '117209'),
(8433, 671, '117216'),
(8434, 671, '117246'),
(8435, 671, '117292'),
(8436, 671, '117303'),
(8437, 671, '117312'),
(8438, 671, '117321'),
(8439, 671, '117393'),
(8440, 671, '117403'),
(8441, 671, '117405'),
(8442, 671, '117418'),
(8443, 671, '117420'),
(8444, 671, '117437'),
(8445, 671, '117447'),
(8446, 671, '117449'),
(8447, 671, '117452'),
(8448, 671, '117463'),
(8449, 671, '117465'),
(8450, 671, '117513'),
(8451, 671, '117525'),
(8452, 671, '117534'),
(8453, 671, '117535'),
(8454, 671, '117545'),
(8455, 671, '117546'),
(8456, 671, '117556'),
(8457, 671, '117574'),
(8458, 671, '117588'),
(8459, 671, '117593'),
(8460, 671, '117623'),
(8461, 671, '117624'),
(8462, 671, '117628'),
(8463, 671, '117630'),
(8464, 671, '117638'),
(8465, 671, '117647'),
(8466, 671, '117648'),
(8467, 671, '119002'),
(8468, 671, '119017'),
(8469, 671, '119019'),
(8470, 671, '119021'),
(8471, 671, '119027'),
(8472, 671, '119034'),
(8473, 671, '119048'),
(8474, 671, '119049'),
(8475, 671, '119071'),
(8476, 671, '119072'),
(8477, 671, '119121'),
(8478, 671, '119136'),
(8479, 671, '119146'),
(8480, 671, '119180'),
(8481, 671, '119192'),
(8482, 671, '119234'),
(8483, 671, '119261'),
(8484, 671, '119270'),
(8485, 671, '119285'),
(8486, 671, '119296'),
(8487, 671, '119297'),
(8488, 671, '119311'),
(8489, 671, '119330'),
(8490, 671, '119333'),
(8491, 671, '119334'),
(8492, 671, '119361'),
(8493, 671, '119421'),
(8494, 671, '119435'),
(8495, 671, '119454'),
(8496, 671, '119501'),
(8497, 671, '119530'),
(8498, 671, '119590'),
(8499, 671, '119602'),
(8500, 671, '119606'),
(8501, 671, '119607'),
(8502, 671, '119618'),
(8503, 671, '119619'),
(8504, 671, '119620'),
(8505, 671, '119633'),
(8506, 671, '119634'),
(8507, 671, '121059'),
(8508, 671, '121069'),
(8509, 671, '121087'),
(8510, 671, '121096'),
(8511, 671, '121099'),
(8512, 671, '121108'),
(8513, 671, '121151'),
(8514, 671, '121165'),
(8515, 671, '121170'),
(8516, 671, '121248'),
(8517, 671, '121309'),
(8518, 671, '121351'),
(8519, 671, '121352'),
(8520, 671, '121353'),
(8521, 671, '121354'),
(8522, 671, '121355'),
(8523, 671, '121357'),
(8524, 671, '121359'),
(8525, 671, '121374'),
(8526, 671, '121433'),
(8527, 671, '121467'),
(8528, 671, '121471'),
(8529, 671, '121500'),
(8530, 671, '121552'),
(8531, 671, '121596'),
(8532, 671, '121601'),
(8533, 671, '121609'),
(8534, 671, '123001'),
(8535, 671, '123007'),
(8536, 671, '123022'),
(8537, 671, '123056'),
(8538, 671, '123060'),
(8539, 671, '123098'),
(8540, 671, '123100'),
(8541, 671, '123103'),
(8542, 671, '123104'),
(8543, 671, '123154'),
(8544, 671, '123181'),
(8545, 671, '123182'),
(8546, 671, '123242'),
(8547, 671, '123290'),
(8548, 671, '123298'),
(8549, 671, '123308'),
(8550, 671, '123317'),
(8551, 671, '123423'),
(8552, 671, '123458'),
(8553, 671, '123557'),
(8554, 671, '123592'),
(8555, 671, '124489'),
(8556, 671, '124681'),
(8557, 671, '125008'),
(8558, 671, '125009'),
(8559, 671, '125040'),
(8560, 671, '125047'),
(8561, 671, '125057'),
(8562, 671, '125080'),
(8563, 671, '125130'),
(8564, 671, '125167'),
(8565, 671, '125171'),
(8566, 671, '125183'),
(8567, 671, '125212'),
(8568, 671, '125222'),
(8569, 671, '125239'),
(8570, 671, '125252'),
(8571, 671, '125284'),
(8572, 671, '125310'),
(8573, 671, '125315'),
(8574, 671, '125319'),
(8575, 671, '125362'),
(8576, 671, '125363'),
(8577, 671, '125364'),
(8578, 671, '125367'),
(8579, 671, '125368'),
(8580, 671, '125371'),
(8581, 671, '125373'),
(8582, 671, '125412'),
(8583, 671, '125413'),
(8584, 671, '125424'),
(8585, 671, '125430'),
(8586, 671, '125438'),
(8587, 671, '125445'),
(8588, 671, '125464'),
(8589, 671, '125466'),
(8590, 671, '125475'),
(8591, 671, '125476'),
(8592, 671, '125480'),
(8593, 671, '125481'),
(8594, 671, '125493'),
(8595, 671, '125581'),
(8596, 671, '125599'),
(8597, 671, '125627'),
(8598, 671, '125635'),
(8599, 671, '127006'),
(8600, 671, '127015'),
(8601, 671, '127018'),
(8602, 671, '127051'),
(8603, 671, '127055'),
(8604, 671, '127081'),
(8605, 671, '127083'),
(8606, 671, '127106'),
(8607, 671, '127204'),
(8608, 671, '127206'),
(8609, 671, '127220'),
(8610, 671, '127224'),
(8611, 671, '127238'),
(8612, 671, '127247'),
(8613, 671, '127253'),
(8614, 671, '127254'),
(8615, 671, '127273'),
(8616, 671, '127276'),
(8617, 671, '127282'),
(8618, 671, '127287'),
(8619, 671, '127299'),
(8620, 671, '127322'),
(8621, 671, '127349'),
(8622, 671, '127410'),
(8623, 671, '127411'),
(8624, 671, '127422'),
(8625, 671, '127427'),
(8626, 671, '127434'),
(8627, 671, '127473'),
(8628, 671, '127474'),
(8629, 671, '127486'),
(8630, 671, '127490'),
(8631, 671, '127495'),
(8632, 671, '127521'),
(8633, 671, '127540'),
(8634, 671, '127543'),
(8635, 671, '127549'),
(8636, 671, '127550'),
(8637, 671, '127560'),
(8638, 671, '127562'),
(8639, 671, '127566'),
(8640, 671, '127572'),
(8641, 671, '127576'),
(8642, 671, '127591'),
(8643, 671, '127642'),
(8644, 671, '127644'),
(8645, 671, '129075'),
(8646, 671, '129085'),
(8647, 671, '129090'),
(8648, 671, '129110'),
(8649, 671, '129128'),
(8650, 671, '129164'),
(8651, 671, '129223'),
(8652, 671, '129226'),
(8653, 671, '129272'),
(8654, 671, '129281'),
(8655, 671, '129301'),
(8656, 671, '129323'),
(8657, 671, '129327'),
(8658, 671, '129329'),
(8659, 671, '129336'),
(8660, 671, '129337'),
(8661, 671, '129343'),
(8662, 671, '129344'),
(8663, 671, '129345'),
(8664, 671, '129346'),
(8665, 671, '129347'),
(8666, 671, '129366'),
(8667, 671, '129515'),
(8668, 671, '129594'),
(8669, 671, '129626'),
(8670, 671, '141400'),
(8671, 671, '141411'),
(8672, 671, '141431'),
(8673, 671, '141700'),
(8674, 671, '142102'),
(8675, 671, '142131'),
(8676, 671, '142134'),
(8677, 671, '142136'),
(8678, 671, '142137'),
(8679, 671, '142138'),
(8680, 671, '142140'),
(8681, 671, '142144'),
(8682, 671, '142145'),
(8683, 671, '142150'),
(8684, 671, '142160'),
(8685, 671, '142161'),
(8686, 671, '142165'),
(8687, 671, '142167'),
(8688, 671, '142171'),
(8689, 671, '142704'),
(8690, 671, '142712'),
(8691, 671, '142730'),
(8692, 671, '142750'),
(8693, 671, '142762'),
(8694, 671, '142770'),
(8695, 671, '142771'),
(8696, 671, '142780'),
(8697, 671, '142782'),
(8698, 671, '142783'),
(8699, 671, '142784'),
(8700, 671, '142791'),
(8701, 671, '142793'),
(8702, 671, '143000'),
(8703, 671, '143300'),
(8704, 671, '143323'),
(8705, 671, '143330'),
(8706, 671, '143333'),
(8707, 671, '143340'),
(8708, 671, '143344'),
(8709, 671, '143350'),
(8710, 671, '143380'),
(8711, 671, '143381'),
(8712, 671, '143390'),
(8713, 671, '143391'),
(8714, 671, '143396'),
(8715, 671, '143397'),
(8716, 671, '143400'),
(8717, 617, '188661'),
(8718, 617, '190000'),
(8719, 617, '190005'),
(8720, 617, '190013'),
(8721, 617, '190020'),
(8722, 617, '190031'),
(8723, 617, '190068'),
(8724, 617, '190103'),
(8725, 617, '190121'),
(8726, 617, '191002'),
(8727, 617, '191011'),
(8728, 617, '191014'),
(8729, 617, '191015'),
(8730, 617, '191023'),
(8731, 617, '191024'),
(8732, 617, '191025'),
(8733, 617, '191028'),
(8734, 617, '191036'),
(8735, 617, '191040'),
(8736, 617, '191060'),
(8737, 617, '191119'),
(8738, 617, '191123'),
(8739, 617, '191124'),
(8740, 617, '191144'),
(8741, 617, '191167'),
(8742, 617, '191180'),
(8743, 617, '191186'),
(8744, 617, '191187'),
(8745, 617, '192007'),
(8746, 617, '192012'),
(8747, 617, '192019'),
(8748, 617, '192029'),
(8749, 617, '192076'),
(8750, 617, '192102'),
(8751, 617, '192148'),
(8752, 617, '192171'),
(8753, 617, '192174'),
(8754, 617, '192177'),
(8755, 617, '192236'),
(8756, 617, '192241'),
(8757, 617, '192281'),
(8758, 617, '192283'),
(8759, 617, '192284'),
(8760, 617, '192288'),
(8761, 617, '192289'),
(8762, 617, '193079'),
(8763, 617, '193091'),
(8764, 617, '193168'),
(8765, 617, '193230'),
(8766, 617, '193231'),
(8767, 617, '193232'),
(8768, 617, '193315'),
(8769, 617, '193318'),
(8770, 617, '194017'),
(8771, 617, '194021'),
(8772, 617, '194044'),
(8773, 617, '194064'),
(8774, 617, '194100'),
(8775, 617, '194156'),
(8776, 617, '194214'),
(8777, 617, '194223'),
(8778, 617, '194291'),
(8779, 617, '194292'),
(8780, 617, '194294'),
(8781, 617, '194352'),
(8782, 617, '194354'),
(8783, 617, '194355'),
(8784, 617, '194356'),
(8785, 617, '194358'),
(8786, 617, '194361'),
(8787, 617, '194362'),
(8788, 617, '195009'),
(8789, 617, '195027'),
(8790, 617, '195030'),
(8791, 617, '195043'),
(8792, 617, '195067'),
(8793, 617, '195112'),
(8794, 617, '195176'),
(8795, 617, '195196'),
(8796, 617, '195197'),
(8797, 617, '195213'),
(8798, 617, '195220'),
(8799, 617, '195221'),
(8800, 617, '195248'),
(8801, 617, '195253'),
(8802, 617, '195257'),
(8803, 617, '195265'),
(8804, 617, '195271'),
(8805, 617, '195273'),
(8806, 617, '195279'),
(8807, 617, '195298'),
(8808, 617, '195299'),
(8809, 617, '195427'),
(8810, 617, '196066'),
(8811, 617, '196084'),
(8812, 617, '196105'),
(8813, 617, '196135'),
(8814, 617, '196158'),
(8815, 617, '196210'),
(8816, 617, '196240'),
(8817, 617, '196625'),
(8818, 617, '196626'),
(8819, 617, '196627'),
(8820, 617, '196631'),
(8821, 617, '196634'),
(8822, 617, '196641'),
(8823, 617, '196642'),
(8824, 617, '196643'),
(8825, 617, '196644'),
(8826, 617, '196645'),
(8827, 617, '196657'),
(8828, 617, '197022'),
(8829, 617, '197046'),
(8830, 617, '197101'),
(8831, 617, '197110'),
(8832, 617, '197136'),
(8833, 617, '197183'),
(8834, 617, '197198'),
(8835, 617, '197227'),
(8836, 617, '197229'),
(8837, 617, '197341'),
(8838, 617, '197342'),
(8839, 617, '197343'),
(8840, 617, '197348'),
(8841, 617, '197349'),
(8842, 617, '197371'),
(8843, 617, '197372'),
(8844, 617, '197373'),
(8845, 617, '197374'),
(8846, 617, '197375'),
(8847, 617, '197720'),
(8848, 617, '197729'),
(8849, 617, '197730'),
(8850, 617, '197733'),
(8851, 617, '197738'),
(8852, 617, '197739'),
(8853, 617, '197755'),
(8854, 617, '197758'),
(8855, 617, '198035'),
(8856, 617, '198095'),
(8857, 617, '198096'),
(8858, 617, '198097'),
(8859, 617, '198099'),
(8860, 617, '198152'),
(8861, 617, '198184'),
(8862, 617, '198188'),
(8863, 617, '198205'),
(8864, 617, '198206'),
(8865, 617, '198207'),
(8866, 617, '198216'),
(8867, 617, '198218'),
(8868, 617, '198255'),
(8869, 617, '198260'),
(8870, 617, '198261'),
(8871, 617, '198264'),
(8872, 617, '198302'),
(8873, 617, '198323'),
(8874, 617, '198326'),
(8875, 617, '198328'),
(8876, 617, '198329'),
(8877, 617, '198332'),
(8878, 617, '198515'),
(8879, 617, '199004'),
(8880, 617, '199034'),
(8881, 617, '199106'),
(8882, 617, '199155'),
(8883, 617, '199178'),
(8884, 617, '199226'),
(8885, 617, '199406');

-- --------------------------------------------------------

--
-- Структура таблицы `b_sale_order`
--

CREATE TABLE IF NOT EXISTS `b_sale_order` (
  `ID` int(11) NOT NULL AUTO_INCREMENT,
  `LID` char(2) NOT NULL,
  `PERSON_TYPE_ID` int(11) NOT NULL,
  `PAYED` char(1) NOT NULL DEFAULT 'N',
  `DATE_PAYED` datetime DEFAULT NULL,
  `EMP_PAYED_ID` int(11) DEFAULT NULL,
  `CANCELED` char(1) NOT NULL DEFAULT 'N',
  `DATE_CANCELED` datetime DEFAULT NULL,
  `EMP_CANCELED_ID` int(11) DEFAULT NULL,
  `REASON_CANCELED` varchar(255) DEFAULT NULL,
  `STATUS_ID` char(1) NOT NULL DEFAULT 'N',
  `DATE_STATUS` datetime NOT NULL,
  `EMP_STATUS_ID` int(11) DEFAULT NULL,
  `PRICE_DELIVERY` decimal(18,2) NOT NULL,
  `ALLOW_DELIVERY` char(1) NOT NULL DEFAULT 'N',
  `DATE_ALLOW_DELIVERY` datetime DEFAULT NULL,
  `EMP_ALLOW_DELIVERY_ID` int(11) DEFAULT NULL,
  `DEDUCTED` char(1) NOT NULL DEFAULT 'N',
  `DATE_DEDUCTED` datetime DEFAULT NULL,
  `EMP_DEDUCTED_ID` int(11) DEFAULT NULL,
  `REASON_UNDO_DEDUCTED` varchar(255) DEFAULT NULL,
  `MARKED` char(1) NOT NULL DEFAULT 'N',
  `DATE_MARKED` datetime DEFAULT NULL,
  `EMP_MARKED_ID` int(11) DEFAULT NULL,
  `REASON_MARKED` varchar(255) DEFAULT NULL,
  `RESERVED` char(1) NOT NULL DEFAULT 'N',
  `PRICE` decimal(18,2) NOT NULL,
  `CURRENCY` char(3) NOT NULL,
  `DISCOUNT_VALUE` decimal(18,2) NOT NULL,
  `USER_ID` int(11) NOT NULL,
  `PAY_SYSTEM_ID` int(11) DEFAULT NULL,
  `DELIVERY_ID` varchar(50) DEFAULT NULL,
  `DATE_INSERT` datetime NOT NULL,
  `DATE_UPDATE` datetime NOT NULL,
  `USER_DESCRIPTION` varchar(250) DEFAULT NULL,
  `ADDITIONAL_INFO` varchar(255) DEFAULT NULL,
  `PS_STATUS` char(1) DEFAULT NULL,
  `PS_STATUS_CODE` char(5) DEFAULT NULL,
  `PS_STATUS_DESCRIPTION` varchar(250) DEFAULT NULL,
  `PS_STATUS_MESSAGE` varchar(250) DEFAULT NULL,
  `PS_SUM` decimal(18,2) DEFAULT NULL,
  `PS_CURRENCY` char(3) DEFAULT NULL,
  `PS_RESPONSE_DATE` datetime DEFAULT NULL,
  `COMMENTS` text,
  `TAX_VALUE` decimal(18,2) NOT NULL DEFAULT '0.00',
  `STAT_GID` varchar(255) DEFAULT NULL,
  `SUM_PAID` decimal(18,2) NOT NULL DEFAULT '0.00',
  `RECURRING_ID` int(11) DEFAULT NULL,
  `PAY_VOUCHER_NUM` varchar(20) DEFAULT NULL,
  `PAY_VOUCHER_DATE` date DEFAULT NULL,
  `LOCKED_BY` int(11) DEFAULT NULL,
  `DATE_LOCK` datetime DEFAULT NULL,
  `RECOUNT_FLAG` char(1) NOT NULL DEFAULT 'Y',
  `AFFILIATE_ID` int(11) DEFAULT NULL,
  `DELIVERY_DOC_NUM` varchar(20) DEFAULT NULL,
  `DELIVERY_DOC_DATE` date DEFAULT NULL,
  `UPDATED_1C` char(1) NOT NULL DEFAULT 'N',
  `STORE_ID` int(11) DEFAULT NULL,
  `ORDER_TOPIC` varchar(255) DEFAULT NULL,
  `RESPONSIBLE_ID` int(11) DEFAULT NULL,
  `DATE_PAY_BEFORE` datetime DEFAULT NULL,
  `DATE_BILL` datetime DEFAULT NULL,
  `ACCOUNT_NUMBER` varchar(100) DEFAULT NULL,
  `TRACKING_NUMBER` varchar(255) DEFAULT NULL,
  `XML_ID` varchar(255) DEFAULT NULL,
  `ID_1C` varchar(15) DEFAULT NULL,
  `VERSION_1C` varchar(15) DEFAULT NULL,
  `VERSION` int(11) NOT NULL DEFAULT '0',
  `EXTERNAL_ORDER` char(1) NOT NULL DEFAULT 'N',
  PRIMARY KEY (`ID`),
  UNIQUE KEY `IXS_ACCOUNT_NUMBER` (`ACCOUNT_NUMBER`),
  KEY `IXS_ORDER_USER_ID` (`USER_ID`),
  KEY `IXS_ORDER_PERSON_TYPE_ID` (`PERSON_TYPE_ID`),
  KEY `IXS_ORDER_PAYED` (`PAYED`),
  KEY `IXS_ORDER_STATUS_ID` (`STATUS_ID`),
  KEY `IXS_ORDER_REC_ID` (`RECURRING_ID`),
  KEY `IX_SOO_AFFILIATE_ID` (`AFFILIATE_ID`),
  KEY `IXS_ORDER_UPDATED_1C` (`UPDATED_1C`),
  KEY `IXS_SALE_COUNT` (`USER_ID`,`LID`,`PAYED`,`CANCELED`),
  KEY `IXS_DATE_UPDATE` (`DATE_UPDATE`),
  KEY `IXS_XML_ID` (`XML_ID`),
  KEY `IXS_ID_1C` (`ID_1C`)
) ENGINE=MyISAM  DEFAULT CHARSET=cp1251 AUTO_INCREMENT=6 ;

--
-- Дамп данных таблицы `b_sale_order`
--

INSERT INTO `b_sale_order` (`ID`, `LID`, `PERSON_TYPE_ID`, `PAYED`, `DATE_PAYED`, `EMP_PAYED_ID`, `CANCELED`, `DATE_CANCELED`, `EMP_CANCELED_ID`, `REASON_CANCELED`, `STATUS_ID`, `DATE_STATUS`, `EMP_STATUS_ID`, `PRICE_DELIVERY`, `ALLOW_DELIVERY`, `DATE_ALLOW_DELIVERY`, `EMP_ALLOW_DELIVERY_ID`, `DEDUCTED`, `DATE_DEDUCTED`, `EMP_DEDUCTED_ID`, `REASON_UNDO_DEDUCTED`, `MARKED`, `DATE_MARKED`, `EMP_MARKED_ID`, `REASON_MARKED`, `RESERVED`, `PRICE`, `CURRENCY`, `DISCOUNT_VALUE`, `USER_ID`, `PAY_SYSTEM_ID`, `DELIVERY_ID`, `DATE_INSERT`, `DATE_UPDATE`, `USER_DESCRIPTION`, `ADDITIONAL_INFO`, `PS_STATUS`, `PS_STATUS_CODE`, `PS_STATUS_DESCRIPTION`, `PS_STATUS_MESSAGE`, `PS_SUM`, `PS_CURRENCY`, `PS_RESPONSE_DATE`, `COMMENTS`, `TAX_VALUE`, `STAT_GID`, `SUM_PAID`, `RECURRING_ID`, `PAY_VOUCHER_NUM`, `PAY_VOUCHER_DATE`, `LOCKED_BY`, `DATE_LOCK`, `RECOUNT_FLAG`, `AFFILIATE_ID`, `DELIVERY_DOC_NUM`, `DELIVERY_DOC_DATE`, `UPDATED_1C`, `STORE_ID`, `ORDER_TOPIC`, `RESPONSIBLE_ID`, `DATE_PAY_BEFORE`, `DATE_BILL`, `ACCOUNT_NUMBER`, `TRACKING_NUMBER`, `XML_ID`, `ID_1C`, `VERSION_1C`, `VERSION`, `EXTERNAL_ORDER`) VALUES
(1, 's1', 1, 'Y', '2014-08-07 06:48:03', 1, 'N', NULL, NULL, NULL, 'F', '2014-08-07 06:48:03', 1, 0.00, 'Y', '2014-08-07 06:48:03', 1, 'N', NULL, NULL, NULL, 'N', NULL, NULL, NULL, 'Y', 5511.10, 'RUB', 0.00, 1, 1, NULL, '2014-08-07 06:48:03', '2014-08-07 06:48:03', NULL, NULL, NULL, NULL, NULL, NULL, NULL, NULL, NULL, NULL, 0.00, NULL, 0.00, NULL, NULL, NULL, NULL, NULL, 'Y', NULL, NULL, NULL, 'N', NULL, NULL, NULL, NULL, NULL, '1', NULL, NULL, NULL, NULL, 7, 'N'),
(2, 's1', 1, 'Y', '2014-08-07 06:48:03', 1, 'N', NULL, NULL, NULL, 'F', '2014-08-07 06:48:03', 1, 0.00, 'Y', '2014-08-07 06:48:03', 1, 'N', NULL, NULL, NULL, 'N', NULL, NULL, NULL, 'Y', 6310.10, 'RUB', 0.00, 1, 1, NULL, '2014-08-07 06:48:03', '2014-08-07 06:48:03', NULL, NULL, NULL, NULL, NULL, NULL, NULL, NULL, NULL, NULL, 0.00, NULL, 0.00, NULL, NULL, NULL, NULL, NULL, 'Y', NULL, NULL, NULL, 'N', NULL, NULL, NULL, NULL, NULL, '2', NULL, NULL, NULL, NULL, 7, 'N'),
(3, 's1', 1, 'Y', '2014-08-07 06:48:03', 1, 'N', NULL, NULL, NULL, 'P', '2014-08-07 06:48:03', 1, 0.00, 'N', NULL, NULL, 'N', NULL, NULL, NULL, 'N', NULL, NULL, NULL, 'Y', 4098.00, 'RUB', 0.00, 1, 1, NULL, '2014-08-07 06:48:03', '2014-08-07 06:48:03', NULL, NULL, NULL, NULL, NULL, NULL, NULL, NULL, NULL, NULL, 0.00, NULL, 0.00, NULL, NULL, NULL, NULL, NULL, 'Y', NULL, NULL, NULL, 'N', NULL, NULL, NULL, NULL, NULL, '3', NULL, NULL, NULL, NULL, 6, 'N'),
(4, 's1', 1, 'N', NULL, NULL, 'N', NULL, NULL, NULL, 'N', '2014-08-07 06:48:03', NULL, 0.00, 'N', NULL, NULL, 'N', NULL, NULL, NULL, 'N', NULL, NULL, NULL, 'N', 989.10, 'RUB', 0.00, 1, 1, NULL, '2014-08-07 06:48:03', '2014-08-07 06:48:03', NULL, NULL, NULL, NULL, NULL, NULL, NULL, NULL, NULL, NULL, 0.00, NULL, 0.00, NULL, NULL, NULL, NULL, NULL, 'Y', NULL, NULL, NULL, 'N', NULL, NULL, NULL, NULL, NULL, '4', NULL, NULL, NULL, NULL, 5, 'N'),
(5, 's1', 1, 'N', NULL, NULL, 'Y', '2014-08-07 06:48:03', 1, NULL, 'N', '2014-08-07 06:48:03', NULL, 0.00, 'N', NULL, NULL, 'N', NULL, NULL, NULL, 'N', NULL, NULL, NULL, 'N', 6077.10, 'RUB', 0.00, 1, 1, NULL, '2014-08-07 06:48:03', '2014-08-07 06:48:03', NULL, NULL, NULL, NULL, NULL, NULL, NULL, NULL, NULL, NULL, 0.00, NULL, 0.00, NULL, NULL, NULL, NULL, NULL, 'Y', NULL, NULL, NULL, 'N', NULL, NULL, NULL, NULL, NULL, '5', NULL, NULL, NULL, NULL, 6, 'N');

-- --------------------------------------------------------

--
-- Структура таблицы `b_sale_order_change`
--

CREATE TABLE IF NOT EXISTS `b_sale_order_change` (
  `ID` int(11) NOT NULL AUTO_INCREMENT,
  `ORDER_ID` int(11) NOT NULL,
  `TYPE` varchar(255) NOT NULL,
  `DATA` varchar(512) DEFAULT NULL,
  `DATE_CREATE` datetime NOT NULL,
  `DATE_MODIFY` datetime NOT NULL,
  `USER_ID` int(11) NOT NULL,
  PRIMARY KEY (`ID`),
  KEY `IXS_ORDER_ID_CHANGE` (`ORDER_ID`),
  KEY `IXS_TYPE_CHANGE` (`TYPE`)
) ENGINE=MyISAM  DEFAULT CHARSET=cp1251 AUTO_INCREMENT=27 ;

--
-- Дамп данных таблицы `b_sale_order_change`
--

INSERT INTO `b_sale_order_change` (`ID`, `ORDER_ID`, `TYPE`, `DATA`, `DATE_CREATE`, `DATE_MODIFY`, `USER_ID`) VALUES
(1, 1, 'ORDER_ADDED', 'a:0:{}', '2014-08-07 06:48:03', '2014-08-07 06:48:03', 1),
(2, 1, 'ORDER_RESERVED', 'a:1:{s:8:"RESERVED";s:1:"Y";}', '2014-08-07 06:48:03', '2014-08-07 06:48:03', 1),
(3, 1, 'ORDER_PRICE_CHANGED', 'a:2:{s:5:"PRICE";d:5511.1000000000004;s:8:"CURRENCY";N;}', '2014-08-07 06:48:03', '2014-08-07 06:48:03', 1),
(4, 1, 'ORDER_DELIVERY_ALLOWED', 'a:1:{s:14:"ALLOW_DELIVERY";s:1:"Y";}', '2014-08-07 06:48:03', '2014-08-07 06:48:03', 1),
(5, 1, 'ORDER_PAYED', 'a:1:{s:5:"PAYED";s:1:"Y";}', '2014-08-07 06:48:03', '2014-08-07 06:48:03', 1),
(6, 1, 'ORDER_STATUS_CHANGED', 'a:1:{s:9:"STATUS_ID";s:1:"F";}', '2014-08-07 06:48:03', '2014-08-07 06:48:03', 1),
(7, 2, 'ORDER_ADDED', 'a:0:{}', '2014-08-07 06:48:03', '2014-08-07 06:48:03', 1),
(8, 2, 'ORDER_RESERVED', 'a:1:{s:8:"RESERVED";s:1:"Y";}', '2014-08-07 06:48:03', '2014-08-07 06:48:03', 1),
(9, 2, 'ORDER_PRICE_CHANGED', 'a:2:{s:5:"PRICE";d:6310.1000000000004;s:8:"CURRENCY";N;}', '2014-08-07 06:48:03', '2014-08-07 06:48:03', 1),
(10, 2, 'ORDER_DELIVERY_ALLOWED', 'a:1:{s:14:"ALLOW_DELIVERY";s:1:"Y";}', '2014-08-07 06:48:03', '2014-08-07 06:48:03', 1),
(11, 2, 'ORDER_PAYED', 'a:1:{s:5:"PAYED";s:1:"Y";}', '2014-08-07 06:48:03', '2014-08-07 06:48:03', 1),
(12, 2, 'ORDER_STATUS_CHANGED', 'a:1:{s:9:"STATUS_ID";s:1:"F";}', '2014-08-07 06:48:03', '2014-08-07 06:48:03', 1),
(13, 3, 'ORDER_ADDED', 'a:0:{}', '2014-08-07 06:48:03', '2014-08-07 06:48:03', 1),
(14, 3, 'ORDER_RESERVED', 'a:1:{s:8:"RESERVED";s:1:"Y";}', '2014-08-07 06:48:03', '2014-08-07 06:48:03', 1),
(15, 3, 'ORDER_PRICE_CHANGED', 'a:2:{s:5:"PRICE";d:4098;s:8:"CURRENCY";N;}', '2014-08-07 06:48:03', '2014-08-07 06:48:03', 1),
(16, 3, 'ORDER_PAYED', 'a:1:{s:5:"PAYED";s:1:"Y";}', '2014-08-07 06:48:03', '2014-08-07 06:48:03', 1),
(17, 3, 'ORDER_STATUS_CHANGED', 'a:1:{s:9:"STATUS_ID";s:1:"P";}', '2014-08-07 06:48:03', '2014-08-07 06:48:03', 1),
(18, 4, 'ORDER_ADDED', 'a:0:{}', '2014-08-07 06:48:03', '2014-08-07 06:48:03', 1),
(19, 4, 'ORDER_RESERVED', 'a:1:{s:8:"RESERVED";s:1:"Y";}', '2014-08-07 06:48:03', '2014-08-07 06:48:03', 1),
(20, 4, 'ORDER_PRICE_CHANGED', 'a:2:{s:5:"PRICE";d:989.10000000000002;s:8:"CURRENCY";N;}', '2014-08-07 06:48:03', '2014-08-07 06:48:03', 1),
(21, 5, 'ORDER_ADDED', 'a:0:{}', '2014-08-07 06:48:03', '2014-08-07 06:48:03', 1),
(22, 5, 'ORDER_RESERVED', 'a:1:{s:8:"RESERVED";s:1:"Y";}', '2014-08-07 06:48:03', '2014-08-07 06:48:03', 1),
(23, 5, 'ORDER_PRICE_CHANGED', 'a:2:{s:5:"PRICE";d:6077.1000000000004;s:8:"CURRENCY";N;}', '2014-08-07 06:48:03', '2014-08-07 06:48:03', 1),
(24, 5, 'ORDER_RESERVED', 'a:1:{s:8:"RESERVED";s:1:"N";}', '2014-08-07 06:48:03', '2014-08-07 06:48:03', 1),
(25, 5, 'ORDER_CANCELED', 'a:2:{s:8:"CANCELED";s:1:"Y";s:15:"REASON_CANCELED";b:0;}', '2014-08-07 06:48:03', '2014-08-07 06:48:03', 1),
(26, 4, 'ORDER_RESERVED', 'a:1:{s:8:"RESERVED";s:1:"N";}', '2014-08-12 11:58:11', '2014-08-12 11:58:11', 0);

-- --------------------------------------------------------

--
-- Структура таблицы `b_sale_order_delivery`
--

CREATE TABLE IF NOT EXISTS `b_sale_order_delivery` (
  `ID` int(11) NOT NULL AUTO_INCREMENT,
  `ORDER_ID` int(11) NOT NULL,
  `DATE_REQUEST` datetime DEFAULT NULL,
  `DELIVERY_LOCATION` varchar(50) DEFAULT '',
  `PARAMS` text,
  PRIMARY KEY (`ID`),
  KEY `IX_ORDER_ID` (`ORDER_ID`)
) ENGINE=MyISAM DEFAULT CHARSET=cp1251 AUTO_INCREMENT=1 ;

-- --------------------------------------------------------

--
-- Структура таблицы `b_sale_order_flags2group`
--

CREATE TABLE IF NOT EXISTS `b_sale_order_flags2group` (
  `ID` int(11) NOT NULL AUTO_INCREMENT,
  `GROUP_ID` int(11) NOT NULL,
  `ORDER_FLAG` char(1) NOT NULL,
  PRIMARY KEY (`ID`),
  UNIQUE KEY `ix_sale_ordfla2group` (`GROUP_ID`,`ORDER_FLAG`)
) ENGINE=MyISAM DEFAULT CHARSET=cp1251 AUTO_INCREMENT=1 ;

-- --------------------------------------------------------

--
-- Структура таблицы `b_sale_order_history`
--

CREATE TABLE IF NOT EXISTS `b_sale_order_history` (
  `ID` int(11) unsigned NOT NULL AUTO_INCREMENT,
  `H_USER_ID` int(11) unsigned NOT NULL,
  `H_DATE_INSERT` datetime NOT NULL,
  `H_ORDER_ID` int(11) unsigned NOT NULL,
  `H_CURRENCY` char(3) NOT NULL,
  `PERSON_TYPE_ID` int(11) unsigned DEFAULT NULL,
  `PAYED` char(1) DEFAULT NULL,
  `DATE_PAYED` datetime DEFAULT NULL,
  `EMP_PAYED_ID` int(11) unsigned DEFAULT NULL,
  `CANCELED` char(1) DEFAULT NULL,
  `DATE_CANCELED` datetime DEFAULT NULL,
  `REASON_CANCELED` varchar(255) DEFAULT NULL,
  `STATUS_ID` char(1) DEFAULT NULL,
  `DATE_STATUS` datetime DEFAULT NULL,
  `PRICE_DELIVERY` decimal(18,2) DEFAULT NULL,
  `ALLOW_DELIVERY` char(1) DEFAULT NULL,
  `DATE_ALLOW_DELIVERY` datetime DEFAULT NULL,
  `RESERVED` char(1) DEFAULT NULL,
  `DEDUCTED` char(1) DEFAULT NULL,
  `DATE_DEDUCTED` datetime DEFAULT NULL,
  `REASON_UNDO_DEDUCTED` varchar(255) DEFAULT NULL,
  `MARKED` char(1) DEFAULT NULL,
  `DATE_MARKED` datetime DEFAULT NULL,
  `REASON_MARKED` varchar(255) DEFAULT NULL,
  `PRICE` decimal(18,2) DEFAULT NULL,
  `CURRENCY` char(3) DEFAULT NULL,
  `DISCOUNT_VALUE` decimal(18,2) DEFAULT NULL,
  `USER_ID` int(11) unsigned DEFAULT NULL,
  `PAY_SYSTEM_ID` int(11) unsigned DEFAULT NULL,
  `DELIVERY_ID` varchar(50) DEFAULT NULL,
  `PS_STATUS` char(1) DEFAULT NULL,
  `PS_STATUS_CODE` char(5) DEFAULT NULL,
  `PS_STATUS_DESCRIPTION` varchar(250) DEFAULT NULL,
  `PS_STATUS_MESSAGE` varchar(250) DEFAULT NULL,
  `PS_SUM` decimal(18,2) DEFAULT NULL,
  `PS_CURRENCY` char(3) DEFAULT NULL,
  `PS_RESPONSE_DATE` datetime DEFAULT NULL,
  `TAX_VALUE` decimal(18,2) DEFAULT NULL,
  `STAT_GID` varchar(255) DEFAULT NULL,
  `SUM_PAID` decimal(18,2) DEFAULT NULL,
  `PAY_VOUCHER_NUM` varchar(20) DEFAULT NULL,
  `PAY_VOUCHER_DATE` date DEFAULT NULL,
  `AFFILIATE_ID` int(11) unsigned DEFAULT NULL,
  `DELIVERY_DOC_NUM` varchar(20) DEFAULT NULL,
  `DELIVERY_DOC_DATE` date DEFAULT NULL,
  PRIMARY KEY (`ID`),
  KEY `ixH_ORDER_ID` (`H_ORDER_ID`)
) ENGINE=MyISAM DEFAULT CHARSET=cp1251 AUTO_INCREMENT=1 ;

-- --------------------------------------------------------

--
-- Структура таблицы `b_sale_order_processing`
--

CREATE TABLE IF NOT EXISTS `b_sale_order_processing` (
  `ORDER_ID` int(11) DEFAULT '0',
  `PRODUCTS_ADDED` char(1) DEFAULT 'N',
  `PRODUCTS_REMOVED` char(1) DEFAULT 'N'
) ENGINE=MyISAM DEFAULT CHARSET=cp1251;

--
-- Дамп данных таблицы `b_sale_order_processing`
--

INSERT INTO `b_sale_order_processing` (`ORDER_ID`, `PRODUCTS_ADDED`, `PRODUCTS_REMOVED`) VALUES
(1, 'Y', 'N'),
(2, 'Y', 'N'),
(3, 'Y', 'N'),
(4, 'Y', 'N'),
(5, 'Y', 'N');

-- --------------------------------------------------------

--
-- Структура таблицы `b_sale_order_props`
--

CREATE TABLE IF NOT EXISTS `b_sale_order_props` (
  `ID` int(11) NOT NULL AUTO_INCREMENT,
  `PERSON_TYPE_ID` int(11) NOT NULL,
  `NAME` varchar(255) NOT NULL,
  `TYPE` varchar(20) NOT NULL,
  `REQUIED` char(1) NOT NULL DEFAULT 'N',
  `DEFAULT_VALUE` varchar(255) DEFAULT NULL,
  `SORT` int(11) NOT NULL DEFAULT '100',
  `USER_PROPS` char(1) NOT NULL DEFAULT 'N',
  `IS_LOCATION` char(1) NOT NULL DEFAULT 'N',
  `PROPS_GROUP_ID` int(11) NOT NULL,
  `SIZE1` int(11) NOT NULL DEFAULT '0',
  `SIZE2` int(11) NOT NULL DEFAULT '0',
  `DESCRIPTION` varchar(255) DEFAULT NULL,
  `IS_EMAIL` char(1) NOT NULL DEFAULT 'N',
  `IS_PROFILE_NAME` char(1) NOT NULL DEFAULT 'N',
  `IS_PAYER` char(1) NOT NULL DEFAULT 'N',
  `IS_LOCATION4TAX` char(1) NOT NULL DEFAULT 'N',
  `IS_FILTERED` char(1) NOT NULL DEFAULT 'N',
  `CODE` varchar(50) DEFAULT NULL,
  `IS_ZIP` char(1) NOT NULL DEFAULT 'N',
  `IS_PHONE` char(1) NOT NULL DEFAULT 'N',
  `ACTIVE` varchar(1) NOT NULL DEFAULT 'Y',
  `UTIL` varchar(1) NOT NULL DEFAULT 'N',
  `INPUT_FIELD_LOCATION` int(11) NOT NULL DEFAULT '0',
  `MULTIPLE` char(1) NOT NULL DEFAULT 'N',
  PRIMARY KEY (`ID`),
  KEY `IXS_ORDER_PROPS_PERSON_TYPE_ID` (`PERSON_TYPE_ID`),
  KEY `IXS_CODE_OPP` (`CODE`)
) ENGINE=MyISAM  DEFAULT CHARSET=cp1251 AUTO_INCREMENT=20 ;

--
-- Дамп данных таблицы `b_sale_order_props`
--

INSERT INTO `b_sale_order_props` (`ID`, `PERSON_TYPE_ID`, `NAME`, `TYPE`, `REQUIED`, `DEFAULT_VALUE`, `SORT`, `USER_PROPS`, `IS_LOCATION`, `PROPS_GROUP_ID`, `SIZE1`, `SIZE2`, `DESCRIPTION`, `IS_EMAIL`, `IS_PROFILE_NAME`, `IS_PAYER`, `IS_LOCATION4TAX`, `IS_FILTERED`, `CODE`, `IS_ZIP`, `IS_PHONE`, `ACTIVE`, `UTIL`, `INPUT_FIELD_LOCATION`, `MULTIPLE`) VALUES
(1, 1, 'Ф.И.О.', 'TEXT', 'Y', '', 100, 'Y', 'N', 1, 40, 0, '', 'N', 'Y', 'Y', 'N', 'Y', 'FIO', 'N', 'N', 'Y', 'N', 0, 'N'),
(2, 1, 'E-Mail', 'TEXT', 'Y', '', 110, 'Y', 'N', 1, 40, 0, '', 'Y', 'N', 'N', 'N', 'Y', 'EMAIL', 'N', 'N', 'Y', 'N', 0, 'N'),
(3, 1, 'Телефон', 'TEXT', 'Y', '', 120, 'Y', 'N', 1, 0, 0, '', 'N', 'N', 'N', 'N', 'N', 'PHONE', 'N', 'N', 'Y', 'N', 0, 'N'),
(4, 1, 'Индекс', 'TEXT', 'N', '101000', 130, 'Y', 'N', 2, 8, 0, '', 'N', 'N', 'N', 'N', 'N', 'ZIP', 'Y', 'N', 'Y', 'N', 0, 'N'),
(5, 1, 'Город', 'TEXT', 'N', 'Москва', 145, 'Y', 'N', 2, 40, 0, '', 'N', 'N', 'N', 'N', 'Y', 'CITY', 'N', 'N', 'Y', 'N', 0, 'N'),
(6, 1, 'Местоположение', 'LOCATION', 'Y', '671', 140, 'Y', 'Y', 2, 40, 0, '', 'N', 'N', 'N', 'N', 'N', 'LOCATION', 'N', 'N', 'Y', 'N', 5, 'N'),
(7, 1, 'Адрес доставки', 'TEXTAREA', 'Y', '', 150, 'Y', 'N', 2, 30, 3, '', 'N', 'N', 'N', 'N', 'N', 'ADDRESS', 'N', 'N', 'Y', 'N', 0, 'N'),
(8, 2, 'Название компании', 'TEXT', 'Y', '', 200, 'Y', 'N', 3, 40, 0, '', 'N', 'Y', 'N', 'N', 'Y', 'COMPANY', 'N', 'N', 'Y', 'N', 0, 'N'),
(9, 2, 'Юридический адрес', 'TEXTAREA', 'N', '', 210, 'Y', 'N', 3, 40, 0, '', 'N', 'N', 'N', 'N', 'N', 'COMPANY_ADR', 'N', 'N', 'Y', 'N', 0, 'N'),
(10, 2, 'ИНН', 'TEXT', 'N', '', 220, 'Y', 'N', 3, 0, 0, '', 'N', 'N', 'N', 'N', 'N', 'INN', 'N', 'N', 'Y', 'N', 0, 'N'),
(11, 2, 'КПП', 'TEXT', 'N', '', 230, 'Y', 'N', 3, 0, 0, '', 'N', 'N', 'N', 'N', 'N', 'KPP', 'N', 'N', 'Y', 'N', 0, 'N'),
(12, 2, 'Контактное лицо', 'TEXT', 'Y', '', 240, 'Y', 'N', 4, 0, 0, '', 'N', 'N', 'Y', 'N', 'N', 'CONTACT_PERSON', 'N', 'N', 'Y', 'N', 0, 'N'),
(13, 2, 'E-Mail', 'TEXT', 'Y', '', 250, 'Y', 'N', 4, 40, 0, '', 'Y', 'N', 'N', 'N', 'N', 'EMAIL', 'N', 'N', 'Y', 'N', 0, 'N'),
(14, 2, 'Телефон', 'TEXT', 'N', '', 260, 'Y', 'N', 4, 0, 0, '', 'N', 'N', 'N', 'N', 'N', 'PHONE', 'N', 'N', 'Y', 'N', 0, 'N'),
(15, 2, 'Факс', 'TEXT', 'N', '', 270, 'Y', 'N', 4, 0, 0, '', 'N', 'N', 'N', 'N', 'N', 'FAX', 'N', 'N', 'Y', 'N', 0, 'N'),
(16, 2, 'Индекс', 'TEXT', 'N', '101000', 280, 'Y', 'N', 4, 8, 0, '', 'N', 'N', 'N', 'N', 'N', 'ZIP', 'Y', 'N', 'Y', 'N', 0, 'N'),
(17, 2, 'Город', 'TEXT', 'N', 'Москва', 285, 'Y', 'N', 4, 40, 0, '', 'N', 'N', 'N', 'N', 'Y', 'CITY', 'N', 'N', 'Y', 'N', 0, 'N'),
(18, 2, 'Местоположение', 'LOCATION', 'Y', '', 290, 'Y', 'Y', 4, 40, 0, '', 'N', 'N', 'N', 'Y', 'N', 'LOCATION', 'N', 'N', 'Y', 'N', 17, 'N'),
(19, 2, 'Адрес доставки', 'TEXTAREA', 'Y', '', 300, 'Y', 'N', 4, 30, 40, '', 'N', 'N', 'N', 'N', 'N', 'ADDRESS', 'N', 'N', 'Y', 'N', 0, 'N');

-- --------------------------------------------------------

--
-- Структура таблицы `b_sale_order_props_group`
--

CREATE TABLE IF NOT EXISTS `b_sale_order_props_group` (
  `ID` int(11) NOT NULL AUTO_INCREMENT,
  `PERSON_TYPE_ID` int(11) NOT NULL,
  `NAME` varchar(255) NOT NULL,
  `SORT` int(11) NOT NULL DEFAULT '100',
  PRIMARY KEY (`ID`),
  KEY `IXS_ORDER_PROPS_GROUP_PERSON_TYPE_ID` (`PERSON_TYPE_ID`)
) ENGINE=MyISAM  DEFAULT CHARSET=cp1251 AUTO_INCREMENT=5 ;

--
-- Дамп данных таблицы `b_sale_order_props_group`
--

INSERT INTO `b_sale_order_props_group` (`ID`, `PERSON_TYPE_ID`, `NAME`, `SORT`) VALUES
(1, 1, 'Личные данные', 100),
(2, 1, 'Данные для доставки', 200),
(3, 2, 'Данные компании', 300),
(4, 2, 'Контактная информация', 400);

-- --------------------------------------------------------

--
-- Структура таблицы `b_sale_order_props_relation`
--

CREATE TABLE IF NOT EXISTS `b_sale_order_props_relation` (
  `PROPERTY_ID` int(11) NOT NULL,
  `ENTITY_ID` varchar(35) NOT NULL,
  `ENTITY_TYPE` char(1) NOT NULL,
  PRIMARY KEY (`PROPERTY_ID`,`ENTITY_ID`,`ENTITY_TYPE`),
  KEY `IX_PROPERTY` (`PROPERTY_ID`),
  KEY `IX_ENTITY_ID` (`ENTITY_ID`)
) ENGINE=MyISAM DEFAULT CHARSET=cp1251;

-- --------------------------------------------------------

--
-- Структура таблицы `b_sale_order_props_value`
--

CREATE TABLE IF NOT EXISTS `b_sale_order_props_value` (
  `ID` int(11) NOT NULL AUTO_INCREMENT,
  `ORDER_ID` int(11) NOT NULL,
  `ORDER_PROPS_ID` int(11) DEFAULT NULL,
  `NAME` varchar(255) NOT NULL,
  `VALUE` varchar(255) DEFAULT NULL,
  `CODE` varchar(50) DEFAULT NULL,
  PRIMARY KEY (`ID`),
  UNIQUE KEY `IX_SOPV_ORD_PROP_UNI` (`ORDER_ID`,`ORDER_PROPS_ID`)
) ENGINE=MyISAM  DEFAULT CHARSET=cp1251 AUTO_INCREMENT=36 ;

--
-- Дамп данных таблицы `b_sale_order_props_value`
--

INSERT INTO `b_sale_order_props_value` (`ID`, `ORDER_ID`, `ORDER_PROPS_ID`, `NAME`, `VALUE`, `CODE`) VALUES
(1, 1, 1, 'Ф.И.О.', 'Иванов Петр', 'FIO'),
(2, 1, 2, 'E-Mail', 'example@example.com', 'EMAIL'),
(3, 1, 3, 'Телефон', '8 495 2312121', 'PHONE'),
(4, 1, 4, 'Индекс', '101000', 'ZIP'),
(5, 1, 5, 'Город', 'Москва', 'CITY'),
(6, 1, 6, 'Местоположение', '671', 'LOCATION'),
(7, 1, 7, 'Адрес доставки', 'ул. Первомайская 93', 'ADDRESS'),
(8, 2, 1, 'Ф.И.О.', 'Иванов Петр', 'FIO'),
(9, 2, 2, 'E-Mail', 'example@example.com', 'EMAIL'),
(10, 2, 3, 'Телефон', '8 495 2312121', 'PHONE'),
(11, 2, 4, 'Индекс', '101000', 'ZIP'),
(12, 2, 5, 'Город', 'Москва', 'CITY'),
(13, 2, 6, 'Местоположение', '671', 'LOCATION'),
(14, 2, 7, 'Адрес доставки', 'ул. Первомайская 93', 'ADDRESS'),
(15, 3, 1, 'Ф.И.О.', 'Иванов Петр', 'FIO'),
(16, 3, 2, 'E-Mail', 'example@example.com', 'EMAIL'),
(17, 3, 3, 'Телефон', '8 495 2312121', 'PHONE'),
(18, 3, 4, 'Индекс', '101000', 'ZIP'),
(19, 3, 5, 'Город', 'Москва', 'CITY'),
(20, 3, 6, 'Местоположение', '671', 'LOCATION'),
(21, 3, 7, 'Адрес доставки', 'ул. Первомайская 93', 'ADDRESS'),
(22, 4, 1, 'Ф.И.О.', 'Иванов Петр', 'FIO'),
(23, 4, 2, 'E-Mail', 'example@example.com', 'EMAIL'),
(24, 4, 3, 'Телефон', '8 495 2312121', 'PHONE'),
(25, 4, 4, 'Индекс', '101000', 'ZIP'),
(26, 4, 5, 'Город', 'Москва', 'CITY'),
(27, 4, 6, 'Местоположение', '671', 'LOCATION'),
(28, 4, 7, 'Адрес доставки', 'ул. Первомайская 93', 'ADDRESS'),
(29, 5, 1, 'Ф.И.О.', 'Иванов Петр', 'FIO'),
(30, 5, 2, 'E-Mail', 'example@example.com', 'EMAIL'),
(31, 5, 3, 'Телефон', '8 495 2312121', 'PHONE'),
(32, 5, 4, 'Индекс', '101000', 'ZIP'),
(33, 5, 5, 'Город', 'Москва', 'CITY'),
(34, 5, 6, 'Местоположение', '671', 'LOCATION'),
(35, 5, 7, 'Адрес доставки', 'ул. Первомайская 93', 'ADDRESS');

-- --------------------------------------------------------

--
-- Структура таблицы `b_sale_order_props_variant`
--

CREATE TABLE IF NOT EXISTS `b_sale_order_props_variant` (
  `ID` int(11) NOT NULL AUTO_INCREMENT,
  `ORDER_PROPS_ID` int(11) NOT NULL,
  `NAME` varchar(255) NOT NULL,
  `VALUE` varchar(255) DEFAULT NULL,
  `SORT` int(11) NOT NULL DEFAULT '100',
  `DESCRIPTION` varchar(255) DEFAULT NULL,
  PRIMARY KEY (`ID`),
  KEY `IXS_ORDER_PROPS_VARIANT_ORDER_PROPS_ID` (`ORDER_PROPS_ID`)
) ENGINE=MyISAM DEFAULT CHARSET=cp1251 AUTO_INCREMENT=1 ;

-- --------------------------------------------------------

--
-- Структура таблицы `b_sale_order_tax`
--

CREATE TABLE IF NOT EXISTS `b_sale_order_tax` (
  `ID` int(11) NOT NULL AUTO_INCREMENT,
  `ORDER_ID` int(11) NOT NULL,
  `TAX_NAME` varchar(255) NOT NULL,
  `VALUE` decimal(18,2) DEFAULT NULL,
  `VALUE_MONEY` decimal(18,2) NOT NULL,
  `APPLY_ORDER` int(11) NOT NULL,
  `CODE` varchar(50) DEFAULT NULL,
  `IS_PERCENT` char(1) NOT NULL DEFAULT 'Y',
  `IS_IN_PRICE` char(1) NOT NULL DEFAULT 'N',
  PRIMARY KEY (`ID`),
  KEY `ixs_sot_order_id` (`ORDER_ID`)
) ENGINE=MyISAM DEFAULT CHARSET=cp1251 AUTO_INCREMENT=1 ;

-- --------------------------------------------------------

--
-- Структура таблицы `b_sale_pay_system`
--

CREATE TABLE IF NOT EXISTS `b_sale_pay_system` (
  `ID` int(11) NOT NULL AUTO_INCREMENT,
  `LID` char(2) DEFAULT NULL,
  `CURRENCY` char(3) DEFAULT NULL,
  `NAME` varchar(255) NOT NULL,
  `ACTIVE` char(1) NOT NULL DEFAULT 'Y',
  `SORT` int(11) NOT NULL DEFAULT '100',
  `DESCRIPTION` varchar(2000) DEFAULT NULL,
  PRIMARY KEY (`ID`),
  KEY `IXS_PAY_SYSTEM_LID` (`LID`)
) ENGINE=MyISAM  DEFAULT CHARSET=cp1251 AUTO_INCREMENT=6 ;

--
-- Дамп данных таблицы `b_sale_pay_system`
--

INSERT INTO `b_sale_pay_system` (`ID`, `LID`, `CURRENCY`, `NAME`, `ACTIVE`, `SORT`, `DESCRIPTION`) VALUES
(1, 's1', 'RUB', 'Наличные курьеру', 'Y', 80, 'Оплата наличными при получении заказа курьеру.'),
(2, 's1', 'RUB', 'Яндекс.Деньги', 'Y', 50, ''),
(3, 's1', 'RUB', 'Банковские карты', 'Y', 60, ''),
(4, 's1', 'RUB', 'Терминалы', 'Y', 70, ''),
(5, 's1', 'RUB', 'Оплата в платежной системе Web Money', 'N', 90, 'Авторизация будет производится через процессинговый центр Assist.');

-- --------------------------------------------------------

--
-- Структура таблицы `b_sale_pay_system_action`
--

CREATE TABLE IF NOT EXISTS `b_sale_pay_system_action` (
  `ID` int(11) NOT NULL AUTO_INCREMENT,
  `PAY_SYSTEM_ID` int(11) NOT NULL,
  `PERSON_TYPE_ID` int(11) NOT NULL,
  `NAME` varchar(255) NOT NULL,
  `ACTION_FILE` varchar(255) DEFAULT NULL,
  `RESULT_FILE` varchar(255) DEFAULT NULL,
  `NEW_WINDOW` char(1) NOT NULL DEFAULT 'Y',
  `PARAMS` text,
  `TARIF` text,
  `HAVE_PAYMENT` char(1) NOT NULL DEFAULT 'N',
  `HAVE_ACTION` char(1) NOT NULL DEFAULT 'N',
  `HAVE_RESULT` char(1) NOT NULL DEFAULT 'N',
  `HAVE_PREPAY` char(1) NOT NULL DEFAULT 'N',
  `HAVE_RESULT_RECEIVE` char(1) NOT NULL DEFAULT 'N',
  `ENCODING` varchar(45) DEFAULT NULL,
  `LOGOTIP` int(11) DEFAULT NULL,
  PRIMARY KEY (`ID`),
  UNIQUE KEY `IX_SPSA_PSPT_UNI` (`PAY_SYSTEM_ID`,`PERSON_TYPE_ID`),
  KEY `IXS_PAY_SYSTEM_ACTION_PERSON_TYPE_ID` (`PERSON_TYPE_ID`)
) ENGINE=MyISAM  DEFAULT CHARSET=cp1251 AUTO_INCREMENT=6 ;

--
-- Дамп данных таблицы `b_sale_pay_system_action`
--

INSERT INTO `b_sale_pay_system_action` (`ID`, `PAY_SYSTEM_ID`, `PERSON_TYPE_ID`, `NAME`, `ACTION_FILE`, `RESULT_FILE`, `NEW_WINDOW`, `PARAMS`, `TARIF`, `HAVE_PAYMENT`, `HAVE_ACTION`, `HAVE_RESULT`, `HAVE_PREPAY`, `HAVE_RESULT_RECEIVE`, `ENCODING`, `LOGOTIP`) VALUES
(1, 1, 1, 'Наличные курьеру', '/bitrix/modules/sale/payment/cash', '', 'N', '', NULL, 'Y', 'N', 'N', 'N', 'N', NULL, 915),
(2, 2, 1, 'Яндекс.Деньги', '/bitrix/modules/sale/payment/yandex_3x', '', 'N', 'a:7:{s:8:"ORDER_ID";a:2:{s:4:"TYPE";s:5:"ORDER";s:5:"VALUE";s:2:"ID";}s:7:"USER_ID";a:2:{s:4:"TYPE";s:8:"PROPERTY";s:5:"VALUE";s:3:"FIO";}s:10:"ORDER_DATE";a:2:{s:4:"TYPE";s:5:"ORDER";s:5:"VALUE";s:11:"DATE_INSERT";}s:10:"SHOULD_PAY";a:2:{s:4:"TYPE";s:5:"ORDER";s:5:"VALUE";s:5:"PRICE";}s:13:"PAYMENT_VALUE";a:1:{s:5:"VALUE";s:2:"PC";}s:7:"IS_TEST";a:1:{s:5:"VALUE";s:1:"Y";}s:17:"CHANGE_STATUS_PAY";a:1:{s:5:"VALUE";s:1:"Y";}}', NULL, 'Y', 'N', 'N', 'N', 'Y', NULL, 916),
(3, 3, 1, 'Банковские карты', '/bitrix/modules/sale/payment/yandex_3x', '', 'N', 'a:7:{s:8:"ORDER_ID";a:2:{s:4:"TYPE";s:5:"ORDER";s:5:"VALUE";s:2:"ID";}s:7:"USER_ID";a:2:{s:4:"TYPE";s:8:"PROPERTY";s:5:"VALUE";s:3:"FIO";}s:10:"ORDER_DATE";a:2:{s:4:"TYPE";s:5:"ORDER";s:5:"VALUE";s:11:"DATE_INSERT";}s:10:"SHOULD_PAY";a:2:{s:4:"TYPE";s:5:"ORDER";s:5:"VALUE";s:5:"PRICE";}s:13:"PAYMENT_VALUE";a:1:{s:5:"VALUE";s:2:"AC";}s:7:"IS_TEST";a:1:{s:5:"VALUE";s:1:"Y";}s:17:"CHANGE_STATUS_PAY";a:1:{s:5:"VALUE";s:1:"Y";}}', NULL, 'Y', 'N', 'N', 'N', 'Y', NULL, 917),
(4, 4, 1, 'Терминалы', '/bitrix/modules/sale/payment/yandex_3x', '', 'N', 'a:7:{s:8:"ORDER_ID";a:2:{s:4:"TYPE";s:5:"ORDER";s:5:"VALUE";s:2:"ID";}s:7:"USER_ID";a:2:{s:4:"TYPE";s:8:"PROPERTY";s:5:"VALUE";s:3:"FIO";}s:10:"ORDER_DATE";a:2:{s:4:"TYPE";s:5:"ORDER";s:5:"VALUE";s:11:"DATE_INSERT";}s:10:"SHOULD_PAY";a:2:{s:4:"TYPE";s:5:"ORDER";s:5:"VALUE";s:5:"PRICE";}s:13:"PAYMENT_VALUE";a:1:{s:5:"VALUE";s:2:"GP";}s:7:"IS_TEST";a:1:{s:5:"VALUE";s:1:"Y";}s:17:"CHANGE_STATUS_PAY";a:1:{s:5:"VALUE";s:1:"Y";}}', NULL, 'Y', 'N', 'N', 'N', 'Y', NULL, 918),
(5, 5, 1, 'Оплата в платежной системе Web Money', '/bitrix/modules/sale/payment/webmoney_web', '', 'Y', '', NULL, 'Y', 'N', 'Y', 'N', 'N', NULL, 919);

-- --------------------------------------------------------

--
-- Структура таблицы `b_sale_person_type`
--

CREATE TABLE IF NOT EXISTS `b_sale_person_type` (
  `ID` int(11) NOT NULL AUTO_INCREMENT,
  `LID` char(2) NOT NULL,
  `NAME` varchar(255) NOT NULL,
  `SORT` int(11) NOT NULL DEFAULT '150',
  `ACTIVE` varchar(1) NOT NULL DEFAULT 'Y',
  PRIMARY KEY (`ID`),
  KEY `IXS_PERSON_TYPE_LID` (`LID`)
) ENGINE=MyISAM  DEFAULT CHARSET=cp1251 AUTO_INCREMENT=3 ;

--
-- Дамп данных таблицы `b_sale_person_type`
--

INSERT INTO `b_sale_person_type` (`ID`, `LID`, `NAME`, `SORT`, `ACTIVE`) VALUES
(1, 's1', 'Физическое лицо', 100, 'Y'),
(2, 's1', 'Юридическое лицо', 150, 'Y');

-- --------------------------------------------------------

--
-- Структура таблицы `b_sale_person_type_site`
--

CREATE TABLE IF NOT EXISTS `b_sale_person_type_site` (
  `PERSON_TYPE_ID` int(18) NOT NULL DEFAULT '0',
  `SITE_ID` char(2) NOT NULL DEFAULT '',
  PRIMARY KEY (`PERSON_TYPE_ID`,`SITE_ID`)
) ENGINE=MyISAM DEFAULT CHARSET=cp1251;

--
-- Дамп данных таблицы `b_sale_person_type_site`
--

INSERT INTO `b_sale_person_type_site` (`PERSON_TYPE_ID`, `SITE_ID`) VALUES
(1, 's1'),
(2, 's1');

-- --------------------------------------------------------

--
-- Структура таблицы `b_sale_product2product`
--

CREATE TABLE IF NOT EXISTS `b_sale_product2product` (
  `ID` int(11) NOT NULL AUTO_INCREMENT,
  `PRODUCT_ID` int(11) NOT NULL,
  `PARENT_PRODUCT_ID` int(11) NOT NULL,
  `CNT` int(11) NOT NULL,
  PRIMARY KEY (`ID`),
  KEY `IXS_PRODUCT2PRODUCT_PRODUCT_ID` (`PRODUCT_ID`)
) ENGINE=MyISAM  DEFAULT CHARSET=cp1251 AUTO_INCREMENT=19 ;

--
-- Дамп данных таблицы `b_sale_product2product`
--

INSERT INTO `b_sale_product2product` (`ID`, `PRODUCT_ID`, `PARENT_PRODUCT_ID`, `CNT`) VALUES
(1, 60, 89, 1),
(2, 60, 134, 1),
(3, 66, 72, 1),
(4, 66, 132, 1),
(5, 66, 227, 1),
(6, 72, 66, 1),
(7, 72, 132, 1),
(8, 72, 227, 1),
(9, 89, 60, 1),
(10, 89, 134, 1),
(11, 132, 66, 1),
(12, 132, 72, 1),
(13, 132, 227, 1),
(14, 134, 60, 1),
(15, 134, 89, 1),
(16, 227, 66, 1),
(17, 227, 72, 1),
(18, 227, 132, 1);

-- --------------------------------------------------------

--
-- Структура таблицы `b_sale_recurring`
--

CREATE TABLE IF NOT EXISTS `b_sale_recurring` (
  `ID` int(11) NOT NULL AUTO_INCREMENT,
  `USER_ID` int(11) NOT NULL,
  `TIMESTAMP_X` timestamp NOT NULL DEFAULT CURRENT_TIMESTAMP ON UPDATE CURRENT_TIMESTAMP,
  `MODULE` varchar(100) DEFAULT NULL,
  `PRODUCT_ID` int(11) DEFAULT NULL,
  `PRODUCT_NAME` varchar(255) DEFAULT NULL,
  `PRODUCT_URL` varchar(255) DEFAULT NULL,
  `PRODUCT_PRICE_ID` int(11) DEFAULT NULL,
  `PRICE_TYPE` char(1) NOT NULL DEFAULT 'R',
  `RECUR_SCHEME_TYPE` char(1) NOT NULL DEFAULT 'M',
  `RECUR_SCHEME_LENGTH` int(11) NOT NULL DEFAULT '0',
  `WITHOUT_ORDER` char(1) NOT NULL DEFAULT 'N',
  `PRICE` decimal(10,0) NOT NULL DEFAULT '0',
  `CURRENCY` char(3) DEFAULT NULL,
  `CANCELED` char(1) NOT NULL DEFAULT 'N',
  `DATE_CANCELED` datetime DEFAULT NULL,
  `PRIOR_DATE` datetime DEFAULT NULL,
  `NEXT_DATE` datetime NOT NULL,
  `CALLBACK_FUNC` varchar(100) DEFAULT NULL,
  `PRODUCT_PROVIDER_CLASS` varchar(100) DEFAULT NULL,
  `DESCRIPTION` varchar(255) DEFAULT NULL,
  `CANCELED_REASON` varchar(255) DEFAULT NULL,
  `ORDER_ID` int(11) NOT NULL,
  `REMAINING_ATTEMPTS` int(11) NOT NULL DEFAULT '0',
  `SUCCESS_PAYMENT` char(1) NOT NULL DEFAULT 'Y',
  PRIMARY KEY (`ID`),
  KEY `IX_S_R_USER_ID` (`USER_ID`),
  KEY `IX_S_R_NEXT_DATE` (`NEXT_DATE`,`CANCELED`,`REMAINING_ATTEMPTS`),
  KEY `IX_S_R_PRODUCT_ID` (`MODULE`,`PRODUCT_ID`,`PRODUCT_PRICE_ID`)
) ENGINE=MyISAM DEFAULT CHARSET=cp1251 AUTO_INCREMENT=1 ;

-- --------------------------------------------------------

--
-- Структура таблицы `b_sale_site2group`
--

CREATE TABLE IF NOT EXISTS `b_sale_site2group` (
  `ID` int(11) NOT NULL AUTO_INCREMENT,
  `GROUP_ID` int(11) NOT NULL,
  `SITE_ID` char(2) NOT NULL,
  PRIMARY KEY (`ID`),
  UNIQUE KEY `ix_sale_site2group` (`GROUP_ID`,`SITE_ID`)
) ENGINE=MyISAM DEFAULT CHARSET=cp1251 AUTO_INCREMENT=1 ;

-- --------------------------------------------------------

--
-- Структура таблицы `b_sale_status`
--

CREATE TABLE IF NOT EXISTS `b_sale_status` (
  `ID` char(1) NOT NULL,
  `SORT` int(11) NOT NULL DEFAULT '100',
  PRIMARY KEY (`ID`)
) ENGINE=MyISAM DEFAULT CHARSET=cp1251;

--
-- Дамп данных таблицы `b_sale_status`
--

INSERT INTO `b_sale_status` (`ID`, `SORT`) VALUES
('N', 100),
('F', 200),
('P', 150);

-- --------------------------------------------------------

--
-- Структура таблицы `b_sale_status2group`
--

CREATE TABLE IF NOT EXISTS `b_sale_status2group` (
  `ID` int(11) NOT NULL AUTO_INCREMENT,
  `GROUP_ID` int(11) NOT NULL,
  `STATUS_ID` char(1) NOT NULL,
  `PERM_VIEW` char(1) NOT NULL DEFAULT 'N',
  `PERM_CANCEL` char(1) NOT NULL DEFAULT 'N',
  `PERM_MARK` char(1) NOT NULL DEFAULT 'N',
  `PERM_DELIVERY` char(1) NOT NULL DEFAULT 'N',
  `PERM_DEDUCTION` char(1) NOT NULL DEFAULT 'N',
  `PERM_PAYMENT` char(1) NOT NULL DEFAULT 'N',
  `PERM_STATUS` char(1) NOT NULL DEFAULT 'N',
  `PERM_UPDATE` char(1) NOT NULL DEFAULT 'N',
  `PERM_DELETE` char(1) NOT NULL DEFAULT 'N',
  `PERM_STATUS_FROM` char(1) NOT NULL DEFAULT 'N',
  PRIMARY KEY (`ID`),
  UNIQUE KEY `ix_sale_s2g_ix1` (`GROUP_ID`,`STATUS_ID`),
  KEY `ix_sale_s2g_1` (`STATUS_ID`)
) ENGINE=MyISAM DEFAULT CHARSET=cp1251 AUTO_INCREMENT=1 ;

-- --------------------------------------------------------

--
-- Структура таблицы `b_sale_status_lang`
--

CREATE TABLE IF NOT EXISTS `b_sale_status_lang` (
  `STATUS_ID` char(1) NOT NULL,
  `LID` char(2) NOT NULL,
  `NAME` varchar(100) NOT NULL,
  `DESCRIPTION` varchar(250) DEFAULT NULL,
  PRIMARY KEY (`STATUS_ID`,`LID`),
  UNIQUE KEY `ixs_status_lang_status_id` (`STATUS_ID`,`LID`)
) ENGINE=MyISAM DEFAULT CHARSET=cp1251;

--
-- Дамп данных таблицы `b_sale_status_lang`
--

INSERT INTO `b_sale_status_lang` (`STATUS_ID`, `LID`, `NAME`, `DESCRIPTION`) VALUES
('P', 'ru', 'Оплачен, формируется к отправке', 'Заказ оплачен, формируется к отправке клиенту.'),
('N', 'en', 'Accepted', 'Order accepted but not processed.'),
('N', 'ru', 'Принят, ожидается оплата', 'Заказ принят, но пока не обрабатывается.'),
('P', 'en', 'Paid', 'Order paid and is being processed.'),
('F', 'ru', 'Выполнен', 'Заказ отправлен клиенту'),
('F', 'en', 'Completed', 'Order shipped.');

-- --------------------------------------------------------

--
-- Структура таблицы `b_sale_store_barcode`
--

CREATE TABLE IF NOT EXISTS `b_sale_store_barcode` (
  `ID` int(11) NOT NULL AUTO_INCREMENT,
  `BASKET_ID` int(11) NOT NULL,
  `BARCODE` varchar(100) DEFAULT NULL,
  `STORE_ID` int(11) NOT NULL,
  `QUANTITY` double NOT NULL,
  `DATE_CREATE` datetime DEFAULT NULL,
  `DATE_MODIFY` datetime DEFAULT NULL,
  `CREATED_BY` int(11) DEFAULT NULL,
  `MODIFIED_BY` int(11) DEFAULT NULL,
  PRIMARY KEY (`ID`)
) ENGINE=MyISAM DEFAULT CHARSET=cp1251 AUTO_INCREMENT=1 ;

-- --------------------------------------------------------

--
-- Структура таблицы `b_sale_tax`
--

CREATE TABLE IF NOT EXISTS `b_sale_tax` (
  `ID` int(11) NOT NULL AUTO_INCREMENT,
  `LID` char(2) NOT NULL,
  `NAME` varchar(250) NOT NULL,
  `DESCRIPTION` varchar(255) DEFAULT NULL,
  `TIMESTAMP_X` datetime NOT NULL,
  `CODE` varchar(50) DEFAULT NULL,
  PRIMARY KEY (`ID`),
  KEY `itax_lid` (`LID`)
) ENGINE=MyISAM DEFAULT CHARSET=cp1251 AUTO_INCREMENT=1 ;

-- --------------------------------------------------------

--
-- Структура таблицы `b_sale_tax2location`
--

CREATE TABLE IF NOT EXISTS `b_sale_tax2location` (
  `TAX_RATE_ID` int(11) NOT NULL,
  `LOCATION_ID` int(11) NOT NULL,
  `LOCATION_TYPE` char(1) NOT NULL DEFAULT 'L',
  PRIMARY KEY (`TAX_RATE_ID`,`LOCATION_ID`,`LOCATION_TYPE`)
) ENGINE=MyISAM DEFAULT CHARSET=cp1251;

-- --------------------------------------------------------

--
-- Структура таблицы `b_sale_tax_exempt2group`
--

CREATE TABLE IF NOT EXISTS `b_sale_tax_exempt2group` (
  `GROUP_ID` int(11) NOT NULL,
  `TAX_ID` int(11) NOT NULL,
  PRIMARY KEY (`GROUP_ID`,`TAX_ID`)
) ENGINE=MyISAM DEFAULT CHARSET=cp1251;

-- --------------------------------------------------------

--
-- Структура таблицы `b_sale_tax_rate`
--

CREATE TABLE IF NOT EXISTS `b_sale_tax_rate` (
  `ID` int(11) NOT NULL AUTO_INCREMENT,
  `TAX_ID` int(11) NOT NULL,
  `PERSON_TYPE_ID` int(11) DEFAULT NULL,
  `VALUE` decimal(18,4) NOT NULL,
  `CURRENCY` char(3) DEFAULT NULL,
  `IS_PERCENT` char(1) NOT NULL DEFAULT 'Y',
  `IS_IN_PRICE` char(1) NOT NULL DEFAULT 'N',
  `APPLY_ORDER` int(11) NOT NULL DEFAULT '100',
  `TIMESTAMP_X` datetime NOT NULL,
  `ACTIVE` char(1) NOT NULL DEFAULT 'Y',
  PRIMARY KEY (`ID`),
  KEY `itax_pers_type` (`PERSON_TYPE_ID`),
  KEY `itax_lid` (`TAX_ID`),
  KEY `itax_inprice` (`IS_IN_PRICE`)
) ENGINE=MyISAM DEFAULT CHARSET=cp1251 AUTO_INCREMENT=1 ;

-- --------------------------------------------------------

--
-- Структура таблицы `b_sale_user_account`
--

CREATE TABLE IF NOT EXISTS `b_sale_user_account` (
  `ID` int(11) NOT NULL AUTO_INCREMENT,
  `USER_ID` int(11) NOT NULL,
  `TIMESTAMP_X` timestamp NOT NULL DEFAULT CURRENT_TIMESTAMP ON UPDATE CURRENT_TIMESTAMP,
  `CURRENT_BUDGET` decimal(18,4) NOT NULL DEFAULT '0.0000',
  `CURRENCY` char(3) NOT NULL,
  `LOCKED` char(1) NOT NULL DEFAULT 'N',
  `DATE_LOCKED` datetime DEFAULT NULL,
  `NOTES` text,
  PRIMARY KEY (`ID`),
  UNIQUE KEY `IX_S_U_USER_ID` (`USER_ID`,`CURRENCY`)
) ENGINE=MyISAM  DEFAULT CHARSET=cp1251 AUTO_INCREMENT=2 ;

--
-- Дамп данных таблицы `b_sale_user_account`
--

INSERT INTO `b_sale_user_account` (`ID`, `USER_ID`, `TIMESTAMP_X`, `CURRENT_BUDGET`, `CURRENCY`, `LOCKED`, `DATE_LOCKED`, `NOTES`) VALUES
(1, 1, '2014-08-07 02:48:03', 0.0000, 'RUB', 'N', NULL, NULL);

-- --------------------------------------------------------

--
-- Структура таблицы `b_sale_user_cards`
--

CREATE TABLE IF NOT EXISTS `b_sale_user_cards` (
  `ID` int(11) NOT NULL AUTO_INCREMENT,
  `USER_ID` int(11) NOT NULL,
  `ACTIVE` char(1) NOT NULL DEFAULT 'Y',
  `SORT` int(11) NOT NULL DEFAULT '100',
  `TIMESTAMP_X` timestamp NOT NULL DEFAULT CURRENT_TIMESTAMP ON UPDATE CURRENT_TIMESTAMP,
  `PAY_SYSTEM_ACTION_ID` int(11) NOT NULL,
  `CURRENCY` char(3) DEFAULT NULL,
  `CARD_TYPE` varchar(20) NOT NULL,
  `CARD_NUM` text NOT NULL,
  `CARD_CODE` varchar(5) DEFAULT NULL,
  `CARD_EXP_MONTH` int(11) NOT NULL,
  `CARD_EXP_YEAR` int(11) NOT NULL,
  `DESCRIPTION` varchar(255) DEFAULT NULL,
  `SUM_MIN` decimal(18,4) DEFAULT NULL,
  `SUM_MAX` decimal(18,4) DEFAULT NULL,
  `SUM_CURRENCY` char(3) DEFAULT NULL,
  `LAST_STATUS` char(1) DEFAULT NULL,
  `LAST_STATUS_CODE` varchar(5) DEFAULT NULL,
  `LAST_STATUS_DESCRIPTION` varchar(250) DEFAULT NULL,
  `LAST_STATUS_MESSAGE` varchar(255) DEFAULT NULL,
  `LAST_SUM` decimal(18,4) DEFAULT NULL,
  `LAST_CURRENCY` char(3) DEFAULT NULL,
  `LAST_DATE` datetime DEFAULT NULL,
  PRIMARY KEY (`ID`),
  KEY `IX_S_U_C_USER_ID` (`USER_ID`,`ACTIVE`,`CURRENCY`)
) ENGINE=MyISAM DEFAULT CHARSET=cp1251 AUTO_INCREMENT=1 ;

-- --------------------------------------------------------

--
-- Структура таблицы `b_sale_user_props`
--

CREATE TABLE IF NOT EXISTS `b_sale_user_props` (
  `ID` int(11) NOT NULL AUTO_INCREMENT,
  `NAME` varchar(255) NOT NULL,
  `USER_ID` int(11) NOT NULL,
  `PERSON_TYPE_ID` int(11) NOT NULL,
  `DATE_UPDATE` datetime NOT NULL,
  `XML_ID` varchar(50) DEFAULT NULL,
  `VERSION_1C` varchar(15) DEFAULT NULL,
  PRIMARY KEY (`ID`),
  KEY `IXS_USER_PROPS_USER_ID` (`USER_ID`),
  KEY `IXS_USER_PROPS_PERSON_TYPE_ID` (`PERSON_TYPE_ID`),
  KEY `IXS_USER_PROPS_XML_ID` (`XML_ID`)
) ENGINE=MyISAM DEFAULT CHARSET=cp1251 AUTO_INCREMENT=1 ;

-- --------------------------------------------------------

--
-- Структура таблицы `b_sale_user_props_value`
--

CREATE TABLE IF NOT EXISTS `b_sale_user_props_value` (
  `ID` int(11) NOT NULL AUTO_INCREMENT,
  `USER_PROPS_ID` int(11) NOT NULL,
  `ORDER_PROPS_ID` int(11) NOT NULL,
  `NAME` varchar(255) NOT NULL,
  `VALUE` varchar(255) DEFAULT NULL,
  PRIMARY KEY (`ID`),
  KEY `IXS_USER_PROPS_VALUE_USER_PROPS_ID` (`USER_PROPS_ID`),
  KEY `IXS_USER_PROPS_VALUE_ORDER_PROPS_ID` (`ORDER_PROPS_ID`)
) ENGINE=MyISAM DEFAULT CHARSET=cp1251 AUTO_INCREMENT=1 ;

-- --------------------------------------------------------

--
-- Структура таблицы `b_sale_user_transact`
--

CREATE TABLE IF NOT EXISTS `b_sale_user_transact` (
  `ID` int(11) NOT NULL AUTO_INCREMENT,
  `USER_ID` int(11) NOT NULL,
  `TIMESTAMP_X` timestamp NOT NULL DEFAULT CURRENT_TIMESTAMP ON UPDATE CURRENT_TIMESTAMP,
  `TRANSACT_DATE` datetime NOT NULL,
  `AMOUNT` decimal(18,4) NOT NULL DEFAULT '0.0000',
  `CURRENCY` char(3) NOT NULL,
  `DEBIT` char(1) NOT NULL DEFAULT 'N',
  `ORDER_ID` int(11) DEFAULT NULL,
  `DESCRIPTION` varchar(255) NOT NULL,
  `NOTES` text,
  `EMPLOYEE_ID` int(11) DEFAULT NULL,
  PRIMARY KEY (`ID`),
  KEY `IX_S_U_T_USER_ID` (`USER_ID`),
  KEY `IX_S_U_T_USER_ID_CURRENCY` (`USER_ID`,`CURRENCY`),
  KEY `IX_S_U_T_ORDER_ID` (`ORDER_ID`)
) ENGINE=MyISAM  DEFAULT CHARSET=cp1251 AUTO_INCREMENT=7 ;

--
-- Дамп данных таблицы `b_sale_user_transact`
--

INSERT INTO `b_sale_user_transact` (`ID`, `USER_ID`, `TIMESTAMP_X`, `TRANSACT_DATE`, `AMOUNT`, `CURRENCY`, `DEBIT`, `ORDER_ID`, `DESCRIPTION`, `NOTES`, `EMPLOYEE_ID`) VALUES
(1, 1, '2014-08-07 02:48:03', '2014-08-07 06:48:03', 5511.1000, 'RUB', 'Y', 1, 'OUT_CHARGE_OFF', NULL, 1),
(2, 1, '2014-08-07 02:48:03', '2014-08-07 06:48:03', 5511.1000, 'RUB', 'N', 1, 'ORDER_PAY', NULL, 1),
(3, 1, '2014-08-07 02:48:03', '2014-08-07 06:48:03', 6310.1000, 'RUB', 'Y', 2, 'OUT_CHARGE_OFF', NULL, 1),
(4, 1, '2014-08-07 02:48:03', '2014-08-07 06:48:03', 6310.1000, 'RUB', 'N', 2, 'ORDER_PAY', NULL, 1),
(5, 1, '2014-08-07 02:48:03', '2014-08-07 06:48:03', 4098.0000, 'RUB', 'Y', 3, 'OUT_CHARGE_OFF', NULL, 1),
(6, 1, '2014-08-07 02:48:03', '2014-08-07 06:48:03', 4098.0000, 'RUB', 'N', 3, 'ORDER_PAY', NULL, 1);

-- --------------------------------------------------------

--
-- Структура таблицы `b_sale_viewed_product`
--

CREATE TABLE IF NOT EXISTS `b_sale_viewed_product` (
  `ID` int(11) unsigned NOT NULL AUTO_INCREMENT,
  `FUSER_ID` int(11) unsigned NOT NULL DEFAULT '0',
  `DATE_VISIT` datetime NOT NULL,
  `PRODUCT_ID` int(11) unsigned NOT NULL DEFAULT '0',
  `MODULE` varchar(100) DEFAULT NULL,
  `LID` char(2) NOT NULL,
  `NAME` varchar(255) NOT NULL,
  `DETAIL_PAGE_URL` varchar(255) DEFAULT NULL,
  `CURRENCY` char(3) DEFAULT NULL,
  `PRICE` decimal(18,2) NOT NULL DEFAULT '0.00',
  `NOTES` varchar(255) DEFAULT NULL,
  `PREVIEW_PICTURE` int(11) DEFAULT NULL,
  `DETAIL_PICTURE` int(11) DEFAULT NULL,
  `CALLBACK_FUNC` varchar(45) DEFAULT NULL,
  `PRODUCT_PROVIDER_CLASS` varchar(100) DEFAULT NULL,
  PRIMARY KEY (`ID`),
  KEY `ixLID` (`FUSER_ID`,`LID`),
  KEY `ixPRODUCT_ID` (`PRODUCT_ID`),
  KEY `ixDATE_VISIT` (`DATE_VISIT`)
) ENGINE=MyISAM DEFAULT CHARSET=cp1251 AUTO_INCREMENT=1 ;

-- --------------------------------------------------------

--
-- Структура таблицы `b_search_content`
--

CREATE TABLE IF NOT EXISTS `b_search_content` (
  `ID` int(11) NOT NULL AUTO_INCREMENT,
  `DATE_CHANGE` datetime NOT NULL,
  `MODULE_ID` varchar(50) NOT NULL,
  `ITEM_ID` varchar(255) NOT NULL,
  `CUSTOM_RANK` int(11) NOT NULL DEFAULT '0',
  `USER_ID` int(11) DEFAULT NULL,
  `ENTITY_TYPE_ID` varchar(50) DEFAULT NULL,
  `ENTITY_ID` varchar(255) DEFAULT NULL,
  `URL` text,
  `TITLE` text,
  `BODY` longtext,
  `TAGS` text,
  `PARAM1` text,
  `PARAM2` text,
  `UPD` varchar(32) DEFAULT NULL,
  `DATE_FROM` datetime DEFAULT NULL,
  `DATE_TO` datetime DEFAULT NULL,
  PRIMARY KEY (`ID`),
  UNIQUE KEY `UX_B_SEARCH_CONTENT` (`MODULE_ID`,`ITEM_ID`),
  KEY `IX_B_SEARCH_CONTENT_1` (`MODULE_ID`,`PARAM1`(50),`PARAM2`(50)),
  KEY `IX_B_SEARCH_CONTENT_2` (`ENTITY_ID`(50),`ENTITY_TYPE_ID`)
) ENGINE=MyISAM  DEFAULT CHARSET=cp1251 AUTO_INCREMENT=383 ;

--
-- Дамп данных таблицы `b_search_content`
--

INSERT INTO `b_search_content` (`ID`, `DATE_CHANGE`, `MODULE_ID`, `ITEM_ID`, `CUSTOM_RANK`, `USER_ID`, `ENTITY_TYPE_ID`, `ENTITY_ID`, `URL`, `TITLE`, `BODY`, `TAGS`, `PARAM1`, `PARAM2`, `UPD`, `DATE_FROM`, `DATE_TO`) VALUES
(1, '2014-08-07 06:47:06', 'main', 's1|/auth/index.php', 0, NULL, NULL, NULL, '/auth/index.php', 'Авторизация', 'Вы зарегистрированы и успешно авторизовались.\rВернуться на главную страницу', '', '', '', 'fd3de9b6324e4213772b1f5862ec2725', NULL, NULL),
(2, '2014-08-07 06:47:06', 'main', 's1|/store/index.php', 0, NULL, NULL, NULL, '/store/index.php', 'Склады', '', '', '', '', 'fd3de9b6324e4213772b1f5862ec2725', NULL, NULL),
(3, '2014-08-07 06:47:06', 'main', 's1|/news/index.php', 0, NULL, NULL, NULL, '/news/index.php', 'Официальная информация', '', '', '', '', 'fd3de9b6324e4213772b1f5862ec2725', NULL, NULL),
(370, '2014-08-13 07:12:19', 'main', 's1|/about/customers/index.php', 0, NULL, NULL, NULL, '/about/customers/index.php', 'Оптовым клиентам', '<h1>Оптовым клиентам</h1>', '', '', '', NULL, NULL, NULL),
(371, '2014-08-13 08:45:25', 'iblock', '320', 0, NULL, NULL, NULL, '=ID=320&EXTERNAL_ID=320&IBLOCK_SECTION_ID=17&IBLOCK_TYPE_ID=catalog&IBLOCK_ID=2&IBLOCK_CODE=clothes&IBLOCK_EXTERNAL_ID=clothes_s1&CODE=slon_obyknovennyy', 'Слон обыкновенный', '', '', 'catalog', '2', NULL, NULL, NULL),
(372, '2014-08-13 07:36:56', 'main', 's1|/index.php', 0, NULL, NULL, NULL, '/index.php', 'Интернет-магазин "Одежда"', 'Лучшие коллекции\rТренды сезона', '', '', '', NULL, NULL, NULL),
(373, '2014-08-13 11:58:18', 'main', 's1|/about/mending/index.php', 0, NULL, NULL, NULL, '/about/mending/index.php', 'Ремонт одежды', 'Ремонт одежды', '', '', '', NULL, NULL, NULL),
(374, '2014-08-13 11:58:46', 'main', 's1|/about/custom-tailoring/index.php', 0, NULL, NULL, NULL, '/about/custom-tailoring/index.php', 'Пошив на заказ', 'Пошив на заказ', '', '', '', NULL, NULL, NULL),
(375, '2014-08-18 12:20:56', 'iblock', '321', 0, NULL, NULL, NULL, '=ID=321&EXTERNAL_ID=321&IBLOCK_SECTION_ID=18&IBLOCK_TYPE_ID=catalog&IBLOCK_ID=2&IBLOCK_CODE=clothes&IBLOCK_EXTERNAL_ID=clothes_s1&CODE=shapka_norkovaya', 'Шапка норковая', '', '', 'catalog', '2', NULL, NULL, NULL),
(381, '2014-08-19 06:41:52', 'main', 's1|/atelier/mending/index.php', 0, NULL, NULL, NULL, '/atelier/mending/index.php', 'Ремонт одежды', 'Ремонт одежды', '', '', '', NULL, NULL, NULL),
(376, '2014-08-18 05:57:52', 'iblock', '322', 0, NULL, NULL, NULL, '=ID=322&EXTERNAL_ID=322&IBLOCK_SECTION_ID=&IBLOCK_TYPE_ID=content&IBLOCK_ID=7&IBLOCK_CODE=tailor_tips_s1&IBLOCK_EXTERNAL_ID=&CODE=kak-ukhazhivat-za-mekhom', 'Как ухаживать за мехом?', 'Выбрать качественное меховое изделие очень нелегко. Но обеспечить качественный уход за ним ещё сложнее. А ведь меха – удовольствие не из дешёвых, поэтому хочется, чтобы покупка радовала максимально долго. Итак, для того, чтобы меховая шубка служила долго, необходимо следовать следующим правилам...\r\nВыбрать качественное меховое изделие очень нелегко. Но обеспечить качественный уход за ним ещё сложнее. А ведь меха – удовольствие не из дешёвых, поэтому хочется, чтобы покупка радовала максимально долго. Итак, для того, чтобы меховая шубка служила долго, необходимо следовать следующим правилам... \r\n\r\nКатегорически не рекомендуется носить на плече сумочки – так как на месте контакта шубки с ремешком сумки ворс «сломается», а со временем мех и вовсе сотрется и выпадет. Ради сохранности любимой шубы стоит перейти на портфели или же просто носить сумку в руке. \r\n\r\nКак и кожа человека, меховые изделия очень чувствительны к «пересушке». Поэтому меховые изделия не стоит сушить вблизи нагревательных приборов, хранить под прямыми солнечными лучами. Также не рекомендуется включать обогрев сиденья автомобиля. Кроме того, нельзя стоять возле выхлопной трубы автомобиля – нескольких минут вполне достаточно для того, чтобы окончательно «убить» мех. Также крайне нежелательно использовать вблизи меха духи, лаки для волос и другие аэрозольные распылители.', '', 'content', '7', NULL, NULL, NULL),
(5, '2014-08-13 07:11:13', 'main', 's1|/about/index.php', 0, NULL, NULL, NULL, '/about/index.php', 'О магазине', 'Мы рады приветствовать вас на сайте нашей компании.\rНаша компания была основана в 1993 году, а наш интернет-магазин стал одним из первых магазинов, осуществляющих on-line продажу мебели в регионе. Компания специализируется на оптовой и розничной продаже мебели как для дома, так и для офиса и производственных помещений, а также различной мебельной фурнитуры.\rНа данный момент мы представляем собой крупную компанию, владеющую интернет&ndash;магазином и имеющую в своей сети единый call-центр, который регулирует всю деятельность магазина, отдел продаж, службу доставки, широкий штат квалифицированных сборщиков, собственный склад c постоянным наличием необходимого запаса товаров.\rЗа это время у нас сложились партнерские отношения с ведущими производителями, позволяющие предлагать высококачественную продукцию по конкурентоспособным ценам.\rМы можем гордиться тем, что у нас один из самых широких ассортиментов мебели в городе и области. \rНа нашем сайте к вашим услугам:\rреальные и конкурентоспособные цены;\rширочайший ассортимент товаров;\rкачественные описания и изображения товаров;\rпоиск товаров в магазине;\rсистема обратной связи;\rпродажа только сертифицированных и имеющих легальное происхождение товаров;\rгарантийное обслуживание купленных у нас товаров;\rпокупка товара, не выходя из дома или офиса;\rбыстрое согласование товара с клиентом для подтверждения заказа;\rобмен товаров ненадлежащего качества и многое другое.\rМы всегда рады общению с нашими клиентами. Если у вас есть какие-либо пожелания, предложения, замечания, касающиеся работы нашего Интернет-магазина - пишите нам, и мы с благодарностью примем ваше мнение во внимание:\rЭлектронная почта\r: \rsale@russianshik.bureauit.com', '', '', '', 'fd3de9b6324e4213772b1f5862ec2725', NULL, NULL),
(6, '2014-08-07 06:47:06', 'main', 's1|/about/contacts/index.php', 0, NULL, NULL, NULL, '/about/contacts/index.php', 'Задайте вопрос', 'Телефон:\r8 (495) 212 85 06\rАдрес:\rг. Москва, ул. 2-я Хуторская, д. 38\rПросмотреть увеличенную карту\rЗадать вопрос', '', '', '', 'fd3de9b6324e4213772b1f5862ec2725', NULL, NULL),
(7, '2014-08-07 06:47:06', 'main', 's1|/about/delivery/index.php', 0, NULL, NULL, NULL, '/about/delivery/index.php', 'Доставка', 'Интернет-магазин выполняет доставку любого товара своей собственной Службой доставки.\rСтоимость доставки курьером\rСтоимость доставки товара из нашего магазина - 500 руб, при условии выбора при заказе товара в качестве способа доставки нашим курьером.\rВремя доставки\rВремя доставки согласовывается с менеджером Службы доставки, который обязательно свяжется с вами сразу после того, как вы разместите свой заказ. \rВнимание!\rНеправильно указанный номер телефона, неточный или неполный адрес могут привести к дополнительной задержке! Пожалуйста, внимательно проверяйте ваши персональные данные при регистрации и оформлении заказа.Конфиденциальность ваших регистрационных данных гарантируется.\rДоставка выполняется ежедневно с 10:00 до 20:00 часов, в субботу с 10:00 до 14:00, в воскресенье доставки нет. Товары, заказанные вами в субботу и воскресенье, доставляются в понедельник. Время осуществления доставки зависит от времени размещения заказа и наличия товара на складе:\rесли заказ подтвержден менеджером Службы доставки до 12:00, товар может быть доставлен на следующий рабочий день между 10:00 и 15:00 или между 15:00 и 20:00;\rесли заказ подтвержден менеджером Службы доставки после 12:00, товар может быть доставлен на следующий рабочий день между 15:00 и 18:00.\rВы также можете указать любое другое удобное время доставки, и покупка будет доставлена в удобное вам время. Иное время доставки, а также время доставки в населенные пункты области определяется по договоренности с клиентом.\rМесто доставки\rДоставка осуществляется по адресу, указанному при оформлении заказа. Если необходимо доставить товар по иному адресу, необходимо сообщить адрес менеджеру Службы доставки, который свяжется с вами непосредственно после оформления заказа на сайте.\rПравила\rПри доставке вам будут переданы все необходимые документы на покупку: товарный, кассовый чеки, а также гарантийный талон.При оформлении покупки на организацию, вам будут переданы счет-фактура, а также накладная, в которой необходимо поставить печать вашей организации.Цена, указанная в переданных вам курьером документах, является окончательной, курьер не обладает правом корректировки цены.Стоимость доставки выделяется в документах на покупку отдельной графой.\rВнимание!\rПросим вас помнить, что все технические параметры и потребительские свойства приобретаемого товара вам следует уточнять у нашего менеджера до момента покупки товара. В обязанности работников Службы доставки не входит осуществление консультаций и комментариев относительно потребительских свойств товара. При необходимости инсталляции приобретаемого в нашем магазине товара вам необходимо сообщить об этом нашему менеджеру.При доставке вам заказанного товара проверяйте комплектность доставленного товара, работоспособность товара, соответствие доставленного товара описанию на нашем сайте, также проверьте товар на наличие механических повреждений. При не заявлении вами при получении товара претензий по поводу механических повреждений, в дальнейшем подобные претензии не рассматриваются. В случае вопросов, пожеланий и претензий обращайтесь к нам по следующим координатам:\rСлужба доставки\r: 8 (495) 212 85 06 (многоканальный).\rЭлектронная почта\r: \rsale@russianshik.bureauit.com\rSkype\r: \rshipping.example.ru', '', '', '', 'fd3de9b6324e4213772b1f5862ec2725', NULL, NULL),
(377, '2014-08-18 06:18:15', 'main', 's1|/sovety-portnogo/index.php', 0, NULL, NULL, NULL, '/sovety-portnogo/index.php', 'Советы портного', 'Text here....', '', '', '', NULL, NULL, NULL),
(380, '2014-08-18 06:28:21', 'main', 's1|/tailor_tips/index.php', 0, NULL, NULL, NULL, '/tailor_tips/index.php', 'Советы портного', '', '', '', '', NULL, NULL, NULL),
(382, '2014-08-19 06:42:46', 'main', 's1|/atelier/custom-tailoring/index.php', 0, NULL, NULL, NULL, '/atelier/custom-tailoring/index.php', 'Пошив на заказ', 'Пошив на заказ', '', '', '', NULL, NULL, NULL),
(9, '2014-08-07 06:47:06', 'main', 's1|/_index.php', 0, NULL, NULL, NULL, '/_index.php', 'Интернет-магазин "Одежда"', 'Лучшие коллекции\rТренды сезона', '', '', '', 'fd3de9b6324e4213772b1f5862ec2725', NULL, NULL),
(10, '2014-08-07 06:47:06', 'main', 's1|/search/map/index.php', 0, NULL, NULL, NULL, '/search/map/index.php', 'Карта сайта', '', '', '', '', 'fd3de9b6324e4213772b1f5862ec2725', NULL, NULL),
(11, '2014-08-07 06:47:06', 'main', 's1|/search/index.php', 0, NULL, NULL, NULL, '/search/index.php', 'Поиск', '', '', '', '', 'fd3de9b6324e4213772b1f5862ec2725', NULL, NULL),
(12, '2014-08-07 06:47:06', 'main', 's1|/personal/subscribe/index.php', 0, NULL, NULL, NULL, '/personal/subscribe/index.php', 'Рассылки', '', '', '', '', 'fd3de9b6324e4213772b1f5862ec2725', NULL, NULL),
(13, '2014-08-07 06:47:06', 'main', 's1|/personal/index.php', 0, NULL, NULL, NULL, '/personal/index.php', 'Персональный раздел', 'В личном кабинете Вы можете проверить текущее состояние корзины, ход выполнения Ваших заказов, просмотреть или изменить личную информацию, а также подписаться на новости и другие информационные рассылки. \rЛичная информация\rИзменить регистрационные данные\rЗаказы\rОзнакомиться с состоянием заказов\rПосмотреть содержимое корзины\rПосмотреть историю заказов\rПодписка\rИзменить подписку', '', '', '', 'fd3de9b6324e4213772b1f5862ec2725', NULL, NULL),
(14, '2014-08-07 06:47:06', 'main', 's1|/personal/cart/index.php', 0, NULL, NULL, NULL, '/personal/cart/index.php', 'Корзина', '', '', '', '', 'fd3de9b6324e4213772b1f5862ec2725', NULL, NULL),
(15, '2014-08-07 06:47:06', 'main', 's1|/personal/order/payment/result.php', 0, NULL, NULL, NULL, '/personal/order/payment/result.php', 'Результат оплаты', '', '', '', '', 'fd3de9b6324e4213772b1f5862ec2725', NULL, NULL),
(16, '2014-08-07 06:47:06', 'main', 's1|/personal/order/payment/index.php', 0, NULL, NULL, NULL, '/personal/order/payment/index.php', 'Оплата заказа', '', '', '', '', 'fd3de9b6324e4213772b1f5862ec2725', NULL, NULL),
(17, '2014-08-07 06:47:06', 'main', 's1|/personal/order/index.php', 0, NULL, NULL, NULL, '/personal/order/index.php', 'Заказы', '', '', '', '', 'fd3de9b6324e4213772b1f5862ec2725', NULL, NULL),
(18, '2014-08-07 06:47:06', 'main', 's1|/personal/order/make/index.php', 0, NULL, NULL, NULL, '/personal/order/make/index.php', 'Заказы', '', '', '', '', 'fd3de9b6324e4213772b1f5862ec2725', NULL, NULL),
(19, '2014-08-07 06:47:06', 'main', 's1|/personal/profile/index.php', 0, NULL, NULL, NULL, '/personal/profile/index.php', 'Настройки пользователя', '', '', '', '', 'fd3de9b6324e4213772b1f5862ec2725', NULL, NULL),
(20, '2014-08-07 06:47:06', 'main', 's1|/login/index.php', 0, NULL, NULL, NULL, '/login/index.php', 'Вход на сайт', 'Вы зарегистрированы и успешно авторизовались.\rВернуться на главную страницу', '', '', '', 'fd3de9b6324e4213772b1f5862ec2725', NULL, NULL),
(21, '2013-10-25 00:00:00', 'iblock', '1', 0, NULL, NULL, NULL, '=ID=1&EXTERNAL_ID=1&IBLOCK_SECTION_ID=&IBLOCK_TYPE_ID=news&IBLOCK_ID=1&IBLOCK_CODE=clothes_news&IBLOCK_EXTERNAL_ID=clothes_news&CODE=forum_of_producers_of_clothes_in_russia', 'Форум производителей одежды в России', 'С 20 по 23 февраля состоится \rФорум производителей одежды в России\r&ndash; важнейшее мероприятии отрасли в этом году.\r\n\rС 20 по 23 февраля этого года состоится \rФорум производителей одежды в России\r &ndash; важнейшее мероприятии отрасли в текущем году. В экспозиции принимают участие свыше 160 компаний из \rБеларуси, Австрии, Латвии, Литвы, России, Польши \rи\rУкраины\r. В составе форума состоится пять выставок:"Московский Фэшн Салон", "Технологии в Одежде", "Офис Комфорт", "Повседневная одежда" и "Детская одежда". Экспозиция будет строиться по принципу двух тематических секторов:\r одежда\rи \rматериалы для ее производства\r.\rВ секторе готовой одежды будут представлены:\rодежда для дома;\rодежда для детей и молодежи;\rаксессуары в одежде;\rодежда для спорта и отдыха;\rодежда для офиса.\rВ секторе материалов для производства одежды будут демонстрироваться новинки рынка одежной фурнитуры, материалов, тканей, элементов и аксессуаров для производства одежды.\rПомимо расширенной экспозиции пяти тематических выставок "Экспофорум" подготовил разнообразную деловую программу форума производителей Одежды. В рамках выставки состоятся семинары и мастер-классы. И поистине масштабным в этом году обещает стать республиканский конкурс форума "\rНародное признание\r". В этом году он выходит за рамки выставки и становится республиканским смотром образцов одежды.   \rФорум производителей Одежды\rпредоставляет специалистам возможность познакомиться с тенденциями моды, провести переговоры, получить практические предложения рынка, увидеть перспективы развития и новые конкурентные преимущества. Впервые для участников конкурса будет подготовлен маркетинговый отчет по результатам опроса посетителей выставок \rФорума производителей Одежды\r.\rПрием заявок на участие в конкурсе осуществляется до 12 января этого года.', '', 'news', '1', NULL, '2013-10-25 00:00:00', NULL),
(22, '2013-10-26 00:00:00', 'iblock', '2', 0, NULL, NULL, NULL, '=ID=2&EXTERNAL_ID=8&IBLOCK_SECTION_ID=&IBLOCK_TYPE_ID=news&IBLOCK_ID=1&IBLOCK_CODE=clothes_news&IBLOCK_EXTERNAL_ID=clothes_news&CODE=exhibition_salon_de_fashion', 'Международная выставка одежды Salon De Fashion', 'В следующем году состоится выставка одежды - Salon De Fashion, которая обещает быть еще более расширенной и интересной.\r\nВ следующем  году выставка Salon De Fashion обещает быть еще более расширенной и интересной. На выставке Salon De Fashion будут представлены все типы одежды для офиса и дома от платьев и шорт до VIP-аксессуаров, включая оборудование для производства и детской одежды. \rЗаявки на участие подали более чем 1 500 компаний со всего мира. Предполагается, что за время проведения выставки ее посетят более 300 000 тысяч человек. Экспозиция выставки разместится на общей площади 149 871 кв.м. В следующем году эта поистине грандиозная выставка будет проводиться уже в 14-й раз.', '', 'news', '1', NULL, '2013-10-26 00:00:00', NULL),
(23, '2013-10-27 00:00:00', 'iblock', '3', 0, NULL, NULL, NULL, '=ID=3&EXTERNAL_ID=9&IBLOCK_SECTION_ID=&IBLOCK_TYPE_ID=news&IBLOCK_ID=1&IBLOCK_CODE=clothes_news&IBLOCK_EXTERNAL_ID=clothes_news&CODE=waterproof_connection', 'Новое веяние в одежде - получено прочное водостойкое соединение', 'Получено новое прочное водостойкое клеевое соединение.Изобретение относится к области получения и применения клеящих составов, используемых в обработке тканей, кожи и других материалов. Данная клеевая композиция предназначена только для горячего прессования и имеет в своем составе многокомпонентный очень гибкий отвердитель. Который даст возможность делать новые виды аппликаций и соединения тканей и различных типов материалов.\r\n\rАвторы изобретения\r: Разиньков Егор Михайлович и Зайцева Анна Анатольевна\rПатент Российской Федерации RU2277566\rОписание изобретения\rИзобретение относится к области получения и применения клеящих составов, используемых в производстве одежды и аксессуаров. Данная клеевая композиция предназначена только для горячего прессования и имеет в своем составе многокомпонентный гибкий отвердитель. Прототипом клеевой композиции является клей, состоящий из карбамидоформальдегидной смолы, сополимера акрилонитрила с N-винилкапролактамом и отвердитель. В качестве отвердителя применяют хлористый аммоний либо акриловую кислоту. \rИзобретение решает задачу по получению прочного и водостойкого клеевого соединения. Это достигается тем, что клеевая композиция, включающая синтетическую смолу и отвердитель, согласно изобретению, дополнительно содержит модификатор, причем в качестве синтетической смолы клеевая композиция включает карбамидомеламиноформальдегидную смолу с отвердителем 2542, в качестве модификатора - карбамидоформальдегидную смолу, а в качестве отвердителя - 10%-ный раствор щавелевой кислоты при следующем соотношении компонентов, мас.ч.: \rКарбамидомеламиноформальдегидная смола\r64,5-79,2\r10%-ный Раствор щавелевой кислоты\r4,4-20,5\rОтвердитель для карбамидомеламиноформальдегидной \r0,6-2,0\rсмолы 2542\r13,0-15,8', '', 'news', '1', NULL, '2013-10-27 00:00:00', NULL),
(354, '0000-00-00 00:00:00', 'blog', 'B1', 0, NULL, NULL, NULL, NULL, 'Отзывы на товары', 'Здесь хранятся отзывы посетителей магазина на товары магазина', NULL, 'BLOG', '1', NULL, NULL, NULL),
(366, '2014-08-13 05:53:30', 'iblock', 'S18', 0, NULL, NULL, NULL, '=ID=18&EXTERNAL_ID=&IBLOCK_TYPE_ID=catalog&IBLOCK_ID=2&IBLOCK_CODE=clothes&IBLOCK_EXTERNAL_ID=clothes_s1&CODE=accessories', 'Аксессуары', '', NULL, 'catalog', '2', NULL, NULL, NULL),
(367, '2014-08-13 06:16:51', 'iblock', 'S19', 0, NULL, NULL, NULL, '=ID=19&EXTERNAL_ID=&IBLOCK_TYPE_ID=catalog&IBLOCK_ID=2&IBLOCK_CODE=clothes&IBLOCK_EXTERNAL_ID=clothes_s1&CODE=furskins', 'Меховые шкурки', '', NULL, 'catalog', '2', NULL, NULL, NULL),
(368, '2014-08-13 08:36:07', 'iblock', '318', 0, NULL, NULL, NULL, '=ID=318&EXTERNAL_ID=318&IBLOCK_SECTION_ID=17&IBLOCK_TYPE_ID=catalog&IBLOCK_ID=2&IBLOCK_CODE=clothes&IBLOCK_EXTERNAL_ID=clothes_s1&CODE=super_shuba', 'Супер шуба', 'лргнгщнр', '', 'catalog', '2', NULL, NULL, NULL),
(365, '2014-08-13 06:17:51', 'iblock', 'S17', 0, NULL, NULL, NULL, '=ID=17&EXTERNAL_ID=&IBLOCK_TYPE_ID=catalog&IBLOCK_ID=2&IBLOCK_CODE=clothes&IBLOCK_EXTERNAL_ID=clothes_s1&CODE=women', 'Женщинам', '', NULL, 'catalog', '2', NULL, NULL, NULL);

-- --------------------------------------------------------

--
-- Структура таблицы `b_search_content_freq`
--

CREATE TABLE IF NOT EXISTS `b_search_content_freq` (
  `STEM` int(11) NOT NULL DEFAULT '0',
  `LANGUAGE_ID` char(2) NOT NULL,
  `SITE_ID` char(2) DEFAULT NULL,
  `FREQ` float DEFAULT NULL,
  `TF` float DEFAULT NULL,
  UNIQUE KEY `UX_B_SEARCH_CONTENT_FREQ` (`STEM`,`LANGUAGE_ID`,`SITE_ID`)
) ENGINE=MyISAM DEFAULT CHARSET=cp1251;

-- --------------------------------------------------------

--
-- Структура таблицы `b_search_content_param`
--

CREATE TABLE IF NOT EXISTS `b_search_content_param` (
  `SEARCH_CONTENT_ID` int(11) NOT NULL,
  `PARAM_NAME` varchar(100) NOT NULL,
  `PARAM_VALUE` varchar(100) NOT NULL,
  KEY `IX_B_SEARCH_CONTENT_PARAM` (`SEARCH_CONTENT_ID`,`PARAM_NAME`),
  KEY `IX_B_SEARCH_CONTENT_PARAM_1` (`PARAM_NAME`,`PARAM_VALUE`(50),`SEARCH_CONTENT_ID`)
) ENGINE=MyISAM DEFAULT CHARSET=cp1251;

-- --------------------------------------------------------

--
-- Структура таблицы `b_search_content_right`
--

CREATE TABLE IF NOT EXISTS `b_search_content_right` (
  `SEARCH_CONTENT_ID` int(11) NOT NULL,
  `GROUP_CODE` varchar(100) NOT NULL,
  UNIQUE KEY `UX_B_SEARCH_CONTENT_RIGHT` (`SEARCH_CONTENT_ID`,`GROUP_CODE`)
) ENGINE=MyISAM DEFAULT CHARSET=cp1251;

--
-- Дамп данных таблицы `b_search_content_right`
--

INSERT INTO `b_search_content_right` (`SEARCH_CONTENT_ID`, `GROUP_CODE`) VALUES
(1, 'G2'),
(2, 'G2'),
(3, 'G2'),
(5, 'G2'),
(6, 'G2'),
(7, 'G2'),
(9, 'G2'),
(10, 'G2'),
(11, 'G2'),
(12, 'G2'),
(13, 'G2'),
(14, 'G2'),
(15, 'G2'),
(16, 'G2'),
(17, 'G2'),
(18, 'G2'),
(19, 'G2'),
(20, 'G2'),
(21, 'G2'),
(22, 'G2'),
(23, 'G2'),
(354, 'G2'),
(365, 'G1'),
(365, 'G2'),
(366, 'G1'),
(366, 'G2'),
(367, 'G1'),
(367, 'G2'),
(368, 'G1'),
(368, 'G2'),
(370, 'G2'),
(371, 'G1'),
(371, 'G2'),
(372, 'G2'),
(373, 'G2'),
(374, 'G2'),
(375, 'G1'),
(375, 'G2'),
(376, 'G1'),
(377, 'G2'),
(380, 'G2'),
(381, 'G2'),
(382, 'G2');

-- --------------------------------------------------------

--
-- Структура таблицы `b_search_content_site`
--

CREATE TABLE IF NOT EXISTS `b_search_content_site` (
  `SEARCH_CONTENT_ID` int(18) NOT NULL,
  `SITE_ID` char(2) NOT NULL,
  `URL` text,
  PRIMARY KEY (`SEARCH_CONTENT_ID`,`SITE_ID`)
) ENGINE=MyISAM DEFAULT CHARSET=cp1251;

--
-- Дамп данных таблицы `b_search_content_site`
--

INSERT INTO `b_search_content_site` (`SEARCH_CONTENT_ID`, `SITE_ID`, `URL`) VALUES
(1, 's1', ''),
(2, 's1', ''),
(3, 's1', ''),
(370, 's1', ''),
(5, 's1', ''),
(6, 's1', ''),
(7, 's1', ''),
(371, 's1', ''),
(9, 's1', ''),
(10, 's1', ''),
(11, 's1', ''),
(12, 's1', ''),
(13, 's1', ''),
(14, 's1', ''),
(15, 's1', ''),
(16, 's1', ''),
(17, 's1', ''),
(18, 's1', ''),
(19, 's1', ''),
(20, 's1', ''),
(21, 's1', ''),
(22, 's1', ''),
(23, 's1', ''),
(354, 's1', '/blog.php?blog=catalog_comments'),
(382, 's1', ''),
(381, 's1', ''),
(380, 's1', ''),
(377, 's1', ''),
(376, 's1', ''),
(375, 's1', ''),
(374, 's1', ''),
(373, 's1', ''),
(372, 's1', ''),
(368, 's1', ''),
(367, 's1', ''),
(366, 's1', ''),
(365, 's1', '');

-- --------------------------------------------------------

--
-- Структура таблицы `b_search_content_stem`
--

CREATE TABLE IF NOT EXISTS `b_search_content_stem` (
  `SEARCH_CONTENT_ID` int(11) NOT NULL,
  `LANGUAGE_ID` char(2) NOT NULL,
  `STEM` int(11) NOT NULL,
  `TF` float NOT NULL,
  `PS` float NOT NULL,
  UNIQUE KEY `UX_B_SEARCH_CONTENT_STEM` (`STEM`,`LANGUAGE_ID`,`TF`,`PS`,`SEARCH_CONTENT_ID`),
  KEY `IND_B_SEARCH_CONTENT_STEM` (`SEARCH_CONTENT_ID`)
) ENGINE=MyISAM DEFAULT CHARSET=cp1251 DELAY_KEY_WRITE=1;

--
-- Дамп данных таблицы `b_search_content_stem`
--

INSERT INTO `b_search_content_stem` (`SEARCH_CONTENT_ID`, `LANGUAGE_ID`, `STEM`, `TF`, `PS`) VALUES
(1, 'ru', 1, 0.2314, 1),
(1, 'ru', 2, 0.2314, 3),
(20, 'ru', 2, 0.2314, 5),
(1, 'ru', 3, 0.2314, 5),
(20, 'ru', 3, 0.2314, 7),
(1, 'ru', 4, 0.2314, 6),
(20, 'ru', 4, 0.2314, 8),
(1, 'ru', 5, 0.2314, 12),
(20, 'ru', 5, 0.2314, 14),
(1, 'ru', 6, 0.2314, 14),
(20, 'ru', 6, 0.2314, 16),
(1, 'ru', 7, 0.2314, 15),
(20, 'ru', 7, 0.2314, 17),
(7, 'ru', 8, 0.1192, 176),
(5, 'ru', 8, 0.1342, 101),
(2, 'ru', 8, 0.2314, 1),
(3, 'ru', 9, 0.2314, 1),
(3, 'ru', 10, 0.2314, 2),
(13, 'ru', 10, 0.2921, 28),
(5, 'ru', 13, 0.1342, 197),
(376, 'ru', 13, 0.2207, 79),
(7, 'ru', 13, 0.308, 348.8),
(354, 'ru', 14, 0.3667, 6.5),
(5, 'ru', 14, 0.4458, 181.556),
(7, 'ru', 14, 0.5062, 321.167),
(7, 'ru', 15, 0.3345, 317.333),
(5, 'ru', 15, 0.3768, 114.167),
(7, 'ru', 16, 0.1192, 2),
(5, 'ru', 16, 0.2127, 136.5),
(9, 'ru', 16, 0.2314, 1),
(372, 'ru', 16, 0.2314, 1),
(376, 'ru', 17, 0.1393, 192),
(22, 'ru', 18, 0.156, 10),
(21, 'ru', 18, 0.3067, 78.75),
(376, 'ru', 19, 0.1393, 256),
(7, 'ru', 22, 0.2767, 262),
(5, 'ru', 23, 0.1342, 212),
(17, 'ru', 23, 0.2314, 1),
(18, 'ru', 23, 0.2314, 1),
(16, 'ru', 23, 0.2314, 2),
(374, 'ru', 23, 0.3667, 4.5),
(382, 'ru', 23, 0.3667, 4.5),
(7, 'ru', 23, 0.3777, 170.125),
(13, 'ru', 23, 0.4279, 37.25),
(7, 'ru', 24, 0.2383, 194.667),
(7, 'ru', 25, 0.1192, 30),
(14, 'ru', 28, 0.2314, 1),
(13, 'ru', 28, 0.2921, 29),
(22, 'ru', 33, 0.156, 54),
(7, 'ru', 33, 0.1889, 337.5),
(21, 'ru', 33, 0.2094, 136),
(376, 'ru', 35, 0.2207, 45),
(13, 'ru', 39, 0.3686, 35.6667),
(5, 'ru', 41, 0.1342, 105),
(376, 'ru', 41, 0.2207, 96),
(7, 'ru', 41, 0.3345, 366.667),
(23, 'ru', 52, 0.1339, 235),
(376, 'ru', 52, 0.2207, 98),
(7, 'ru', 52, 0.2767, 342.75),
(22, 'ru', 52, 0.312, 58.6667),
(5, 'ru', 56, 0.1342, 61),
(13, 'ru', 56, 0.1843, 22),
(376, 'ru', 56, 0.2207, 253.5),
(7, 'ru', 56, 0.308, 336),
(7, 'ru', 60, 0.1192, 486),
(5, 'ru', 61, 0.1342, 211),
(5, 'ru', 63, 0.1342, 95),
(7, 'ru', 63, 0.5601, 194.28),
(6, 'ru', 66, 0.2314, 9),
(7, 'ru', 66, 0.2767, 242.25),
(5, 'ru', 68, 0.1342, 71),
(13, 'ru', 68, 0.1843, 39),
(7, 'ru', 68, 0.1889, 108),
(23, 'ru', 68, 0.2122, 81),
(7, 'ru', 70, 0.1192, 36),
(16, 'ru', 71, 0.2314, 1),
(15, 'ru', 71, 0.2314, 2),
(7, 'ru', 75, 0.1192, 246),
(22, 'ru', 75, 0.156, 143),
(21, 'ru', 75, 0.2094, 184.5),
(7, 'ru', 78, 0.2767, 242.5),
(5, 'ru', 79, 0.1342, 260),
(7, 'ru', 79, 0.1889, 237),
(7, 'ru', 80, 0.1192, 78),
(7, 'ru', 81, 0.1192, 80),
(7, 'ru', 82, 0.1192, 81),
(6, 'ru', 82, 0.2314, 3),
(7, 'ru', 83, 0.1192, 82),
(7, 'ru', 84, 0.1192, 84),
(7, 'ru', 85, 0.1192, 86),
(7, 'ru', 86, 0.1192, 87),
(7, 'ru', 87, 0.1192, 89),
(23, 'ru', 87, 0.1339, 202),
(7, 'ru', 88, 0.1192, 90),
(7, 'ru', 89, 0.1192, 96),
(7, 'ru', 90, 0.1192, 97),
(7, 'ru', 91, 0.1889, 289),
(7, 'ru', 92, 0.1192, 100),
(13, 'ru', 92, 0.1843, 1),
(7, 'ru', 93, 0.1192, 103),
(5, 'ru', 96, 0.1342, 115),
(22, 'ru', 96, 0.156, 101),
(7, 'ru', 96, 0.3575, 181.286),
(7, 'ru', 99, 0.1192, 131),
(7, 'ru', 100, 0.1889, 181.5),
(7, 'ru', 101, 0.3345, 273),
(5, 'ru', 108, 0.1342, 103),
(7, 'ru', 110, 0.1192, 272),
(5, 'ru', 110, 0.2127, 220),
(370, 'ru', 110, 0.3667, 3.5),
(7, 'ru', 111, 0.1889, 403.5),
(5, 'ru', 111, 0.2127, 84),
(10, 'ru', 111, 0.2314, 2),
(20, 'ru', 111, 0.2314, 3),
(7, 'ru', 112, 0.1889, 242.5),
(5, 'ru', 112, 0.3116, 75.5),
(354, 'ru', 112, 0.3667, 9.5),
(13, 'ru', 113, 0.1843, 5),
(13, 'ru', 114, 0.1843, 7),
(7, 'ru', 114, 0.2383, 213.667),
(13, 'ru', 115, 0.1843, 16),
(6, 'ru', 115, 0.2314, 32),
(13, 'ru', 116, 0.1843, 46),
(13, 'ru', 117, 0.1843, 49),
(13, 'ru', 118, 0.3686, 36.3333),
(13, 'ru', 121, 0.1843, 23),
(13, 'ru', 122, 0.1843, 29),
(12, 'ru', 122, 0.2314, 1),
(13, 'ru', 123, 0.1843, 25),
(7, 'ru', 124, 0.1889, 375),
(5, 'ru', 124, 0.2127, 148.5),
(7, 'ru', 125, 0.1192, 375),
(23, 'ru', 125, 0.1339, 143),
(7, 'ru', 126, 0.1192, 376),
(376, 'ru', 126, 0.1393, 263),
(7, 'ru', 130, 0.1192, 29),
(22, 'ru', 133, 0.156, 69),
(7, 'ru', 134, 0.2383, 141),
(7, 'ru', 135, 0.1192, 395),
(5, 'ru', 137, 0.1342, 143),
(23, 'ru', 139, 0.1339, 76),
(5, 'ru', 139, 0.1342, 62),
(21, 'ru', 141, 0.1321, 244),
(23, 'ru', 141, 0.1339, 67),
(7, 'ru', 145, 0.2767, 201.75),
(7, 'ru', 148, 0.2383, 349.333),
(7, 'ru', 149, 0.1192, 332),
(7, 'ru', 150, 0.1192, 333),
(7, 'ru', 151, 0.1192, 334),
(7, 'ru', 152, 0.1192, 337),
(5, 'ru', 152, 0.1342, 191),
(7, 'ru', 153, 0.1192, 338),
(7, 'ru', 155, 0.1889, 122),
(5, 'ru', 157, 0.1342, 163),
(7, 'ru', 160, 0.1192, 409),
(5, 'ru', 160, 0.2127, 122.5),
(5, 'ru', 163, 0.1342, 36),
(23, 'ru', 167, 0.2122, 242),
(7, 'ru', 167, 0.2383, 152),
(376, 'ru', 169, 0.1393, 182),
(5, 'ru', 169, 0.2127, 115.5),
(5, 'ru', 170, 0.1342, 5),
(21, 'ru', 171, 0.1321, 58),
(22, 'ru', 171, 0.156, 89),
(5, 'ru', 171, 0.3116, 36.5),
(5, 'ru', 172, 0.1342, 19),
(5, 'ru', 173, 0.1342, 21),
(5, 'ru', 174, 0.1342, 22),
(22, 'ru', 174, 0.312, 59.6667),
(21, 'ru', 174, 0.3709, 138.333),
(5, 'ru', 175, 0.1342, 26),
(5, 'ru', 176, 0.1342, 27),
(5, 'ru', 177, 0.1342, 29),
(5, 'ru', 178, 0.1342, 30),
(7, 'ru', 179, 0.1192, 281),
(21, 'ru', 179, 0.1321, 294),
(5, 'ru', 179, 0.1342, 31),
(5, 'ru', 180, 0.1342, 32),
(5, 'ru', 181, 0.3116, 89.25),
(5, 'ru', 182, 0.2684, 77),
(5, 'ru', 183, 0.1342, 43),
(5, 'ru', 184, 0.1342, 45),
(370, 'ru', 184, 0.3667, 2.5),
(5, 'ru', 185, 0.1342, 47),
(21, 'ru', 186, 0.1321, 124),
(22, 'ru', 186, 0.156, 62),
(5, 'ru', 186, 0.2127, 127),
(22, 'ru', 187, 0.156, 60),
(21, 'ru', 187, 0.2094, 112.5),
(5, 'ru', 187, 0.2127, 130),
(5, 'ru', 188, 0.1342, 58),
(5, 'ru', 189, 0.1342, 59),
(5, 'ru', 190, 0.1342, 63),
(21, 'ru', 191, 0.1321, 157),
(5, 'ru', 191, 0.1342, 64),
(7, 'ru', 192, 0.1192, 427),
(5, 'ru', 192, 0.1342, 72),
(5, 'ru', 193, 0.1342, 74),
(5, 'ru', 194, 0.1342, 75),
(5, 'ru', 195, 0.1342, 76),
(5, 'ru', 196, 0.1342, 78),
(5, 'ru', 197, 0.1342, 79),
(5, 'ru', 198, 0.2127, 134),
(5, 'ru', 199, 0.1342, 84),
(5, 'ru', 200, 0.1342, 85),
(5, 'ru', 201, 0.1342, 86),
(23, 'ru', 202, 0.1339, 65),
(5, 'ru', 202, 0.1342, 87),
(22, 'ru', 202, 0.156, 17),
(7, 'ru', 202, 0.2383, 239),
(5, 'ru', 203, 0.1342, 88),
(5, 'ru', 204, 0.1342, 89),
(5, 'ru', 205, 0.1342, 90),
(5, 'ru', 206, 0.1342, 92),
(5, 'ru', 207, 0.1342, 94),
(7, 'ru', 207, 0.3575, 247.857),
(5, 'ru', 208, 0.2127, 121),
(5, 'ru', 209, 0.1342, 97),
(5, 'ru', 210, 0.1342, 98),
(5, 'ru', 211, 0.1342, 99),
(5, 'ru', 212, 0.1342, 99),
(7, 'ru', 213, 0.1192, 8),
(5, 'ru', 213, 0.1342, 100),
(5, 'ru', 214, 0.1342, 104),
(7, 'ru', 214, 0.1889, 335),
(5, 'ru', 215, 0.1342, 106),
(5, 'ru', 216, 0.4026, 175.571),
(5, 'ru', 217, 0.2684, 151.333),
(5, 'ru', 218, 0.1342, 118),
(5, 'ru', 219, 0.1342, 119),
(5, 'ru', 220, 0.1342, 120),
(5, 'ru', 221, 0.1342, 122),
(5, 'ru', 222, 0.1342, 123),
(21, 'ru', 222, 0.3709, 126),
(5, 'ru', 223, 0.1342, 124),
(5, 'ru', 224, 0.1342, 125),
(5, 'ru', 225, 0.1342, 126),
(5, 'ru', 226, 0.1342, 127),
(5, 'ru', 227, 0.2127, 147.5),
(5, 'ru', 228, 0.1342, 137),
(5, 'ru', 229, 0.1342, 138),
(23, 'ru', 230, 0.1339, 191),
(5, 'ru', 230, 0.1342, 139),
(5, 'ru', 231, 0.1342, 147),
(5, 'ru', 232, 0.2127, 158),
(5, 'ru', 233, 0.1342, 150),
(7, 'ru', 234, 0.1192, 267),
(5, 'ru', 234, 0.1342, 152),
(23, 'ru', 234, 0.2122, 63),
(5, 'ru', 235, 0.1342, 164),
(5, 'ru', 236, 0.1342, 168),
(5, 'ru', 237, 0.1342, 171),
(376, 'ru', 237, 0.3234, 52),
(7, 'ru', 238, 0.1192, 489),
(23, 'ru', 238, 0.1339, 97),
(5, 'ru', 238, 0.1342, 172),
(5, 'ru', 239, 0.1342, 174),
(5, 'ru', 240, 0.1342, 176),
(11, 'ru', 240, 0.2314, 1),
(5, 'ru', 241, 0.1342, 180),
(5, 'ru', 242, 0.1342, 181),
(5, 'ru', 243, 0.1342, 182),
(5, 'ru', 244, 0.1342, 185),
(5, 'ru', 245, 0.1342, 188),
(5, 'ru', 246, 0.1342, 189),
(5, 'ru', 247, 0.1342, 192),
(5, 'ru', 248, 0.1342, 193),
(21, 'ru', 249, 0.1321, 224),
(5, 'ru', 249, 0.1342, 200),
(5, 'ru', 250, 0.1342, 205),
(5, 'ru', 251, 0.1342, 206),
(5, 'ru', 252, 0.1342, 213),
(5, 'ru', 253, 0.1342, 215),
(7, 'ru', 254, 0.1192, 35),
(5, 'ru', 254, 0.1342, 216),
(23, 'ru', 254, 0.3109, 203.25),
(5, 'ru', 255, 0.1342, 218),
(7, 'ru', 256, 0.1192, 240),
(23, 'ru', 256, 0.1339, 36),
(5, 'ru', 256, 0.1342, 219),
(376, 'ru', 256, 0.1393, 282),
(13, 'ru', 256, 0.1843, 27),
(5, 'ru', 257, 0.1342, 226),
(5, 'ru', 258, 0.1342, 228),
(5, 'ru', 259, 0.1342, 241),
(7, 'ru', 260, 0.1192, 531),
(5, 'ru', 260, 0.1342, 242),
(21, 'ru', 261, 0.1321, 253),
(5, 'ru', 261, 0.1342, 243),
(5, 'ru', 262, 0.1342, 244),
(5, 'ru', 263, 0.1342, 245),
(5, 'ru', 264, 0.1342, 246),
(5, 'ru', 265, 0.1342, 250),
(7, 'ru', 266, 0.1192, 536),
(5, 'ru', 266, 0.1342, 251),
(5, 'ru', 267, 0.1342, 255),
(5, 'ru', 268, 0.1342, 256),
(5, 'ru', 269, 0.1342, 258),
(7, 'ru', 270, 0.1192, 553),
(5, 'ru', 270, 0.1342, 261),
(7, 'ru', 271, 0.1192, 554),
(5, 'ru', 271, 0.1342, 262),
(7, 'ru', 272, 0.1192, 555),
(5, 'ru', 272, 0.1342, 263),
(7, 'ru', 273, 0.1192, 556),
(5, 'ru', 273, 0.1342, 264),
(7, 'ru', 274, 0.1192, 562),
(5, 'ru', 274, 0.1342, 270),
(7, 'ru', 275, 0.1192, 568),
(5, 'ru', 275, 0.1342, 276),
(6, 'ru', 276, 0.3667, 18),
(7, 'ru', 277, 0.1192, 530),
(6, 'ru', 277, 0.3667, 19),
(7, 'ru', 278, 0.1192, 543),
(6, 'ru', 278, 0.2314, 5),
(7, 'ru', 279, 0.1192, 544),
(6, 'ru', 279, 0.2314, 6),
(7, 'ru', 280, 0.1192, 545),
(6, 'ru', 280, 0.2314, 7),
(7, 'ru', 281, 0.1192, 546),
(6, 'ru', 281, 0.2314, 8),
(6, 'ru', 282, 0.2314, 16),
(6, 'ru', 283, 0.2314, 17),
(6, 'ru', 284, 0.2314, 23),
(6, 'ru', 285, 0.2314, 24),
(6, 'ru', 286, 0.2314, 31),
(6, 'ru', 287, 0.2314, 33),
(10, 'ru', 288, 0.2314, 1),
(6, 'ru', 288, 0.2314, 34),
(7, 'ru', 289, 0.1889, 63),
(7, 'ru', 290, 0.1192, 26),
(22, 'ru', 290, 0.156, 88),
(7, 'ru', 291, 0.1192, 27),
(7, 'ru', 292, 0.1192, 49),
(7, 'ru', 293, 0.1192, 55),
(7, 'ru', 294, 0.1192, 59),
(7, 'ru', 295, 0.1192, 61),
(376, 'ru', 295, 0.3234, 172.5),
(7, 'ru', 296, 0.1192, 64),
(22, 'ru', 296, 0.156, 118),
(7, 'ru', 297, 0.1192, 112),
(7, 'ru', 298, 0.1192, 114),
(13, 'ru', 298, 0.1843, 38),
(7, 'ru', 299, 0.1192, 116),
(7, 'ru', 300, 0.1192, 124),
(7, 'ru', 301, 0.4409, 182.583),
(7, 'ru', 302, 0.1889, 167),
(21, 'ru', 302, 0.2094, 18),
(7, 'ru', 303, 0.1192, 131),
(7, 'ru', 304, 0.1889, 143),
(7, 'ru', 305, 0.1192, 138),
(7, 'ru', 306, 0.1889, 148),
(7, 'ru', 307, 0.1889, 314),
(7, 'ru', 308, 0.1192, 156),
(7, 'ru', 309, 0.1192, 158),
(7, 'ru', 310, 0.1889, 303.5),
(7, 'ru', 311, 0.1192, 167),
(7, 'ru', 312, 0.1192, 169),
(376, 'ru', 312, 0.1393, 170),
(7, 'ru', 313, 0.1192, 170),
(7, 'ru', 314, 0.1889, 194),
(21, 'ru', 315, 0.1321, 296),
(7, 'ru', 315, 0.1889, 199),
(7, 'ru', 316, 0.2383, 218.333),
(7, 'ru', 317, 0.1889, 207),
(7, 'ru', 318, 0.1889, 208),
(7, 'ru', 319, 0.2383, 206.333),
(7, 'ru', 320, 0.2383, 208.333),
(7, 'ru', 321, 0.1192, 228),
(7, 'ru', 322, 0.1889, 245),
(7, 'ru', 323, 0.1889, 277.5),
(7, 'ru', 324, 0.1192, 265),
(7, 'ru', 325, 0.1192, 266),
(7, 'ru', 326, 0.1192, 268),
(7, 'ru', 327, 0.1192, 270),
(7, 'ru', 328, 0.1192, 278),
(376, 'ru', 328, 0.1393, 160),
(7, 'ru', 329, 0.1192, 295),
(7, 'ru', 330, 0.1889, 383),
(7, 'ru', 331, 0.1192, 310),
(7, 'ru', 332, 0.1889, 350.5),
(7, 'ru', 333, 0.2383, 365),
(7, 'ru', 334, 0.1889, 355),
(7, 'ru', 335, 0.1192, 352),
(7, 'ru', 336, 0.1192, 355),
(7, 'ru', 337, 0.1192, 359),
(7, 'ru', 338, 0.1192, 360),
(7, 'ru', 339, 0.1192, 379),
(7, 'ru', 340, 0.1192, 381),
(7, 'ru', 341, 0.1192, 390),
(7, 'ru', 342, 0.1192, 396),
(7, 'ru', 343, 0.1192, 408),
(7, 'ru', 344, 0.1192, 410),
(7, 'ru', 345, 0.1192, 413),
(7, 'ru', 346, 0.1192, 414),
(7, 'ru', 347, 0.1889, 431.5),
(7, 'ru', 348, 0.1889, 432.5),
(7, 'ru', 349, 0.1889, 438),
(7, 'ru', 350, 0.1192, 422),
(7, 'ru', 351, 0.1192, 436),
(7, 'ru', 352, 0.1192, 437),
(7, 'ru', 353, 0.1192, 437),
(7, 'ru', 354, 0.1192, 441),
(20, 'ru', 354, 0.2314, 1),
(7, 'ru', 355, 0.1192, 443),
(7, 'ru', 356, 0.1192, 445),
(7, 'ru', 357, 0.1192, 445),
(7, 'ru', 358, 0.1192, 446),
(7, 'ru', 359, 0.1192, 457),
(7, 'ru', 360, 0.1192, 481),
(7, 'ru', 361, 0.1889, 484.5),
(7, 'ru', 362, 0.1192, 484),
(7, 'ru', 363, 0.1192, 494),
(7, 'ru', 364, 0.1889, 506.5),
(7, 'ru', 365, 0.1889, 507.5),
(7, 'ru', 366, 0.1192, 507),
(7, 'ru', 367, 0.1192, 510),
(23, 'ru', 367, 0.2678, 102),
(7, 'ru', 368, 0.2383, 521.667),
(7, 'ru', 369, 0.1192, 514),
(7, 'ru', 370, 0.1192, 518),
(7, 'ru', 371, 0.1192, 519),
(7, 'ru', 372, 0.1192, 522),
(7, 'ru', 373, 0.1192, 529),
(7, 'ru', 374, 0.1192, 530),
(7, 'ru', 375, 0.1192, 534),
(7, 'ru', 376, 0.1192, 539),
(7, 'ru', 377, 0.1192, 547),
(7, 'ru', 378, 0.1192, 569),
(7, 'ru', 379, 0.1192, 570),
(7, 'ru', 380, 0.1192, 576),
(21, 'ru', 382, 0.2094, 29),
(376, 'ru', 385, 0.2207, 57),
(376, 'ru', 395, 0.3234, 130.5),
(13, 'ru', 404, 0.1843, 8),
(23, 'ru', 406, 0.1339, 70),
(21, 'ru', 418, 0.1321, 54),
(22, 'ru', 421, 0.156, 70),
(23, 'ru', 426, 0.2122, 90),
(22, 'ru', 434, 0.156, 144),
(373, 'ru', 435, 0.3667, 2),
(381, 'ru', 435, 0.3667, 2),
(376, 'ru', 440, 0.1393, 274),
(23, 'ru', 448, 0.2122, 57.5),
(9, 'ru', 448, 0.2314, 2),
(372, 'ru', 448, 0.2314, 2),
(22, 'ru', 448, 0.3623, 37),
(373, 'ru', 448, 0.3667, 3),
(381, 'ru', 448, 0.3667, 3),
(21, 'ru', 448, 0.5709, 128.842),
(9, 'ru', 449, 0.2314, 3),
(372, 'ru', 449, 0.2314, 3),
(9, 'ru', 450, 0.2314, 4),
(372, 'ru', 450, 0.2314, 4),
(9, 'ru', 451, 0.2314, 5),
(372, 'ru', 451, 0.2314, 5),
(9, 'ru', 452, 0.2314, 6),
(372, 'ru', 452, 0.2314, 6),
(13, 'ru', 453, 0.1843, 2),
(13, 'ru', 454, 0.3686, 19.3333),
(21, 'ru', 455, 0.1321, 45),
(13, 'ru', 455, 0.1843, 9),
(13, 'ru', 456, 0.2921, 26.5),
(13, 'ru', 457, 0.1843, 12),
(13, 'ru', 458, 0.1843, 13),
(13, 'ru', 459, 0.1843, 28),
(13, 'ru', 460, 0.1843, 41),
(13, 'ru', 461, 0.2921, 46.5),
(13, 'ru', 462, 0.2921, 52),
(21, 'ru', 463, 0.1321, 276),
(15, 'ru', 463, 0.2314, 1),
(19, 'ru', 464, 0.2314, 1),
(19, 'ru', 465, 0.2314, 2),
(21, 'ru', 466, 0.4188, 129.625),
(21, 'ru', 467, 0.3067, 31.25),
(21, 'ru', 468, 0.2094, 20),
(21, 'ru', 469, 0.2094, 21),
(21, 'ru', 470, 0.2094, 30),
(21, 'ru', 471, 0.2094, 31),
(22, 'ru', 472, 0.156, 116),
(21, 'ru', 472, 0.2642, 107.667),
(22, 'ru', 473, 0.156, 83),
(21, 'ru', 473, 0.2094, 173),
(21, 'ru', 474, 0.1321, 56),
(21, 'ru', 475, 0.1321, 57),
(21, 'ru', 476, 0.1321, 60),
(21, 'ru', 477, 0.1321, 61),
(21, 'ru', 478, 0.1321, 62),
(21, 'ru', 479, 0.1321, 63),
(21, 'ru', 480, 0.1321, 65),
(21, 'ru', 481, 0.1321, 67),
(21, 'ru', 482, 0.1321, 74),
(23, 'ru', 482, 0.3109, 80.5),
(21, 'ru', 483, 0.2094, 125.5),
(21, 'ru', 484, 0.2642, 177.667),
(21, 'ru', 485, 0.1321, 79),
(21, 'ru', 486, 0.1321, 80),
(21, 'ru', 487, 0.1321, 81),
(21, 'ru', 488, 0.1321, 82),
(21, 'ru', 489, 0.1321, 86),
(21, 'ru', 490, 0.1321, 87),
(21, 'ru', 491, 0.1321, 90),
(22, 'ru', 491, 0.156, 74),
(21, 'ru', 492, 0.1321, 99),
(21, 'ru', 493, 0.1321, 101),
(21, 'ru', 494, 0.1321, 102),
(21, 'ru', 495, 0.2094, 139),
(21, 'ru', 496, 0.1321, 104),
(21, 'ru', 497, 0.2642, 122.667),
(23, 'ru', 498, 0.2122, 57.5),
(21, 'ru', 498, 0.2642, 137.667),
(23, 'ru', 499, 0.1339, 110),
(22, 'ru', 499, 0.156, 72),
(21, 'ru', 499, 0.2642, 141.333),
(21, 'ru', 500, 0.1321, 118),
(21, 'ru', 501, 0.1321, 121),
(22, 'ru', 501, 0.156, 55),
(21, 'ru', 502, 0.1321, 127),
(21, 'ru', 503, 0.1321, 129),
(23, 'ru', 504, 0.1339, 113),
(21, 'ru', 504, 0.2094, 146),
(366, 'ru', 504, 0.2314, 1),
(21, 'ru', 505, 0.1321, 135),
(21, 'ru', 506, 0.1321, 137),
(21, 'ru', 507, 0.2094, 153),
(23, 'ru', 507, 0.2122, 57.5),
(21, 'ru', 508, 0.1321, 153),
(21, 'ru', 509, 0.1321, 154),
(21, 'ru', 510, 0.2094, 204.5),
(21, 'ru', 511, 0.1321, 156),
(21, 'ru', 512, 0.1321, 159),
(23, 'ru', 512, 0.2122, 53.5),
(21, 'ru', 513, 0.1321, 160),
(21, 'ru', 514, 0.1321, 160),
(21, 'ru', 515, 0.1321, 162),
(23, 'ru', 515, 0.1339, 113),
(21, 'ru', 516, 0.1321, 171),
(21, 'ru', 517, 0.1321, 172),
(22, 'ru', 517, 0.2473, 31.5),
(21, 'ru', 518, 0.1321, 177),
(21, 'ru', 519, 0.1321, 178),
(21, 'ru', 520, 0.1321, 179),
(21, 'ru', 521, 0.1321, 180),
(21, 'ru', 522, 0.1321, 181),
(21, 'ru', 523, 0.2094, 208.5),
(21, 'ru', 524, 0.2094, 209.5),
(22, 'ru', 524, 0.4681, 65.4286),
(21, 'ru', 525, 0.1321, 194),
(21, 'ru', 526, 0.1321, 196),
(21, 'ru', 527, 0.1321, 203),
(22, 'ru', 527, 0.156, 140),
(21, 'ru', 528, 0.1321, 204),
(21, 'ru', 529, 0.1321, 208),
(22, 'ru', 529, 0.2473, 27.5),
(21, 'ru', 530, 0.1321, 209),
(21, 'ru', 531, 0.2094, 220),
(21, 'ru', 532, 0.2642, 258),
(21, 'ru', 533, 0.1321, 213),
(21, 'ru', 534, 0.1321, 214),
(21, 'ru', 535, 0.1321, 229),
(21, 'ru', 536, 0.1321, 231),
(21, 'ru', 537, 0.1321, 232),
(21, 'ru', 538, 0.1321, 232),
(21, 'ru', 539, 0.1321, 242),
(21, 'ru', 540, 0.1321, 243),
(21, 'ru', 541, 0.1321, 245),
(21, 'ru', 542, 0.1321, 247),
(21, 'ru', 543, 0.1321, 248),
(21, 'ru', 544, 0.1321, 249),
(21, 'ru', 545, 0.1321, 250),
(21, 'ru', 546, 0.1321, 251),
(23, 'ru', 546, 0.2122, 8),
(21, 'ru', 547, 0.1321, 252),
(21, 'ru', 548, 0.1321, 255),
(21, 'ru', 549, 0.1321, 256),
(21, 'ru', 550, 0.1321, 257),
(21, 'ru', 551, 0.1321, 259),
(23, 'ru', 551, 0.2678, 27),
(21, 'ru', 552, 0.1321, 260),
(21, 'ru', 553, 0.1321, 261),
(21, 'ru', 554, 0.1321, 267),
(21, 'ru', 555, 0.1321, 269),
(21, 'ru', 556, 0.1321, 269),
(21, 'ru', 557, 0.1321, 272),
(21, 'ru', 558, 0.1321, 273),
(21, 'ru', 559, 0.1321, 274),
(21, 'ru', 560, 0.1321, 277),
(21, 'ru', 561, 0.1321, 278),
(354, 'ru', 561, 0.2314, 7),
(21, 'ru', 562, 0.1321, 288),
(21, 'ru', 563, 0.1321, 289),
(21, 'ru', 564, 0.1321, 297),
(22, 'ru', 565, 0.156, 1),
(22, 'ru', 566, 0.3623, 25.75),
(22, 'ru', 567, 0.3623, 26.75),
(22, 'ru', 568, 0.3623, 27.75),
(22, 'ru', 569, 0.3623, 63),
(22, 'ru', 570, 0.2473, 33.5),
(23, 'ru', 571, 0.1339, 77),
(22, 'ru', 571, 0.156, 57),
(22, 'ru', 572, 0.156, 64),
(22, 'ru', 573, 0.156, 64),
(22, 'ru', 574, 0.156, 66),
(22, 'ru', 575, 0.156, 68),
(22, 'ru', 576, 0.156, 68),
(22, 'ru', 577, 0.156, 81),
(22, 'ru', 578, 0.156, 84),
(376, 'ru', 579, 0.1393, 169),
(22, 'ru', 579, 0.156, 90),
(22, 'ru', 580, 0.156, 91),
(22, 'ru', 581, 0.156, 92),
(22, 'ru', 582, 0.156, 98),
(22, 'ru', 583, 0.156, 102),
(22, 'ru', 584, 0.156, 105),
(22, 'ru', 585, 0.156, 107),
(22, 'ru', 586, 0.156, 108),
(22, 'ru', 587, 0.156, 109),
(376, 'ru', 588, 0.1393, 205),
(22, 'ru', 588, 0.156, 110),
(22, 'ru', 589, 0.156, 120),
(22, 'ru', 590, 0.156, 121),
(22, 'ru', 591, 0.156, 122),
(22, 'ru', 592, 0.156, 123),
(22, 'ru', 593, 0.156, 124),
(22, 'ru', 594, 0.156, 141),
(22, 'ru', 595, 0.156, 147),
(22, 'ru', 596, 0.156, 148),
(23, 'ru', 597, 0.1339, 2),
(23, 'ru', 598, 0.2678, 66),
(23, 'ru', 599, 0.2678, 67.3333),
(23, 'ru', 600, 0.3109, 70),
(23, 'ru', 601, 0.4017, 129.143),
(23, 'ru', 602, 0.3759, 113),
(23, 'ru', 603, 0.2122, 61),
(23, 'ru', 604, 0.2122, 66),
(23, 'ru', 605, 0.2122, 67),
(23, 'ru', 606, 0.2122, 68),
(23, 'ru', 607, 0.2122, 69),
(23, 'ru', 608, 0.1339, 32),
(23, 'ru', 609, 0.1339, 34),
(376, 'ru', 609, 0.1393, 204),
(23, 'ru', 610, 0.3462, 142.6),
(23, 'ru', 611, 0.2122, 84),
(23, 'ru', 612, 0.2122, 87),
(23, 'ru', 613, 0.2122, 88),
(23, 'ru', 614, 0.2122, 94),
(23, 'ru', 615, 0.2122, 95.5),
(23, 'ru', 616, 0.4245, 176.75),
(23, 'ru', 617, 0.1339, 66),
(23, 'ru', 618, 0.1339, 68),
(23, 'ru', 619, 0.1339, 71),
(23, 'ru', 620, 0.1339, 77),
(23, 'ru', 621, 0.1339, 84),
(23, 'ru', 622, 0.1339, 86),
(23, 'ru', 623, 0.1339, 86),
(23, 'ru', 624, 0.1339, 87),
(23, 'ru', 625, 0.1339, 88),
(23, 'ru', 626, 0.1339, 90),
(23, 'ru', 627, 0.1339, 90),
(23, 'ru', 628, 0.1339, 91),
(23, 'ru', 629, 0.1339, 92),
(23, 'ru', 630, 0.1339, 93),
(23, 'ru', 631, 0.1339, 94),
(23, 'ru', 632, 0.1339, 95),
(23, 'ru', 633, 0.1339, 96),
(23, 'ru', 634, 0.1339, 140),
(23, 'ru', 635, 0.1339, 144),
(23, 'ru', 636, 0.1339, 145),
(23, 'ru', 637, 0.2122, 184.5),
(23, 'ru', 638, 0.4017, 215.857),
(23, 'ru', 639, 0.1339, 149),
(23, 'ru', 640, 0.1339, 150),
(23, 'ru', 641, 0.1339, 152),
(23, 'ru', 642, 0.1339, 163),
(23, 'ru', 643, 0.1339, 164),
(23, 'ru', 644, 0.1339, 165),
(23, 'ru', 645, 0.1339, 167),
(23, 'ru', 646, 0.2678, 220),
(23, 'ru', 647, 0.1339, 175),
(23, 'ru', 648, 0.1339, 176),
(23, 'ru', 649, 0.1339, 190),
(376, 'ru', 650, 0.1393, 239),
(23, 'ru', 650, 0.2122, 203.5),
(23, 'ru', 651, 0.2122, 202),
(23, 'ru', 652, 0.1339, 200),
(23, 'ru', 653, 0.1339, 203),
(23, 'ru', 654, 0.2122, 212),
(23, 'ru', 655, 0.1339, 205),
(23, 'ru', 656, 0.2678, 242.667),
(23, 'ru', 657, 0.2122, 243.5),
(23, 'ru', 658, 0.2122, 243),
(23, 'ru', 659, 0.2122, 244),
(23, 'ru', 660, 0.2122, 245),
(23, 'ru', 661, 0.1339, 236),
(23, 'ru', 662, 0.1339, 237),
(23, 'ru', 663, 0.1339, 237),
(23, 'ru', 664, 0.1339, 238),
(23, 'ru', 665, 0.1339, 252),
(23, 'ru', 666, 0.1339, 253),
(23, 'ru', 667, 0.1339, 261),
(23, 'ru', 668, 0.1339, 267),
(23, 'ru', 669, 0.1339, 271),
(23, 'ru', 670, 0.1339, 272),
(376, 'ru', 672, 0.2207, 63),
(376, 'ru', 758, 0.2786, 123),
(365, 'ru', 778, 0.2314, 1),
(376, 'ru', 919, 0.1393, 155),
(376, 'ru', 975, 0.1393, 209),
(376, 'ru', 986, 0.2207, 70),
(376, 'ru', 1011, 0.2207, 81),
(376, 'ru', 1064, 0.1393, 196),
(376, 'ru', 1070, 0.1393, 156),
(376, 'ru', 1085, 0.1393, 228),
(376, 'ru', 1161, 0.1393, 184),
(376, 'ru', 1180, 0.1393, 164),
(376, 'ru', 1190, 0.1393, 278),
(376, 'ru', 1209, 0.2207, 59),
(376, 'ru', 1494, 0.1393, 185),
(368, 'ru', 1494, 0.2314, 2),
(368, 'ru', 1495, 0.2314, 1),
(354, 'ru', 1496, 0.3667, 3.5),
(354, 'ru', 1497, 0.2314, 4),
(376, 'ru', 1498, 0.1393, 226),
(354, 'ru', 1498, 0.2314, 5),
(371, 'ru', 1501, 0.2314, 1),
(367, 'ru', 1502, 0.2314, 1),
(376, 'ru', 1502, 0.391, 117),
(367, 'ru', 1503, 0.2314, 2),
(370, 'ru', 1505, 0.3667, 4.5),
(370, 'ru', 1506, 0.3667, 2.5),
(371, 'ru', 1507, 0.2314, 2),
(368, 'ru', 1508, 0.2314, 3),
(374, 'ru', 1509, 0.3667, 2.5),
(382, 'ru', 1509, 0.3667, 2.5),
(375, 'ru', 1510, 0.2314, 1),
(375, 'ru', 1511, 0.2314, 2),
(376, 'ru', 1513, 0.391, 143),
(376, 'ru', 1520, 0.1393, 2),
(376, 'ru', 1521, 0.2207, 50),
(376, 'ru', 1522, 0.2207, 61),
(376, 'ru', 1523, 0.2207, 72),
(376, 'ru', 1524, 0.2207, 75),
(376, 'ru', 1525, 0.2207, 77),
(376, 'ru', 1526, 0.2207, 80),
(376, 'ru', 1527, 0.3234, 88.5),
(376, 'ru', 1528, 0.2207, 88),
(376, 'ru', 1529, 0.2786, 116),
(376, 'ru', 1530, 0.2207, 94),
(376, 'ru', 1531, 0.2207, 97),
(376, 'ru', 1532, 0.2207, 99),
(376, 'ru', 1533, 0.1393, 150),
(376, 'ru', 1534, 0.2207, 195),
(376, 'ru', 1535, 0.2207, 173),
(376, 'ru', 1536, 0.1393, 161),
(376, 'ru', 1537, 0.2207, 179.5),
(376, 'ru', 1538, 0.1393, 166),
(376, 'ru', 1539, 0.1393, 167),
(376, 'ru', 1540, 0.1393, 173),
(376, 'ru', 1541, 0.1393, 174),
(376, 'ru', 1542, 0.1393, 176),
(376, 'ru', 1543, 0.1393, 183),
(376, 'ru', 1544, 0.2207, 203.5),
(376, 'ru', 1545, 0.1393, 187),
(376, 'ru', 1546, 0.1393, 189),
(376, 'ru', 1547, 0.1393, 211),
(376, 'ru', 1548, 0.1393, 222),
(376, 'ru', 1549, 0.2207, 249),
(376, 'ru', 1550, 0.1393, 224),
(376, 'ru', 1551, 0.1393, 225),
(376, 'ru', 1552, 0.1393, 225),
(376, 'ru', 1553, 0.1393, 229),
(376, 'ru', 1554, 0.1393, 230),
(376, 'ru', 1555, 0.1393, 240),
(376, 'ru', 1556, 0.1393, 240),
(376, 'ru', 1557, 0.1393, 241),
(376, 'ru', 1558, 0.2207, 248.5),
(376, 'ru', 1559, 0.1393, 248),
(376, 'ru', 1560, 0.1393, 250),
(376, 'ru', 1561, 0.1393, 251),
(376, 'ru', 1562, 0.1393, 252),
(376, 'ru', 1563, 0.1393, 253),
(376, 'ru', 1564, 0.1393, 254),
(376, 'ru', 1565, 0.1393, 257),
(376, 'ru', 1566, 0.1393, 258),
(376, 'ru', 1567, 0.1393, 259),
(376, 'ru', 1568, 0.1393, 264),
(376, 'ru', 1569, 0.1393, 272),
(376, 'ru', 1570, 0.1393, 273),
(376, 'ru', 1571, 0.1393, 277),
(376, 'ru', 1572, 0.1393, 280),
(376, 'ru', 1573, 0.1393, 283),
(376, 'ru', 1574, 0.1393, 284),
(377, 'ru', 1575, 0.2314, 1),
(380, 'ru', 1575, 0.2314, 1),
(377, 'ru', 1576, 0.2314, 2),
(380, 'ru', 1576, 0.2314, 2),
(377, 'ru', 1577, 0.2314, 3),
(377, 'ru', 1578, 0.2314, 4);

-- --------------------------------------------------------

--
-- Структура таблицы `b_search_content_text`
--

CREATE TABLE IF NOT EXISTS `b_search_content_text` (
  `SEARCH_CONTENT_ID` int(11) NOT NULL,
  `SEARCH_CONTENT_MD5` char(32) NOT NULL,
  `SEARCHABLE_CONTENT` longtext,
  PRIMARY KEY (`SEARCH_CONTENT_ID`)
) ENGINE=MyISAM DEFAULT CHARSET=cp1251;

--
-- Дамп данных таблицы `b_search_content_text`
--

INSERT INTO `b_search_content_text` (`SEARCH_CONTENT_ID`, `SEARCH_CONTENT_MD5`, `SEARCHABLE_CONTENT`) VALUES
(1, '09ea077d18c89dee2b23e13f2dc7a855', 'АВТОРИЗАЦИЯ\r\nВЫ ЗАРЕГИСТРИРОВАНЫ И УСПЕШНО АВТОРИЗОВАЛИСЬ.\rВЕРНУТЬСЯ НА ГЛАВНУЮ СТРАНИЦУ\r\n'),
(2, '6db2086f98bf2ec4994c1cbb4c9572c7', 'СКЛАДЫ\r\n\r\n'),
(3, '82266435d61f44fce26e763a0cc3c668', 'ОФИЦИАЛЬНАЯ ИНФОРМАЦИЯ\r\n\r\n'),
(370, 'ac9da9d7d16fa5dcf15abfc0f158b371', 'ОПТОВЫМ КЛИЕНТАМ\r\n<H1>ОПТОВЫМ КЛИЕНТАМ</H1>\r\n'),
(371, '044f8301bbc4ce31706ada25bbed913d', 'СЛОН ОБЫКНОВЕННЫЙ\r\n\r\n'),
(372, 'f0c15163c0a55f5753143febe71d5c6b', 'ИНТЕРНЕТ-МАГАЗИН "ОДЕЖДА"\r\nЛУЧШИЕ КОЛЛЕКЦИИ\rТРЕНДЫ СЕЗОНА\r\n'),
(377, '27caba637219cfa6a49e56d5bb2d02c7', 'СОВЕТЫ ПОРТНОГО\r\nTEXT HERE....\r\n'),
(380, '6e787eaf6c5a330000d143f2c512ccbe', 'СОВЕТЫ ПОРТНОГО\r\n\r\n'),
(382, '73cbc87fbd4dc06ef9e63c939e7f6641', 'ПОШИВ НА ЗАКАЗ\r\nПОШИВ НА ЗАКАЗ\r\n'),
(5, '5285e3f1b5b8397b6c1ae75458039891', 'О МАГАЗИНЕ\r\nМЫ РАДЫ ПРИВЕТСТВОВАТЬ ВАС НА САЙТЕ НАШЕЙ КОМПАНИИ.\rНАША КОМПАНИЯ БЫЛА ОСНОВАНА В 1993 ГОДУ, А НАШ ИНТЕРНЕТ-МАГАЗИН СТАЛ ОДНИМ ИЗ ПЕРВЫХ МАГАЗИНОВ, ОСУЩЕСТВЛЯЮЩИХ ON-LINE ПРОДАЖУ МЕБЕЛИ В РЕГИОНЕ. КОМПАНИЯ СПЕЦИАЛИЗИРУЕТСЯ НА ОПТОВОЙ И РОЗНИЧНОЙ ПРОДАЖЕ МЕБЕЛИ КАК ДЛЯ ДОМА, ТАК И ДЛЯ ОФИСА И ПРОИЗВОДСТВЕННЫХ ПОМЕЩЕНИЙ, А ТАКЖЕ РАЗЛИЧНОЙ МЕБЕЛЬНОЙ ФУРНИТУРЫ.\rНА ДАННЫЙ МОМЕНТ МЫ ПРЕДСТАВЛЯЕМ СОБОЙ КРУПНУЮ КОМПАНИЮ, ВЛАДЕЮЩУЮ ИНТЕРНЕТМАГАЗИНОМ И ИМЕЮЩУЮ В СВОЕЙ СЕТИ ЕДИНЫЙ CALL-ЦЕНТР, КОТОРЫЙ РЕГУЛИРУЕТ ВСЮ ДЕЯТЕЛЬНОСТЬ МАГАЗИНА, ОТДЕЛ ПРОДАЖ, СЛУЖБУ ДОСТАВКИ, ШИРОКИЙ ШТАТ КВАЛИФИЦИРОВАННЫХ СБОРЩИКОВ, СОБСТВЕННЫЙ СКЛАД C ПОСТОЯННЫМ НАЛИЧИЕМ НЕОБХОДИМОГО ЗАПАСА ТОВАРОВ.\rЗА ЭТО ВРЕМЯ У НАС СЛОЖИЛИСЬ ПАРТНЕРСКИЕ ОТНОШЕНИЯ С ВЕДУЩИМИ ПРОИЗВОДИТЕЛЯМИ, ПОЗВОЛЯЮЩИЕ ПРЕДЛАГАТЬ ВЫСОКОКАЧЕСТВЕННУЮ ПРОДУКЦИЮ ПО КОНКУРЕНТОСПОСОБНЫМ ЦЕНАМ.\rМЫ МОЖЕМ ГОРДИТЬСЯ ТЕМ, ЧТО У НАС ОДИН ИЗ САМЫХ ШИРОКИХ АССОРТИМЕНТОВ МЕБЕЛИ В ГОРОДЕ И ОБЛАСТИ. \rНА НАШЕМ САЙТЕ К ВАШИМ УСЛУГАМ:\rРЕАЛЬНЫЕ И КОНКУРЕНТОСПОСОБНЫЕ ЦЕНЫ;\rШИРОЧАЙШИЙ АССОРТИМЕНТ ТОВАРОВ;\rКАЧЕСТВЕННЫЕ ОПИСАНИЯ И ИЗОБРАЖЕНИЯ ТОВАРОВ;\rПОИСК ТОВАРОВ В МАГАЗИНЕ;\rСИСТЕМА ОБРАТНОЙ СВЯЗИ;\rПРОДАЖА ТОЛЬКО СЕРТИФИЦИРОВАННЫХ И ИМЕЮЩИХ ЛЕГАЛЬНОЕ ПРОИСХОЖДЕНИЕ ТОВАРОВ;\rГАРАНТИЙНОЕ ОБСЛУЖИВАНИЕ КУПЛЕННЫХ У НАС ТОВАРОВ;\rПОКУПКА ТОВАРА, НЕ ВЫХОДЯ ИЗ ДОМА ИЛИ ОФИСА;\rБЫСТРОЕ СОГЛАСОВАНИЕ ТОВАРА С КЛИЕНТОМ ДЛЯ ПОДТВЕРЖДЕНИЯ ЗАКАЗА;\rОБМЕН ТОВАРОВ НЕНАДЛЕЖАЩЕГО КАЧЕСТВА И МНОГОЕ ДРУГОЕ.\rМЫ ВСЕГДА РАДЫ ОБЩЕНИЮ С НАШИМИ КЛИЕНТАМИ. ЕСЛИ У ВАС ЕСТЬ КАКИЕ-ЛИБО ПОЖЕЛАНИЯ, ПРЕДЛОЖЕНИЯ, ЗАМЕЧАНИЯ, КАСАЮЩИЕСЯ РАБОТЫ НАШЕГО ИНТЕРНЕТ-МАГАЗИНА - ПИШИТЕ НАМ, И МЫ С БЛАГОДАРНОСТЬЮ ПРИМЕМ ВАШЕ МНЕНИЕ ВО ВНИМАНИЕ:\rЭЛЕКТРОННАЯ ПОЧТА\r: \rSALE@RUSSIANSHIK.BUREAUIT.COM\r\n'),
(6, '88713d1e86a0edb698bd52310d55c5b1', 'ЗАДАЙТЕ ВОПРОС\r\nТЕЛЕФОН:\r8 (495) 212 85 06\rАДРЕС:\rГ. МОСКВА, УЛ. 2-Я ХУТОРСКАЯ, Д. 38\rПРОСМОТРЕТЬ УВЕЛИЧЕННУЮ КАРТУ\rЗАДАТЬ ВОПРОС\r\n'),
(7, '36052087b60e047568dfe81307e4d730', 'ДОСТАВКА\r\nИНТЕРНЕТ-МАГАЗИН ВЫПОЛНЯЕТ ДОСТАВКУ ЛЮБОГО ТОВАРА СВОЕЙ СОБСТВЕННОЙ СЛУЖБОЙ ДОСТАВКИ.\rСТОИМОСТЬ ДОСТАВКИ КУРЬЕРОМ\rСТОИМОСТЬ ДОСТАВКИ ТОВАРА ИЗ НАШЕГО МАГАЗИНА - 500 РУБ, ПРИ УСЛОВИИ ВЫБОРА ПРИ ЗАКАЗЕ ТОВАРА В КАЧЕСТВЕ СПОСОБА ДОСТАВКИ НАШИМ КУРЬЕРОМ.\rВРЕМЯ ДОСТАВКИ\rВРЕМЯ ДОСТАВКИ СОГЛАСОВЫВАЕТСЯ С МЕНЕДЖЕРОМ СЛУЖБЫ ДОСТАВКИ, КОТОРЫЙ ОБЯЗАТЕЛЬНО СВЯЖЕТСЯ С ВАМИ СРАЗУ ПОСЛЕ ТОГО, КАК ВЫ РАЗМЕСТИТЕ СВОЙ ЗАКАЗ. \rВНИМАНИЕ!\rНЕПРАВИЛЬНО УКАЗАННЫЙ НОМЕР ТЕЛЕФОНА, НЕТОЧНЫЙ ИЛИ НЕПОЛНЫЙ АДРЕС МОГУТ ПРИВЕСТИ К ДОПОЛНИТЕЛЬНОЙ ЗАДЕРЖКЕ! ПОЖАЛУЙСТА, ВНИМАТЕЛЬНО ПРОВЕРЯЙТЕ ВАШИ ПЕРСОНАЛЬНЫЕ ДАННЫЕ ПРИ РЕГИСТРАЦИИ И ОФОРМЛЕНИИ ЗАКАЗА.КОНФИДЕНЦИАЛЬНОСТЬ ВАШИХ РЕГИСТРАЦИОННЫХ ДАННЫХ ГАРАНТИРУЕТСЯ.\rДОСТАВКА ВЫПОЛНЯЕТСЯ ЕЖЕДНЕВНО С 10:00 ДО 20:00 ЧАСОВ, В СУББОТУ С 10:00 ДО 14:00, В ВОСКРЕСЕНЬЕ ДОСТАВКИ НЕТ. ТОВАРЫ, ЗАКАЗАННЫЕ ВАМИ В СУББОТУ И ВОСКРЕСЕНЬЕ, ДОСТАВЛЯЮТСЯ В ПОНЕДЕЛЬНИК. ВРЕМЯ ОСУЩЕСТВЛЕНИЯ ДОСТАВКИ ЗАВИСИТ ОТ ВРЕМЕНИ РАЗМЕЩЕНИЯ ЗАКАЗА И НАЛИЧИЯ ТОВАРА НА СКЛАДЕ:\rЕСЛИ ЗАКАЗ ПОДТВЕРЖДЕН МЕНЕДЖЕРОМ СЛУЖБЫ ДОСТАВКИ ДО 12:00, ТОВАР МОЖЕТ БЫТЬ ДОСТАВЛЕН НА СЛЕДУЮЩИЙ РАБОЧИЙ ДЕНЬ МЕЖДУ 10:00 И 15:00 ИЛИ МЕЖДУ 15:00 И 20:00;\rЕСЛИ ЗАКАЗ ПОДТВЕРЖДЕН МЕНЕДЖЕРОМ СЛУЖБЫ ДОСТАВКИ ПОСЛЕ 12:00, ТОВАР МОЖЕТ БЫТЬ ДОСТАВЛЕН НА СЛЕДУЮЩИЙ РАБОЧИЙ ДЕНЬ МЕЖДУ 15:00 И 18:00.\rВЫ ТАКЖЕ МОЖЕТЕ УКАЗАТЬ ЛЮБОЕ ДРУГОЕ УДОБНОЕ ВРЕМЯ ДОСТАВКИ, И ПОКУПКА БУДЕТ ДОСТАВЛЕНА В УДОБНОЕ ВАМ ВРЕМЯ. ИНОЕ ВРЕМЯ ДОСТАВКИ, А ТАКЖЕ ВРЕМЯ ДОСТАВКИ В НАСЕЛЕННЫЕ ПУНКТЫ ОБЛАСТИ ОПРЕДЕЛЯЕТСЯ ПО ДОГОВОРЕННОСТИ С КЛИЕНТОМ.\rМЕСТО ДОСТАВКИ\rДОСТАВКА ОСУЩЕСТВЛЯЕТСЯ ПО АДРЕСУ, УКАЗАННОМУ ПРИ ОФОРМЛЕНИИ ЗАКАЗА. ЕСЛИ НЕОБХОДИМО ДОСТАВИТЬ ТОВАР ПО ИНОМУ АДРЕСУ, НЕОБХОДИМО СООБЩИТЬ АДРЕС МЕНЕДЖЕРУ СЛУЖБЫ ДОСТАВКИ, КОТОРЫЙ СВЯЖЕТСЯ С ВАМИ НЕПОСРЕДСТВЕННО ПОСЛЕ ОФОРМЛЕНИЯ ЗАКАЗА НА САЙТЕ.\rПРАВИЛА\rПРИ ДОСТАВКЕ ВАМ БУДУТ ПЕРЕДАНЫ ВСЕ НЕОБХОДИМЫЕ ДОКУМЕНТЫ НА ПОКУПКУ: ТОВАРНЫЙ, КАССОВЫЙ ЧЕКИ, А ТАКЖЕ ГАРАНТИЙНЫЙ ТАЛОН.ПРИ ОФОРМЛЕНИИ ПОКУПКИ НА ОРГАНИЗАЦИЮ, ВАМ БУДУТ ПЕРЕДАНЫ СЧЕТ-ФАКТУРА, А ТАКЖЕ НАКЛАДНАЯ, В КОТОРОЙ НЕОБХОДИМО ПОСТАВИТЬ ПЕЧАТЬ ВАШЕЙ ОРГАНИЗАЦИИ.ЦЕНА, УКАЗАННАЯ В ПЕРЕДАННЫХ ВАМ КУРЬЕРОМ ДОКУМЕНТАХ, ЯВЛЯЕТСЯ ОКОНЧАТЕЛЬНОЙ, КУРЬЕР НЕ ОБЛАДАЕТ ПРАВОМ КОРРЕКТИРОВКИ ЦЕНЫ.СТОИМОСТЬ ДОСТАВКИ ВЫДЕЛЯЕТСЯ В ДОКУМЕНТАХ НА ПОКУПКУ ОТДЕЛЬНОЙ ГРАФОЙ.\rВНИМАНИЕ!\rПРОСИМ ВАС ПОМНИТЬ, ЧТО ВСЕ ТЕХНИЧЕСКИЕ ПАРАМЕТРЫ И ПОТРЕБИТЕЛЬСКИЕ СВОЙСТВА ПРИОБРЕТАЕМОГО ТОВАРА ВАМ СЛЕДУЕТ УТОЧНЯТЬ У НАШЕГО МЕНЕДЖЕРА ДО МОМЕНТА ПОКУПКИ ТОВАРА. В ОБЯЗАННОСТИ РАБОТНИКОВ СЛУЖБЫ ДОСТАВКИ НЕ ВХОДИТ ОСУЩЕСТВЛЕНИЕ КОНСУЛЬТАЦИЙ И КОММЕНТАРИЕВ ОТНОСИТЕЛЬНО ПОТРЕБИТЕЛЬСКИХ СВОЙСТВ ТОВАРА. ПРИ НЕОБХОДИМОСТИ ИНСТАЛЛЯЦИИ ПРИОБРЕТАЕМОГО В НАШЕМ МАГАЗИНЕ ТОВАРА ВАМ НЕОБХОДИМО СООБЩИТЬ ОБ ЭТОМ НАШЕМУ МЕНЕДЖЕРУ.ПРИ ДОСТАВКЕ ВАМ ЗАКАЗАННОГО ТОВАРА ПРОВЕРЯЙТЕ КОМПЛЕКТНОСТЬ ДОСТАВЛЕННОГО ТОВАРА, РАБОТОСПОСОБНОСТЬ ТОВАРА, СООТВЕТСТВИЕ ДОСТАВЛЕННОГО ТОВАРА ОПИСАНИЮ НА НАШЕМ САЙТЕ, ТАКЖЕ ПРОВЕРЬТЕ ТОВАР НА НАЛИЧИЕ МЕХАНИЧЕСКИХ ПОВРЕЖДЕНИЙ. ПРИ НЕ ЗАЯВЛЕНИИ ВАМИ ПРИ ПОЛУЧЕНИИ ТОВАРА ПРЕТЕНЗИЙ ПО ПОВОДУ МЕХАНИЧЕСКИХ ПОВРЕЖДЕНИЙ, В ДАЛЬНЕЙШЕМ ПОДОБНЫЕ ПРЕТЕНЗИИ НЕ РАССМАТРИВАЮТСЯ. В СЛУЧАЕ ВОПРОСОВ, ПОЖЕЛАНИЙ И ПРЕТЕНЗИЙ ОБРАЩАЙТЕСЬ К НАМ ПО СЛЕДУЮЩИМ КООРДИНАТАМ:\rСЛУЖБА ДОСТАВКИ\r: 8 (495) 212 85 06 (МНОГОКАНАЛЬНЫЙ).\rЭЛЕКТРОННАЯ ПОЧТА\r: \rSALE@RUSSIANSHIK.BUREAUIT.COM\rSKYPE\r: \rSHIPPING.EXAMPLE.RU\r\n'),
(9, 'f0c15163c0a55f5753143febe71d5c6b', 'ИНТЕРНЕТ-МАГАЗИН "ОДЕЖДА"\r\nЛУЧШИЕ КОЛЛЕКЦИИ\rТРЕНДЫ СЕЗОНА\r\n'),
(10, '6f98b8535bdd0929ff3e8d93bcf0d79b', 'КАРТА САЙТА\r\n\r\n'),
(11, '4dcdb924e6d6b1e4e8d47eb047a6ca8a', 'ПОИСК\r\n\r\n'),
(12, '79788a59515de3599986f19bdfec961a', 'РАССЫЛКИ\r\n\r\n'),
(13, '937266ccc03d79d53f9170ce73a65cb1', 'ПЕРСОНАЛЬНЫЙ РАЗДЕЛ\r\nВ ЛИЧНОМ КАБИНЕТЕ ВЫ МОЖЕТЕ ПРОВЕРИТЬ ТЕКУЩЕЕ СОСТОЯНИЕ КОРЗИНЫ, ХОД ВЫПОЛНЕНИЯ ВАШИХ ЗАКАЗОВ, ПРОСМОТРЕТЬ ИЛИ ИЗМЕНИТЬ ЛИЧНУЮ ИНФОРМАЦИЮ, А ТАКЖЕ ПОДПИСАТЬСЯ НА НОВОСТИ И ДРУГИЕ ИНФОРМАЦИОННЫЕ РАССЫЛКИ. \rЛИЧНАЯ ИНФОРМАЦИЯ\rИЗМЕНИТЬ РЕГИСТРАЦИОННЫЕ ДАННЫЕ\rЗАКАЗЫ\rОЗНАКОМИТЬСЯ С СОСТОЯНИЕМ ЗАКАЗОВ\rПОСМОТРЕТЬ СОДЕРЖИМОЕ КОРЗИНЫ\rПОСМОТРЕТЬ ИСТОРИЮ ЗАКАЗОВ\rПОДПИСКА\rИЗМЕНИТЬ ПОДПИСКУ\r\n'),
(14, '2ec8ab06158b06ee8ea28baa63ab4647', 'КОРЗИНА\r\n\r\n'),
(15, '4c850e035fb807ee5d372d6a88dd4c2d', 'РЕЗУЛЬТАТ ОПЛАТЫ\r\n\r\n'),
(16, 'ab8410a9e5ab27731b2e42ff2922c943', 'ОПЛАТА ЗАКАЗА\r\n\r\n'),
(17, '54558e7d052216a17a5e40c93925c647', 'ЗАКАЗЫ\r\n\r\n'),
(18, '54558e7d052216a17a5e40c93925c647', 'ЗАКАЗЫ\r\n\r\n'),
(19, '36dedd03ef1684ba5c6f528d35cd808b', 'НАСТРОЙКИ ПОЛЬЗОВАТЕЛЯ\r\n\r\n'),
(20, 'cf28dce568c31e7502a3f23ec526160e', 'ВХОД НА САЙТ\r\nВЫ ЗАРЕГИСТРИРОВАНЫ И УСПЕШНО АВТОРИЗОВАЛИСЬ.\rВЕРНУТЬСЯ НА ГЛАВНУЮ СТРАНИЦУ\r\n'),
(21, 'f3115a19e3bf689a3e608bea352d30e1', 'ФОРУМ ПРОИЗВОДИТЕЛЕЙ ОДЕЖДЫ В РОССИИ\r\nС 20 ПО 23 ФЕВРАЛЯ СОСТОИТСЯ \rФОРУМ ПРОИЗВОДИТЕЛЕЙ ОДЕЖДЫ В РОССИИ\r ВАЖНЕЙШЕЕ МЕРОПРИЯТИИ ОТРАСЛИ В ЭТОМ ГОДУ.\r\n\rС 20 ПО 23 ФЕВРАЛЯ ЭТОГО ГОДА СОСТОИТСЯ \rФОРУМ ПРОИЗВОДИТЕЛЕЙ ОДЕЖДЫ В РОССИИ\r  ВАЖНЕЙШЕЕ МЕРОПРИЯТИИ ОТРАСЛИ В ТЕКУЩЕМ ГОДУ. В ЭКСПОЗИЦИИ ПРИНИМАЮТ УЧАСТИЕ СВЫШЕ 160 КОМПАНИЙ ИЗ \rБЕЛАРУСИ, АВСТРИИ, ЛАТВИИ, ЛИТВЫ, РОССИИ, ПОЛЬШИ \rИ\rУКРАИНЫ\r. В СОСТАВЕ ФОРУМА СОСТОИТСЯ ПЯТЬ ВЫСТАВОК:"МОСКОВСКИЙ ФЭШН САЛОН", "ТЕХНОЛОГИИ В ОДЕЖДЕ", "ОФИС КОМФОРТ", "ПОВСЕДНЕВНАЯ ОДЕЖДА" И "ДЕТСКАЯ ОДЕЖДА". ЭКСПОЗИЦИЯ БУДЕТ СТРОИТЬСЯ ПО ПРИНЦИПУ ДВУХ ТЕМАТИЧЕСКИХ СЕКТОРОВ:\r ОДЕЖДА\rИ \rМАТЕРИАЛЫ ДЛЯ ЕЕ ПРОИЗВОДСТВА\r.\rВ СЕКТОРЕ ГОТОВОЙ ОДЕЖДЫ БУДУТ ПРЕДСТАВЛЕНЫ:\rОДЕЖДА ДЛЯ ДОМА;\rОДЕЖДА ДЛЯ ДЕТЕЙ И МОЛОДЕЖИ;\rАКСЕССУАРЫ В ОДЕЖДЕ;\rОДЕЖДА ДЛЯ СПОРТА И ОТДЫХА;\rОДЕЖДА ДЛЯ ОФИСА.\rВ СЕКТОРЕ МАТЕРИАЛОВ ДЛЯ ПРОИЗВОДСТВА ОДЕЖДЫ БУДУТ ДЕМОНСТРИРОВАТЬСЯ НОВИНКИ РЫНКА ОДЕЖНОЙ ФУРНИТУРЫ, МАТЕРИАЛОВ, ТКАНЕЙ, ЭЛЕМЕНТОВ И АКСЕССУАРОВ ДЛЯ ПРОИЗВОДСТВА ОДЕЖДЫ.\rПОМИМО РАСШИРЕННОЙ ЭКСПОЗИЦИИ ПЯТИ ТЕМАТИЧЕСКИХ ВЫСТАВОК "ЭКСПОФОРУМ" ПОДГОТОВИЛ РАЗНООБРАЗНУЮ ДЕЛОВУЮ ПРОГРАММУ ФОРУМА ПРОИЗВОДИТЕЛЕЙ ОДЕЖДЫ. В РАМКАХ ВЫСТАВКИ СОСТОЯТСЯ СЕМИНАРЫ И МАСТЕР-КЛАССЫ. И ПОИСТИНЕ МАСШТАБНЫМ В ЭТОМ ГОДУ ОБЕЩАЕТ СТАТЬ РЕСПУБЛИКАНСКИЙ КОНКУРС ФОРУМА "\rНАРОДНОЕ ПРИЗНАНИЕ\r". В ЭТОМ ГОДУ ОН ВЫХОДИТ ЗА РАМКИ ВЫСТАВКИ И СТАНОВИТСЯ РЕСПУБЛИКАНСКИМ СМОТРОМ ОБРАЗЦОВ ОДЕЖДЫ.   \rФОРУМ ПРОИЗВОДИТЕЛЕЙ ОДЕЖДЫ\rПРЕДОСТАВЛЯЕТ СПЕЦИАЛИСТАМ ВОЗМОЖНОСТЬ ПОЗНАКОМИТЬСЯ С ТЕНДЕНЦИЯМИ МОДЫ, ПРОВЕСТИ ПЕРЕГОВОРЫ, ПОЛУЧИТЬ ПРАКТИЧЕСКИЕ ПРЕДЛОЖЕНИЯ РЫНКА, УВИДЕТЬ ПЕРСПЕКТИВЫ РАЗВИТИЯ И НОВЫЕ КОНКУРЕНТНЫЕ ПРЕИМУЩЕСТВА. ВПЕРВЫЕ ДЛЯ УЧАСТНИКОВ КОНКУРСА БУДЕТ ПОДГОТОВЛЕН МАРКЕТИНГОВЫЙ ОТЧЕТ ПО РЕЗУЛЬТАТАМ ОПРОСА ПОСЕТИТЕЛЕЙ ВЫСТАВОК \rФОРУМА ПРОИЗВОДИТЕЛЕЙ ОДЕЖДЫ\r.\rПРИЕМ ЗАЯВОК НА УЧАСТИЕ В КОНКУРСЕ ОСУЩЕСТВЛЯЕТСЯ ДО 12 ЯНВАРЯ ЭТОГО ГОДА.\r\n'),
(22, '14dd335d831bd8f6ffc8e637c120b3ae', 'МЕЖДУНАРОДНАЯ ВЫСТАВКА ОДЕЖДЫ SALON DE FASHION\r\nВ СЛЕДУЮЩЕМ ГОДУ СОСТОИТСЯ ВЫСТАВКА ОДЕЖДЫ - SALON DE FASHION, КОТОРАЯ ОБЕЩАЕТ БЫТЬ ЕЩЕ БОЛЕЕ РАСШИРЕННОЙ И ИНТЕРЕСНОЙ.\r\nВ СЛЕДУЮЩЕМ  ГОДУ ВЫСТАВКА SALON DE FASHION ОБЕЩАЕТ БЫТЬ ЕЩЕ БОЛЕЕ РАСШИРЕННОЙ И ИНТЕРЕСНОЙ. НА ВЫСТАВКЕ SALON DE FASHION БУДУТ ПРЕДСТАВЛЕНЫ ВСЕ ТИПЫ ОДЕЖДЫ ДЛЯ ОФИСА И ДОМА ОТ ПЛАТЬЕВ И ШОРТ ДО VIP-АКСЕССУАРОВ, ВКЛЮЧАЯ ОБОРУДОВАНИЕ ДЛЯ ПРОИЗВОДСТВА И ДЕТСКОЙ ОДЕЖДЫ. \rЗАЯВКИ НА УЧАСТИЕ ПОДАЛИ БОЛЕЕ ЧЕМ 1 500 КОМПАНИЙ СО ВСЕГО МИРА. ПРЕДПОЛАГАЕТСЯ, ЧТО ЗА ВРЕМЯ ПРОВЕДЕНИЯ ВЫСТАВКИ ЕЕ ПОСЕТЯТ БОЛЕЕ 300 000 ТЫСЯЧ ЧЕЛОВЕК. ЭКСПОЗИЦИЯ ВЫСТАВКИ РАЗМЕСТИТСЯ НА ОБЩЕЙ ПЛОЩАДИ 149 871 КВ.М. В СЛЕДУЮЩЕМ ГОДУ ЭТА ПОИСТИНЕ ГРАНДИОЗНАЯ ВЫСТАВКА БУДЕТ ПРОВОДИТЬСЯ УЖЕ В 14-Й РАЗ.\r\n'),
(23, '14b0e4e9c8705d26ce63b6fcb2324b11', 'НОВОЕ ВЕЯНИЕ В ОДЕЖДЕ - ПОЛУЧЕНО ПРОЧНОЕ ВОДОСТОЙКОЕ СОЕДИНЕНИЕ\r\nПОЛУЧЕНО НОВОЕ ПРОЧНОЕ ВОДОСТОЙКОЕ КЛЕЕВОЕ СОЕДИНЕНИЕ.ИЗОБРЕТЕНИЕ ОТНОСИТСЯ К ОБЛАСТИ ПОЛУЧЕНИЯ И ПРИМЕНЕНИЯ КЛЕЯЩИХ СОСТАВОВ, ИСПОЛЬЗУЕМЫХ В ОБРАБОТКЕ ТКАНЕЙ, КОЖИ И ДРУГИХ МАТЕРИАЛОВ. ДАННАЯ КЛЕЕВАЯ КОМПОЗИЦИЯ ПРЕДНАЗНАЧЕНА ТОЛЬКО ДЛЯ ГОРЯЧЕГО ПРЕССОВАНИЯ И ИМЕЕТ В СВОЕМ СОСТАВЕ МНОГОКОМПОНЕНТНЫЙ ОЧЕНЬ ГИБКИЙ ОТВЕРДИТЕЛЬ. КОТОРЫЙ ДАСТ ВОЗМОЖНОСТЬ ДЕЛАТЬ НОВЫЕ ВИДЫ АППЛИКАЦИЙ И СОЕДИНЕНИЯ ТКАНЕЙ И РАЗЛИЧНЫХ ТИПОВ МАТЕРИАЛОВ.\r\n\rАВТОРЫ ИЗОБРЕТЕНИЯ\r: РАЗИНЬКОВ ЕГОР МИХАЙЛОВИЧ И ЗАЙЦЕВА АННА АНАТОЛЬЕВНА\rПАТЕНТ РОССИЙСКОЙ ФЕДЕРАЦИИ RU2277566\rОПИСАНИЕ ИЗОБРЕТЕНИЯ\rИЗОБРЕТЕНИЕ ОТНОСИТСЯ К ОБЛАСТИ ПОЛУЧЕНИЯ И ПРИМЕНЕНИЯ КЛЕЯЩИХ СОСТАВОВ, ИСПОЛЬЗУЕМЫХ В ПРОИЗВОДСТВЕ ОДЕЖДЫ И АКСЕССУАРОВ. ДАННАЯ КЛЕЕВАЯ КОМПОЗИЦИЯ ПРЕДНАЗНАЧЕНА ТОЛЬКО ДЛЯ ГОРЯЧЕГО ПРЕССОВАНИЯ И ИМЕЕТ В СВОЕМ СОСТАВЕ МНОГОКОМПОНЕНТНЫЙ ГИБКИЙ ОТВЕРДИТЕЛЬ. ПРОТОТИПОМ КЛЕЕВОЙ КОМПОЗИЦИИ ЯВЛЯЕТСЯ КЛЕЙ, СОСТОЯЩИЙ ИЗ КАРБАМИДОФОРМАЛЬДЕГИДНОЙ СМОЛЫ, СОПОЛИМЕРА АКРИЛОНИТРИЛА С N-ВИНИЛКАПРОЛАКТАМОМ И ОТВЕРДИТЕЛЬ. В КАЧЕСТВЕ ОТВЕРДИТЕЛЯ ПРИМЕНЯЮТ ХЛОРИСТЫЙ АММОНИЙ ЛИБО АКРИЛОВУЮ КИСЛОТУ. \rИЗОБРЕТЕНИЕ РЕШАЕТ ЗАДАЧУ ПО ПОЛУЧЕНИЮ ПРОЧНОГО И ВОДОСТОЙКОГО КЛЕЕВОГО СОЕДИНЕНИЯ. ЭТО ДОСТИГАЕТСЯ ТЕМ, ЧТО КЛЕЕВАЯ КОМПОЗИЦИЯ, ВКЛЮЧАЮЩАЯ СИНТЕТИЧЕСКУЮ СМОЛУ И ОТВЕРДИТЕЛЬ, СОГЛАСНО ИЗОБРЕТЕНИЮ, ДОПОЛНИТЕЛЬНО СОДЕРЖИТ МОДИФИКАТОР, ПРИЧЕМ В КАЧЕСТВЕ СИНТЕТИЧЕСКОЙ СМОЛЫ КЛЕЕВАЯ КОМПОЗИЦИЯ ВКЛЮЧАЕТ КАРБАМИДОМЕЛАМИНОФОРМАЛЬДЕГИДНУЮ СМОЛУ С ОТВЕРДИТЕЛЕМ 2542, В КАЧЕСТВЕ МОДИФИКАТОРА - КАРБАМИДОФОРМАЛЬДЕГИДНУЮ СМОЛУ, А В КАЧЕСТВЕ ОТВЕРДИТЕЛЯ - 10%-НЫЙ РАСТВОР ЩАВЕЛЕВОЙ КИСЛОТЫ ПРИ СЛЕДУЮЩЕМ СООТНОШЕНИИ КОМПОНЕНТОВ, МАС.Ч.: \rКАРБАМИДОМЕЛАМИНОФОРМАЛЬДЕГИДНАЯ СМОЛА\r64,5-79,2\r10%-НЫЙ РАСТВОР ЩАВЕЛЕВОЙ КИСЛОТЫ\r4,4-20,5\rОТВЕРДИТЕЛЬ ДЛЯ КАРБАМИДОМЕЛАМИНОФОРМАЛЬДЕГИДНОЙ \r0,6-2,0\rСМОЛЫ 2542\r13,0-15,8\r\n'),
(354, '82cab47b483b7b47e85f16200d3360cf', 'ОТЗЫВЫ НА ТОВАРЫ\r\nЗДЕСЬ ХРАНЯТСЯ ОТЗЫВЫ ПОСЕТИТЕЛЕЙ МАГАЗИНА НА ТОВАРЫ МАГАЗИНА\r\n'),
(366, '649b2f3d10cb5da3b8491036d5696862', 'АКСЕССУАРЫ\r\n\r\n'),
(367, 'bd663cdf2e9e7abcab2cb639c57da21d', 'МЕХОВЫЕ ШКУРКИ\r\n\r\n'),
(368, 'ab95684d2a19f1f50485372123afed36', 'СУПЕР ШУБА\r\nЛРГНГЩНР\r\n'),
(373, 'e2f3c5cc100e875918d4ac9968a8e1d5', 'РЕМОНТ ОДЕЖДЫ\r\nРЕМОНТ ОДЕЖДЫ\r\n'),
(374, '73cbc87fbd4dc06ef9e63c939e7f6641', 'ПОШИВ НА ЗАКАЗ\r\nПОШИВ НА ЗАКАЗ\r\n'),
(375, 'f3c3ea0b03615916cf684b6cf559314a', 'ШАПКА НОРКОВАЯ\r\n\r\n'),
(381, 'e2f3c5cc100e875918d4ac9968a8e1d5', 'РЕМОНТ ОДЕЖДЫ\r\nРЕМОНТ ОДЕЖДЫ\r\n'),
(376, 'b8befe776174953e38db517230f1adfa', 'КАК УХАЖИВАТЬ ЗА МЕХОМ?\r\nВЫБРАТЬ КАЧЕСТВЕННОЕ МЕХОВОЕ ИЗДЕЛИЕ ОЧЕНЬ НЕЛЕГКО. НО ОБЕСПЕЧИТЬ КАЧЕСТВЕННЫЙ УХОД ЗА НИМ ЕЩЁ СЛОЖНЕЕ. А ВЕДЬ МЕХА – УДОВОЛЬСТВИЕ НЕ ИЗ ДЕШЁВЫХ, ПОЭТОМУ ХОЧЕТСЯ, ЧТОБЫ ПОКУПКА РАДОВАЛА МАКСИМАЛЬНО ДОЛГО. ИТАК, ДЛЯ ТОГО, ЧТОБЫ МЕХОВАЯ ШУБКА СЛУЖИЛА ДОЛГО, НЕОБХОДИМО СЛЕДОВАТЬ СЛЕДУЮЩИМ ПРАВИЛАМ...\r\nВЫБРАТЬ КАЧЕСТВЕННОЕ МЕХОВОЕ ИЗДЕЛИЕ ОЧЕНЬ НЕЛЕГКО. НО ОБЕСПЕЧИТЬ КАЧЕСТВЕННЫЙ УХОД ЗА НИМ ЕЩЁ СЛОЖНЕЕ. А ВЕДЬ МЕХА – УДОВОЛЬСТВИЕ НЕ ИЗ ДЕШЁВЫХ, ПОЭТОМУ ХОЧЕТСЯ, ЧТОБЫ ПОКУПКА РАДОВАЛА МАКСИМАЛЬНО ДОЛГО. ИТАК, ДЛЯ ТОГО, ЧТОБЫ МЕХОВАЯ ШУБКА СЛУЖИЛА ДОЛГО, НЕОБХОДИМО СЛЕДОВАТЬ СЛЕДУЮЩИМ ПРАВИЛАМ... \r\n\r\nКАТЕГОРИЧЕСКИ НЕ РЕКОМЕНДУЕТСЯ НОСИТЬ НА ПЛЕЧЕ СУМОЧКИ – ТАК КАК НА МЕСТЕ КОНТАКТА ШУБКИ С РЕМЕШКОМ СУМКИ ВОРС «СЛОМАЕТСЯ», А СО ВРЕМЕНЕМ МЕХ И ВОВСЕ СОТРЕТСЯ И ВЫПАДЕТ. РАДИ СОХРАННОСТИ ЛЮБИМОЙ ШУБЫ СТОИТ ПЕРЕЙТИ НА ПОРТФЕЛИ ИЛИ ЖЕ ПРОСТО НОСИТЬ СУМКУ В РУКЕ. \r\n\r\nКАК И КОЖА ЧЕЛОВЕКА, МЕХОВЫЕ ИЗДЕЛИЯ ОЧЕНЬ ЧУВСТВИТЕЛЬНЫ К «ПЕРЕСУШКЕ». ПОЭТОМУ МЕХОВЫЕ ИЗДЕЛИЯ НЕ СТОИТ СУШИТЬ ВБЛИЗИ НАГРЕВАТЕЛЬНЫХ ПРИБОРОВ, ХРАНИТЬ ПОД ПРЯМЫМИ СОЛНЕЧНЫМИ ЛУЧАМИ. ТАКЖЕ НЕ РЕКОМЕНДУЕТСЯ ВКЛЮЧАТЬ ОБОГРЕВ СИДЕНЬЯ АВТОМОБИЛЯ. КРОМЕ ТОГО, НЕЛЬЗЯ СТОЯТЬ ВОЗЛЕ ВЫХЛОПНОЙ ТРУБЫ АВТОМОБИЛЯ – НЕСКОЛЬКИХ МИНУТ ВПОЛНЕ ДОСТАТОЧНО ДЛЯ ТОГО, ЧТОБЫ ОКОНЧАТЕЛЬНО «УБИТЬ» МЕХ. ТАКЖЕ КРАЙНЕ НЕЖЕЛАТЕЛЬНО ИСПОЛЬЗОВАТЬ ВБЛИЗИ МЕХА ДУХИ, ЛАКИ ДЛЯ ВОЛОС И ДРУГИЕ АЭРОЗОЛЬНЫЕ РАСПЫЛИТЕЛИ.\r\n'),
(365, 'f98f985a5c1929b433ed36fe590b2b36', 'ЖЕНЩИНАМ\r\n\r\n');

-- --------------------------------------------------------

--
-- Структура таблицы `b_search_content_title`
--

CREATE TABLE IF NOT EXISTS `b_search_content_title` (
  `SEARCH_CONTENT_ID` int(11) NOT NULL,
  `SITE_ID` char(2) NOT NULL,
  `POS` int(11) NOT NULL,
  `WORD` varchar(100) NOT NULL,
  UNIQUE KEY `UX_B_SEARCH_CONTENT_TITLE` (`SITE_ID`,`WORD`,`SEARCH_CONTENT_ID`,`POS`),
  KEY `IND_B_SEARCH_CONTENT_TITLE` (`SEARCH_CONTENT_ID`)
) ENGINE=MyISAM DEFAULT CHARSET=cp1251 DELAY_KEY_WRITE=1;

--
-- Дамп данных таблицы `b_search_content_title`
--

INSERT INTO `b_search_content_title` (`SEARCH_CONTENT_ID`, `SITE_ID`, `POS`, `WORD`) VALUES
(23, 's1', 22, '-'),
(22, 's1', 36, 'DE'),
(22, 's1', 39, 'FASHION'),
(22, 's1', 30, 'SALON'),
(1, 's1', 0, 'АВТОРИЗАЦИЯ'),
(366, 's1', 0, 'АКСЕССУАРЫ'),
(21, 's1', 11, 'В'),
(23, 's1', 2, 'В'),
(23, 's1', 6, 'ВЕЯНИЕ'),
(23, 's1', 41, 'ВОДОСТОЙКОЕ'),
(6, 's1', 8, 'ВОПРОС'),
(20, 's1', 0, 'ВХОД'),
(22, 's1', 14, 'ВЫСТАВКА'),
(7, 's1', 0, 'ДОСТАВКА'),
(365, 's1', 0, 'ЖЕНЩИНАМ'),
(376, 's1', 14, 'ЗА'),
(6, 's1', 0, 'ЗАДАЙТЕ'),
(374, 's1', 9, 'ЗАКАЗ'),
(382, 's1', 9, 'ЗАКАЗ'),
(16, 's1', 7, 'ЗАКАЗА'),
(17, 's1', 0, 'ЗАКАЗЫ'),
(18, 's1', 0, 'ЗАКАЗЫ'),
(9, 's1', 0, 'ИНТЕРНЕТ-МАГАЗИН'),
(372, 's1', 0, 'ИНТЕРНЕТ-МАГАЗИН'),
(3, 's1', 12, 'ИНФОРМАЦИЯ'),
(376, 's1', 0, 'КАК'),
(10, 's1', 0, 'КАРТА'),
(370, 's1', 8, 'КЛИЕНТАМ'),
(14, 's1', 0, 'КОРЗИНА'),
(5, 's1', 2, 'МАГАЗИНЕ'),
(22, 's1', 0, 'МЕЖДУНАРОДНАЯ'),
(367, 's1', 0, 'МЕХОВЫЕ'),
(376, 's1', 17, 'МЕХОМ'),
(20, 's1', 5, 'НА'),
(354, 's1', 7, 'НА'),
(374, 's1', 6, 'НА'),
(382, 's1', 6, 'НА'),
(19, 's1', 0, 'НАСТРОЙКИ'),
(23, 's1', 0, 'НОВОЕ'),
(375, 's1', 6, 'НОРКОВАЯ'),
(5, 's1', 0, 'О'),
(371, 's1', 5, 'ОБЫКНОВЕННЫЙ'),
(9, 's1', 18, 'ОДЕЖДА'),
(372, 's1', 18, 'ОДЕЖДА'),
(23, 's1', 15, 'ОДЕЖДЕ'),
(21, 's1', 21, 'ОДЕЖДЫ'),
(22, 's1', 23, 'ОДЕЖДЫ'),
(373, 's1', 7, 'ОДЕЖДЫ'),
(381, 's1', 7, 'ОДЕЖДЫ'),
(16, 's1', 0, 'ОПЛАТА'),
(15, 's1', 10, 'ОПЛАТЫ'),
(370, 's1', 0, 'ОПТОВЫМ'),
(354, 's1', 0, 'ОТЗЫВЫ'),
(3, 's1', 0, 'ОФИЦИАЛЬНАЯ'),
(13, 's1', 0, 'ПЕРСОНАЛЬНЫЙ'),
(11, 's1', 0, 'ПОИСК'),
(23, 's1', 24, 'ПОЛУЧЕНО'),
(19, 's1', 10, 'ПОЛЬЗОВАТЕЛЯ'),
(377, 's1', 7, 'ПОРТНОГО'),
(380, 's1', 7, 'ПОРТНОГО'),
(374, 's1', 0, 'ПОШИВ'),
(382, 's1', 0, 'ПОШИВ'),
(21, 's1', 6, 'ПРОИЗВОДИТЕЛЕЙ'),
(23, 's1', 33, 'ПРОЧНОЕ'),
(13, 's1', 13, 'РАЗДЕЛ'),
(12, 's1', 0, 'РАССЫЛКИ'),
(15, 's1', 0, 'РЕЗУЛЬТАТ'),
(373, 's1', 0, 'РЕМОНТ'),
(381, 's1', 0, 'РЕМОНТ'),
(21, 's1', 30, 'РОССИИ'),
(20, 's1', 8, 'САЙТ'),
(10, 's1', 6, 'САЙТА'),
(2, 's1', 0, 'СКЛАДЫ'),
(371, 's1', 0, 'СЛОН'),
(377, 's1', 0, 'СОВЕТЫ'),
(380, 's1', 0, 'СОВЕТЫ'),
(23, 's1', 53, 'СОЕДИНЕНИЕ'),
(368, 's1', 0, 'СУПЕР'),
(354, 's1', 10, 'ТОВАРЫ'),
(376, 's1', 4, 'УХАЖИВАТЬ'),
(21, 's1', 0, 'ФОРУМ'),
(375, 's1', 0, 'ШАПКА'),
(367, 's1', 8, 'ШКУРКИ'),
(368, 's1', 6, 'ШУБА');

-- --------------------------------------------------------

--
-- Структура таблицы `b_search_custom_rank`
--

CREATE TABLE IF NOT EXISTS `b_search_custom_rank` (
  `ID` int(11) NOT NULL AUTO_INCREMENT,
  `APPLIED` char(1) NOT NULL DEFAULT 'N',
  `RANK` int(11) NOT NULL DEFAULT '0',
  `SITE_ID` char(2) NOT NULL,
  `MODULE_ID` varchar(200) NOT NULL,
  `PARAM1` text,
  `PARAM2` text,
  `ITEM_ID` varchar(255) DEFAULT NULL,
  PRIMARY KEY (`ID`),
  KEY `IND_B_SEARCH_CUSTOM_RANK` (`SITE_ID`,`MODULE_ID`)
) ENGINE=MyISAM DEFAULT CHARSET=cp1251 AUTO_INCREMENT=1 ;

-- --------------------------------------------------------

--
-- Структура таблицы `b_search_phrase`
--

CREATE TABLE IF NOT EXISTS `b_search_phrase` (
  `ID` int(18) NOT NULL AUTO_INCREMENT,
  `TIMESTAMP_X` datetime NOT NULL,
  `SITE_ID` char(2) NOT NULL,
  `RESULT_COUNT` int(11) NOT NULL,
  `PAGES` int(11) NOT NULL,
  `SESSION_ID` varchar(32) NOT NULL,
  `PHRASE` varchar(250) DEFAULT NULL,
  `TAGS` varchar(250) DEFAULT NULL,
  `URL_TO` text,
  `URL_TO_404` char(1) DEFAULT NULL,
  `URL_TO_SITE_ID` char(2) DEFAULT NULL,
  `STAT_SESS_ID` int(18) DEFAULT NULL,
  `EVENT1` varchar(50) DEFAULT NULL,
  PRIMARY KEY (`ID`),
  KEY `IND_PK_B_SEARCH_PHRASE_SESS_PH` (`SESSION_ID`,`PHRASE`(50)),
  KEY `IND_PK_B_SEARCH_PHRASE_SESS_TG` (`SESSION_ID`,`TAGS`(50)),
  KEY `IND_PK_B_SEARCH_PHRASE_TIME` (`TIMESTAMP_X`)
) ENGINE=MyISAM DEFAULT CHARSET=cp1251 AUTO_INCREMENT=1 ;

-- --------------------------------------------------------

--
-- Структура таблицы `b_search_stem`
--

CREATE TABLE IF NOT EXISTS `b_search_stem` (
  `ID` int(11) NOT NULL AUTO_INCREMENT,
  `STEM` varchar(50) CHARACTER SET cp1251 COLLATE cp1251_bin NOT NULL,
  PRIMARY KEY (`ID`),
  UNIQUE KEY `UX_B_SEARCH_STEM` (`STEM`)
) ENGINE=MyISAM  DEFAULT CHARSET=cp1251 AUTO_INCREMENT=1579 ;

--
-- Дамп данных таблицы `b_search_stem`
--

INSERT INTO `b_search_stem` (`ID`, `STEM`) VALUES
(1, 'АВТОРИЗАЦ'),
(2, 'ЗАРЕГИСТРИРОВА'),
(3, 'УСПЕШН'),
(4, 'АВТОРИЗОВА'),
(5, 'ВЕРНУТ'),
(6, 'ГЛАВН'),
(7, 'СТРАНИЦ'),
(8, 'СКЛАД'),
(9, 'ОФИЦИАЛЬН'),
(10, 'ИНФОРМАЦ'),
(11, 'КУП'),
(12, 'ПРОЦЕДУР'),
(13, 'ПОКУПК'),
(14, 'ТОВАР'),
(15, 'НАШ'),
(16, 'ИНТЕРНЕТ-МАГАЗИН'),
(17, 'ПРОСТ'),
(18, 'СОСТО'),
(19, 'НЕСКОЛЬК'),
(20, 'ШАГОВ'),
(21, 'ШАГ'),
(22, 'ОФОРМЛЕН'),
(23, 'ЗАКАЗ'),
(24, 'ПОСЛ'),
(25, 'ВЫБОР'),
(26, 'НАЖМ'),
(27, 'КНОПК'),
(28, 'КОРЗИН'),
(29, 'ДОБАВ'),
(30, 'ДАЛ'),
(31, 'ЗАКОНЧ'),
(32, 'ВЫБИРА'),
(33, 'БУДУТ'),
(34, 'ПЕРЕЧИСЛ'),
(35, 'ВЫБРА'),
(36, 'ПОЛ'),
(37, 'КОЛИЧЕСТВ'),
(38, 'ПОЖЕТ'),
(39, 'ИЗМЕН'),
(40, 'ИЗМЕНЕН'),
(41, 'НЕОБХОДИМ'),
(42, 'НАЖА'),
(43, 'ПЕРЕСЧИТА'),
(44, 'ПЕРЕСЧЕТ'),
(45, 'ИТОГОВ'),
(46, 'СУММ'),
(47, 'КОЛОНК'),
(48, 'ДЕЙСТВ'),
(49, 'КАЖД'),
(50, 'МОЖН'),
(51, 'ПРОИЗВЕСТ'),
(52, 'СЛЕД'),
(53, 'УДАЛ'),
(54, 'ОТЛОЖ'),
(55, 'БУДУЩ'),
(56, 'ТАКЖ'),
(57, 'ВВЕСТ'),
(58, 'КОД'),
(59, 'СКИДК'),
(60, 'СООТВЕТСТВ'),
(61, 'ПОДТВЕРЖДЕН'),
(62, 'ВВОД'),
(63, 'ДОСТАВК'),
(64, 'ФИ'),
(65, 'ПОЛУЧАТЕЛ'),
(66, 'АДРЕС'),
(67, 'КОНТАКТН'),
(68, 'ДАН'),
(69, 'ВАРИАНТ'),
(70, 'СПОСОБ'),
(71, 'ОПЛАТ'),
(72, 'НУЖН'),
(73, 'ОФОРМ'),
(74, 'КОП'),
(75, 'БУДЕТ'),
(76, 'ВЫСЛА'),
(77, 'E-MAIL'),
(78, 'УКАЗА'),
(79, 'ВНИМАН'),
(80, 'НЕПРАВИЛЬН'),
(81, 'НОМЕР'),
(82, 'ТЕЛЕФОН'),
(83, 'НЕТОЧН'),
(84, 'НЕПОЛН'),
(85, 'МОГУТ'),
(86, 'ПРИВЕСТ'),
(87, 'ДОПОЛНИТЕЛЬН'),
(88, 'ЗАДЕРЖК'),
(89, 'ПОЖАЛУЙСТ'),
(90, 'ВНИМАТЕЛЬН'),
(91, 'ПРОВЕРЯ'),
(92, 'ПЕРСОНАЛЬН'),
(93, 'РЕГИСТРАЦ'),
(94, 'ЧЕРЕЗ'),
(95, 'НЕКОТОР'),
(96, 'ВРЕМ'),
(97, 'ОБЫЧН'),
(98, 'ТЕЧЕН'),
(99, 'ЧАС'),
(100, 'СВЯЖЕТ'),
(101, 'МЕНЕДЖЕР'),
(102, 'СОГЛАСОВА'),
(103, 'ТОЧН'),
(104, 'СРОК'),
(105, 'УТОЧН'),
(106, 'ДЕТА'),
(107, 'ПРИМЕЧАН'),
(108, 'ПОСТОЯ'),
(109, 'КЛИЕНТОВ'),
(110, 'КЛИЕНТ'),
(111, 'САЙТ'),
(112, 'МАГАЗИН'),
(113, 'КАБИНЕТ'),
(114, 'МОЖЕТ'),
(115, 'ПРОСМОТРЕТ'),
(116, 'СОДЕРЖИМ'),
(117, 'ИСТОР'),
(118, 'ЗАКАЗОВ'),
(119, 'ПОВТОР'),
(120, 'ОТКАЗА'),
(121, 'ПОДПИСА'),
(122, 'РАССЫЛК'),
(123, 'НОВОСТ'),
(124, 'ЦЕН'),
(125, 'ЯВЛЯ'),
(126, 'ОКОНЧАТЕЛЬН'),
(127, 'ТРЕБ'),
(128, 'ДОПЛАТ'),
(129, 'СТАНДАРТН'),
(130, 'УСЛОВ'),
(131, 'ПОСТАВК'),
(132, 'НАЛОГ'),
(133, 'ВКЛЮЧ'),
(134, 'СТОИМОСТ'),
(135, 'ОТДЕЛЬН'),
(136, 'ВОЗМОЖ'),
(137, 'ОДИН'),
(138, 'ЧАСТ'),
(139, 'РАЗЛИЧН'),
(140, 'НЕВОЗМОЖН'),
(141, 'ВОЗМОЖН'),
(142, 'НАЛИЧН'),
(143, 'РАСЧЕТ'),
(144, 'ПРОИЗВОД'),
(145, 'КУРЬЕР'),
(146, 'САМОВЫВОЗ'),
(147, 'ВМЕСТ'),
(148, 'ПЕРЕДА'),
(149, 'ТОВАРН'),
(150, 'КАССОВ'),
(151, 'ЧЕК'),
(152, 'ГАРАНТИЙН'),
(153, 'ТАЛОН'),
(154, 'СБЕРБАНК'),
(155, 'ЛЮБ'),
(156, 'ОТДЕЛЕН'),
(157, 'УСЛУГ'),
(158, 'ПЕРЕВОД'),
(159, 'ДЕНЕГ'),
(160, 'ВАС'),
(161, 'ВОЗЬМУТ'),
(162, 'ЗАВИСИМ'),
(163, 'РЕГИОН'),
(164, 'ПЕРЕЧИСЛЕН'),
(165, 'ЗАЙМЕТ'),
(166, 'ПОРЯДК'),
(167, '10'),
(168, 'ДНЕ'),
(169, 'РАД'),
(170, 'ПРИВЕТСТВОВА'),
(171, 'КОМПАН'),
(172, 'ОСНОВА'),
(173, '1993'),
(174, 'ГОД'),
(175, 'СТАЛ'),
(176, 'ОДН'),
(177, 'ПЕРВ'),
(178, 'МАГАЗИНОВ'),
(179, 'ОСУЩЕСТВЛЯ'),
(180, 'ON-LINE'),
(181, 'ПРОДАЖ'),
(182, 'МЕБЕЛ'),
(183, 'СПЕЦИАЛИЗИР'),
(184, 'ОПТОВ'),
(185, 'РОЗНИЧН'),
(186, 'ДОМ'),
(187, 'ОФИС'),
(188, 'ПРОИЗВОДСТВЕН'),
(189, 'ПОМЕЩЕН'),
(190, 'МЕБЕЛЬН'),
(191, 'ФУРНИТУР'),
(192, 'МОМЕНТ'),
(193, 'ПРЕДСТАВЛЯ'),
(194, 'СОБ'),
(195, 'КРУПН'),
(196, 'ВЛАДЕЮЩ'),
(197, 'ИНТЕРНЕТМАГАЗИН'),
(198, 'ИМЕЮЩ'),
(199, 'СЕТ'),
(200, 'ЕДИН'),
(201, 'CALL-ЦЕНТР'),
(202, 'КОТОР'),
(203, 'РЕГУЛИР'),
(204, 'ВСЮ'),
(205, 'ДЕЯТЕЛЬН'),
(206, 'ОТДЕЛ'),
(207, 'СЛУЖБ'),
(208, 'ШИРОК'),
(209, 'ШТАТ'),
(210, 'КВАЛИФИЦИРОВА'),
(211, 'СБОРЩИКОВ'),
(212, 'СБОРЩИК'),
(213, 'СОБСТВЕН'),
(214, 'НАЛИЧ'),
(215, 'ЗАПАС'),
(216, 'ТОВАРОВ'),
(217, 'НАС'),
(218, 'СЛОЖ'),
(219, 'ПАРТНЕРСК'),
(220, 'ОТНОШЕН'),
(221, 'ВЕДУЩ'),
(222, 'ПРОИЗВОДИТЕЛ'),
(223, 'ПОЗВОЛЯ'),
(224, 'ПРЕДЛАГА'),
(225, 'ВЫСОКОКАЧЕСТВЕН'),
(226, 'ПРОДУКЦ'),
(227, 'КОНКУРЕНТОСПОСОБН'),
(228, 'МОЖ'),
(229, 'ГОРД'),
(230, 'ТЕМ'),
(231, 'АССОРТИМЕНТОВ'),
(232, 'АССОРТИМЕНТ'),
(233, 'ГОРОД'),
(234, 'ОБЛАСТ'),
(235, 'РЕАЛЬН'),
(236, 'ШИРОЧАЙШ'),
(237, 'КАЧЕСТВЕН'),
(238, 'ОПИСАН'),
(239, 'ИЗОБРАЖЕН'),
(240, 'ПОИСК'),
(241, 'СИСТЕМ'),
(242, 'ОБРАТН'),
(243, 'СВЯЗ'),
(244, 'СЕРТИФИЦИРОВА'),
(245, 'ЛЕГАЛЬН'),
(246, 'ПРОИСХОЖДЕН'),
(247, 'ОБСЛУЖИВАН'),
(248, 'КУПЛЕН'),
(249, 'ВЫХОД'),
(250, 'БЫСТР'),
(251, 'СОГЛАСОВАН'),
(252, 'ОБМ'),
(253, 'НЕНАДЛЕЖА'),
(254, 'КАЧЕСТВ'),
(255, 'МНОГ'),
(256, 'ДРУГ'),
(257, 'ВСЕГД'),
(258, 'ОБЩЕН'),
(259, 'КАКИЕ-ЛИБ'),
(260, 'ПОЖЕЛАН'),
(261, 'ПРЕДЛОЖЕН'),
(262, 'ЗАМЕЧАН'),
(263, 'КАСА'),
(264, 'РАБОТ'),
(265, 'ПИШ'),
(266, 'НАМ'),
(267, 'БЛАГОДАРН'),
(268, 'ПРИМ'),
(269, 'МНЕН'),
(270, 'ЭЛЕКТРОН'),
(271, 'ПОЧТ'),
(272, 'SALE'),
(273, 'RUSSIANSHIK'),
(274, 'BUREAUIT'),
(275, 'COM'),
(276, 'ЗАДА'),
(277, 'ВОПРОС'),
(278, '495'),
(279, '212'),
(280, '85'),
(281, '06'),
(282, 'МОСКВ'),
(283, 'УЛ'),
(284, '2-Я'),
(285, 'ХУТОРСК'),
(286, '38'),
(287, 'УВЕЛИЧЕН'),
(288, 'КАРТ'),
(289, 'ВЫПОЛНЯ'),
(290, '500'),
(291, 'РУБ'),
(292, 'СОГЛАСОВЫВА'),
(293, 'ОБЯЗАТЕЛЬН'),
(294, 'СРАЗ'),
(295, 'ТОГ'),
(296, 'РАЗМЕСТ'),
(297, 'КОНФИДЕНЦИАЛЬН'),
(298, 'РЕГИСТРАЦИОН'),
(299, 'ГАРАНТИР'),
(300, 'ЕЖЕДНЕВН'),
(301, '00'),
(302, '20'),
(303, 'ЧАСОВ'),
(304, 'СУББОТ'),
(305, '14'),
(306, 'ВОСКРЕСЕН'),
(307, 'ЗАКАЗА'),
(308, 'ДОСТАВЛЯ'),
(309, 'ПОНЕДЕЛЬНИК'),
(310, 'ОСУЩЕСТВЛЕН'),
(311, 'ЗАВИС'),
(312, 'ВРЕМЕН'),
(313, 'РАЗМЕЩЕН'),
(314, 'ПОДТВЕРЖД'),
(315, '12'),
(316, 'ДОСТАВЛ'),
(317, 'РАБОЧ'),
(318, 'ДЕН'),
(319, 'МЕЖД'),
(320, '15'),
(321, '18'),
(322, 'УДОБН'),
(323, 'ИН'),
(324, 'НАСЕЛЕН'),
(325, 'ПУНКТ'),
(326, 'ОПРЕДЕЛЯ'),
(327, 'ДОГОВОРЕН'),
(328, 'МЕСТ'),
(329, 'ДОСТАВ'),
(330, 'СООБЩ'),
(331, 'НЕПОСРЕДСТВЕН'),
(332, 'ПРАВ'),
(333, 'ДОКУМЕНТ'),
(334, 'ОРГАНИЗАЦ'),
(335, 'СЧЕТ-ФАКТУР'),
(336, 'НАКЛАДН'),
(337, 'ПОСТАВ'),
(338, 'ПЕЧА'),
(339, 'ОБЛАДА'),
(340, 'КОРРЕКТИРОВК'),
(341, 'ВЫДЕЛЯ'),
(342, 'ГРАФ'),
(343, 'ПРОС'),
(344, 'ПОМН'),
(345, 'ТЕХНИЧЕСК'),
(346, 'ПАРАМЕТР'),
(347, 'ПОТРЕБИТЕЛЬСК'),
(348, 'СВОЙСТВ'),
(349, 'ПРИОБРЕТА'),
(350, 'УТОЧНЯ'),
(351, 'ОБЯЗАН'),
(352, 'РАБОТНИКОВ'),
(353, 'РАБОТНИК'),
(354, 'ВХОД'),
(355, 'КОНСУЛЬТАЦ'),
(356, 'КОММЕНТАРИЕВ'),
(357, 'КОММЕНТАР'),
(358, 'ОТНОСИТЕЛЬН'),
(359, 'ИНСТАЛЛЯЦ'),
(360, 'КОМПЛЕКТН'),
(361, 'ДОСТАВЛЕН'),
(362, 'РАБОТОСПОСОБН'),
(363, 'ПРОВЕРЬТ'),
(364, 'МЕХАНИЧЕСК'),
(365, 'ПОВРЕЖДЕН'),
(366, 'ЗАЯВЛЕН'),
(367, 'ПОЛУЧЕН'),
(368, 'ПРЕТЕНЗ'),
(369, 'ПОВОД'),
(370, 'ДАЛЬН'),
(371, 'ПОДОБН'),
(372, 'РАССМАТРИВА'),
(373, 'СЛУЧА'),
(374, 'ВОПРОСОВ'),
(375, 'ОБРАЩА'),
(376, 'КООРДИНАТ'),
(377, 'МНОГОКАНАЛЬН'),
(378, 'SKYPE'),
(379, 'SHIP'),
(380, 'EXAMPL'),
(381, 'ГАРАНТ'),
(382, 'ВАЖН'),
(383, 'СОСТАВЛЯ'),
(384, 'ПРОДАВА'),
(385, 'ОБЕСПЕЧ'),
(386, 'ФИРМЕН'),
(387, 'ФИРМ-ПРОИЗВОДИТЕЛ'),
(388, 'ПРАВИЛЬН'),
(389, 'ПОМАРОК'),
(390, 'ИСПРАВЛЕН'),
(391, 'ЗАПОЛНЕН'),
(392, 'ДОЛЖН'),
(393, 'МОДЕЛ'),
(394, 'СЕРИЙН'),
(395, 'ИЗДЕЛ'),
(396, 'ДАТ'),
(397, 'ТОРГ'),
(398, 'ПОДТВЕРЖДА'),
(399, 'ПОЛН'),
(400, 'КОМПЛЕКТАЦ'),
(401, 'ПОКУПАТЕЛ'),
(402, 'ПРИСУТСТВ'),
(403, 'ОБЯЗА'),
(404, 'ПРОВЕР'),
(405, 'ВНЕШН'),
(406, 'ВИД'),
(407, 'ПРЕДМЕТ'),
(408, 'ОТСУТСТВ'),
(409, 'ФИЗИЧЕСК'),
(410, 'ДЕФЕКТОВ'),
(411, 'ДЕФЕКТ'),
(412, 'ЦАРАПИН'),
(413, 'ТРЕЩИН'),
(414, 'СКОЛОВ'),
(415, 'СКОЛ'),
(416, 'ПОЛНОТ'),
(417, 'ОТЪЕЗД'),
(418, 'ПРИНИМА'),
(419, 'УТЕРЯ'),
(420, 'ЗАПОЛН'),
(421, 'ОБОРУДОВАН'),
(422, 'ПОСТАВЛ'),
(423, 'ТЕРРИТОР'),
(424, 'РФ'),
(425, 'НЕОФИЦИАЛЬН'),
(426, 'ИМЕЕТ'),
(427, 'ВСКРЫТ'),
(428, 'НАРУШ'),
(429, 'ЗАВОДСК'),
(430, 'ПЛОМБ'),
(431, 'ЭКСПЛУАТАЦ'),
(432, 'ТРАНСПОРТИРОВК'),
(433, 'ХРАНЕН'),
(434, 'ПРОВОД'),
(435, 'РЕМОНТ'),
(436, 'ЛИЦ'),
(437, 'СОТРУДНИК'),
(438, 'СЕРВИСН'),
(439, 'ЦЕНТР'),
(440, 'ИСПОЛЬЗОВА'),
(441, 'НЕОРИГИНАЛЬН'),
(442, 'КОМПЛЕКТ'),
(443, 'ПОДРОБН'),
(444, 'ПРЕДОСТАВЛЕН'),
(445, 'НАЙТ'),
(446, 'ДОКУМЕНТАЦ'),
(447, 'ПРИОБРЕТЕН'),
(448, 'ОДЕЖД'),
(449, 'ЛУЧШ'),
(450, 'КОЛЛЕКЦ'),
(451, 'ТРЕНД'),
(452, 'СЕЗОН'),
(453, 'РАЗДЕЛ'),
(454, 'ЛИЧН'),
(455, 'ТЕКУЩ'),
(456, 'СОСТОЯН'),
(457, 'ХОД'),
(458, 'ВЫПОЛНЕН'),
(459, 'ИНФОРМАЦИОН'),
(460, 'ОЗНАКОМ'),
(461, 'ПОСМОТРЕТ'),
(462, 'ПОДПИСК'),
(463, 'РЕЗУЛЬТАТ'),
(464, 'НАСТРОЙК'),
(465, 'ПОЛЬЗОВАТЕЛ'),
(466, 'ФОРУМ'),
(467, 'РОСС'),
(468, '23'),
(469, 'ФЕВРАЛ'),
(470, 'МЕРОПРИЯТ'),
(471, 'ОТРАСЛ'),
(472, 'ЭКСПОЗИЦ'),
(473, 'УЧАСТ'),
(474, 'СВЫШ'),
(475, '160'),
(476, 'БЕЛАРУС'),
(477, 'АВСТР'),
(478, 'ЛАТВ'),
(479, 'ЛИТВ'),
(480, 'ПОЛЬШ'),
(481, 'УКРАИН'),
(482, 'СОСТАВ'),
(483, 'ПЯТ'),
(484, 'ВЫСТАВОК'),
(485, 'МОСКОВСК'),
(486, 'ФЭШН'),
(487, 'САЛОН'),
(488, 'ТЕХНОЛОГ'),
(489, 'КОМФОРТ'),
(490, 'ПОВСЕДНЕВН'),
(491, 'ДЕТСК'),
(492, 'СТРО'),
(493, 'ПРИНЦИП'),
(494, 'ДВУХ'),
(495, 'ТЕМАТИЧЕСК'),
(496, 'СЕКТОРОВ'),
(497, 'СЕКТОР'),
(498, 'МАТЕРИАЛ'),
(499, 'ПРОИЗВОДСТВ'),
(500, 'ГОТОВ'),
(501, 'ПРЕДСТАВЛ'),
(502, 'ДЕТ'),
(503, 'МОЛОДЕЖ'),
(504, 'АКСЕССУАР'),
(505, 'СПОРТ'),
(506, 'ОТДЫХ'),
(507, 'МАТЕРИАЛОВ'),
(508, 'ДЕМОНСТРИРОВА'),
(509, 'НОВИНК'),
(510, 'РЫНК'),
(511, 'ОДЕЖН'),
(512, 'ТКАН'),
(513, 'ЭЛЕМЕНТОВ'),
(514, 'ЭЛЕМЕНТ'),
(515, 'АКСЕССУАРОВ'),
(516, 'ПОМИМ'),
(517, 'РАСШИРЕН'),
(518, 'ЭКСПОФОРУМ'),
(519, 'ПОДГОТОВ'),
(520, 'РАЗНООБРАЗН'),
(521, 'ДЕЛОВ'),
(522, 'ПРОГРАММ'),
(523, 'РАМК'),
(524, 'ВЫСТАВК'),
(525, 'СЕМИНАР'),
(526, 'МАСТЕР-КЛАСС'),
(527, 'ПОИСТИН'),
(528, 'МАСШТАБН'),
(529, 'ОБЕЩА'),
(530, 'СТАТ'),
(531, 'РЕСПУБЛИКАНСК'),
(532, 'КОНКУРС'),
(533, 'НАРОДН'),
(534, 'ПРИЗНАН'),
(535, 'СТАНОВ'),
(536, 'СМОТР'),
(537, 'ОБРАЗЦОВ'),
(538, 'ОБРАЗЦ'),
(539, 'ПРЕДОСТАВЛЯ'),
(540, 'СПЕЦИАЛИСТ'),
(541, 'ПОЗНАКОМ'),
(542, 'ТЕНДЕНЦ'),
(543, 'МОД'),
(544, 'ПРОВЕСТ'),
(545, 'ПЕРЕГОВОР'),
(546, 'ПОЛУЧ'),
(547, 'ПРАКТИЧЕСК'),
(548, 'УВИДЕТ'),
(549, 'ПЕРСПЕКТИВ'),
(550, 'РАЗВИТ'),
(551, 'НОВ'),
(552, 'КОНКУРЕНТН'),
(553, 'ПРЕИМУЩЕСТВ'),
(554, 'ВПЕРВ'),
(555, 'УЧАСТНИКОВ'),
(556, 'УЧАСТНИК'),
(557, 'ПОДГОТОВЛ'),
(558, 'МАРКЕТИНГОВ'),
(559, 'ОТЧЕТ'),
(560, 'ОПРОС'),
(561, 'ПОСЕТИТЕЛ'),
(562, 'ПРИЕМ'),
(563, 'ЗАЯВОК'),
(564, 'ЯНВАР'),
(565, 'МЕЖДУНАРОДН'),
(566, 'SALON'),
(567, 'DE'),
(568, 'FASHION'),
(569, 'БОЛ'),
(570, 'ИНТЕРЕСН'),
(571, 'ТИП'),
(572, 'ПЛАТЬЕВ'),
(573, 'ПЛАТ'),
(574, 'ШОРТ'),
(575, 'VIP-АКСЕССУАРОВ'),
(576, 'VIP-АКСЕССУАР'),
(577, 'ЗАЯВК'),
(578, 'ПОДА'),
(579, 'СО'),
(580, 'ВСЕГ'),
(581, 'МИР'),
(582, 'ПРЕДПОЛАГА'),
(583, 'ПРОВЕДЕН'),
(584, 'ПОСЕТ'),
(585, '300'),
(586, '000'),
(587, 'ТЫСЯЧ'),
(588, 'ЧЕЛОВЕК'),
(589, 'ОБЩ'),
(590, 'ПЛОЩАД'),
(591, '149'),
(592, '871'),
(593, 'КВ'),
(594, 'ГРАНДИОЗН'),
(595, '14-Й'),
(596, 'РАЗ'),
(597, 'ВЕЯН'),
(598, 'ПРОЧН'),
(599, 'ВОДОСТОЙК'),
(600, 'СОЕДИНЕН'),
(601, 'КЛЕЕВ'),
(602, 'ИЗОБРЕТЕН'),
(603, 'ОТНОС'),
(604, 'ПРИМЕНЕН'),
(605, 'КЛЕЯ'),
(606, 'СОСТАВОВ'),
(607, 'ИСПОЛЬЗУЕМ'),
(608, 'ОБРАБОТК'),
(609, 'КОЖ'),
(610, 'КОМПОЗИЦ'),
(611, 'ПРЕДНАЗНАЧ'),
(612, 'ГОРЯЧ'),
(613, 'ПРЕССОВАН'),
(614, 'МНОГОКОМПОНЕНТН'),
(615, 'ГИБК'),
(616, 'ОТВЕРДИТЕЛ'),
(617, 'ДАСТ'),
(618, 'ДЕЛА'),
(619, 'АППЛИКАЦ'),
(620, 'ТИПОВ'),
(621, 'АВТОР'),
(622, 'РАЗИНЬКОВ'),
(623, 'РАЗИНЬК'),
(624, 'ЕГОР'),
(625, 'МИХАЙЛОВИЧ'),
(626, 'ЗАЙЦЕВ'),
(627, 'ЗАЙЦ'),
(628, 'АН'),
(629, 'АНАТОЛЬЕВН'),
(630, 'ПАТЕНТ'),
(631, 'РОССИЙСК'),
(632, 'ФЕДЕРАЦ'),
(633, 'RU2277566'),
(634, 'ПРОТОТИП'),
(635, 'КЛЕ'),
(636, 'СОСТОЯ'),
(637, 'КАРБАМИДОФОРМАЛЬДЕГИДН'),
(638, 'СМОЛ'),
(639, 'СОПОЛИМЕР'),
(640, 'АКРИЛОНИТР'),
(641, 'N-ВИНИЛКАПРОЛАКТАМ'),
(642, 'ПРИМЕНЯ'),
(643, 'ХЛОРИСТ'),
(644, 'АММОН'),
(645, 'АКРИЛОВ'),
(646, 'КИСЛОТ'),
(647, 'РЕША'),
(648, 'ЗАДАЧ'),
(649, 'ДОСТИГА'),
(650, 'ВКЛЮЧА'),
(651, 'СИНТЕТИЧЕСК'),
(652, 'СОГЛАСН'),
(653, 'СОДЕРЖ'),
(654, 'МОДИФИКАТОР'),
(655, 'ПРИЧ'),
(656, 'КАРБАМИДОМЕЛАМИНОФОРМАЛЬДЕГИДН'),
(657, '2542'),
(658, '-НЫ'),
(659, 'РАСТВОР'),
(660, 'ЩАВЕЛЕВ'),
(661, 'СООТНОШЕН'),
(662, 'КОМПОНЕНТОВ'),
(663, 'КОМПОНЕНТ'),
(664, 'МАС'),
(665, '64'),
(666, '5-79'),
(667, '4-20'),
(668, '6-2'),
(669, '13'),
(670, '0-15'),
(671, 'ОБУВ'),
(672, 'СЛОЖН'),
(673, 'ПРЕДСТАВ'),
(674, 'ГАРДЕРОБ'),
(675, 'СОВРЕМЕН'),
(676, 'ТЩАТЕЛЬН'),
(677, 'ОСНОВАТЕЛЬН'),
(678, 'БОЛЬШ'),
(679, 'СТИЛЬН'),
(680, 'БОТИНК'),
(681, 'САПОГ'),
(682, 'ТУФЛ'),
(683, 'ФУНКЦ'),
(684, 'ОТВЕЧА'),
(685, 'ИНОГД'),
(686, 'ЗДОРОВ'),
(687, 'НОГ'),
(688, 'ПАНТОЛЕТ'),
(689, 'ЖЕНСК'),
(690, 'КАЖЕТ'),
(691, 'НЕПРАКТИЧН'),
(692, 'ДЕЛ'),
(693, 'ЛЕГК'),
(694, 'ИЗЯЩН'),
(695, 'ШЛЕПАНЦ'),
(696, 'УНИВЕРСАЛЬН'),
(697, 'ДЕВУШК'),
(698, 'ЧАЩ'),
(699, 'ПЛЯЖН'),
(700, 'КОНЕЧН'),
(701, 'ОФИСН'),
(702, 'ОБРАЗ'),
(703, 'ВРЯД'),
(704, 'СТАНЕТ'),
(705, 'УДАЧН'),
(706, 'РЕШЕН'),
(707, 'ОДНАК'),
(708, 'ОСТАЛЬН'),
(709, 'ПРЕДСТАВИТЕЛЬНИЦ'),
(710, 'ПРЕКРАСН'),
(711, 'АБСОЛЮТН'),
(712, 'СВОБОД'),
(713, 'ТАПОЧК'),
(714, 'ЯРК'),
(715, 'МУЖСК'),
(716, 'ДОМАШН'),
(717, 'УЮТ'),
(718, 'ПОЛНОЦЕН'),
(719, 'ПОМОГА'),
(720, 'РАССЛАБ'),
(721, 'ТЯЖЕЛ'),
(722, 'НАПРЯЖЕН'),
(723, 'ДНЯ'),
(724, 'ПРИЯТН'),
(725, 'ПРИД'),
(726, 'СМЕН'),
(727, 'ТЕСН'),
(728, 'ВЫСОК'),
(729, 'КАБЛУК'),
(730, 'КОМФОРТН'),
(731, 'СЧИТА'),
(732, 'СВОЕОБРАЗН'),
(733, 'ИНДИКАТОР'),
(734, 'ВКУС'),
(735, 'СВЕСТ'),
(736, 'УСИЛ'),
(737, 'СОСТАВЛЕН'),
(738, 'ЭФФЕКТН'),
(739, 'СТАНУТ'),
(740, 'АКЦЕНТ'),
(741, 'СКРОМН'),
(742, 'АНСАМБЛ'),
(743, 'БРЕНД'),
(744, 'ПРЕДСТАВИТЕЛ'),
(745, 'СИЛЬН'),
(746, 'НЕВЕРОЯТН'),
(747, 'ОГРОМН'),
(748, 'ВСЕВОЗМОЖН'),
(749, 'ФОРМ'),
(750, 'СТИЛЕВ'),
(751, 'ОТЛИЧ'),
(752, 'ТОМ'),
(753, 'СЕГОДН'),
(754, 'ПОПУЛЯРН'),
(755, 'СМЕШЕН'),
(756, 'НАПРАВЛЕН'),
(757, 'СТИЛ'),
(758, 'ПОЭТ'),
(759, 'СТРОГ'),
(760, 'СПОРТИВН'),
(761, 'НОТК'),
(762, 'ШТАН'),
(763, 'НИЖН'),
(764, 'БЕЛ'),
(765, 'ФУТБОЛК'),
(766, 'СОЗДА'),
(767, 'ЗАВЕРШЕН'),
(768, 'ИНДИВИДУАЛЬН'),
(769, 'НАСКОЛЬК'),
(770, 'ГАРМОНИЧН'),
(771, 'СМОТРЕТ'),
(772, 'СОЧЕТАН'),
(773, 'КАКОГО-ЛИБ'),
(774, 'РЕМН'),
(775, 'МОДН'),
(776, 'ПОЯС'),
(777, 'АТРИБУТ'),
(778, 'ЖЕНЩИН'),
(779, 'ПРОДУМА'),
(780, 'НАРЯД'),
(781, 'ПРИДЕРЖИВА'),
(782, 'БРЮК'),
(783, 'ПОДЧЕРКИВА'),
(784, 'ТАЛ'),
(785, 'ДЕКОРАТИВН'),
(786, 'ЧИСТ'),
(787, 'ПРАКТИЧН'),
(788, 'ЗАКЛЮЧА'),
(789, 'РЕМЕН'),
(790, 'ЗНАЧИМ'),
(791, 'ОТНОСЯ'),
(792, 'ПОМОЖЕТ'),
(793, 'СДЕЛА'),
(794, 'РЕСПЕКТАБЕЛЬН'),
(795, 'СОЛИДН'),
(796, 'ПОЛОСАТ'),
(797, 'РЕЙС'),
(798, 'БРЮКИ-КЛЕШ'),
(799, 'ИДЕАЛЬН'),
(800, 'СИД'),
(801, 'СТРОЙНОСТ'),
(802, 'ФИГУР'),
(803, 'ЗАСТЕЖК'),
(804, 'МОЛН'),
(805, 'ГАРМОНИРОВА'),
(806, 'ДЛИН'),
(807, 'ОК'),
(808, '100СМ'),
(809, 'ВНУТРЕН'),
(810, 'ШВУ'),
(811, '83СМ'),
(812, 'ШИРИН'),
(813, 'ВНИЗ'),
(814, '87СМ'),
(815, 'БРЮЧИН'),
(816, 'НАЗНАЧЕН'),
(817, 'ДЕМИСЕЗОН'),
(818, 'ЖЕНСТВЕН'),
(819, 'СТРАН'),
(820, 'ЖИЗН'),
(821, 'АБСТРАКЦ'),
(822, 'СВОБОДН'),
(823, 'ЭФФЕКТ'),
(824, 'РАЗОГРЕВА'),
(825, 'ХОДЬБ'),
(826, 'НЕЗАМЕНИМ'),
(827, 'ВЕЩ'),
(828, 'РЕПЕТИЦ'),
(829, 'ЗАНЯТ'),
(830, 'ТАНЦ'),
(831, 'СОЧЕТА'),
(832, 'КУПАЛЬНИК'),
(833, 'МАЙК'),
(834, 'ВСЯ'),
(835, 'ОТЕЧЕСТВЕН'),
(836, 'GRISHKO'),
(837, 'ЗАВЯЗК'),
(838, 'ГАБАРИТ'),
(839, 'ПРЕДМЕТОВ'),
(840, '58'),
(841, 'СМ'),
(842, '28'),
(843, 'ВЫСОТ'),
(844, 'ПОСАДК'),
(845, '30'),
(846, '29'),
(847, 'ЦВЕТОЧН'),
(848, 'ПОЛЯ'),
(849, 'ЦВЕТН'),
(850, 'МАТЕРИА'),
(851, 'КРО'),
(852, 'ДАР'),
(853, 'УВЕРЕН'),
(854, 'ДВИЖЕН'),
(855, 'ОТЛИЧН'),
(856, 'ВЕЛИКОЛЕПН'),
(857, 'ФАСОН'),
(858, 'КЛЕШ'),
(859, 'ПОМОГУТ'),
(860, 'КОСТЮМ'),
(861, 'ЗАСТЕГИВА'),
(862, 'СБОК'),
(863, 'ПОЗВОЛ'),
(864, 'ОБРАТ'),
(865, 'ОКРУЖА'),
(866, 'ПРИДА'),
(867, 'ЭКСТРАВАГАНТН'),
(868, '103'),
(869, '48'),
(870, '24'),
(871, '82'),
(872, 'ЛЕТ'),
(873, 'МОДНИЦ'),
(874, 'ПРОГУЛК'),
(875, 'НЕЗАБЫВА'),
(876, 'ОРИГИНАЛЬН'),
(877, 'ПОКР'),
(878, 'ВЫГОДН'),
(879, 'ПОДЧЕРКНУТ'),
(880, 'ДОСТОИНСТВ'),
(881, 'СЛУЧ'),
(882, 'МИД'),
(883, '92'),
(884, 'РУКАВ'),
(885, 'КОРОТК'),
(886, 'CASUAL'),
(887, 'КИТА'),
(888, 'ВЕСЕН'),
(889, 'ЛЕГКОСТ'),
(890, 'ТРИКОТАЖН'),
(891, 'РУКАВОВ'),
(892, 'ОКРУГЛ'),
(893, 'ВЫРЕЗ'),
(894, 'ГОРЛОВИН'),
(895, 'НЕБОЛЬШ'),
(896, 'СКЛАДК'),
(897, 'ЛИН'),
(898, 'ВТАЧН'),
(899, 'ФОРМИР'),
(900, 'ПРИВЛЕКАТЕЛЬН'),
(901, 'СИЛУЭТ'),
(902, 'БУДН'),
(903, '57'),
(904, 'ПРИТАЛЕН'),
(905, 'НОЧН'),
(906, 'ЭЛЕГАНТН'),
(907, 'ВИСКОЗН'),
(908, 'ДОБАВЛЕН'),
(909, 'ИСКУССТВЕН'),
(910, 'ВОЛОКОН'),
(911, 'ПОДЧЕРКНЕТ'),
(912, 'ТОНК'),
(913, 'МАСТЕРСТВ'),
(914, 'ПОДБОР'),
(915, 'НАРЯДОВ'),
(916, 'ОБЛАДАТЕЛЬНИЦ'),
(917, 'ПРЕВОСХОДН'),
(918, 'ОТКРЫВА'),
(919, 'ПЛЕЧ'),
(920, 'МИН'),
(921, '56'),
(922, 'ТУРЦ'),
(923, 'КРАСН'),
(924, 'ФЕ'),
(925, 'МОРСК'),
(926, 'ВОЛН'),
(927, 'ЗАМЕЧАТЕЛЬН'),
(928, 'ТРУСИКИ-СТРИНГ'),
(929, 'ЦЕЛЬНОВЯЗА'),
(930, 'ПОЯСН'),
(931, 'РЕЗИНК'),
(932, 'НЕЖН'),
(933, 'ПОДДЕРЖИВА'),
(934, 'ЖИВОТ'),
(935, 'РОДОВ'),
(936, 'РОД'),
(937, 'МЯГК'),
(938, 'ОБЛЕГА'),
(939, 'ВОССТАНОВИТЕЛЬН'),
(940, 'ПЕРИОД'),
(941, 'ОТКРЫТ'),
(942, 'ПОДХОД'),
(943, 'ОТДА'),
(944, 'ПРЕДПОЧТЕН'),
(945, 'ЮБК'),
(946, 'ЗАНИЖЕН'),
(947, 'ИЗГОТОВЛЕН'),
(948, 'ИСПОЛЬЗ'),
(949, 'ЭКОЛОГИЧЕСК'),
(950, 'ПОЛОТН'),
(951, '21'),
(952, 'КРУГЛОГОДИЧН'),
(953, 'ВТОР'),
(954, 'БЛАГОДАР'),
(955, 'НАСТРОЕН'),
(956, 'НОСТАЛЬГ'),
(957, 'НОШЕН'),
(958, 'ОБЕСПЕЧИВА'),
(959, 'ВЫСОКОФУНКЦИОНАЛЬН'),
(960, 'ТРУСИКИ-СЛИП'),
(961, 'ЭЛАСТИЧН'),
(962, 'КРУЖЕВ'),
(963, 'КРУЖ'),
(964, 'ИЗУМИТЕЛЬН'),
(965, 'ПОДЧЕРКИВ'),
(966, 'ИЗЯЩЕСТВ'),
(967, 'ПРИСТРАСТ'),
(968, 'КО'),
(969, 'ВСЕМ'),
(970, 'КРАСИВ'),
(971, 'ЛАСТОВИЦ'),
(972, 'ВЫПОЛН'),
(973, 'ХЛОПК'),
(974, 'РАЗДРАЖА'),
(975, 'ЧУВСТВИТЕЛЬН'),
(976, 'ШТУК'),
(977, 'ТРУСИКОВ'),
(978, 'ТРУСИК'),
(979, '11'),
(980, 'ИНТИМН'),
(981, 'ВЕЧЕР'),
(982, 'ПОЛУПРОЗРАЧН'),
(983, 'ВСТАВК'),
(984, 'ВЕРН'),
(985, 'СПУТНИК'),
(986, 'ВЕД'),
(987, 'СИДЕТ'),
(988, 'ВЛИТ'),
(989, 'КАПЛ'),
(990, 'ДИСКОМФОРТ'),
(991, '22'),
(992, 'ФРАНЦ'),
(993, 'НОЧ'),
(994, 'МОРОЗН'),
(995, 'УЗОРОВ'),
(996, 'УЗОР'),
(997, 'НЕГЛИЖ'),
(998, 'БРЕТЕЛЬК'),
(999, 'УКРАШ'),
(1000, 'СКОВЫВА'),
(1001, 'ТРУСОВ'),
(1002, 'ТРУС'),
(1003, '65'),
(1004, 'ОГОНЕК'),
(1005, 'МИЛ'),
(1006, 'ФИРМ'),
(1007, 'VIS-A-VIS'),
(1008, 'ОЧАРОВАТЕЛЬН'),
(1009, 'СЯДУТ'),
(1010, 'ОБЕСПЕЧАТ'),
(1011, 'МАКСИМАЛЬН'),
(1012, 'ДВО'),
(1013, 'РОЗОВ'),
(1014, 'СМУЩЕН'),
(1015, 'ПОТРЯСА'),
(1016, 'БЮСТГАЛЬТЕР'),
(1017, 'СЪЕМН'),
(1018, 'БРЕТЕЛ'),
(1019, 'РЕГУЛИРУЕМ'),
(1020, 'ЧУВСТВЕН'),
(1021, 'ГЛУБОК'),
(1022, 'ДЕКОЛЬТ'),
(1023, 'САТИНОВ'),
(1024, 'ЛЕНТ'),
(1025, 'СЗАД'),
(1026, 'КРЮЧК'),
(1027, 'ЧАШЕЧК'),
(1028, 'КОСТОЧК'),
(1029, 'ПУШАП'),
(1030, 'ФАКТУР'),
(1031, 'КРУЖЕВН'),
(1032, 'БАНТ'),
(1033, 'БРЕТЕЛЕК'),
(1034, 'СЕКСУАЛЬН'),
(1035, 'НАСТУПА'),
(1036, 'ЧИСТОТ'),
(1037, 'V-ОБРАЗН'),
(1038, 'ДОПОЛНЕН'),
(1039, 'НАТУРАЛЬН'),
(1040, 'ХЛОПКОВ'),
(1041, 'ОЩУП'),
(1042, '19'),
(1043, '68'),
(1044, 'ГОРОДСК'),
(1045, 'БЕЛЬГ'),
(1046, 'БАНГЛАДЕШ'),
(1047, 'УЛЬТРАМОДН'),
(1048, 'ИСПОЛЬЗОВАН'),
(1049, '66'),
(1050, 'ОГОН'),
(1051, 'ПОКРО'),
(1052, 'СПЕРЕД'),
(1053, 'ОФОРМЛ'),
(1054, 'СТРОЧК'),
(1055, 'ИЗРАИЛ'),
(1056, 'СОБЛАЗН'),
(1057, 'УКРАША'),
(1058, 'ПРИНТ'),
(1059, 'ТЕПЛОТ'),
(1060, 'КУРТК'),
(1061, 'МАНЖЕТ'),
(1062, 'НИЗ'),
(1063, 'КАПЮШОН'),
(1064, 'РУК'),
(1065, 'СВОРАЧИВА'),
(1066, 'УБИРА'),
(1067, 'ВОРОТ'),
(1068, 'СКЛАДЫВА'),
(1069, 'МАЛЕНЬК'),
(1070, 'СУМОЧК'),
(1071, 'ИДЕТ'),
(1072, 'ЛИПУЧК'),
(1073, '79'),
(1074, 'КАРМАНОВ'),
(1075, 'КАРМАН'),
(1076, '75'),
(1077, '34'),
(1078, '78'),
(1079, 'ШВЕЦ'),
(1080, 'ТОЛСТОВК'),
(1081, 'ВОРОТНИК'),
(1082, 'СТОЙК'),
(1083, 'КОНТРАСТН'),
(1084, 'ЦВЕТ'),
(1085, 'ПРЯМ'),
(1086, 'ИМЕЮТ'),
(1087, 'ПРОРЕЗН'),
(1088, 'КАРМА'),
(1089, 'ШНУРК'),
(1090, '62'),
(1091, '55'),
(1092, '83'),
(1093, 'ДОПОЛН'),
(1094, '101'),
(1095, '74'),
(1096, '80'),
(1097, 'ГЕРМАН'),
(1098, 'ВИХР'),
(1099, 'СВИТШОТ'),
(1100, 'СПИНК'),
(1101, 'ДЕКОРИРОВА'),
(1102, 'НАНЕСЕН'),
(1103, 'ШЕЛКОГРАФ'),
(1104, 'НОСК'),
(1105, '63'),
(1106, '27'),
(1107, 'ДЫХАН'),
(1108, 'КОМБИНЕЗОН'),
(1109, 'БРЕТЕЛЬ-АМЕРИКАНК'),
(1110, '90'),
(1111, '94'),
(1112, 'ВЕЧЕРН'),
(1113, 'МАР'),
(1114, 'ШАРАПОВ'),
(1115, 'ТЕННИСИСТК'),
(1116, '2-О'),
(1117, 'РАКЕТК'),
(1118, 'ЗАСЛУЖЕН'),
(1119, 'МАСТЕР'),
(1120, 'ОСОБЕН'),
(1121, 'DRI-FIT'),
(1122, 'ДЫША'),
(1123, 'СПОРТСМЕН'),
(1124, 'СУХОСТ'),
(1125, 'КОНСТРУКЦ'),
(1126, 'ПЛОСК'),
(1127, 'ШВОВ'),
(1128, 'СВОД'),
(1129, 'НАТИРАН'),
(1130, 'НУЛ'),
(1131, 'ПРЕДОТВРА'),
(1132, 'ПОЯВЛЕН'),
(1133, 'РАЗДРАЖЕН'),
(1134, 'СЕТЧАТ'),
(1135, 'ТЕПЛОСТОЙК'),
(1136, 'ПОВЕРХН'),
(1137, 'УЛУЧША'),
(1138, 'ВЕНТИЛЯЦ'),
(1139, 'ВШИТ'),
(1140, 'БРА'),
(1141, 'ЭФФЕКТИВН'),
(1142, 'ПОДДЕРЖК'),
(1143, 'SWOOSH'),
(1144, 'ЛОГОТИП'),
(1145, 'ДОПОЛНЯ'),
(1146, 'РА'),
(1147, 'СИМПАТИЧН'),
(1148, 'УКРАШЕН'),
(1149, 'ВЫШИВК'),
(1150, 'МЫШК'),
(1151, 'РИСУНК'),
(1152, 'ПОЛОСК'),
(1153, 'УЮТН'),
(1154, 'ПЛАТФОРМ'),
(1155, 'НИЗК'),
(1156, 'ВЕРХ'),
(1157, 'ТЕКСТИЛ'),
(1158, 'ПОДОШВ'),
(1159, 'РЕЗИН'),
(1160, 'ПОДКЛАДК'),
(1161, 'ЛЮБИМ'),
(1162, 'СОГРЕЮТ'),
(1163, 'ЗАКРУГЛЕН'),
(1164, 'МЫСК'),
(1165, 'ОТСТРОЧК'),
(1166, 'НАШИВК'),
(1167, 'ПОЛИМЕР'),
(1168, 'ЛЕТН'),
(1169, 'ЛАКОНИЧН'),
(1170, 'ИСПОЛНЕН'),
(1171, 'КЛАССИЧЕСК'),
(1172, 'РАСЦВЕТК'),
(1173, 'МУЖЧИН'),
(1174, 'МЫСОК'),
(1175, 'СРЕДН'),
(1176, 'БАБОЧК'),
(1177, 'ЗАПОМИНА'),
(1178, 'ИЗГОТОВЛ'),
(1179, 'ТУНИТ'),
(1180, 'РЕМЕШК'),
(1181, 'ПРОСТРОЧК'),
(1182, 'КОСТ'),
(1183, 'ПЛЯЖ'),
(1184, 'КАУЧУК'),
(1185, 'ПОЛЕТ'),
(1186, 'ВАЛЬКИР'),
(1187, 'КОМПЕНСИРОВА'),
(1188, 'ПЕРЕД'),
(1189, 'ЛАКОВ'),
(1190, 'ЛАК'),
(1191, 'ПОКРЫТ'),
(1192, 'СОЗДАН'),
(1193, 'УЛЬТР'),
(1194, 'ЛАЙН'),
(1195, 'СДЕРЖА'),
(1196, 'ДИЗАЙН'),
(1197, 'БЛАГОРОДН'),
(1198, 'ОТТЕНК'),
(1199, 'СТЕЛЬК'),
(1200, 'РАДУГ'),
(1201, 'ТЕКСТИЛЬН'),
(1202, 'МЕТАЛЛИЧЕСК'),
(1203, 'ПРЯЖК'),
(1204, '105'),
(1205, 'РАЗМЕР'),
(1206, 'РУМЫН'),
(1207, 'КЛАСИК'),
(1208, 'УМЕНЬШЕН'),
(1209, 'УХОД'),
(1210, 'НАТЕРЕТ'),
(1211, 'ВОЙЛОК'),
(1212, 'ВЛАЖН'),
(1213, 'ТРЯПОЧК'),
(1214, 'ИТАЛ'),
(1215, 'КОЖАН'),
(1216, '98'),
(1217, 'ХАРАКТЕРИСТИК'),
(1218, '106'),
(1219, 'ПЛЕТЕН'),
(1220, 'АКТУАЛЬН'),
(1221, '108'),
(1222, 'ГРУБ'),
(1223, '118'),
(1224, '177-77-02'),
(1225, '177-77-04'),
(1226, '177-77-05'),
(1227, '177-77-06'),
(1228, '177-77-07'),
(1229, '177-77-09'),
(1230, '177-77-11'),
(1231, '177-77-12'),
(1232, '177-77-13'),
(1233, '177-77-14'),
(1234, '177-77-16'),
(1235, '177-77-18'),
(1236, '177-77-19'),
(1237, '177-77-20'),
(1238, '177-77-21'),
(1239, '177-77-23'),
(1240, '177-77-25'),
(1241, '177-77-26'),
(1242, '177-77-27'),
(1243, '177-77-28'),
(1244, '177-78-02'),
(1245, '177-78-04'),
(1246, '177-78-05'),
(1247, '177-78-06'),
(1248, '177-78-07'),
(1249, '177-78-09'),
(1250, '177-78-11'),
(1251, '177-78-12'),
(1252, '177-78-13'),
(1253, '177-78-14'),
(1254, '177-79-02'),
(1255, '177-79-04'),
(1256, '177-79-05'),
(1257, '177-79-06'),
(1258, '177-79-07'),
(1259, '177-79-09'),
(1260, '177-79-11'),
(1261, '177-79-12'),
(1262, '177-79-13'),
(1263, '177-79-14'),
(1264, '177-79-16'),
(1265, '177-79-18'),
(1266, '177-79-19'),
(1267, '177-79-20'),
(1268, '177-79-21'),
(1269, '177-79-27'),
(1270, '177-79-22'),
(1271, '177-79-23'),
(1272, '177-79-24'),
(1273, '177-79-25'),
(1274, '144-12-07'),
(1275, '144-12-02'),
(1276, '144-12-03'),
(1277, '144-12-04'),
(1278, '144-12-05'),
(1279, '144-13-02'),
(1280, '144-13-04'),
(1281, '144-13-05'),
(1282, '144-13-06'),
(1283, '144-13-07'),
(1284, '144-14-02'),
(1285, '144-14-04'),
(1286, '144-14-05'),
(1287, '144-14-06'),
(1288, '144-14-07'),
(1289, '144-15-02'),
(1290, '144-15-04'),
(1291, '144-15-05'),
(1292, '144-15-06'),
(1293, '144-15-07'),
(1294, '235-77-02'),
(1295, '235-77-04'),
(1296, '235-77-05'),
(1297, '235-77-06'),
(1298, '235-77-07'),
(1299, '235-78-06'),
(1300, '235-78-04'),
(1301, '235-78-03'),
(1302, '235-78-02'),
(1303, '235-78-01'),
(1304, '235-79-13'),
(1305, '235-79-11'),
(1306, '235-79-10'),
(1307, '235-79-09'),
(1308, '235-79-08'),
(1309, '235-79-06'),
(1310, '235-79-04'),
(1311, '235-79-03'),
(1312, '235-79-02'),
(1313, '235-79-01'),
(1314, '235-80-06'),
(1315, '235-80-04'),
(1316, '235-80-03'),
(1317, '235-80-02'),
(1318, '235-80-01'),
(1319, '235-81-06'),
(1320, '235-81-04'),
(1321, '235-81-03'),
(1322, '235-81-02'),
(1323, '235-81-01'),
(1324, '235-82-06'),
(1325, '235-82-04'),
(1326, '235-82-03'),
(1327, '235-82-02'),
(1328, '235-82-01'),
(1329, '235-83-06'),
(1330, '235-83-04'),
(1331, '235-83-03'),
(1332, '235-83-02'),
(1333, '235-83-01'),
(1334, '137-11-06'),
(1335, '137-11-04'),
(1336, '137-11-03'),
(1337, '137-11-02'),
(1338, '137-11-01'),
(1339, '137-12-06'),
(1340, '137-12-04'),
(1341, '137-12-03'),
(1342, '137-12-02'),
(1343, '137-12-01'),
(1344, '137-13-06'),
(1345, '137-13-04'),
(1346, '137-13-03'),
(1347, '137-13-02'),
(1348, '137-13-01'),
(1349, '137-14-06'),
(1350, '137-14-04'),
(1351, '137-14-03'),
(1352, '137-14-02'),
(1353, '137-14-01'),
(1354, '137-15-06'),
(1355, '137-15-04'),
(1356, '137-15-03'),
(1357, '137-15-02'),
(1358, '137-15-01'),
(1359, '189-01-06'),
(1360, '189-01-04'),
(1361, '189-01-03'),
(1362, '189-01-02'),
(1363, '189-01-01'),
(1364, '189-02-06'),
(1365, '189-02-04'),
(1366, '189-02-03'),
(1367, '189-02-02'),
(1368, '189-02-01'),
(1369, '189-03-06'),
(1370, '189-03-04'),
(1371, '189-03-03'),
(1372, '189-03-02'),
(1373, '189-03-01'),
(1374, '189-04-06'),
(1375, '189-04-04'),
(1376, '189-04-03'),
(1377, '189-04-02'),
(1378, '189-04-01'),
(1379, '189-05-06'),
(1380, '189-05-04'),
(1381, '189-05-03'),
(1382, '189-05-02'),
(1383, '189-05-01'),
(1384, '189-06-06'),
(1385, '189-06-04'),
(1386, '189-06-03'),
(1387, '189-06-02'),
(1388, '189-06-01'),
(1389, '174-15-06'),
(1390, '174-15-04'),
(1391, '174-15-03'),
(1392, '174-15-02'),
(1393, '174-15-01'),
(1394, '174-16-06'),
(1395, '174-16-04'),
(1396, '174-16-03'),
(1397, '174-16-02'),
(1398, '174-16-01'),
(1399, '174-17-06'),
(1400, '174-17-04'),
(1401, '174-17-03'),
(1402, '174-17-02'),
(1403, '174-17-01'),
(1404, '174-18-06'),
(1405, '174-18-04'),
(1406, '174-18-03'),
(1407, '174-18-02'),
(1408, '174-18-01'),
(1409, '174-19-06'),
(1410, '174-19-04'),
(1411, '174-19-03'),
(1412, '174-19-02'),
(1413, '174-19-01'),
(1414, '174-20-06'),
(1415, '174-20-04'),
(1416, '174-20-03'),
(1417, '174-20-02'),
(1418, '174-20-01'),
(1419, '174-21-34'),
(1420, '174-21-32'),
(1421, '174-21-31'),
(1422, '174-21-30'),
(1423, '174-21-29'),
(1424, '174-21-27'),
(1425, '174-21-25'),
(1426, '174-21-24'),
(1427, '174-21-23'),
(1428, '174-21-22'),
(1429, '174-21-13'),
(1430, '174-21-11'),
(1431, '174-21-10'),
(1432, '174-21-09'),
(1433, '174-21-08'),
(1434, '174-21-06'),
(1435, '174-21-04'),
(1436, '174-21-03'),
(1437, '174-21-02'),
(1438, '174-21-01'),
(1439, '188-11-41'),
(1440, '188-11-39'),
(1441, '188-11-38'),
(1442, '188-11-37'),
(1443, '188-11-36'),
(1444, '188-11-34'),
(1445, '188-11-32'),
(1446, '188-11-31'),
(1447, '188-11-30'),
(1448, '188-11-29'),
(1449, '188-11-27'),
(1450, '188-11-25'),
(1451, '188-11-24'),
(1452, '188-11-23'),
(1453, '188-11-22'),
(1454, '188-11-20'),
(1455, '188-11-18'),
(1456, '188-11-17'),
(1457, '188-11-16'),
(1458, '188-11-15'),
(1459, '188-11-13'),
(1460, '188-11-11'),
(1461, '188-11-10'),
(1462, '188-11-09'),
(1463, '188-11-08'),
(1464, '188-11-06'),
(1465, '188-11-04'),
(1466, '188-11-03'),
(1467, '188-11-02'),
(1468, '188-11-01'),
(1469, '188-12-05'),
(1470, '188-12-03'),
(1471, '188-12-02'),
(1472, '188-12-01'),
(1473, '188-12-07'),
(1474, '188-13-06'),
(1475, '188-13-04'),
(1476, '188-13-03'),
(1477, '188-13-02'),
(1478, '188-13-01'),
(1479, '188-14-06'),
(1480, '188-14-04'),
(1481, '188-14-03'),
(1482, '188-14-02'),
(1483, '188-14-01'),
(1484, '188-15-02'),
(1485, '188-15-04'),
(1486, '188-15-05'),
(1487, '188-15-06'),
(1488, '188-15-07'),
(1489, '188-16-06'),
(1490, '188-16-04'),
(1491, '188-16-03'),
(1492, '188-16-02'),
(1493, '188-16-01'),
(1494, 'ШУБ'),
(1495, 'СУПЕР'),
(1496, 'ОТЗЫВ'),
(1497, 'ЗДЕ'),
(1498, 'ХРАН'),
(1499, 'СЫР'),
(1500, 'ШКУР'),
(1501, 'СЛОН'),
(1502, 'МЕХОВ'),
(1503, 'ШКУРК'),
(1504, 'TITL'),
(1505, 'H1'),
(1506, 'ОПТ'),
(1507, 'ОБЫКНОВЕН'),
(1508, 'ЛРГНГЩНР'),
(1509, 'ПОШ'),
(1510, 'ШАПК'),
(1511, 'НОРКОВ'),
(1512, 'НОРИАЛЬН'),
(1513, 'МЕХ'),
(1514, 'НОРК'),
(1515, 'ПАП'),
(1516, 'МАМ'),
(1517, 'БОБЕР'),
(1518, 'ДЕТАЛЬН'),
(1519, 'НОРМАЛЬН'),
(1520, 'УХАЖИВА'),
(1521, 'НЕЛЕГК'),
(1522, 'НИМ'),
(1523, 'УДОВОЛЬСТВ'),
(1524, 'ДЕШЕВ'),
(1525, 'ХОЧЕТ'),
(1526, 'РАДОВА'),
(1527, 'ДОЛГ'),
(1528, 'ИТАК'),
(1529, 'ШУБК'),
(1530, 'СЛУЖ'),
(1531, 'СЛЕДОВА'),
(1532, 'ПРАВИЛ'),
(1533, 'КАТЕГОРИЧЕСК'),
(1534, 'РЕКОМЕНД'),
(1535, 'НОС'),
(1536, 'КОНТАКТ'),
(1537, 'СУМК'),
(1538, 'ВОРС'),
(1539, 'СЛОМА'),
(1540, 'ВОВС'),
(1541, 'СОТРЕТ'),
(1542, 'ВЫПАДЕТ'),
(1543, 'СОХРАН'),
(1544, 'СТО'),
(1545, 'ПЕРЕЙТ'),
(1546, 'ПОРТФЕЛ'),
(1547, 'ПЕРЕСУШК'),
(1548, 'СУШ'),
(1549, 'ВБЛИЗ'),
(1550, 'НАГРЕВАТЕЛЬН'),
(1551, 'ПРИБОРОВ'),
(1552, 'ПРИБОР'),
(1553, 'СОЛНЕЧН'),
(1554, 'ЛУЧ'),
(1555, 'ОБОГРЕВ'),
(1556, 'ОБОГР'),
(1557, 'СИДЕН'),
(1558, 'АВТОМОБИЛ'),
(1559, 'КРОМ'),
(1560, 'НЕЛЬЗ'),
(1561, 'СТОЯ'),
(1562, 'ВОЗЛ'),
(1563, 'ВЫХЛОПН'),
(1564, 'ТРУБ'),
(1565, 'МИНУТ'),
(1566, 'ВПОЛН'),
(1567, 'ДОСТАТОЧН'),
(1568, 'УБ'),
(1569, 'КРАЙН'),
(1570, 'НЕЖЕЛАТЕЛЬН'),
(1571, 'ДУХ'),
(1572, 'ВОЛОС'),
(1573, 'АЭРОЗОЛЬН'),
(1574, 'РАСПЫЛИТЕЛ'),
(1575, 'СОВЕТ'),
(1576, 'ПОРТН'),
(1577, 'TEXT'),
(1578, 'HERE');

-- --------------------------------------------------------

--
-- Структура таблицы `b_search_suggest`
--

CREATE TABLE IF NOT EXISTS `b_search_suggest` (
  `ID` int(11) NOT NULL AUTO_INCREMENT,
  `SITE_ID` char(2) NOT NULL,
  `FILTER_MD5` varchar(32) NOT NULL,
  `PHRASE` varchar(250) NOT NULL,
  `RATE` float NOT NULL,
  `TIMESTAMP_X` datetime NOT NULL,
  `RESULT_COUNT` int(11) NOT NULL,
  PRIMARY KEY (`ID`),
  KEY `IND_B_SEARCH_SUGGEST` (`FILTER_MD5`,`PHRASE`(50),`RATE`),
  KEY `IND_B_SEARCH_SUGGEST_PHRASE` (`PHRASE`(50),`RATE`),
  KEY `IND_B_SEARCH_SUGGEST_TIME` (`TIMESTAMP_X`)
) ENGINE=MyISAM DEFAULT CHARSET=cp1251 AUTO_INCREMENT=1 ;

-- --------------------------------------------------------

--
-- Структура таблицы `b_search_tags`
--

CREATE TABLE IF NOT EXISTS `b_search_tags` (
  `SEARCH_CONTENT_ID` int(11) NOT NULL,
  `SITE_ID` char(2) NOT NULL,
  `NAME` varchar(255) CHARACTER SET cp1251 COLLATE cp1251_bin NOT NULL,
  PRIMARY KEY (`SEARCH_CONTENT_ID`,`SITE_ID`,`NAME`),
  KEY `IX_B_SEARCH_TAGS_0` (`NAME`)
) ENGINE=MyISAM DEFAULT CHARSET=cp1251 DELAY_KEY_WRITE=1;

-- --------------------------------------------------------

--
-- Структура таблицы `b_search_user_right`
--

CREATE TABLE IF NOT EXISTS `b_search_user_right` (
  `USER_ID` int(11) NOT NULL,
  `GROUP_CODE` varchar(100) NOT NULL,
  UNIQUE KEY `UX_B_SEARCH_USER_RIGHT` (`USER_ID`,`GROUP_CODE`)
) ENGINE=MyISAM DEFAULT CHARSET=cp1251;

-- --------------------------------------------------------

--
-- Структура таблицы `b_security_sitecheck`
--

CREATE TABLE IF NOT EXISTS `b_security_sitecheck` (
  `ID` int(11) NOT NULL AUTO_INCREMENT,
  `TEST_DATE` datetime DEFAULT NULL,
  `RESULTS` longtext,
  PRIMARY KEY (`ID`)
) ENGINE=MyISAM DEFAULT CHARSET=cp1251 AUTO_INCREMENT=1 ;

-- --------------------------------------------------------

--
-- Структура таблицы `b_sec_filter_mask`
--

CREATE TABLE IF NOT EXISTS `b_sec_filter_mask` (
  `ID` int(11) NOT NULL AUTO_INCREMENT,
  `SORT` int(11) NOT NULL DEFAULT '10',
  `SITE_ID` char(2) DEFAULT NULL,
  `FILTER_MASK` varchar(250) DEFAULT NULL,
  `LIKE_MASK` varchar(250) DEFAULT NULL,
  `PREG_MASK` varchar(250) DEFAULT NULL,
  PRIMARY KEY (`ID`)
) ENGINE=MyISAM DEFAULT CHARSET=cp1251 AUTO_INCREMENT=1 ;

-- --------------------------------------------------------

--
-- Структура таблицы `b_sec_frame_mask`
--

CREATE TABLE IF NOT EXISTS `b_sec_frame_mask` (
  `ID` int(11) NOT NULL AUTO_INCREMENT,
  `SORT` int(11) NOT NULL DEFAULT '10',
  `SITE_ID` char(2) DEFAULT NULL,
  `FRAME_MASK` varchar(250) DEFAULT NULL,
  `LIKE_MASK` varchar(250) DEFAULT NULL,
  `PREG_MASK` varchar(250) DEFAULT NULL,
  PRIMARY KEY (`ID`)
) ENGINE=MyISAM DEFAULT CHARSET=cp1251 AUTO_INCREMENT=1 ;

-- --------------------------------------------------------

--
-- Структура таблицы `b_sec_iprule`
--

CREATE TABLE IF NOT EXISTS `b_sec_iprule` (
  `ID` int(11) NOT NULL AUTO_INCREMENT,
  `RULE_TYPE` char(1) NOT NULL DEFAULT 'M',
  `ACTIVE` char(1) NOT NULL DEFAULT 'Y',
  `ADMIN_SECTION` char(1) NOT NULL DEFAULT 'Y',
  `SITE_ID` char(2) DEFAULT NULL,
  `SORT` int(11) NOT NULL DEFAULT '500',
  `ACTIVE_FROM` datetime DEFAULT NULL,
  `ACTIVE_FROM_TIMESTAMP` int(11) DEFAULT NULL,
  `ACTIVE_TO` datetime DEFAULT NULL,
  `ACTIVE_TO_TIMESTAMP` int(11) DEFAULT NULL,
  `NAME` varchar(250) DEFAULT NULL,
  PRIMARY KEY (`ID`),
  KEY `ix_b_sec_iprule_active_to` (`ACTIVE_TO`)
) ENGINE=MyISAM DEFAULT CHARSET=cp1251 AUTO_INCREMENT=1 ;

-- --------------------------------------------------------

--
-- Структура таблицы `b_sec_iprule_excl_ip`
--

CREATE TABLE IF NOT EXISTS `b_sec_iprule_excl_ip` (
  `IPRULE_ID` int(11) NOT NULL,
  `RULE_IP` varchar(50) NOT NULL,
  `SORT` int(11) NOT NULL DEFAULT '500',
  `IP_START` bigint(18) DEFAULT NULL,
  `IP_END` bigint(18) DEFAULT NULL,
  PRIMARY KEY (`IPRULE_ID`,`RULE_IP`)
) ENGINE=MyISAM DEFAULT CHARSET=cp1251;

-- --------------------------------------------------------

--
-- Структура таблицы `b_sec_iprule_excl_mask`
--

CREATE TABLE IF NOT EXISTS `b_sec_iprule_excl_mask` (
  `IPRULE_ID` int(11) NOT NULL,
  `RULE_MASK` varchar(250) NOT NULL DEFAULT '',
  `SORT` int(11) NOT NULL DEFAULT '500',
  `LIKE_MASK` varchar(250) DEFAULT NULL,
  `PREG_MASK` varchar(250) DEFAULT NULL,
  PRIMARY KEY (`IPRULE_ID`,`RULE_MASK`)
) ENGINE=MyISAM DEFAULT CHARSET=cp1251;

-- --------------------------------------------------------

--
-- Структура таблицы `b_sec_iprule_incl_ip`
--

CREATE TABLE IF NOT EXISTS `b_sec_iprule_incl_ip` (
  `IPRULE_ID` int(11) NOT NULL,
  `RULE_IP` varchar(50) NOT NULL,
  `SORT` int(11) NOT NULL DEFAULT '500',
  `IP_START` bigint(18) DEFAULT NULL,
  `IP_END` bigint(18) DEFAULT NULL,
  PRIMARY KEY (`IPRULE_ID`,`RULE_IP`)
) ENGINE=MyISAM DEFAULT CHARSET=cp1251;

-- --------------------------------------------------------

--
-- Структура таблицы `b_sec_iprule_incl_mask`
--

CREATE TABLE IF NOT EXISTS `b_sec_iprule_incl_mask` (
  `IPRULE_ID` int(11) NOT NULL,
  `RULE_MASK` varchar(250) NOT NULL DEFAULT '',
  `SORT` int(11) NOT NULL DEFAULT '500',
  `LIKE_MASK` varchar(250) DEFAULT NULL,
  `PREG_MASK` varchar(250) DEFAULT NULL,
  PRIMARY KEY (`IPRULE_ID`,`RULE_MASK`)
) ENGINE=MyISAM DEFAULT CHARSET=cp1251;

-- --------------------------------------------------------

--
-- Структура таблицы `b_sec_redirect_url`
--

CREATE TABLE IF NOT EXISTS `b_sec_redirect_url` (
  `IS_SYSTEM` char(1) NOT NULL DEFAULT 'Y',
  `SORT` int(11) NOT NULL DEFAULT '500',
  `URL` varchar(250) NOT NULL,
  `PARAMETER_NAME` varchar(250) NOT NULL
) ENGINE=MyISAM DEFAULT CHARSET=cp1251;

--
-- Дамп данных таблицы `b_sec_redirect_url`
--

INSERT INTO `b_sec_redirect_url` (`IS_SYSTEM`, `SORT`, `URL`, `PARAMETER_NAME`) VALUES
('Y', 10, '/bitrix/redirect.php', 'goto'),
('Y', 20, '/bitrix/rk.php', 'goto'),
('Y', 30, '/bitrix/click.php', 'goto');

-- --------------------------------------------------------

--
-- Структура таблицы `b_sec_session`
--

CREATE TABLE IF NOT EXISTS `b_sec_session` (
  `SESSION_ID` varchar(250) NOT NULL,
  `TIMESTAMP_X` timestamp NOT NULL DEFAULT CURRENT_TIMESTAMP ON UPDATE CURRENT_TIMESTAMP,
  `SESSION_DATA` longtext,
  PRIMARY KEY (`SESSION_ID`),
  KEY `ix_b_sec_session_time` (`TIMESTAMP_X`)
) ENGINE=MyISAM DEFAULT CHARSET=cp1251;

-- --------------------------------------------------------

--
-- Структура таблицы `b_sec_user`
--

CREATE TABLE IF NOT EXISTS `b_sec_user` (
  `USER_ID` int(11) NOT NULL,
  `ACTIVE` char(1) NOT NULL DEFAULT 'N',
  `SECRET` varchar(64) NOT NULL,
  `COUNTER` int(11) NOT NULL,
  PRIMARY KEY (`USER_ID`)
) ENGINE=MyISAM DEFAULT CHARSET=cp1251;

-- --------------------------------------------------------

--
-- Структура таблицы `b_sec_virus`
--

CREATE TABLE IF NOT EXISTS `b_sec_virus` (
  `ID` varchar(32) NOT NULL,
  `TIMESTAMP_X` datetime NOT NULL,
  `SITE_ID` char(2) DEFAULT NULL,
  `SENT` char(1) NOT NULL DEFAULT 'N',
  `INFO` longtext NOT NULL,
  PRIMARY KEY (`ID`)
) ENGINE=MyISAM DEFAULT CHARSET=cp1251;

-- --------------------------------------------------------

--
-- Структура таблицы `b_sec_white_list`
--

CREATE TABLE IF NOT EXISTS `b_sec_white_list` (
  `ID` int(11) NOT NULL,
  `WHITE_SUBSTR` varchar(250) NOT NULL,
  PRIMARY KEY (`ID`)
) ENGINE=MyISAM DEFAULT CHARSET=cp1251;

-- --------------------------------------------------------

--
-- Структура таблицы `b_seo_keywords`
--

CREATE TABLE IF NOT EXISTS `b_seo_keywords` (
  `ID` int(11) NOT NULL AUTO_INCREMENT,
  `SITE_ID` char(2) NOT NULL,
  `URL` varchar(255) DEFAULT NULL,
  `KEYWORDS` text,
  PRIMARY KEY (`ID`),
  KEY `ix_b_seo_keywords_url` (`URL`,`SITE_ID`)
) ENGINE=MyISAM DEFAULT CHARSET=cp1251 AUTO_INCREMENT=1 ;

-- --------------------------------------------------------

--
-- Структура таблицы `b_seo_search_engine`
--

CREATE TABLE IF NOT EXISTS `b_seo_search_engine` (
  `ID` int(11) NOT NULL AUTO_INCREMENT,
  `CODE` varchar(50) NOT NULL,
  `ACTIVE` char(1) DEFAULT 'Y',
  `SORT` int(5) DEFAULT '100',
  `NAME` varchar(255) NOT NULL,
  `CLIENT_ID` varchar(255) DEFAULT NULL,
  `CLIENT_SECRET` varchar(255) DEFAULT NULL,
  `REDIRECT_URI` varchar(255) DEFAULT NULL,
  `SETTINGS` text,
  PRIMARY KEY (`ID`),
  UNIQUE KEY `ux_b_seo_search_engine_code` (`CODE`)
) ENGINE=MyISAM  DEFAULT CHARSET=cp1251 AUTO_INCREMENT=3 ;

--
-- Дамп данных таблицы `b_seo_search_engine`
--

INSERT INTO `b_seo_search_engine` (`ID`, `CODE`, `ACTIVE`, `SORT`, `NAME`, `CLIENT_ID`, `CLIENT_SECRET`, `REDIRECT_URI`, `SETTINGS`) VALUES
(1, 'google', 'Y', 200, 'Google', '950140266760.apps.googleusercontent.com', 'IBktWJ_dS3rMKh43PSHO-zo5', 'urn:ietf:wg:oauth:2.0:oob', NULL),
(2, 'yandex', 'Y', 300, 'Yandex', 'f848c7bfc1d34a94ba6d05439f81bbd7', 'da0e73b2d9cc4e809f3170e49cb9df01', 'https://oauth.yandex.ru/verification_code', NULL);

-- --------------------------------------------------------

--
-- Структура таблицы `b_seo_sitemap`
--

CREATE TABLE IF NOT EXISTS `b_seo_sitemap` (
  `ID` int(11) NOT NULL AUTO_INCREMENT,
  `TIMESTAMP_X` timestamp NOT NULL DEFAULT CURRENT_TIMESTAMP ON UPDATE CURRENT_TIMESTAMP,
  `SITE_ID` char(2) NOT NULL,
  `ACTIVE` char(1) DEFAULT 'Y',
  `NAME` varchar(255) DEFAULT '',
  `DATE_RUN` datetime DEFAULT NULL,
  `SETTINGS` longtext,
  PRIMARY KEY (`ID`)
) ENGINE=MyISAM DEFAULT CHARSET=cp1251 AUTO_INCREMENT=1 ;

-- --------------------------------------------------------

--
-- Структура таблицы `b_seo_sitemap_entity`
--

CREATE TABLE IF NOT EXISTS `b_seo_sitemap_entity` (
  `ID` int(11) NOT NULL AUTO_INCREMENT,
  `ENTITY_TYPE` varchar(255) NOT NULL,
  `ENTITY_ID` int(11) NOT NULL,
  `SITEMAP_ID` int(11) NOT NULL,
  PRIMARY KEY (`ID`),
  KEY `ix_b_seo_sitemap_entity_1` (`ENTITY_TYPE`,`ENTITY_ID`),
  KEY `ix_b_seo_sitemap_entity_2` (`SITEMAP_ID`)
) ENGINE=MyISAM DEFAULT CHARSET=cp1251 AUTO_INCREMENT=1 ;

-- --------------------------------------------------------

--
-- Структура таблицы `b_seo_sitemap_iblock`
--

CREATE TABLE IF NOT EXISTS `b_seo_sitemap_iblock` (
  `ID` int(11) NOT NULL AUTO_INCREMENT,
  `IBLOCK_ID` int(11) NOT NULL,
  `SITEMAP_ID` int(11) NOT NULL,
  PRIMARY KEY (`ID`),
  KEY `ix_b_seo_sitemap_iblock_1` (`IBLOCK_ID`),
  KEY `ix_b_seo_sitemap_iblock_2` (`SITEMAP_ID`)
) ENGINE=MyISAM DEFAULT CHARSET=cp1251 AUTO_INCREMENT=1 ;

-- --------------------------------------------------------

--
-- Структура таблицы `b_seo_sitemap_runtime`
--

CREATE TABLE IF NOT EXISTS `b_seo_sitemap_runtime` (
  `ID` int(11) NOT NULL AUTO_INCREMENT,
  `PID` int(11) NOT NULL,
  `PROCESSED` char(1) NOT NULL DEFAULT 'N',
  `ITEM_PATH` varchar(700) DEFAULT NULL,
  `ITEM_ID` int(11) DEFAULT NULL,
  `ITEM_TYPE` char(1) NOT NULL DEFAULT 'D',
  `ACTIVE` char(1) DEFAULT 'Y',
  `ACTIVE_ELEMENT` char(1) DEFAULT 'Y',
  PRIMARY KEY (`ID`),
  KEY `ix_seo_sitemap_runtime1` (`PID`,`PROCESSED`,`ITEM_TYPE`,`ITEM_ID`)
) ENGINE=MyISAM DEFAULT CHARSET=cp1251 AUTO_INCREMENT=1 ;

-- --------------------------------------------------------

--
-- Структура таблицы `b_short_uri`
--

CREATE TABLE IF NOT EXISTS `b_short_uri` (
  `ID` int(18) NOT NULL AUTO_INCREMENT,
  `URI` varchar(250) NOT NULL,
  `URI_CRC` int(18) NOT NULL,
  `SHORT_URI` varbinary(250) NOT NULL,
  `SHORT_URI_CRC` int(18) NOT NULL,
  `STATUS` int(18) NOT NULL DEFAULT '301',
  `MODIFIED` timestamp NOT NULL DEFAULT CURRENT_TIMESTAMP ON UPDATE CURRENT_TIMESTAMP,
  `LAST_USED` timestamp NOT NULL DEFAULT '0000-00-00 00:00:00',
  `NUMBER_USED` int(18) NOT NULL DEFAULT '0',
  PRIMARY KEY (`ID`),
  KEY `ux_b_short_uri_1` (`SHORT_URI_CRC`),
  KEY `ux_b_short_uri_2` (`URI_CRC`)
) ENGINE=MyISAM DEFAULT CHARSET=cp1251 AUTO_INCREMENT=1 ;

-- --------------------------------------------------------

--
-- Структура таблицы `b_site_template`
--

CREATE TABLE IF NOT EXISTS `b_site_template` (
  `ID` int(11) NOT NULL AUTO_INCREMENT,
  `SITE_ID` char(2) NOT NULL,
  `CONDITION` varchar(255) DEFAULT NULL,
  `SORT` int(11) NOT NULL DEFAULT '500',
  `TEMPLATE` varchar(50) NOT NULL,
  PRIMARY KEY (`ID`),
  UNIQUE KEY `UX_B_SITE_TEMPLATE` (`SITE_ID`,`CONDITION`,`TEMPLATE`)
) ENGINE=MyISAM  DEFAULT CHARSET=cp1251 AUTO_INCREMENT=6 ;

--
-- Дамп данных таблицы `b_site_template`
--

INSERT INTO `b_site_template` (`ID`, `SITE_ID`, `CONDITION`, `SORT`, `TEMPLATE`) VALUES
(5, 's1', '', 150, 'shik'),
(4, 's1', 'CSite::InDir(''/eshop_app/'')', 1, 'eshop_app');

-- --------------------------------------------------------

--
-- Структура таблицы `b_smile`
--

CREATE TABLE IF NOT EXISTS `b_smile` (
  `ID` int(18) NOT NULL AUTO_INCREMENT,
  `TYPE` char(1) NOT NULL DEFAULT 'S',
  `SET_ID` int(18) NOT NULL DEFAULT '0',
  `SORT` int(10) NOT NULL DEFAULT '150',
  `TYPING` varchar(100) DEFAULT NULL,
  `CLICKABLE` char(1) NOT NULL DEFAULT 'Y',
  `IMAGE` varchar(255) NOT NULL,
  `IMAGE_HR` char(1) NOT NULL DEFAULT 'N',
  `IMAGE_WIDTH` int(11) NOT NULL DEFAULT '0',
  `IMAGE_HEIGHT` int(11) NOT NULL DEFAULT '0',
  PRIMARY KEY (`ID`)
) ENGINE=MyISAM  DEFAULT CHARSET=cp1251 AUTO_INCREMENT=23 ;

--
-- Дамп данных таблицы `b_smile`
--

INSERT INTO `b_smile` (`ID`, `TYPE`, `SET_ID`, `SORT`, `TYPING`, `CLICKABLE`, `IMAGE`, `IMAGE_HR`, `IMAGE_WIDTH`, `IMAGE_HEIGHT`) VALUES
(1, 'S', 1, 100, ':) :-)', 'Y', 'smile_smile.png', 'Y', 16, 16),
(2, 'S', 1, 105, ';) ;-)', 'Y', 'smile_wink.png', 'Y', 16, 16),
(3, 'S', 1, 110, ':D :-D', 'Y', 'smile_biggrin.png', 'Y', 16, 16),
(4, 'S', 1, 115, '8) 8-)', 'Y', 'smile_cool.png', 'Y', 16, 16),
(5, 'S', 1, 120, ':( :-(', 'Y', 'smile_sad.png', 'Y', 16, 16),
(6, 'S', 1, 125, ':| :-|', 'Y', 'smile_neutral.png', 'Y', 16, 16),
(7, 'S', 1, 130, ':oops:', 'Y', 'smile_redface.png', 'Y', 16, 16),
(8, 'S', 1, 135, ':cry: :~(', 'Y', 'smile_cry.png', 'Y', 16, 16),
(9, 'S', 1, 140, ':evil: >:-<', 'Y', 'smile_evil.png', 'Y', 16, 16),
(10, 'S', 1, 145, ':o :-o :shock:', 'Y', 'smile_eek.png', 'Y', 16, 16),
(11, 'S', 1, 150, ':/ :-/', 'Y', 'smile_confuse.png', 'Y', 16, 16),
(12, 'S', 1, 155, ':{} :-{}', 'Y', 'smile_kiss.png', 'Y', 16, 16),
(13, 'S', 1, 160, ':idea:', 'Y', 'smile_idea.png', 'Y', 16, 16),
(14, 'S', 1, 165, ':?:', 'Y', 'smile_question.png', 'Y', 16, 16),
(15, 'S', 1, 170, ':!:', 'Y', 'smile_exclaim.png', 'Y', 16, 16),
(16, 'I', 1, 175, '', 'Y', 'icon1.gif', 'N', 15, 15),
(17, 'I', 1, 180, '', 'Y', 'icon2.gif', 'N', 15, 15),
(18, 'I', 1, 185, '', 'Y', 'icon3.gif', 'N', 15, 15),
(19, 'I', 1, 190, '', 'Y', 'icon4.gif', 'N', 15, 15),
(20, 'I', 1, 195, '', 'Y', 'icon5.gif', 'N', 15, 15),
(21, 'I', 1, 200, '', 'Y', 'icon6.gif', 'N', 15, 15),
(22, 'I', 1, 205, NULL, 'Y', 'icon7.gif', 'N', 15, 15);

-- --------------------------------------------------------

--
-- Структура таблицы `b_smile_lang`
--

CREATE TABLE IF NOT EXISTS `b_smile_lang` (
  `ID` int(18) NOT NULL AUTO_INCREMENT,
  `TYPE` char(1) NOT NULL DEFAULT 'S',
  `SID` int(11) NOT NULL,
  `LID` char(2) NOT NULL,
  `NAME` varchar(255) NOT NULL,
  PRIMARY KEY (`ID`),
  UNIQUE KEY `UX_SMILE_SL` (`TYPE`,`SID`,`LID`)
) ENGINE=MyISAM  DEFAULT CHARSET=cp1251 AUTO_INCREMENT=33 ;

--
-- Дамп данных таблицы `b_smile_lang`
--

INSERT INTO `b_smile_lang` (`ID`, `TYPE`, `SID`, `LID`, `NAME`) VALUES
(1, 'G', 1, 'ru', 'Основной набор'),
(2, 'G', 1, 'en', 'Default set'),
(3, 'S', 1, 'ru', 'С улыбкой'),
(4, 'S', 1, 'en', 'Smile'),
(5, 'S', 2, 'ru', 'Шутливо'),
(6, 'S', 2, 'en', 'Wink'),
(7, 'S', 3, 'ru', 'Широкая улыбка'),
(8, 'S', 3, 'en', 'Big grin'),
(9, 'S', 4, 'ru', 'Здорово'),
(10, 'S', 4, 'en', 'Cool'),
(11, 'S', 5, 'ru', 'Печально'),
(12, 'S', 5, 'en', 'Sad'),
(13, 'S', 6, 'ru', 'Скептически'),
(14, 'S', 6, 'en', 'Skeptic'),
(15, 'S', 7, 'ru', 'Смущенный'),
(16, 'S', 7, 'en', 'Embarrassed'),
(17, 'S', 8, 'ru', 'Очень грустно'),
(18, 'S', 8, 'en', 'Crying'),
(19, 'S', 9, 'ru', 'Со злостью'),
(20, 'S', 9, 'en', 'Angry'),
(21, 'S', 10, 'ru', 'Удивленно'),
(22, 'S', 10, 'en', 'Surprised'),
(23, 'S', 11, 'ru', 'Смущенно'),
(24, 'S', 11, 'en', 'Confused'),
(25, 'S', 12, 'ru', 'Поцелуй'),
(26, 'S', 12, 'en', 'Kiss'),
(27, 'S', 13, 'ru', 'Идея'),
(28, 'S', 13, 'en', 'Idea'),
(29, 'S', 14, 'ru', 'Вопрос'),
(30, 'S', 14, 'en', 'Question'),
(31, 'S', 15, 'ru', 'Восклицание'),
(32, 'S', 15, 'en', 'Exclamation');

-- --------------------------------------------------------

--
-- Структура таблицы `b_smile_set`
--

CREATE TABLE IF NOT EXISTS `b_smile_set` (
  `ID` int(18) NOT NULL AUTO_INCREMENT,
  `STRING_ID` varchar(255) DEFAULT NULL,
  `SORT` int(10) NOT NULL DEFAULT '150',
  PRIMARY KEY (`ID`)
) ENGINE=MyISAM  DEFAULT CHARSET=cp1251 AUTO_INCREMENT=2 ;

--
-- Дамп данных таблицы `b_smile_set`
--

INSERT INTO `b_smile_set` (`ID`, `STRING_ID`, `SORT`) VALUES
(1, 'main', 150);

-- --------------------------------------------------------

--
-- Структура таблицы `b_socialservices_message`
--

CREATE TABLE IF NOT EXISTS `b_socialservices_message` (
  `ID` int(11) NOT NULL AUTO_INCREMENT,
  `USER_ID` int(11) NOT NULL,
  `SOCSERV_USER_ID` int(11) NOT NULL,
  `PROVIDER` varchar(100) NOT NULL,
  `MESSAGE` varchar(1000) DEFAULT NULL,
  `INSERT_DATE` datetime DEFAULT NULL,
  `SUCCES_SENT` char(1) NOT NULL DEFAULT 'N',
  PRIMARY KEY (`ID`)
) ENGINE=MyISAM DEFAULT CHARSET=cp1251 AUTO_INCREMENT=1 ;

-- --------------------------------------------------------

--
-- Структура таблицы `b_socialservices_user`
--

CREATE TABLE IF NOT EXISTS `b_socialservices_user` (
  `ID` int(11) NOT NULL AUTO_INCREMENT,
  `LOGIN` varchar(100) NOT NULL,
  `NAME` varchar(100) DEFAULT NULL,
  `LAST_NAME` varchar(100) DEFAULT NULL,
  `EMAIL` varchar(100) DEFAULT NULL,
  `PERSONAL_PHOTO` int(11) DEFAULT NULL,
  `EXTERNAL_AUTH_ID` varchar(100) NOT NULL,
  `USER_ID` int(11) NOT NULL,
  `XML_ID` varchar(100) NOT NULL,
  `CAN_DELETE` char(1) NOT NULL DEFAULT 'Y',
  `PERSONAL_WWW` varchar(100) DEFAULT NULL,
  `PERMISSIONS` varchar(555) DEFAULT NULL,
  `OATOKEN` varchar(1000) DEFAULT NULL,
  `OATOKEN_EXPIRES` int(11) DEFAULT NULL,
  `OASECRET` varchar(250) DEFAULT NULL,
  `REFRESH_TOKEN` varchar(1000) DEFAULT NULL,
  `SEND_ACTIVITY` char(1) DEFAULT 'Y',
  `SITE_ID` varchar(50) DEFAULT NULL,
  PRIMARY KEY (`ID`),
  UNIQUE KEY `IX_B_SOCIALSERVICES_USER` (`XML_ID`,`EXTERNAL_AUTH_ID`),
  KEY `IX_B_SOCIALSERVICES_US_1` (`USER_ID`)
) ENGINE=MyISAM DEFAULT CHARSET=cp1251 AUTO_INCREMENT=1 ;

-- --------------------------------------------------------

--
-- Структура таблицы `b_sticker`
--

CREATE TABLE IF NOT EXISTS `b_sticker` (
  `ID` int(11) NOT NULL AUTO_INCREMENT,
  `SITE_ID` char(2) DEFAULT NULL,
  `PAGE_URL` varchar(255) NOT NULL,
  `PAGE_TITLE` varchar(255) NOT NULL,
  `DATE_CREATE` datetime NOT NULL,
  `DATE_UPDATE` datetime NOT NULL,
  `MODIFIED_BY` int(18) NOT NULL,
  `CREATED_BY` int(18) NOT NULL,
  `PERSONAL` char(1) NOT NULL DEFAULT 'N',
  `CONTENT` text,
  `POS_TOP` int(11) DEFAULT NULL,
  `POS_LEFT` int(11) DEFAULT NULL,
  `WIDTH` int(11) DEFAULT NULL,
  `HEIGHT` int(11) DEFAULT NULL,
  `COLOR` int(11) DEFAULT NULL,
  `COLLAPSED` char(1) NOT NULL DEFAULT 'N',
  `COMPLETED` char(1) NOT NULL DEFAULT 'N',
  `CLOSED` char(1) NOT NULL DEFAULT 'N',
  `DELETED` char(1) NOT NULL DEFAULT 'N',
  `MARKER_TOP` int(11) DEFAULT NULL,
  `MARKER_LEFT` int(11) DEFAULT NULL,
  `MARKER_WIDTH` int(11) DEFAULT NULL,
  `MARKER_HEIGHT` int(11) DEFAULT NULL,
  `MARKER_ADJUST` text,
  PRIMARY KEY (`ID`)
) ENGINE=MyISAM DEFAULT CHARSET=cp1251 AUTO_INCREMENT=1 ;

-- --------------------------------------------------------

--
-- Структура таблицы `b_sticker_group_task`
--

CREATE TABLE IF NOT EXISTS `b_sticker_group_task` (
  `GROUP_ID` int(11) NOT NULL,
  `TASK_ID` int(11) NOT NULL,
  PRIMARY KEY (`GROUP_ID`,`TASK_ID`)
) ENGINE=MyISAM DEFAULT CHARSET=cp1251;

--
-- Дамп данных таблицы `b_sticker_group_task`
--

INSERT INTO `b_sticker_group_task` (`GROUP_ID`, `TASK_ID`) VALUES
(7, 33);

-- --------------------------------------------------------

--
-- Структура таблицы `b_subscription`
--

CREATE TABLE IF NOT EXISTS `b_subscription` (
  `ID` int(11) NOT NULL AUTO_INCREMENT,
  `DATE_INSERT` datetime NOT NULL,
  `DATE_UPDATE` datetime DEFAULT NULL,
  `USER_ID` int(11) DEFAULT NULL,
  `ACTIVE` char(1) NOT NULL DEFAULT 'Y',
  `EMAIL` varchar(255) NOT NULL,
  `FORMAT` varchar(4) NOT NULL DEFAULT 'text',
  `CONFIRM_CODE` varchar(8) DEFAULT NULL,
  `CONFIRMED` char(1) NOT NULL DEFAULT 'N',
  `DATE_CONFIRM` datetime NOT NULL,
  PRIMARY KEY (`ID`),
  UNIQUE KEY `UK_SUBSCRIPTION_EMAIL` (`EMAIL`,`USER_ID`),
  KEY `IX_DATE_CONFIRM` (`CONFIRMED`,`DATE_CONFIRM`)
) ENGINE=MyISAM DEFAULT CHARSET=cp1251 AUTO_INCREMENT=1 ;

-- --------------------------------------------------------

--
-- Структура таблицы `b_subscription_rubric`
--

CREATE TABLE IF NOT EXISTS `b_subscription_rubric` (
  `SUBSCRIPTION_ID` int(11) NOT NULL,
  `LIST_RUBRIC_ID` int(11) NOT NULL,
  UNIQUE KEY `UK_SUBSCRIPTION_RUBRIC` (`SUBSCRIPTION_ID`,`LIST_RUBRIC_ID`)
) ENGINE=MyISAM DEFAULT CHARSET=cp1251;

-- --------------------------------------------------------

--
-- Структура таблицы `b_task`
--

CREATE TABLE IF NOT EXISTS `b_task` (
  `ID` int(18) NOT NULL AUTO_INCREMENT,
  `NAME` varchar(100) NOT NULL,
  `LETTER` char(1) DEFAULT NULL,
  `MODULE_ID` varchar(50) NOT NULL,
  `SYS` char(1) NOT NULL,
  `DESCRIPTION` varchar(255) DEFAULT NULL,
  `BINDING` varchar(50) DEFAULT 'module',
  PRIMARY KEY (`ID`),
  KEY `ix_task` (`MODULE_ID`,`BINDING`,`LETTER`,`SYS`)
) ENGINE=MyISAM  DEFAULT CHARSET=cp1251 AUTO_INCREMENT=51 ;

--
-- Дамп данных таблицы `b_task`
--

INSERT INTO `b_task` (`ID`, `NAME`, `LETTER`, `MODULE_ID`, `SYS`, `DESCRIPTION`, `BINDING`) VALUES
(1, 'main_denied', 'D', 'main', 'Y', NULL, 'module'),
(2, 'main_change_profile', 'P', 'main', 'Y', NULL, 'module'),
(3, 'main_view_all_settings', 'R', 'main', 'Y', NULL, 'module'),
(4, 'main_view_all_settings_change_profile', 'T', 'main', 'Y', NULL, 'module'),
(5, 'main_edit_subordinate_users', 'V', 'main', 'Y', NULL, 'module'),
(6, 'main_full_access', 'W', 'main', 'Y', NULL, 'module'),
(7, 'fm_folder_access_denied', 'D', 'main', 'Y', NULL, 'file'),
(8, 'fm_folder_access_read', 'R', 'main', 'Y', NULL, 'file'),
(9, 'fm_folder_access_write', 'W', 'main', 'Y', NULL, 'file'),
(10, 'fm_folder_access_full', 'X', 'main', 'Y', NULL, 'file'),
(11, 'fm_folder_access_workflow', 'U', 'main', 'Y', NULL, 'file'),
(12, 'catalog_denied', 'D', 'catalog', 'Y', NULL, 'module'),
(13, 'catalog_read', 'R', 'catalog', 'Y', NULL, 'module'),
(14, 'catalog_price_edit', 'T', 'catalog', 'Y', NULL, 'module'),
(15, 'catalog_store_edit', 'S', 'catalog', 'Y', NULL, 'module'),
(16, 'catalog_export_import', 'U', 'catalog', 'Y', NULL, 'module'),
(17, 'catalog_full_access', 'W', 'catalog', 'Y', NULL, 'module'),
(18, 'clouds_denied', 'D', 'clouds', 'Y', NULL, 'module'),
(19, 'clouds_browse', 'F', 'clouds', 'Y', NULL, 'module'),
(20, 'clouds_upload', 'U', 'clouds', 'Y', NULL, 'module'),
(21, 'clouds_full_access', 'W', 'clouds', 'Y', NULL, 'module'),
(22, 'fileman_denied', 'D', 'fileman', 'Y', '', 'module'),
(23, 'fileman_allowed_folders', 'F', 'fileman', 'Y', '', 'module'),
(24, 'fileman_full_access', 'W', 'fileman', 'Y', '', 'module'),
(25, 'medialib_denied', 'D', 'fileman', 'Y', '', 'medialib'),
(26, 'medialib_view', 'F', 'fileman', 'Y', '', 'medialib'),
(27, 'medialib_only_new', 'R', 'fileman', 'Y', '', 'medialib'),
(28, 'medialib_edit_items', 'V', 'fileman', 'Y', '', 'medialib'),
(29, 'medialib_editor', 'W', 'fileman', 'Y', '', 'medialib'),
(30, 'medialib_full', 'X', 'fileman', 'Y', '', 'medialib'),
(31, 'stickers_denied', 'D', 'fileman', 'Y', '', 'stickers'),
(32, 'stickers_read', 'R', 'fileman', 'Y', '', 'stickers'),
(33, 'stickers_edit', 'W', 'fileman', 'Y', '', 'stickers'),
(34, 'iblock_deny', 'D', 'iblock', 'Y', NULL, 'iblock'),
(35, 'iblock_read', 'R', 'iblock', 'Y', NULL, 'iblock'),
(36, 'iblock_element_add', 'E', 'iblock', 'Y', NULL, 'iblock'),
(37, 'iblock_admin_read', 'S', 'iblock', 'Y', NULL, 'iblock'),
(38, 'iblock_admin_add', 'T', 'iblock', 'Y', NULL, 'iblock'),
(39, 'iblock_limited_edit', 'U', 'iblock', 'Y', NULL, 'iblock'),
(40, 'iblock_full_edit', 'W', 'iblock', 'Y', NULL, 'iblock'),
(41, 'iblock_full', 'X', 'iblock', 'Y', NULL, 'iblock'),
(42, 'security_denied', 'D', 'security', 'Y', NULL, 'module'),
(43, 'security_filter', 'F', 'security', 'Y', NULL, 'module'),
(44, 'security_otp', 'S', 'security', 'Y', NULL, 'module'),
(45, 'security_view_all_settings', 'T', 'security', 'Y', NULL, 'module'),
(46, 'security_full_access', 'W', 'security', 'Y', NULL, 'module'),
(47, 'seo_denied', 'D', 'seo', 'Y', '', 'module'),
(48, 'seo_edit', 'F', 'seo', 'Y', '', 'module'),
(49, 'seo_full_access', 'W', 'seo', 'Y', '', 'module'),
(50, 'Администраторы интернет-магазина', 'Q', 'main', 'N', 'Полный доступ к управлению интернет-магазином (в т.ч. заказами) и параметрами торгового каталога (типами цен, наценками, скидками и т.д.).', 'module');

-- --------------------------------------------------------

--
-- Структура таблицы `b_task_operation`
--

CREATE TABLE IF NOT EXISTS `b_task_operation` (
  `TASK_ID` int(18) NOT NULL,
  `OPERATION_ID` int(18) NOT NULL,
  PRIMARY KEY (`TASK_ID`,`OPERATION_ID`)
) ENGINE=MyISAM DEFAULT CHARSET=cp1251;

--
-- Дамп данных таблицы `b_task_operation`
--

INSERT INTO `b_task_operation` (`TASK_ID`, `OPERATION_ID`) VALUES
(2, 2),
(2, 3),
(3, 2),
(3, 4),
(3, 5),
(3, 6),
(3, 7),
(4, 2),
(4, 3),
(4, 4),
(4, 5),
(4, 6),
(4, 7),
(5, 2),
(5, 3),
(5, 5),
(5, 6),
(5, 7),
(5, 8),
(5, 9),
(6, 2),
(6, 3),
(6, 4),
(6, 5),
(6, 6),
(6, 7),
(6, 10),
(6, 11),
(6, 12),
(6, 13),
(6, 14),
(6, 15),
(6, 16),
(6, 17),
(6, 18),
(8, 19),
(8, 20),
(8, 21),
(9, 19),
(9, 20),
(9, 21),
(9, 22),
(9, 23),
(9, 24),
(9, 25),
(9, 26),
(9, 27),
(9, 28),
(9, 29),
(9, 30),
(9, 31),
(9, 32),
(9, 33),
(9, 34),
(10, 19),
(10, 20),
(10, 21),
(10, 22),
(10, 23),
(10, 24),
(10, 25),
(10, 26),
(10, 27),
(10, 28),
(10, 29),
(10, 30),
(10, 31),
(10, 32),
(10, 33),
(10, 34),
(10, 35),
(11, 19),
(11, 20),
(11, 21),
(11, 24),
(11, 28),
(13, 36),
(14, 36),
(14, 37),
(14, 38),
(14, 39),
(14, 40),
(14, 41),
(15, 36),
(15, 37),
(15, 41),
(15, 42),
(16, 36),
(16, 43),
(16, 44),
(16, 45),
(16, 46),
(17, 36),
(17, 37),
(17, 38),
(17, 39),
(17, 40),
(17, 41),
(17, 42),
(17, 43),
(17, 44),
(17, 45),
(17, 46),
(17, 47),
(17, 48),
(19, 49),
(20, 49),
(20, 50),
(21, 49),
(21, 50),
(21, 51),
(23, 54),
(23, 55),
(23, 56),
(23, 57),
(23, 58),
(23, 59),
(23, 60),
(23, 62),
(23, 63),
(24, 52),
(24, 53),
(24, 54),
(24, 55),
(24, 56),
(24, 57),
(24, 58),
(24, 59),
(24, 60),
(24, 61),
(24, 62),
(24, 63),
(24, 64),
(26, 65),
(27, 65),
(27, 66),
(27, 70),
(28, 65),
(28, 70),
(28, 71),
(28, 72),
(29, 65),
(29, 66),
(29, 67),
(29, 68),
(29, 70),
(29, 71),
(29, 72),
(30, 65),
(30, 66),
(30, 67),
(30, 68),
(30, 69),
(30, 70),
(30, 71),
(30, 72),
(32, 73),
(33, 73),
(33, 74),
(33, 75),
(33, 76),
(35, 77),
(35, 78),
(36, 79),
(37, 77),
(37, 78),
(37, 80),
(38, 77),
(38, 78),
(38, 79),
(38, 80),
(39, 77),
(39, 78),
(39, 79),
(39, 80),
(39, 81),
(39, 82),
(39, 83),
(39, 84),
(40, 77),
(40, 78),
(40, 79),
(40, 80),
(40, 81),
(40, 82),
(40, 83),
(40, 84),
(40, 85),
(40, 86),
(40, 87),
(40, 88),
(41, 77),
(41, 78),
(41, 79),
(41, 80),
(41, 81),
(41, 82),
(41, 83),
(41, 84),
(41, 85),
(41, 86),
(41, 87),
(41, 88),
(41, 89),
(41, 90),
(41, 91),
(41, 92),
(41, 93),
(41, 94),
(43, 95),
(44, 96),
(45, 97),
(45, 98),
(45, 99),
(45, 100),
(45, 101),
(45, 102),
(45, 103),
(45, 104),
(45, 105),
(45, 106),
(45, 107),
(46, 95),
(46, 96),
(46, 97),
(46, 98),
(46, 99),
(46, 100),
(46, 101),
(46, 102),
(46, 103),
(46, 104),
(46, 105),
(46, 106),
(46, 107),
(46, 108),
(46, 109),
(46, 110),
(46, 111),
(46, 112),
(46, 113),
(46, 114),
(46, 115),
(46, 116),
(46, 117),
(46, 118),
(46, 119),
(46, 120),
(48, 122),
(49, 121),
(49, 122),
(50, 2),
(50, 3),
(50, 14);

-- --------------------------------------------------------

--
-- Структура таблицы `b_undo`
--

CREATE TABLE IF NOT EXISTS `b_undo` (
  `ID` varchar(255) NOT NULL,
  `MODULE_ID` varchar(50) DEFAULT NULL,
  `UNDO_TYPE` varchar(50) DEFAULT NULL,
  `UNDO_HANDLER` varchar(255) DEFAULT NULL,
  `CONTENT` mediumtext,
  `USER_ID` int(11) DEFAULT NULL,
  `TIMESTAMP_X` int(11) DEFAULT NULL,
  PRIMARY KEY (`ID`)
) ENGINE=MyISAM DEFAULT CHARSET=cp1251;

--
-- Дамп данных таблицы `b_undo`
--

INSERT INTO `b_undo` (`ID`, `MODULE_ID`, `UNDO_TYPE`, `UNDO_HANDLER`, `CONTENT`, `USER_ID`, `TIMESTAMP_X`) VALUES
('29215f215446d02ba3b04a5ac6105f68c', 'main', 'autosave', 'CAutoSave::_Restore', 'a:20:{s:7:"logical";s:0:"";s:6:"filter";s:1:"Y";s:10:"set_filter";s:1:"Y";s:4:"site";s:2:"s1";s:4:"path";s:8:"/atelier";s:4:"save";s:0:"";s:8:"back_url";s:0:"";s:2:"ID";s:0:"";s:11:"bxfm_linked";s:1:"Y";s:11:"sectionname";s:16:"custom tailoring";s:10:"foldername";s:16:"custom_tailoring";s:6:"mkmenu";s:0:"";s:8:"menutype";s:4:"left";s:8:"menuname";s:0:"";s:7:"mkindex";s:1:"Y";s:8:"template";s:12:"standard.php";s:6:"toedit";s:1:"Y";s:5:"apply";s:0:"";s:6:"cancel";s:0:"";s:21:"tabControl_active_tab";s:5:"edit1";}', 1, 1408416151),
('15c010b6a5c36357c8fb324775dc38d2e', 'fileman', 'edit_menu', 'CFileman::UndoEditFile', 'a:2:{s:7:"absPath";s:69:"/home/b/bureauit2/russianshik.bureauit.com/public_html/.left.menu.php";s:7:"content";s:105:"<?\n$aMenuLinks = Array(\n	Array(\n		"Женщинам", \n		"catalog/women", \n		Array(), \n		Array(), \n		"" \n	)\n);\n?>";}', 1, 1408415146),
('146b176f9a18555258a7fecc3e2c02f8d', 'fileman', 'edit_menu', 'CFileman::UndoEditFile', 'a:2:{s:7:"absPath";s:69:"/home/b/bureauit2/russianshik.bureauit.com/public_html/.left.menu.php";s:7:"content";s:193:"<?\n$aMenuLinks = Array(\n	Array(\n		"Женщинам", \n		"/catalog/women", \n		Array(), \n		Array(), \n		"" \n	),\n	Array(\n		"Аксессуары", \n		"/catalog/accessories/", \n		Array(), \n		Array(), \n		"" \n	)\n);\n?>";}', 1, 1408415168),
('1f08c8e75f0c46e886684cf2f1b82c7b5', 'fileman', 'edit_menu', 'CFileman::UndoEditFile', 'a:2:{s:7:"absPath";s:69:"/home/b/bureauit2/russianshik.bureauit.com/public_html/.left.menu.php";s:7:"content";s:281:"<?\n$aMenuLinks = Array(\n	Array(\n		"Женщинам", \n		"/catalog/women", \n		Array(), \n		Array(), \n		"" \n	),\n	Array(\n		"Аксессуары", \n		"/catalog/accessories/", \n		Array(), \n		Array(), \n		"" \n	),\n	Array(\n		"Меховые шкурки", \n		"/catalog/furskins/", \n		Array(), \n		Array(), \n		"" \n	)\n);\n?>";}', 1, 1408415191),
('1aec87c3325110d946288db9137e7d1a2', 'fileman', 'edit_menu', 'CFileman::UndoEditFile', 'a:2:{s:7:"absPath";s:69:"/home/b/bureauit2/russianshik.bureauit.com/public_html/.left.menu.php";s:7:"content";s:490:"<?\n$aMenuLinks = Array(\n	Array(\n		"Женщинам", \n		"/catalog/women", \n		Array(), \n		Array(), \n		"" \n	),\n	Array(\n		"Аксессуары", \n		"/catalog/accessories/", \n		Array(), \n		Array(), \n		"" \n	),\n	Array(\n		"Меховые шкурки", \n		"/catalog/furskins/", \n		Array(), \n		Array(), \n		"" \n	),\n	Array(\n		"Скидки и акции", \n		"", \n		Array(), \n		Array(), \n		"" \n	),\n	Array(\n		"Ремонт одежды", \n		"", \n		Array(), \n		Array(), \n		"" \n	),\n	Array(\n		"Пошив на заказ", \n		"", \n		Array(), \n		Array(), \n		"" \n	)\n);\n?>";}', 1, 1408415217),
('10ee6babbea3145f424d7059af7e720c3', 'fileman', 'edit_menu', 'CFileman::UndoEditFile', 'a:2:{s:7:"absPath";s:69:"/home/b/bureauit2/russianshik.bureauit.com/public_html/.left.menu.php";s:7:"content";s:490:"<?\n$aMenuLinks = Array(\n	Array(\n		"Женщинам", \n		"/catalog/women", \n		Array(), \n		Array(), \n		"" \n	),\n	Array(\n		"Аксессуары", \n		"/catalog/accessories/", \n		Array(), \n		Array(), \n		"" \n	),\n	Array(\n		"Скидки и акции", \n		"", \n		Array(), \n		Array(), \n		"" \n	),\n	Array(\n		"Ремонт одежды", \n		"", \n		Array(), \n		Array(), \n		"" \n	),\n	Array(\n		"Пошив на заказ", \n		"", \n		Array(), \n		Array(), \n		"" \n	),\n	Array(\n		"Меховые шкурки", \n		"/catalog/furskins/", \n		Array(), \n		Array(), \n		"" \n	)\n);\n?>";}', 1, 1408415284),
('1ea4e63fc7c97758ed32719253f4cf587', 'fileman', 'edit_menu', 'CFileman::UndoEditFile', 'a:2:{s:7:"absPath";s:69:"/home/b/bureauit2/russianshik.bureauit.com/public_html/.left.menu.php";s:7:"content";s:496:"<?\n$aMenuLinks = Array(\n	Array(\n		"Женщинам", \n		"/catalog/women", \n		Array(), \n		Array(), \n		"" \n	),\n	Array(\n		"Аксессуары", \n		"/catalog/accessories/", \n		Array(), \n		Array(), \n		"" \n	),\n	Array(\n		"Скидки и акции", \n		"/sale/", \n		Array(), \n		Array(), \n		"" \n	),\n	Array(\n		"Ремонт одежды", \n		"", \n		Array(), \n		Array(), \n		"" \n	),\n	Array(\n		"Пошив на заказ", \n		"", \n		Array(), \n		Array(), \n		"" \n	),\n	Array(\n		"Меховые шкурки", \n		"/catalog/furskins/", \n		Array(), \n		Array(), \n		"" \n	)\n);\n?>";}', 1, 1408415338),
('1fdb2f237b968be20013eaff6f0b7f9fc', 'fileman', 'edit_menu', 'CFileman::UndoEditFile', 'a:2:{s:7:"absPath";s:69:"/home/b/bureauit2/russianshik.bureauit.com/public_html/.left.menu.php";s:7:"content";s:498:"<?\n$aMenuLinks = Array(\n	Array(\n		"Женщинам", \n		"/catalog/women", \n		Array(), \n		Array(), \n		"" \n	),\n	Array(\n		"Аксессуары", \n		"/catalog/accessories/", \n		Array(), \n		Array(), \n		"" \n	),\n	Array(\n		"Скидки и акции", \n		"/sale/", \n		Array(), \n		Array(), \n		"" \n	),\n	Array(\n		"Ремонт одежды", \n		"/", \n		Array(), \n		Array(), \n		"" \n	),\n	Array(\n		"Пошив на заказ", \n		"/", \n		Array(), \n		Array(), \n		"" \n	),\n	Array(\n		"Меховые шкурки", \n		"/catalog/furskins/", \n		Array(), \n		Array(), \n		"" \n	)\n);\n?>";}', 1, 1408415377),
('1c1afedab648e4673a9b75fb15d9620b1', 'fileman', 'edit_menu', 'CFileman::UndoEditFile', 'a:2:{s:7:"absPath";s:69:"/home/b/bureauit2/russianshik.bureauit.com/public_html/.left.menu.php";s:7:"content";s:506:"<?\n$aMenuLinks = Array(\n	Array(\n		"Женщинам", \n		"/catalog/women", \n		Array(), \n		Array(), \n		"" \n	),\n	Array(\n		"Аксессуары", \n		"/catalog/accessories/", \n		Array(), \n		Array(), \n		"" \n	),\n	Array(\n		"Скидки и акции", \n		"/sale/", \n		Array(), \n		Array(), \n		"" \n	),\n	Array(\n		"Ремонт одежды", \n		"/", \n		Array(), \n		Array(), \n		"" \n	),\n	Array(\n		"Пошив на заказ", \n		"/catalog/", \n		Array(), \n		Array(), \n		"" \n	),\n	Array(\n		"Меховые шкурки", \n		"/catalog/furskins/", \n		Array(), \n		Array(), \n		"" \n	)\n);\n?>";}', 1, 1408415391),
('14f9be07ce575d10541d5b37834139d51', 'fileman', 'edit_menu', 'CFileman::UndoEditFile', 'a:2:{s:7:"absPath";s:69:"/home/b/bureauit2/russianshik.bureauit.com/public_html/.left.menu.php";s:7:"content";s:514:"<?\n$aMenuLinks = Array(\n	Array(\n		"Женщинам", \n		"/catalog/women", \n		Array(), \n		Array(), \n		"" \n	),\n	Array(\n		"Аксессуары", \n		"/catalog/accessories/", \n		Array(), \n		Array(), \n		"" \n	),\n	Array(\n		"Скидки и акции", \n		"/sale/", \n		Array(), \n		Array(), \n		"" \n	),\n	Array(\n		"Ремонт одежды", \n		"/catalog/", \n		Array(), \n		Array(), \n		"" \n	),\n	Array(\n		"Пошив на заказ", \n		"/catalog/", \n		Array(), \n		Array(), \n		"" \n	),\n	Array(\n		"Меховые шкурки", \n		"/catalog/furskins/", \n		Array(), \n		Array(), \n		"" \n	)\n);\n?>";}', 1, 1408415415),
('1199af437e26079c395da06afeb6ffd22', 'fileman', 'edit_menu', 'CFileman::UndoEditFile', 'a:2:{s:7:"absPath";s:69:"/home/b/bureauit2/russianshik.bureauit.com/public_html/.left.menu.php";s:7:"content";s:520:"<?\n$aMenuLinks = Array(\n	Array(\n		"Женщинам", \n		"/catalog/women", \n		Array(), \n		Array(), \n		"" \n	),\n	Array(\n		"Аксессуары", \n		"/catalog/accessories/", \n		Array(), \n		Array(), \n		"" \n	),\n	Array(\n		"Скидки и акции", \n		"/sale/", \n		Array(), \n		Array(), \n		"" \n	),\n	Array(\n		"Ремонт одежды", \n		"/catalog/about/", \n		Array(), \n		Array(), \n		"" \n	),\n	Array(\n		"Пошив на заказ", \n		"/catalog/", \n		Array(), \n		Array(), \n		"" \n	),\n	Array(\n		"Меховые шкурки", \n		"/catalog/furskins/", \n		Array(), \n		Array(), \n		"" \n	)\n);\n?>";}', 1, 1408415467),
('1f0dc5efc6a1c1f29f1fb1ca84c49371a', 'fileman', 'edit_menu', 'CFileman::UndoEditFile', 'a:2:{s:7:"absPath";s:68:"/home/b/bureauit2/russianshik.bureauit.com/public_html/.top.menu.php";s:7:"content";s:452:"<?\n$aMenuLinks = Array(\n	Array(\n		"Доставка и оплата", \n		"about/delivery/", \n		Array(), \n		Array(), \n		"" \n	),\n	Array(\n		"О компании", \n		"about/", \n		Array(), \n		Array(), \n		"" \n	),\n	Array(\n		"Контакты", \n		"about/contacts/", \n		Array(), \n		Array(), \n		"" \n	),\n	Array(\n		"Оптовым клиентам", \n		"about/customers/", \n		Array(), \n		Array(), \n		"" \n	),\n	Array(\n		"Мой кабинет", \n		"personal/", \n		Array(), \n		Array(), \n		"CUser::IsAuthorized()" \n	)\n);\n?>";}', 1, 1408415498),
('1303328d9053ce42c658297ad2f9326a0', 'fileman', 'edit_component_props', 'CFileman::UndoEditFile', 'a:2:{s:7:"absPath";s:99:"/home/b/bureauit2/russianshik.bureauit.com/public_html/bitrix/templates/eshop_adapt_wood/header.php";s:7:"content";s:6896:"<?if(!defined("B_PROLOG_INCLUDED") || B_PROLOG_INCLUDED!==true)die();\nIncludeTemplateLangFile($_SERVER["DOCUMENT_ROOT"]."/bitrix/templates/".SITE_TEMPLATE_ID."/header.php");\n$wizTemplateId = COption::GetOptionString("main", "wizard_template_id", "eshop_adapt_horizontal", SITE_ID);\nCUtil::InitJSCore();\nCJSCore::Init(array("fx"));\n$curPage = $APPLICATION->GetCurPage(true);\n?>\n<!DOCTYPE html PUBLIC "-//W3C//DTD XHTML 1.0 Transitional//EN" "http://www.w3.org/TR/xhtml1/DTD/xhtml1-transitional.dtd">\n<html xmlns="http://www.w3.org/1999/xhtml" xml:lang="<?=LANGUAGE_ID?>" lang="<?=LANGUAGE_ID?>">\n<head>\n	<meta http-equiv="X-UA-Compatible" content="IE=edge" />\n	<meta name="viewport" content="user-scalable=no, initial-scale=1.0, maximum-scale=1.0, width=device-width">\n	<link rel="shortcut icon" type="image/x-icon" href="<?=SITE_DIR?>/favicon.ico" />\n	<?//$APPLICATION->ShowHead();\n	echo ''<meta http-equiv="Content-Type" content="text/html; charset=''.LANG_CHARSET.''"''.(true ? '' /'':'''').''>''."\\n";\n	$APPLICATION->ShowMeta("robots", false, true);\n	$APPLICATION->ShowMeta("keywords", false, true);\n	$APPLICATION->ShowMeta("description", false, true);\n	$APPLICATION->ShowCSS(true, true);\n	?>\n	<link rel="stylesheet" type="text/css" href="<?=CUtil::GetAdditionalFileURL(SITE_TEMPLATE_PATH."/colors.css")?>" />\n	<?\n	$APPLICATION->ShowHeadStrings();\n	$APPLICATION->ShowHeadScripts();\n	$APPLICATION->AddHeadScript(SITE_TEMPLATE_PATH."/script.js");\n	?>\n	<title><?$APPLICATION->ShowTitle()?></title>\n</head>\n<body>\n<div id="panel"><?$APPLICATION->ShowPanel();?></div>\n<?$APPLICATION->IncludeComponent("bitrix:eshop.banner", "", array());?>\n<div class="wrap" id="bx_eshop_wrap">\n	<div class="header_wrap">\n		<div class="header_wrap_container">\n			<div class="header_top_section">\n				<div class="header_top_section_container_one">\n					<div class="bx_cart_login_top">\n						<table>\n							<tr>\n								<td>\n								<?$APPLICATION->IncludeComponent("bitrix:sale.basket.basket.line", "", array(\n										"PATH_TO_BASKET" => SITE_DIR."personal/cart/",\n										"PATH_TO_PERSONAL" => SITE_DIR."personal/",\n										"SHOW_PERSONAL_LINK" => "N",\n										"SHOW_NUM_PRODUCTS" => "Y",\n										"SHOW_TOTAL_PRICE" => "Y",\n										"SHOW_PRODUCTS" => "N",\n										"POSITION_FIXED" =>"N"\n									),\n									false,\n									array()\n								);?>\n								</td>\n								<td>\n								<?$APPLICATION->IncludeComponent("bitrix:system.auth.form", "eshop_adapt", array(\n										"REGISTER_URL" => SITE_DIR."login/",\n										"PROFILE_URL" => SITE_DIR."personal/",\n										"SHOW_ERRORS" => "N"\n									),\n									false,\n									array()\n								);?>\n								</td>\n							</tr>\n						</table>\n					</div>\n				</div>\n				<div class="header_top_section_container_two">\n					<?$APPLICATION->IncludeComponent("bitrix:menu", "top_menu", array(\n	"ROOT_MENU_TYPE" => "top",\n	"MENU_CACHE_TYPE" => "Y",\n	"MENU_CACHE_TIME" => "36000000",\n	"MENU_CACHE_USE_GROUPS" => "Y",\n	"MENU_CACHE_GET_VARS" => array(\n	),\n	"MAX_LEVEL" => "1",\n	"CHILD_MENU_TYPE" => "left",\n	"USE_EXT" => "N",\n	"DELAY" => "N",\n	"ALLOW_MULTI_SELECT" => "N"\n	),\n	false\n);?>\n				</div>\n				<div class="clb"></div>\n			</div>  <!-- //header_top_section -->\n\n			<div class="header_inner" itemscope itemtype = "http://schema.org/LocalBusiness">\n				<?if ($curPage == SITE_DIR."index.php"):?><h1 class="site_title"><?endif?>\n					<a <?if ($curPage != SITE_DIR."index.php"):?>class="site_title"<?endif?> href="<?=SITE_DIR?>" itemprop = "name"><?$APPLICATION->IncludeComponent("bitrix:main.include", "", array("AREA_FILE_SHOW" => "file", "PATH" => SITE_DIR."include/company_name.php"), false);?></a>\n				<?if ($curPage == SITE_DIR."index.php"):?></h1><?endif?>\n\n				<div class="header_inner_container_one">\n					<div class="header_inner_include_aria"><span style="color: #1b5c79;">\n							<strong style="display: inline-block;padding-top: 7px;"><a style="text-decoration: none;color:#1b5c79;" href="<?=SITE_DIR?>about/contacts/" itemprop = "telephone"><?$APPLICATION->IncludeComponent("bitrix:main.include", "", array("AREA_FILE_SHOW" => "file", "PATH" => SITE_DIR."include/telephone.php"), false);?></a></strong><br />\n							<?$APPLICATION->IncludeComponent("bitrix:main.include", "", array("AREA_FILE_SHOW" => "file", "PATH" => SITE_DIR."include/schedule.php"), false);?></span>\n					</div>\n				</div>\n\n				<div class="header_inner_container_two">\n					<?$APPLICATION->IncludeComponent("bitrix:search.title", "visual", array(\n							"NUM_CATEGORIES" => "1",\n							"TOP_COUNT" => "5",\n							"CHECK_DATES" => "N",\n							"SHOW_OTHERS" => "N",\n							"PAGE" => SITE_DIR."catalog/",\n							"CATEGORY_0_TITLE" => GetMessage("SEARCH_GOODS") ,\n							"CATEGORY_0" => array(\n								0 => "iblock_catalog",\n							),\n							"CATEGORY_0_iblock_catalog" => array(\n								0 => "all",\n							),\n							"CATEGORY_OTHERS_TITLE" => GetMessage("SEARCH_OTHER"),\n							"SHOW_INPUT" => "Y",\n							"INPUT_ID" => "title-search-input",\n							"CONTAINER_ID" => "search",\n							"PRICE_CODE" => array(\n								0 => "BASE",\n							),\n							"SHOW_PREVIEW" => "Y",\n							"PREVIEW_WIDTH" => "75",\n							"PREVIEW_HEIGHT" => "75",\n							"CONVERT_CURRENCY" => "Y"\n						),\n						false\n					);?>\n				</div>\n\n				<div class="clb"></div>\n\n				<div class="header_inner_bottom_line_container">\n					<div class="header_inner_bottom_line">\n						<?if ($wizTemplateId == "eshop_adapt_horizontal"):?>\n						<?$APPLICATION->IncludeComponent("bitrix:menu", "site_top_menu", array(\n	"ROOT_MENU_TYPE" => "left",\n	"MENU_THEME" => "site",\n	"MENU_CACHE_TYPE" => "A",\n	"MENU_CACHE_TIME" => "36000000",\n	"MENU_CACHE_USE_GROUPS" => "Y",\n	"MENU_CACHE_GET_VARS" => array(\n	),\n	"MAX_LEVEL" => "3",\n	"CHILD_MENU_TYPE" => "left",\n	"USE_EXT" => "N",\n	"DELAY" => "N",\n	"ALLOW_MULTI_SELECT" => "N"\n	),\n	false\n);?>\n						<?endif?>\n					</div>\n				</div><!-- //header_inner_bottom_line_container -->\n\n			</div>  <!-- //header_inner -->\n			<?if ($APPLICATION->GetCurPage(true) == SITE_DIR."index.php"):?>\n				<?$APPLICATION->IncludeComponent(\n					"bitrix:main.include",\n					"",\n					Array(\n						"AREA_FILE_SHOW" => "sect",\n						"AREA_FILE_SUFFIX" => "inc",\n						"AREA_FILE_RECURSIVE" => "N",\n						"EDIT_MODE" => "html",\n					),\n					false,\n					Array(''HIDE_ICONS'' => ''Y'')\n				);?>\n			<?endif?>\n\n		</div> <!-- //header_wrap_container -->\n	</div> <!-- //header_wrap -->\n\n	<div class="workarea_wrap">\n		<div class="worakarea_wrap_container workarea <?if ($wizTemplateId == "eshop_adapt_vertical"):?>grid1x3<?else:?>grid<?endif?>">\n			<div id="navigation">\n				<?$APPLICATION->IncludeComponent("bitrix:breadcrumb", "", array(\n						"START_FROM" => "0",\n						"PATH" => "",\n						"SITE_ID" => "-"\n					),\n					false,\n					Array(''HIDE_ICONS'' => ''Y'')\n				);?>\n			</div>\n			<div class="bx_content_section">\n				<?if ($curPage != SITE_DIR."index.php"):?>\n				<h1><?=$APPLICATION->ShowTitle(false);?></h1>\n				<?endif?>\n";}', 1, 1408415553),
('136da2fa8746465655eb6a0383abf6edd', 'fileman', 'edit_component_props', 'CFileman::UndoEditFile', 'a:2:{s:7:"absPath";s:99:"/home/b/bureauit2/russianshik.bureauit.com/public_html/bitrix/templates/eshop_adapt_wood/header.php";s:7:"content";s:6896:"<?if(!defined("B_PROLOG_INCLUDED") || B_PROLOG_INCLUDED!==true)die();\nIncludeTemplateLangFile($_SERVER["DOCUMENT_ROOT"]."/bitrix/templates/".SITE_TEMPLATE_ID."/header.php");\n$wizTemplateId = COption::GetOptionString("main", "wizard_template_id", "eshop_adapt_horizontal", SITE_ID);\nCUtil::InitJSCore();\nCJSCore::Init(array("fx"));\n$curPage = $APPLICATION->GetCurPage(true);\n?>\n<!DOCTYPE html PUBLIC "-//W3C//DTD XHTML 1.0 Transitional//EN" "http://www.w3.org/TR/xhtml1/DTD/xhtml1-transitional.dtd">\n<html xmlns="http://www.w3.org/1999/xhtml" xml:lang="<?=LANGUAGE_ID?>" lang="<?=LANGUAGE_ID?>">\n<head>\n	<meta http-equiv="X-UA-Compatible" content="IE=edge" />\n	<meta name="viewport" content="user-scalable=no, initial-scale=1.0, maximum-scale=1.0, width=device-width">\n	<link rel="shortcut icon" type="image/x-icon" href="<?=SITE_DIR?>/favicon.ico" />\n	<?//$APPLICATION->ShowHead();\n	echo ''<meta http-equiv="Content-Type" content="text/html; charset=''.LANG_CHARSET.''"''.(true ? '' /'':'''').''>''."\\n";\n	$APPLICATION->ShowMeta("robots", false, true);\n	$APPLICATION->ShowMeta("keywords", false, true);\n	$APPLICATION->ShowMeta("description", false, true);\n	$APPLICATION->ShowCSS(true, true);\n	?>\n	<link rel="stylesheet" type="text/css" href="<?=CUtil::GetAdditionalFileURL(SITE_TEMPLATE_PATH."/colors.css")?>" />\n	<?\n	$APPLICATION->ShowHeadStrings();\n	$APPLICATION->ShowHeadScripts();\n	$APPLICATION->AddHeadScript(SITE_TEMPLATE_PATH."/script.js");\n	?>\n	<title><?$APPLICATION->ShowTitle()?></title>\n</head>\n<body>\n<div id="panel"><?$APPLICATION->ShowPanel();?></div>\n<?$APPLICATION->IncludeComponent("bitrix:eshop.banner", "", array());?>\n<div class="wrap" id="bx_eshop_wrap">\n	<div class="header_wrap">\n		<div class="header_wrap_container">\n			<div class="header_top_section">\n				<div class="header_top_section_container_one">\n					<div class="bx_cart_login_top">\n						<table>\n							<tr>\n								<td>\n								<?$APPLICATION->IncludeComponent("bitrix:sale.basket.basket.line", "", array(\n										"PATH_TO_BASKET" => SITE_DIR."personal/cart/",\n										"PATH_TO_PERSONAL" => SITE_DIR."personal/",\n										"SHOW_PERSONAL_LINK" => "N",\n										"SHOW_NUM_PRODUCTS" => "Y",\n										"SHOW_TOTAL_PRICE" => "Y",\n										"SHOW_PRODUCTS" => "N",\n										"POSITION_FIXED" =>"N"\n									),\n									false,\n									array()\n								);?>\n								</td>\n								<td>\n								<?$APPLICATION->IncludeComponent("bitrix:system.auth.form", "eshop_adapt", array(\n										"REGISTER_URL" => SITE_DIR."login/",\n										"PROFILE_URL" => SITE_DIR."personal/",\n										"SHOW_ERRORS" => "N"\n									),\n									false,\n									array()\n								);?>\n								</td>\n							</tr>\n						</table>\n					</div>\n				</div>\n				<div class="header_top_section_container_two">\n					<?$APPLICATION->IncludeComponent("bitrix:menu", "top_menu", array(\n	"ROOT_MENU_TYPE" => "top",\n	"MENU_CACHE_TYPE" => "Y",\n	"MENU_CACHE_TIME" => "36000000",\n	"MENU_CACHE_USE_GROUPS" => "Y",\n	"MENU_CACHE_GET_VARS" => array(\n	),\n	"MAX_LEVEL" => "1",\n	"CHILD_MENU_TYPE" => "left",\n	"USE_EXT" => "Y",\n	"DELAY" => "N",\n	"ALLOW_MULTI_SELECT" => "N"\n	),\n	false\n);?>\n				</div>\n				<div class="clb"></div>\n			</div>  <!-- //header_top_section -->\n\n			<div class="header_inner" itemscope itemtype = "http://schema.org/LocalBusiness">\n				<?if ($curPage == SITE_DIR."index.php"):?><h1 class="site_title"><?endif?>\n					<a <?if ($curPage != SITE_DIR."index.php"):?>class="site_title"<?endif?> href="<?=SITE_DIR?>" itemprop = "name"><?$APPLICATION->IncludeComponent("bitrix:main.include", "", array("AREA_FILE_SHOW" => "file", "PATH" => SITE_DIR."include/company_name.php"), false);?></a>\n				<?if ($curPage == SITE_DIR."index.php"):?></h1><?endif?>\n\n				<div class="header_inner_container_one">\n					<div class="header_inner_include_aria"><span style="color: #1b5c79;">\n							<strong style="display: inline-block;padding-top: 7px;"><a style="text-decoration: none;color:#1b5c79;" href="<?=SITE_DIR?>about/contacts/" itemprop = "telephone"><?$APPLICATION->IncludeComponent("bitrix:main.include", "", array("AREA_FILE_SHOW" => "file", "PATH" => SITE_DIR."include/telephone.php"), false);?></a></strong><br />\n							<?$APPLICATION->IncludeComponent("bitrix:main.include", "", array("AREA_FILE_SHOW" => "file", "PATH" => SITE_DIR."include/schedule.php"), false);?></span>\n					</div>\n				</div>\n\n				<div class="header_inner_container_two">\n					<?$APPLICATION->IncludeComponent("bitrix:search.title", "visual", array(\n							"NUM_CATEGORIES" => "1",\n							"TOP_COUNT" => "5",\n							"CHECK_DATES" => "N",\n							"SHOW_OTHERS" => "N",\n							"PAGE" => SITE_DIR."catalog/",\n							"CATEGORY_0_TITLE" => GetMessage("SEARCH_GOODS") ,\n							"CATEGORY_0" => array(\n								0 => "iblock_catalog",\n							),\n							"CATEGORY_0_iblock_catalog" => array(\n								0 => "all",\n							),\n							"CATEGORY_OTHERS_TITLE" => GetMessage("SEARCH_OTHER"),\n							"SHOW_INPUT" => "Y",\n							"INPUT_ID" => "title-search-input",\n							"CONTAINER_ID" => "search",\n							"PRICE_CODE" => array(\n								0 => "BASE",\n							),\n							"SHOW_PREVIEW" => "Y",\n							"PREVIEW_WIDTH" => "75",\n							"PREVIEW_HEIGHT" => "75",\n							"CONVERT_CURRENCY" => "Y"\n						),\n						false\n					);?>\n				</div>\n\n				<div class="clb"></div>\n\n				<div class="header_inner_bottom_line_container">\n					<div class="header_inner_bottom_line">\n						<?if ($wizTemplateId == "eshop_adapt_horizontal"):?>\n						<?$APPLICATION->IncludeComponent("bitrix:menu", "site_top_menu", array(\n	"ROOT_MENU_TYPE" => "left",\n	"MENU_THEME" => "site",\n	"MENU_CACHE_TYPE" => "A",\n	"MENU_CACHE_TIME" => "36000000",\n	"MENU_CACHE_USE_GROUPS" => "Y",\n	"MENU_CACHE_GET_VARS" => array(\n	),\n	"MAX_LEVEL" => "3",\n	"CHILD_MENU_TYPE" => "left",\n	"USE_EXT" => "N",\n	"DELAY" => "N",\n	"ALLOW_MULTI_SELECT" => "N"\n	),\n	false\n);?>\n						<?endif?>\n					</div>\n				</div><!-- //header_inner_bottom_line_container -->\n\n			</div>  <!-- //header_inner -->\n			<?if ($APPLICATION->GetCurPage(true) == SITE_DIR."index.php"):?>\n				<?$APPLICATION->IncludeComponent(\n					"bitrix:main.include",\n					"",\n					Array(\n						"AREA_FILE_SHOW" => "sect",\n						"AREA_FILE_SUFFIX" => "inc",\n						"AREA_FILE_RECURSIVE" => "N",\n						"EDIT_MODE" => "html",\n					),\n					false,\n					Array(''HIDE_ICONS'' => ''Y'')\n				);?>\n			<?endif?>\n\n		</div> <!-- //header_wrap_container -->\n	</div> <!-- //header_wrap -->\n\n	<div class="workarea_wrap">\n		<div class="worakarea_wrap_container workarea <?if ($wizTemplateId == "eshop_adapt_vertical"):?>grid1x3<?else:?>grid<?endif?>">\n			<div id="navigation">\n				<?$APPLICATION->IncludeComponent("bitrix:breadcrumb", "", array(\n						"START_FROM" => "0",\n						"PATH" => "",\n						"SITE_ID" => "-"\n					),\n					false,\n					Array(''HIDE_ICONS'' => ''Y'')\n				);?>\n			</div>\n			<div class="bx_content_section">\n				<?if ($curPage != SITE_DIR."index.php"):?>\n				<h1><?=$APPLICATION->ShowTitle(false);?></h1>\n				<?endif?>\n";}', 1, 1408415606),
('13b951fc67f2caff3b74ae4cae1a77f48', 'fileman', 'edit_component_props', 'CFileman::UndoEditFile', 'a:2:{s:7:"absPath";s:99:"/home/b/bureauit2/russianshik.bureauit.com/public_html/bitrix/templates/eshop_adapt_wood/footer.php";s:7:"content";s:7995:"<?if(!defined("B_PROLOG_INCLUDED") || B_PROLOG_INCLUDED!==true)die();?>\n				</div> <!-- //bx_content_section-->\n				<?if ($wizTemplateId == "eshop_adapt_vertical"):?>\n				<div class="bx_sidebar">\n					<?$APPLICATION->IncludeComponent("bitrix:menu", "catalog_vertical", array(\n							"ROOT_MENU_TYPE" => "left",\n							"MENU_CACHE_TYPE" => "A",\n							"MENU_CACHE_TIME" => "36000000",\n							"MENU_CACHE_USE_GROUPS" => "Y",\n							"CACHE_SELECTED_ITEMS" => "N",\n							"MENU_THEME" => "site",\n							"MENU_CACHE_GET_VARS" => array(\n							),\n							"MAX_LEVEL" => "3",\n							"CHILD_MENU_TYPE" => "left",\n							"USE_EXT" => "Y",\n							"DELAY" => "N",\n							"ALLOW_MULTI_SELECT" => "N"\n						),\n						false\n					);?>\n					<?if (\n						$APPLICATION->GetCurPage(false) != SITE_DIR."personal/cart/"\n						&& $APPLICATION->GetCurPage(false) != SITE_DIR."personal/order/make/"\n					):?>\n					<?$APPLICATION->IncludeComponent(\n						"bitrix:main.include",\n						"",\n						Array(\n							"AREA_FILE_SHOW" => "file",\n							"PATH" => SITE_DIR."include/viewed_product.php",\n							"AREA_FILE_RECURSIVE" => "N",\n							"EDIT_MODE" => "html",\n						),\n						false,\n						Array(''HIDE_ICONS'' => ''Y'')\n					);?>\n					<?endif?>\n				</div>\n				<div style="clear: both;"></div>\n				<?endif?>\n				<?if (\n					$wizTemplateId == "eshop_adapt_horizontal"\n					&& $APPLICATION->GetCurPage(false) != SITE_DIR."personal/cart/"\n					&& $APPLICATION->GetCurPage(false) != SITE_DIR."personal/order/make/"\n				):?>\n				<?$APPLICATION->IncludeComponent(\n					"bitrix:main.include",\n					"",\n					Array(\n						"AREA_FILE_SHOW" => "file",\n						"PATH" => SITE_DIR."include/viewed_product.php",\n						"AREA_FILE_RECURSIVE" => "N",\n						"EDIT_MODE" => "html",\n					),\n					false,\n					Array(''HIDE_ICONS'' => ''Y'')\n				);?>\n				<?endif?>\n			</div> <!-- //worakarea_wrap_container workarea-->\n		</div> <!-- //workarea_wrap-->\n\n		<div class="bottom_wrap">\n			<div class="bottom_wrap_container">\n				<div class="bottom_container_one">\n					<div class="bx_inc_about_footer">\n						<h4><?$APPLICATION->IncludeComponent("bitrix:main.include", "", array("AREA_FILE_SHOW" => "file", "PATH" => SITE_DIR."include/company_name.php"), false);?></h4>\n						<p><?$APPLICATION->IncludeComponent("bitrix:main.include", "", array("AREA_FILE_SHOW" => "file", "PATH" => SITE_DIR."include/company_about.php"), false);?></p>\n						<br/><br/>\n						<a href="<?=SITE_DIR?>about/"><?=GetMessage("FOOTER_COMPANY_ABOUT")?></a>\n					</div>\n				</div>\n				<div class="bottom_container_two">\n					<?$APPLICATION->IncludeComponent(\n						"bitrix:main.include",\n						"",\n						Array(\n							"AREA_FILE_SHOW" => "file",\n							"PATH" => SITE_DIR."include/news.php",\n							"AREA_FILE_RECURSIVE" => "N",\n							"EDIT_MODE" => "html",\n						),\n						false,\n						Array(''HIDE_ICONS'' => ''Y'')\n					);?>\n				</div>\n				<div class="bottom_container_tre">\n					<div class="bx_inc_social_footer">\n						<?$APPLICATION->IncludeComponent("bitrix:main.include", "", array("AREA_FILE_SHOW" => "file", "PATH" => SITE_DIR."include/facebook_plugin.php"), false);?>\n					</div>\n				</div>\n			</div>\n		</div>  <!-- //bottom_wrap -->\n\n		<div class="footer_wrap">\n			<div class="footer_wrap_container">\n				<div class="footer_container_one">\n					<div class="bx_inc_catalog_footer">\n						<h3><?$APPLICATION->IncludeComponent("bitrix:main.include", "", array("AREA_FILE_SHOW" => "file", "PATH" => SITE_DIR."include/catalog_title.php"), false);?></h3>\n						<?$APPLICATION->IncludeComponent("bitrix:menu", "bottom_menu", array(\n							"ROOT_MENU_TYPE" => "left",\n							"MENU_CACHE_TYPE" => "A",\n							"MENU_CACHE_TIME" => "36000000",\n							"MENU_CACHE_USE_GROUPS" => "Y",\n							"MENU_CACHE_GET_VARS" => array(\n							),\n							"MAX_LEVEL" => "1",\n							"USE_EXT" => "Y",\n							"DELAY" => "N",\n							"ALLOW_MULTI_SELECT" => "N"\n						),\n						false\n					);?>\n					</div>\n				</div>\n				<div class="footer_container_two">\n					<div class="bx_inc_menu_footer">\n						<h3><?$APPLICATION->IncludeComponent("bitrix:main.include", "", array("AREA_FILE_SHOW" => "file", "PATH" => SITE_DIR."include/about_title.php"), false);?></h3>\n						<?$APPLICATION->IncludeComponent("bitrix:menu", "bottom_menu", array(\n							"ROOT_MENU_TYPE" => "bottom",\n							"MAX_LEVEL" => "1",\n							"MENU_CACHE_TYPE" => "A",\n							"MENU_CACHE_TIME" => "36000000",\n							"MENU_CACHE_USE_GROUPS" => "Y",\n							"MENU_CACHE_GET_VARS" => array(\n							),\n						),\n						false\n					);?>\n					</div>\n				</div>\n				<div class="footer_container_tre">\n					<div class="footer_social_icon">\n						<?\n						$facebookLink = $APPLICATION->GetFileContent($_SERVER["DOCUMENT_ROOT"].SITE_DIR."include/socnet_facebook.php");\n						$twitterLink = $APPLICATION->GetFileContent($_SERVER["DOCUMENT_ROOT"].SITE_DIR."include/socnet_twitter.php");\n						$googlePlusLink = $APPLICATION->GetFileContent($_SERVER["DOCUMENT_ROOT"].SITE_DIR."include/socnet_google.php");\n						$vkLink = $APPLICATION->GetFileContent($_SERVER["DOCUMENT_ROOT"].SITE_DIR."include/socnet_vk.php");\n						?>\n						<ul>\n						<?if ($facebookLink):?>\n						<li class="fb"><?$APPLICATION->IncludeComponent("bitrix:main.include", "", array("AREA_FILE_SHOW" => "file", "PATH" => SITE_DIR."include/socnet_facebook.php"), false);?></li>\n						<?endif?>\n						<?if ($twitterLink):?>\n						<li class="tw"><?$APPLICATION->IncludeComponent("bitrix:main.include", "", array("AREA_FILE_SHOW" => "file", "PATH" => SITE_DIR."include/socnet_twitter.php"), false);?></li>\n						<?endif?>\n						<?if ($googlePlusLink):?>\n						<li class="gp"><?$APPLICATION->IncludeComponent("bitrix:main.include", "", array("AREA_FILE_SHOW" => "file", "PATH" => SITE_DIR."include/socnet_google.php"), false);?></li>\n						<?endif?>\n						<?if (LANGUAGE_ID=="ru" && $vkLink):?>\n						<li class="vk"><?$APPLICATION->IncludeComponent("bitrix:main.include", "", array("AREA_FILE_SHOW" => "file", "PATH" => SITE_DIR."include/socnet_vk.php"), false);?></li>\n						<?endif?>\n						</ul>\n					</div>\n					<div class="footer_contact">\n						<span><?=GetMessage("FOOTER_COMPANY_PHONE")?>:</span>\n						<strong><?$APPLICATION->IncludeComponent("bitrix:main.include", "", array("AREA_FILE_SHOW" => "file", "PATH" => SITE_DIR."include/telephone.php"), false);?></strong>\n					</div>\n				</div>\n				<div class="copyright"><?$APPLICATION->IncludeComponent("bitrix:main.include", "", array("AREA_FILE_SHOW" => "file", "PATH" => SITE_DIR."include/copyright.php"), false);?></div>\n			</div>\n		</div>  <!-- //footer_wrap -->\n\n	</div> <!-- //wrap -->\n\n	<div class="notive header">\n		<a href="javascript:void(0)" onclick="eshopOpenNativeMenu()" class="gn_general_nav notive"></a>\n		<a href="<?=SITE_DIR?>personal/cart/" class="cart_link notive"></a>\n		<div class="title notive"><?$APPLICATION->IncludeComponent("bitrix:main.include", "", array("AREA_FILE_SHOW" => "file", "PATH" => SITE_DIR."include/company_name.php"), false);?></div>\n		<div class="clb"></div>\n	</div>\n	<div class="menu-page" id="bx_native_menu">\n		<div class="menu-items">\n		<?$APPLICATION->IncludeComponent("bitrix:menu", "catalog_native", array(\n				"ROOT_MENU_TYPE" => "left",\n				"MENU_CACHE_TYPE" => "A",\n				"MENU_CACHE_TIME" => "36000000",\n				"MENU_CACHE_USE_GROUPS" => "Y",\n				"CACHE_SELECTED_ITEMS" => "N",\n				"MENU_CACHE_GET_VARS" => array(\n				),\n				"MAX_LEVEL" => "3",\n				"CHILD_MENU_TYPE" => "left",\n				"USE_EXT" => "Y",\n				"DELAY" => "N",\n				"ALLOW_MULTI_SELECT" => "N"\n			),\n			false\n		);?>\n		<?$APPLICATION->IncludeComponent("bitrix:menu", "catalog_native", array(\n				"ROOT_MENU_TYPE" => "native",\n				"MENU_CACHE_TYPE" => "A",\n				"MENU_CACHE_TIME" => "36000000",\n				"MENU_CACHE_USE_GROUPS" => "Y",\n				"CACHE_SELECTED_ITEMS" => "N",\n				"MENU_CACHE_GET_VARS" => array(\n				),\n				"MAX_LEVEL" => "3",\n				"CHILD_MENU_TYPE" => "personal",\n				"USE_EXT" => "Y",\n				"DELAY" => "N",\n				"ALLOW_MULTI_SELECT" => "N"\n			),\n			false\n		);?>\n		</div>\n	</div>\n	<div class="menu_bg" id="bx_menu_bg"></div>\n</body>\n</html>";}', 1, 1408415701),
('14003fc4f759f3d2aa3debd30616ded0f', 'fileman', 'edit_menu', 'CFileman::UndoEditFile', 'a:2:{s:7:"absPath";s:69:"/home/b/bureauit2/russianshik.bureauit.com/public_html/.left.menu.php";s:7:"content";s:512:"<?\n$aMenuLinks = Array(\n	Array(\n		"Женщинам", \n		"/catalog/women", \n		Array(), \n		Array(), \n		"" \n	),\n	Array(\n		"Аксессуары", \n		"/catalog/accessories/", \n		Array(), \n		Array(), \n		"" \n	),\n	Array(\n		"Скидки и акции", \n		"/sale/", \n		Array(), \n		Array(), \n		"" \n	),\n	Array(\n		"Ремонт одежды", \n		"/about/", \n		Array(), \n		Array(), \n		"" \n	),\n	Array(\n		"Пошив на заказ", \n		"/catalog/", \n		Array(), \n		Array(), \n		"" \n	),\n	Array(\n		"Меховые шкурки", \n		"/catalog/furskins/", \n		Array(), \n		Array(), \n		"" \n	)\n);\n?>";}', 1, 1408417439),
('1f14fc6296e3891b502f136c1131057a5', 'fileman', 'edit_component_props', 'CFileman::UndoEditFile', 'a:2:{s:7:"absPath";s:99:"/home/b/bureauit2/russianshik.bureauit.com/public_html/bitrix/templates/eshop_adapt_wood/header.php";s:7:"content";s:6896:"<?if(!defined("B_PROLOG_INCLUDED") || B_PROLOG_INCLUDED!==true)die();\nIncludeTemplateLangFile($_SERVER["DOCUMENT_ROOT"]."/bitrix/templates/".SITE_TEMPLATE_ID."/header.php");\n$wizTemplateId = COption::GetOptionString("main", "wizard_template_id", "eshop_adapt_horizontal", SITE_ID);\nCUtil::InitJSCore();\nCJSCore::Init(array("fx"));\n$curPage = $APPLICATION->GetCurPage(true);\n?>\n<!DOCTYPE html PUBLIC "-//W3C//DTD XHTML 1.0 Transitional//EN" "http://www.w3.org/TR/xhtml1/DTD/xhtml1-transitional.dtd">\n<html xmlns="http://www.w3.org/1999/xhtml" xml:lang="<?=LANGUAGE_ID?>" lang="<?=LANGUAGE_ID?>">\n<head>\n	<meta http-equiv="X-UA-Compatible" content="IE=edge" />\n	<meta name="viewport" content="user-scalable=no, initial-scale=1.0, maximum-scale=1.0, width=device-width">\n	<link rel="shortcut icon" type="image/x-icon" href="<?=SITE_DIR?>/favicon.ico" />\n	<?//$APPLICATION->ShowHead();\n	echo ''<meta http-equiv="Content-Type" content="text/html; charset=''.LANG_CHARSET.''"''.(true ? '' /'':'''').''>''."\\n";\n	$APPLICATION->ShowMeta("robots", false, true);\n	$APPLICATION->ShowMeta("keywords", false, true);\n	$APPLICATION->ShowMeta("description", false, true);\n	$APPLICATION->ShowCSS(true, true);\n	?>\n	<link rel="stylesheet" type="text/css" href="<?=CUtil::GetAdditionalFileURL(SITE_TEMPLATE_PATH."/colors.css")?>" />\n	<?\n	$APPLICATION->ShowHeadStrings();\n	$APPLICATION->ShowHeadScripts();\n	$APPLICATION->AddHeadScript(SITE_TEMPLATE_PATH."/script.js");\n	?>\n	<title><?$APPLICATION->ShowTitle()?></title>\n</head>\n<body>\n<div id="panel"><?$APPLICATION->ShowPanel();?></div>\n<?$APPLICATION->IncludeComponent("bitrix:eshop.banner", "", array());?>\n<div class="wrap" id="bx_eshop_wrap">\n	<div class="header_wrap">\n		<div class="header_wrap_container">\n			<div class="header_top_section">\n				<div class="header_top_section_container_one">\n					<div class="bx_cart_login_top">\n						<table>\n							<tr>\n								<td>\n								<?$APPLICATION->IncludeComponent("bitrix:sale.basket.basket.line", "", array(\n										"PATH_TO_BASKET" => SITE_DIR."personal/cart/",\n										"PATH_TO_PERSONAL" => SITE_DIR."personal/",\n										"SHOW_PERSONAL_LINK" => "N",\n										"SHOW_NUM_PRODUCTS" => "Y",\n										"SHOW_TOTAL_PRICE" => "Y",\n										"SHOW_PRODUCTS" => "N",\n										"POSITION_FIXED" =>"N"\n									),\n									false,\n									array()\n								);?>\n								</td>\n								<td>\n								<?$APPLICATION->IncludeComponent("bitrix:system.auth.form", "eshop_adapt", array(\n										"REGISTER_URL" => SITE_DIR."login/",\n										"PROFILE_URL" => SITE_DIR."personal/",\n										"SHOW_ERRORS" => "N"\n									),\n									false,\n									array()\n								);?>\n								</td>\n							</tr>\n						</table>\n					</div>\n				</div>\n				<div class="header_top_section_container_two">\n					<?$APPLICATION->IncludeComponent("bitrix:menu", "top_menu", array(\n	"ROOT_MENU_TYPE" => "top",\n	"MENU_CACHE_TYPE" => "Y",\n	"MENU_CACHE_TIME" => "36000000",\n	"MENU_CACHE_USE_GROUPS" => "Y",\n	"MENU_CACHE_GET_VARS" => array(\n	),\n	"MAX_LEVEL" => "1",\n	"CHILD_MENU_TYPE" => "left",\n	"USE_EXT" => "N",\n	"DELAY" => "N",\n	"ALLOW_MULTI_SELECT" => "N"\n	),\n	false\n);?>\n				</div>\n				<div class="clb"></div>\n			</div>  <!-- //header_top_section -->\n\n			<div class="header_inner" itemscope itemtype = "http://schema.org/LocalBusiness">\n				<?if ($curPage == SITE_DIR."index.php"):?><h1 class="site_title"><?endif?>\n					<a <?if ($curPage != SITE_DIR."index.php"):?>class="site_title"<?endif?> href="<?=SITE_DIR?>" itemprop = "name"><?$APPLICATION->IncludeComponent("bitrix:main.include", "", array("AREA_FILE_SHOW" => "file", "PATH" => SITE_DIR."include/company_name.php"), false);?></a>\n				<?if ($curPage == SITE_DIR."index.php"):?></h1><?endif?>\n\n				<div class="header_inner_container_one">\n					<div class="header_inner_include_aria"><span style="color: #1b5c79;">\n							<strong style="display: inline-block;padding-top: 7px;"><a style="text-decoration: none;color:#1b5c79;" href="<?=SITE_DIR?>about/contacts/" itemprop = "telephone"><?$APPLICATION->IncludeComponent("bitrix:main.include", "", array("AREA_FILE_SHOW" => "file", "PATH" => SITE_DIR."include/telephone.php"), false);?></a></strong><br />\n							<?$APPLICATION->IncludeComponent("bitrix:main.include", "", array("AREA_FILE_SHOW" => "file", "PATH" => SITE_DIR."include/schedule.php"), false);?></span>\n					</div>\n				</div>\n\n				<div class="header_inner_container_two">\n					<?$APPLICATION->IncludeComponent("bitrix:search.title", "visual", array(\n							"NUM_CATEGORIES" => "1",\n							"TOP_COUNT" => "5",\n							"CHECK_DATES" => "N",\n							"SHOW_OTHERS" => "N",\n							"PAGE" => SITE_DIR."catalog/",\n							"CATEGORY_0_TITLE" => GetMessage("SEARCH_GOODS") ,\n							"CATEGORY_0" => array(\n								0 => "iblock_catalog",\n							),\n							"CATEGORY_0_iblock_catalog" => array(\n								0 => "all",\n							),\n							"CATEGORY_OTHERS_TITLE" => GetMessage("SEARCH_OTHER"),\n							"SHOW_INPUT" => "Y",\n							"INPUT_ID" => "title-search-input",\n							"CONTAINER_ID" => "search",\n							"PRICE_CODE" => array(\n								0 => "BASE",\n							),\n							"SHOW_PREVIEW" => "Y",\n							"PREVIEW_WIDTH" => "75",\n							"PREVIEW_HEIGHT" => "75",\n							"CONVERT_CURRENCY" => "Y"\n						),\n						false\n					);?>\n				</div>\n\n				<div class="clb"></div>\n\n				<div class="header_inner_bottom_line_container">\n					<div class="header_inner_bottom_line">\n						<?if ($wizTemplateId == "eshop_adapt_horizontal"):?>\n						<?$APPLICATION->IncludeComponent("bitrix:menu", "site_top_menu", array(\n	"ROOT_MENU_TYPE" => "left",\n	"MENU_THEME" => "site",\n	"MENU_CACHE_TYPE" => "A",\n	"MENU_CACHE_TIME" => "36000000",\n	"MENU_CACHE_USE_GROUPS" => "Y",\n	"MENU_CACHE_GET_VARS" => array(\n	),\n	"MAX_LEVEL" => "3",\n	"CHILD_MENU_TYPE" => "left",\n	"USE_EXT" => "Y",\n	"DELAY" => "N",\n	"ALLOW_MULTI_SELECT" => "N"\n	),\n	false\n);?>\n						<?endif?>\n					</div>\n				</div><!-- //header_inner_bottom_line_container -->\n\n			</div>  <!-- //header_inner -->\n			<?if ($APPLICATION->GetCurPage(true) == SITE_DIR."index.php"):?>\n				<?$APPLICATION->IncludeComponent(\n					"bitrix:main.include",\n					"",\n					Array(\n						"AREA_FILE_SHOW" => "sect",\n						"AREA_FILE_SUFFIX" => "inc",\n						"AREA_FILE_RECURSIVE" => "N",\n						"EDIT_MODE" => "html",\n					),\n					false,\n					Array(''HIDE_ICONS'' => ''Y'')\n				);?>\n			<?endif?>\n\n		</div> <!-- //header_wrap_container -->\n	</div> <!-- //header_wrap -->\n\n	<div class="workarea_wrap">\n		<div class="worakarea_wrap_container workarea <?if ($wizTemplateId == "eshop_adapt_vertical"):?>grid1x3<?else:?>grid<?endif?>">\n			<div id="navigation">\n				<?$APPLICATION->IncludeComponent("bitrix:breadcrumb", "", array(\n						"START_FROM" => "0",\n						"PATH" => "",\n						"SITE_ID" => "-"\n					),\n					false,\n					Array(''HIDE_ICONS'' => ''Y'')\n				);?>\n			</div>\n			<div class="bx_content_section">\n				<?if ($curPage != SITE_DIR."index.php"):?>\n				<h1><?=$APPLICATION->ShowTitle(false);?></h1>\n				<?endif?>\n";}', 1, 1408414228);

-- --------------------------------------------------------

--
-- Структура таблицы `b_user`
--

CREATE TABLE IF NOT EXISTS `b_user` (
  `ID` int(18) NOT NULL AUTO_INCREMENT,
  `TIMESTAMP_X` timestamp NOT NULL DEFAULT CURRENT_TIMESTAMP ON UPDATE CURRENT_TIMESTAMP,
  `LOGIN` varchar(50) NOT NULL,
  `PASSWORD` varchar(50) NOT NULL,
  `CHECKWORD` varchar(50) DEFAULT NULL,
  `ACTIVE` char(1) NOT NULL DEFAULT 'Y',
  `NAME` varchar(50) DEFAULT NULL,
  `LAST_NAME` varchar(50) DEFAULT NULL,
  `EMAIL` varchar(255) DEFAULT NULL,
  `LAST_LOGIN` datetime DEFAULT NULL,
  `DATE_REGISTER` datetime NOT NULL,
  `LID` char(2) DEFAULT NULL,
  `PERSONAL_PROFESSION` varchar(255) DEFAULT NULL,
  `PERSONAL_WWW` varchar(255) DEFAULT NULL,
  `PERSONAL_ICQ` varchar(255) DEFAULT NULL,
  `PERSONAL_GENDER` char(1) DEFAULT NULL,
  `PERSONAL_BIRTHDATE` varchar(50) DEFAULT NULL,
  `PERSONAL_PHOTO` int(18) DEFAULT NULL,
  `PERSONAL_PHONE` varchar(255) DEFAULT NULL,
  `PERSONAL_FAX` varchar(255) DEFAULT NULL,
  `PERSONAL_MOBILE` varchar(255) DEFAULT NULL,
  `PERSONAL_PAGER` varchar(255) DEFAULT NULL,
  `PERSONAL_STREET` text,
  `PERSONAL_MAILBOX` varchar(255) DEFAULT NULL,
  `PERSONAL_CITY` varchar(255) DEFAULT NULL,
  `PERSONAL_STATE` varchar(255) DEFAULT NULL,
  `PERSONAL_ZIP` varchar(255) DEFAULT NULL,
  `PERSONAL_COUNTRY` varchar(255) DEFAULT NULL,
  `PERSONAL_NOTES` text,
  `WORK_COMPANY` varchar(255) DEFAULT NULL,
  `WORK_DEPARTMENT` varchar(255) DEFAULT NULL,
  `WORK_POSITION` varchar(255) DEFAULT NULL,
  `WORK_WWW` varchar(255) DEFAULT NULL,
  `WORK_PHONE` varchar(255) DEFAULT NULL,
  `WORK_FAX` varchar(255) DEFAULT NULL,
  `WORK_PAGER` varchar(255) DEFAULT NULL,
  `WORK_STREET` text,
  `WORK_MAILBOX` varchar(255) DEFAULT NULL,
  `WORK_CITY` varchar(255) DEFAULT NULL,
  `WORK_STATE` varchar(255) DEFAULT NULL,
  `WORK_ZIP` varchar(255) DEFAULT NULL,
  `WORK_COUNTRY` varchar(255) DEFAULT NULL,
  `WORK_PROFILE` text,
  `WORK_LOGO` int(18) DEFAULT NULL,
  `WORK_NOTES` text,
  `ADMIN_NOTES` text,
  `STORED_HASH` varchar(32) DEFAULT NULL,
  `XML_ID` varchar(255) DEFAULT NULL,
  `PERSONAL_BIRTHDAY` date DEFAULT NULL,
  `EXTERNAL_AUTH_ID` varchar(255) DEFAULT NULL,
  `CHECKWORD_TIME` datetime DEFAULT NULL,
  `SECOND_NAME` varchar(50) DEFAULT NULL,
  `CONFIRM_CODE` varchar(8) DEFAULT NULL,
  `LOGIN_ATTEMPTS` int(18) DEFAULT NULL,
  `LAST_ACTIVITY_DATE` datetime DEFAULT NULL,
  `AUTO_TIME_ZONE` char(1) DEFAULT NULL,
  `TIME_ZONE` varchar(50) DEFAULT NULL,
  `TIME_ZONE_OFFSET` int(18) DEFAULT NULL,
  PRIMARY KEY (`ID`),
  UNIQUE KEY `ix_login` (`LOGIN`,`EXTERNAL_AUTH_ID`),
  KEY `ix_b_user_email` (`EMAIL`),
  KEY `ix_b_user_activity_date` (`LAST_ACTIVITY_DATE`),
  KEY `IX_B_USER_XML_ID` (`XML_ID`)
) ENGINE=MyISAM  DEFAULT CHARSET=cp1251 AUTO_INCREMENT=2 ;

--
-- Дамп данных таблицы `b_user`
--

INSERT INTO `b_user` (`ID`, `TIMESTAMP_X`, `LOGIN`, `PASSWORD`, `CHECKWORD`, `ACTIVE`, `NAME`, `LAST_NAME`, `EMAIL`, `LAST_LOGIN`, `DATE_REGISTER`, `LID`, `PERSONAL_PROFESSION`, `PERSONAL_WWW`, `PERSONAL_ICQ`, `PERSONAL_GENDER`, `PERSONAL_BIRTHDATE`, `PERSONAL_PHOTO`, `PERSONAL_PHONE`, `PERSONAL_FAX`, `PERSONAL_MOBILE`, `PERSONAL_PAGER`, `PERSONAL_STREET`, `PERSONAL_MAILBOX`, `PERSONAL_CITY`, `PERSONAL_STATE`, `PERSONAL_ZIP`, `PERSONAL_COUNTRY`, `PERSONAL_NOTES`, `WORK_COMPANY`, `WORK_DEPARTMENT`, `WORK_POSITION`, `WORK_WWW`, `WORK_PHONE`, `WORK_FAX`, `WORK_PAGER`, `WORK_STREET`, `WORK_MAILBOX`, `WORK_CITY`, `WORK_STATE`, `WORK_ZIP`, `WORK_COUNTRY`, `WORK_PROFILE`, `WORK_LOGO`, `WORK_NOTES`, `ADMIN_NOTES`, `STORED_HASH`, `XML_ID`, `PERSONAL_BIRTHDAY`, `EXTERNAL_AUTH_ID`, `CHECKWORD_TIME`, `SECOND_NAME`, `CONFIRM_CODE`, `LOGIN_ATTEMPTS`, `LAST_ACTIVITY_DATE`, `AUTO_TIME_ZONE`, `TIME_ZONE`, `TIME_ZONE_OFFSET`) VALUES
(1, '2014-08-07 02:45:10', 'alexparker', 'ba2jBkLJ0f17d5a4bcd404d82ae2892e7b95d4d8', 'fMa4jY3Uf0d35bea31f05816ee61f098744cfd65', 'Y', 'Alexander', '', 'neivweb@gmail.com', '2014-08-20 05:26:46', '2014-08-07 06:45:10', NULL, NULL, NULL, NULL, '', NULL, NULL, NULL, NULL, NULL, NULL, NULL, NULL, NULL, NULL, NULL, NULL, NULL, NULL, NULL, NULL, NULL, NULL, NULL, NULL, NULL, NULL, NULL, NULL, NULL, NULL, NULL, NULL, NULL, NULL, NULL, NULL, NULL, NULL, '2014-08-07 06:45:10', NULL, NULL, 0, NULL, NULL, NULL, NULL);

-- --------------------------------------------------------

--
-- Структура таблицы `b_user_access`
--

CREATE TABLE IF NOT EXISTS `b_user_access` (
  `USER_ID` int(11) DEFAULT NULL,
  `PROVIDER_ID` varchar(50) DEFAULT NULL,
  `ACCESS_CODE` varchar(100) DEFAULT NULL,
  KEY `ix_ua_user_provider` (`USER_ID`,`PROVIDER_ID`),
  KEY `ix_ua_user_access` (`USER_ID`,`ACCESS_CODE`)
) ENGINE=MyISAM DEFAULT CHARSET=cp1251;

--
-- Дамп данных таблицы `b_user_access`
--

INSERT INTO `b_user_access` (`USER_ID`, `PROVIDER_ID`, `ACCESS_CODE`) VALUES
(0, 'group', 'G2'),
(1, 'group', 'G1'),
(1, 'group', 'G3'),
(1, 'group', 'G4'),
(1, 'group', 'G2'),
(1, 'user', 'U1');

-- --------------------------------------------------------

--
-- Структура таблицы `b_user_access_check`
--

CREATE TABLE IF NOT EXISTS `b_user_access_check` (
  `USER_ID` int(11) DEFAULT NULL,
  `PROVIDER_ID` varchar(50) DEFAULT NULL,
  KEY `ix_uac_user_provider` (`USER_ID`,`PROVIDER_ID`)
) ENGINE=MyISAM DEFAULT CHARSET=cp1251;

--
-- Дамп данных таблицы `b_user_access_check`
--

INSERT INTO `b_user_access_check` (`USER_ID`, `PROVIDER_ID`) VALUES
(1, 'group'),
(1, 'user');

-- --------------------------------------------------------

--
-- Структура таблицы `b_user_counter`
--

CREATE TABLE IF NOT EXISTS `b_user_counter` (
  `USER_ID` int(18) NOT NULL,
  `SITE_ID` char(2) NOT NULL DEFAULT '**',
  `CODE` varchar(50) NOT NULL,
  `CNT` int(18) NOT NULL DEFAULT '0',
  `LAST_DATE` datetime DEFAULT NULL,
  `TAG` varchar(255) DEFAULT NULL,
  `PARAMS` text,
  `SENT` char(1) DEFAULT NULL,
  PRIMARY KEY (`USER_ID`,`SITE_ID`,`CODE`),
  KEY `ix_buc_tag` (`TAG`),
  KEY `ix_buc_sent` (`SENT`)
) ENGINE=MyISAM DEFAULT CHARSET=cp1251;

-- --------------------------------------------------------

--
-- Структура таблицы `b_user_digest`
--

CREATE TABLE IF NOT EXISTS `b_user_digest` (
  `USER_ID` int(11) NOT NULL,
  `DIGEST_HA1` varchar(32) NOT NULL,
  PRIMARY KEY (`USER_ID`)
) ENGINE=MyISAM DEFAULT CHARSET=cp1251;

-- --------------------------------------------------------

--
-- Структура таблицы `b_user_field`
--

CREATE TABLE IF NOT EXISTS `b_user_field` (
  `ID` int(11) NOT NULL AUTO_INCREMENT,
  `ENTITY_ID` varchar(20) DEFAULT NULL,
  `FIELD_NAME` varchar(20) DEFAULT NULL,
  `USER_TYPE_ID` varchar(50) DEFAULT NULL,
  `XML_ID` varchar(255) DEFAULT NULL,
  `SORT` int(11) DEFAULT NULL,
  `MULTIPLE` char(1) NOT NULL DEFAULT 'N',
  `MANDATORY` char(1) NOT NULL DEFAULT 'N',
  `SHOW_FILTER` char(1) NOT NULL DEFAULT 'N',
  `SHOW_IN_LIST` char(1) NOT NULL DEFAULT 'Y',
  `EDIT_IN_LIST` char(1) NOT NULL DEFAULT 'Y',
  `IS_SEARCHABLE` char(1) NOT NULL DEFAULT 'N',
  `SETTINGS` text,
  PRIMARY KEY (`ID`),
  UNIQUE KEY `ux_user_type_entity` (`ENTITY_ID`,`FIELD_NAME`)
) ENGINE=MyISAM  DEFAULT CHARSET=cp1251 AUTO_INCREMENT=22 ;

--
-- Дамп данных таблицы `b_user_field`
--

INSERT INTO `b_user_field` (`ID`, `ENTITY_ID`, `FIELD_NAME`, `USER_TYPE_ID`, `XML_ID`, `SORT`, `MULTIPLE`, `MANDATORY`, `SHOW_FILTER`, `SHOW_IN_LIST`, `EDIT_IN_LIST`, `IS_SEARCHABLE`, `SETTINGS`) VALUES
(1, 'BLOG_POST', 'UF_BLOG_POST_DOC', 'file', 'UF_BLOG_POST_DOC', 100, 'Y', 'N', 'N', 'N', 'Y', 'Y', 'a:0:{}'),
(2, 'BLOG_COMMENT', 'UF_BLOG_COMMENT_DOC', 'file', 'UF_BLOG_COMMENT_DOC', 100, 'Y', 'N', 'N', 'N', 'Y', 'Y', 'a:0:{}'),
(3, 'BLOG_POST', 'UF_GRATITUDE', 'integer', 'UF_GRATITUDE', 100, 'N', 'N', 'N', 'N', 'Y', 'N', 'a:0:{}'),
(4, 'BLOG_POST', 'UF_BLOG_POST_VOTE', 'vote', 'UF_BLOG_POST_VOTE', 100, 'N', 'N', 'N', 'Y', 'Y', 'N', 'a:4:{s:10:"CHANNEL_ID";i:1;s:6:"UNIQUE";i:13;s:15:"UNIQUE_IP_DELAY";a:2:{s:5:"DELAY";s:2:"10";s:10:"DELAY_TYPE";s:1:"D";}s:6:"NOTIFY";s:1:"N";}'),
(5, 'HLBLOCK_1', 'UF_NAME', 'string', 'UF_COLOR_NAME', 100, 'N', 'N', 'N', 'Y', 'Y', 'Y', 'a:6:{s:4:"SIZE";i:20;s:4:"ROWS";i:1;s:6:"REGEXP";N;s:10:"MIN_LENGTH";i:0;s:10:"MAX_LENGTH";i:0;s:13:"DEFAULT_VALUE";N;}'),
(6, 'HLBLOCK_1', 'UF_FILE', 'file', 'UF_COLOR_FILE', 200, 'N', 'N', 'N', 'Y', 'Y', 'Y', 'a:6:{s:4:"SIZE";i:20;s:10:"LIST_WIDTH";i:0;s:11:"LIST_HEIGHT";i:0;s:13:"MAX_SHOW_SIZE";i:0;s:16:"MAX_ALLOWED_SIZE";i:0;s:10:"EXTENSIONS";a:0:{}}'),
(7, 'HLBLOCK_1', 'UF_LINK', 'string', 'UF_COLOR_LINK', 300, 'N', 'N', 'N', 'Y', 'Y', 'Y', 'a:6:{s:4:"SIZE";i:20;s:4:"ROWS";i:1;s:6:"REGEXP";N;s:10:"MIN_LENGTH";i:0;s:10:"MAX_LENGTH";i:0;s:13:"DEFAULT_VALUE";N;}'),
(8, 'HLBLOCK_1', 'UF_SORT', 'double', 'UF_COLOR_SORT', 400, 'N', 'N', 'N', 'Y', 'Y', 'N', 'a:5:{s:9:"PRECISION";i:0;s:4:"SIZE";i:20;s:9:"MIN_VALUE";d:0;s:9:"MAX_VALUE";d:0;s:13:"DEFAULT_VALUE";s:0:"";}'),
(9, 'HLBLOCK_1', 'UF_DEF', 'boolean', 'UF_COLOR_DEF', 500, 'N', 'N', 'N', 'Y', 'Y', 'N', 'a:2:{s:13:"DEFAULT_VALUE";i:0;s:7:"DISPLAY";N;}'),
(10, 'HLBLOCK_1', 'UF_XML_ID', 'string', 'UF_XML_ID', 600, 'N', 'Y', 'N', 'Y', 'Y', 'N', 'a:6:{s:4:"SIZE";i:20;s:4:"ROWS";i:1;s:6:"REGEXP";N;s:10:"MIN_LENGTH";i:0;s:10:"MAX_LENGTH";i:0;s:13:"DEFAULT_VALUE";N;}'),
(11, 'HLBLOCK_2', 'UF_NAME', 'string', 'UF_BRAND_NAME', 100, 'N', 'N', 'N', 'Y', 'Y', 'Y', 'a:6:{s:4:"SIZE";i:20;s:4:"ROWS";i:1;s:6:"REGEXP";N;s:10:"MIN_LENGTH";i:0;s:10:"MAX_LENGTH";i:0;s:13:"DEFAULT_VALUE";N;}'),
(12, 'HLBLOCK_2', 'UF_FILE', 'file', 'UF_BRAND_FILE', 200, 'N', 'N', 'N', 'Y', 'Y', 'Y', 'a:6:{s:4:"SIZE";i:20;s:10:"LIST_WIDTH";i:0;s:11:"LIST_HEIGHT";i:0;s:13:"MAX_SHOW_SIZE";i:0;s:16:"MAX_ALLOWED_SIZE";i:0;s:10:"EXTENSIONS";a:0:{}}'),
(13, 'HLBLOCK_2', 'UF_LINK', 'string', 'UF_BRAND_LINK', 300, 'N', 'N', 'N', 'Y', 'Y', 'Y', 'a:6:{s:4:"SIZE";i:20;s:4:"ROWS";i:1;s:6:"REGEXP";N;s:10:"MIN_LENGTH";i:0;s:10:"MAX_LENGTH";i:0;s:13:"DEFAULT_VALUE";N;}'),
(14, 'HLBLOCK_2', 'UF_DESCRIPTION', 'string', 'UF_BRAND_DESCR', 400, 'N', 'N', 'N', 'Y', 'Y', 'Y', 'a:6:{s:4:"SIZE";i:20;s:4:"ROWS";i:1;s:6:"REGEXP";N;s:10:"MIN_LENGTH";i:0;s:10:"MAX_LENGTH";i:0;s:13:"DEFAULT_VALUE";N;}'),
(15, 'HLBLOCK_2', 'UF_FULL_DESCRIPTION', 'string', 'UF_BRAND_FULL_DESCR', 500, 'N', 'N', 'N', 'Y', 'Y', 'Y', 'a:6:{s:4:"SIZE";i:20;s:4:"ROWS";i:1;s:6:"REGEXP";N;s:10:"MIN_LENGTH";i:0;s:10:"MAX_LENGTH";i:0;s:13:"DEFAULT_VALUE";N;}'),
(16, 'HLBLOCK_2', 'UF_SORT', 'double', 'UF_BRAND_SORT', 600, 'N', 'N', 'N', 'Y', 'Y', 'N', 'a:5:{s:9:"PRECISION";i:0;s:4:"SIZE";i:20;s:9:"MIN_VALUE";d:0;s:9:"MAX_VALUE";d:0;s:13:"DEFAULT_VALUE";s:0:"";}'),
(17, 'HLBLOCK_2', 'UF_EXTERNAL_CODE', 'string', 'UF_BRAND_EXTERNAL_CODE', 700, 'N', 'N', 'N', 'Y', 'Y', 'N', 'a:6:{s:4:"SIZE";i:20;s:4:"ROWS";i:1;s:6:"REGEXP";N;s:10:"MIN_LENGTH";i:0;s:10:"MAX_LENGTH";i:0;s:13:"DEFAULT_VALUE";N;}'),
(18, 'HLBLOCK_2', 'UF_XML_ID', 'string', 'UF_XML_ID', 800, 'N', 'Y', 'N', 'Y', 'Y', 'N', 'a:6:{s:4:"SIZE";i:20;s:4:"ROWS";i:1;s:6:"REGEXP";N;s:10:"MIN_LENGTH";i:0;s:10:"MAX_LENGTH";i:0;s:13:"DEFAULT_VALUE";N;}'),
(19, 'IBLOCK_2_SECTION', 'UF_BROWSER_TITLE', 'string', 'UF_BROWSER_TITLE', 100, 'N', 'N', 'N', 'Y', 'Y', 'N', 'a:6:{s:4:"SIZE";i:50;s:4:"ROWS";i:1;s:6:"REGEXP";s:0:"";s:10:"MIN_LENGTH";i:0;s:10:"MAX_LENGTH";i:0;s:13:"DEFAULT_VALUE";s:0:"";}'),
(20, 'IBLOCK_2_SECTION', 'UF_KEYWORDS', 'string', 'UF_KEYWORDS', 100, 'N', 'N', 'N', 'Y', 'Y', 'N', 'a:6:{s:4:"SIZE";i:50;s:4:"ROWS";i:1;s:6:"REGEXP";s:0:"";s:10:"MIN_LENGTH";i:0;s:10:"MAX_LENGTH";i:0;s:13:"DEFAULT_VALUE";s:0:"";}'),
(21, 'IBLOCK_2_SECTION', 'UF_META_DESCRIPTION', 'string', 'UF_META_DESCRIPTION', 100, 'N', 'N', 'N', 'Y', 'Y', 'N', 'a:6:{s:4:"SIZE";i:38;s:4:"ROWS";i:5;s:6:"REGEXP";s:0:"";s:10:"MIN_LENGTH";i:0;s:10:"MAX_LENGTH";i:0;s:13:"DEFAULT_VALUE";s:0:"";}');

-- --------------------------------------------------------

--
-- Структура таблицы `b_user_field_enum`
--

CREATE TABLE IF NOT EXISTS `b_user_field_enum` (
  `ID` int(11) NOT NULL AUTO_INCREMENT,
  `USER_FIELD_ID` int(11) DEFAULT NULL,
  `VALUE` varchar(255) NOT NULL,
  `DEF` char(1) NOT NULL DEFAULT 'N',
  `SORT` int(11) NOT NULL DEFAULT '500',
  `XML_ID` varchar(255) NOT NULL,
  PRIMARY KEY (`ID`),
  UNIQUE KEY `ux_user_field_enum` (`USER_FIELD_ID`,`XML_ID`)
) ENGINE=MyISAM DEFAULT CHARSET=cp1251 AUTO_INCREMENT=1 ;

-- --------------------------------------------------------

--
-- Структура таблицы `b_user_field_lang`
--

CREATE TABLE IF NOT EXISTS `b_user_field_lang` (
  `USER_FIELD_ID` int(11) NOT NULL DEFAULT '0',
  `LANGUAGE_ID` char(2) NOT NULL DEFAULT '',
  `EDIT_FORM_LABEL` varchar(255) DEFAULT NULL,
  `LIST_COLUMN_LABEL` varchar(255) DEFAULT NULL,
  `LIST_FILTER_LABEL` varchar(255) DEFAULT NULL,
  `ERROR_MESSAGE` varchar(255) DEFAULT NULL,
  `HELP_MESSAGE` varchar(255) DEFAULT NULL,
  PRIMARY KEY (`USER_FIELD_ID`,`LANGUAGE_ID`)
) ENGINE=MyISAM DEFAULT CHARSET=cp1251;

--
-- Дамп данных таблицы `b_user_field_lang`
--

INSERT INTO `b_user_field_lang` (`USER_FIELD_ID`, `LANGUAGE_ID`, `EDIT_FORM_LABEL`, `LIST_COLUMN_LABEL`, `LIST_FILTER_LABEL`, `ERROR_MESSAGE`, `HELP_MESSAGE`) VALUES
(5, 'en', 'Название', 'Название', 'Название', NULL, NULL),
(5, 'ru', 'Название', 'Название', 'Название', NULL, NULL),
(6, 'en', 'Файл', 'Файл', 'Файл', NULL, NULL),
(6, 'ru', 'Файл', 'Файл', 'Файл', NULL, NULL),
(7, 'en', 'Ссылка', 'Ссылка', 'Ссылка', NULL, NULL),
(7, 'ru', 'Ссылка', 'Ссылка', 'Ссылка', NULL, NULL),
(8, 'en', 'Сортировка', 'Сортировка', 'Сортировка', NULL, NULL),
(8, 'ru', 'Сортировка', 'Сортировка', 'Сортировка', NULL, NULL),
(9, 'en', 'По умолчанию', 'По умолчанию', 'По умолчанию', NULL, NULL),
(9, 'ru', 'По умолчанию', 'По умолчанию', 'По умолчанию', NULL, NULL),
(10, 'en', 'XML_ID', 'XML_ID', 'XML_ID', NULL, NULL),
(10, 'ru', 'XML_ID', 'XML_ID', 'XML_ID', NULL, NULL),
(11, 'en', 'Название', 'Название', 'Название', NULL, NULL),
(11, 'ru', 'Название', 'Название', 'Название', NULL, NULL),
(12, 'en', 'Файл', 'Файл', 'Файл', NULL, NULL),
(12, 'ru', 'Файл', 'Файл', 'Файл', NULL, NULL),
(13, 'en', 'Ссылка', 'Ссылка', 'Ссылка', NULL, NULL),
(13, 'ru', 'Ссылка', 'Ссылка', 'Ссылка', NULL, NULL),
(14, 'en', 'Описание', 'Описание', 'Описание', NULL, NULL),
(14, 'ru', 'Описание', 'Описание', 'Описание', NULL, NULL),
(15, 'en', 'Полное описание', 'Полное описание', 'Полное описание', NULL, NULL),
(15, 'ru', 'Полное описание', 'Полное описание', 'Полное описание', NULL, NULL),
(16, 'en', 'Сортировка', 'Сортировка', 'Сортировка', NULL, NULL),
(16, 'ru', 'Сортировка', 'Сортировка', 'Сортировка', NULL, NULL),
(17, 'en', 'Внешний код', 'Внешний код', 'Внешний код', NULL, NULL),
(17, 'ru', 'Внешний код', 'Внешний код', 'Внешний код', NULL, NULL),
(18, 'en', 'XML_ID', 'XML_ID', 'XML_ID', NULL, NULL),
(18, 'ru', 'XML_ID', 'XML_ID', 'XML_ID', NULL, NULL),
(19, 'en', 'Browser window title', 'Browser window title', 'Browser window title', NULL, NULL),
(19, 'ru', 'Заголовок окна браузера', 'Заголовок окна браузера', 'Заголовок окна браузера', NULL, NULL),
(20, 'en', 'Keywords', 'Keywords', 'Keywords', NULL, NULL),
(20, 'ru', 'Ключевые слова', 'Ключевые слова', 'Ключевые слова', NULL, NULL),
(21, 'en', 'Meta description', 'Meta description', 'Meta description', NULL, NULL),
(21, 'ru', 'Мета-описание', 'Мета-описание', 'Мета-описание', NULL, NULL);

-- --------------------------------------------------------

--
-- Структура таблицы `b_user_group`
--

CREATE TABLE IF NOT EXISTS `b_user_group` (
  `USER_ID` int(18) NOT NULL,
  `GROUP_ID` int(18) NOT NULL,
  `DATE_ACTIVE_FROM` datetime DEFAULT NULL,
  `DATE_ACTIVE_TO` datetime DEFAULT NULL,
  UNIQUE KEY `ix_user_group` (`USER_ID`,`GROUP_ID`),
  KEY `ix_user_group_group` (`GROUP_ID`)
) ENGINE=MyISAM DEFAULT CHARSET=cp1251;

--
-- Дамп данных таблицы `b_user_group`
--

INSERT INTO `b_user_group` (`USER_ID`, `GROUP_ID`, `DATE_ACTIVE_FROM`, `DATE_ACTIVE_TO`) VALUES
(1, 1, NULL, NULL),
(1, 3, NULL, NULL),
(1, 4, NULL, NULL);

-- --------------------------------------------------------

--
-- Структура таблицы `b_user_hit_auth`
--

CREATE TABLE IF NOT EXISTS `b_user_hit_auth` (
  `ID` int(18) NOT NULL AUTO_INCREMENT,
  `USER_ID` int(18) NOT NULL,
  `HASH` varchar(32) NOT NULL,
  `URL` varchar(255) NOT NULL,
  `SITE_ID` char(2) DEFAULT NULL,
  `TIMESTAMP_X` datetime NOT NULL,
  PRIMARY KEY (`ID`),
  KEY `IX_USER_HIT_AUTH_1` (`HASH`),
  KEY `IX_USER_HIT_AUTH_2` (`USER_ID`),
  KEY `IX_USER_HIT_AUTH_3` (`TIMESTAMP_X`)
) ENGINE=MyISAM DEFAULT CHARSET=cp1251 AUTO_INCREMENT=1 ;

-- --------------------------------------------------------

--
-- Структура таблицы `b_user_option`
--

CREATE TABLE IF NOT EXISTS `b_user_option` (
  `ID` int(11) NOT NULL AUTO_INCREMENT,
  `USER_ID` int(11) DEFAULT NULL,
  `CATEGORY` varchar(50) NOT NULL,
  `NAME` varchar(255) NOT NULL,
  `VALUE` text,
  `COMMON` char(1) NOT NULL DEFAULT 'N',
  PRIMARY KEY (`ID`),
  KEY `ix_user_option_user` (`USER_ID`,`CATEGORY`)
) ENGINE=MyISAM  DEFAULT CHARSET=cp1251 AUTO_INCREMENT=16 ;

--
-- Дамп данных таблицы `b_user_option`
--

INSERT INTO `b_user_option` (`ID`, `USER_ID`, `CATEGORY`, `NAME`, `VALUE`, `COMMON`) VALUES
(1, NULL, 'intranet', '~gadgets_admin_index', 'a:1:{i:0;a:1:{s:7:"GADGETS";a:11:{s:28:"ADMIN_ORDERS_GRAPH@111111111";a:3:{s:6:"COLUMN";i:0;s:3:"ROW";i:0;s:4:"HIDE";s:1:"N";}s:22:"ADMIN_ORDERS@111111111";a:3:{s:6:"COLUMN";i:0;s:3:"ROW";i:1;s:4:"HIDE";s:1:"N";}s:19:"HTML_AREA@444444444";a:5:{s:6:"COLUMN";i:1;s:3:"ROW";i:0;s:4:"HIDE";s:1:"N";s:8:"USERDATA";a:1:{s:7:"content";s:708:"<table class="bx-gadgets-info-site-table" cellspacing="0"><tr>	<td class="bx-gadget-gray">Создатель сайта:</td>	<td>Группа компаний &laquo;1С-Битрикс&raquo;.</td>	<td class="bx-gadgets-info-site-logo" rowspan="5"><img src="/bitrix/components/bitrix/desktop/templates/admin/images/site_logo.png"></td></tr><tr>	<td class="bx-gadget-gray">Адрес сайта:</td>	<td><a href="http://www.1c-bitrix.ru">www.1c-bitrix.ru</a></td></tr><tr>	<td class="bx-gadget-gray">Сайт сдан:</td>	<td>12 декабря 2010 г.</td></tr><tr>	<td class="bx-gadget-gray">Ответственное лицо:</td>	<td>Иван Иванов</td></tr><tr>	<td class="bx-gadget-gray">E-mail:</td>	<td><a href="mailto:info@1c-bitrix.ru">info@1c-bitrix.ru</a></td></tr></table>";}s:8:"SETTINGS";a:1:{s:9:"TITLE_STD";s:18:"Информация о сайте";}}s:24:"ADMIN_SECURITY@555555555";a:3:{s:6:"COLUMN";i:1;s:3:"ROW";i:1;s:4:"HIDE";s:1:"N";}s:23:"ADMIN_PERFMON@666666666";a:3:{s:6:"COLUMN";i:1;s:3:"ROW";i:2;s:4:"HIDE";s:1:"N";}s:24:"ADMIN_PRODUCTS@111111111";a:3:{s:6:"COLUMN";i:1;s:3:"ROW";i:5;s:4:"HIDE";s:1:"N";}s:20:"ADMIN_INFO@333333333";a:3:{s:6:"COLUMN";i:1;s:3:"ROW";i:6;s:4:"HIDE";s:1:"N";}s:25:"ADMIN_CHECKLIST@777888999";a:3:{s:6:"COLUMN";i:1;s:3:"ROW";i:7;s:4:"HIDE";s:1:"N";}s:19:"RSSREADER@777777777";a:4:{s:6:"COLUMN";i:1;s:3:"ROW";i:8;s:4:"HIDE";s:1:"N";s:8:"SETTINGS";a:3:{s:9:"TITLE_STD";s:18:"Новости 1С-Битрикс";s:3:"CNT";i:10;s:7:"RSS_URL";s:45:"https://www.1c-bitrix.ru/about/life/news/rss/";}}s:23:"ADMIN_MARKETPALCE@22549";a:3:{s:6:"COLUMN";i:1;s:3:"ROW";i:3;s:4:"HIDE";s:1:"N";}s:22:"ADMIN_MOBILESHOP@13391";a:3:{s:6:"COLUMN";i:1;s:3:"ROW";i:4;s:4:"HIDE";s:1:"N";}}}}', 'Y'),
(2, NULL, 'main.interface', 'global', 'a:1:{s:5:"theme";s:4:"wood";}', 'Y'),
(3, 1, 'form', 'form_element_1', 'a:1:{s:4:"tabs";s:218:"edit1--#--Новость--,--ACTIVE--#--Публикуется на сайте--,--ACTIVE_FROM--#--Дата новости--,--NAME--#--*Заголовок--,--CODE--#--*Символьный код--,--PREVIEW_TEXT--#--Краткое описание--,--DETAIL_TEXT--#--Полное описание--;--";}', 'N'),
(4, 1, 'list', 'tbl_iblock_list_d1cb75b5aaf00401fd4a48cc75b13ebc', 'a:4:{s:7:"columns";s:28:"NAME,ACTIVE,DATE_ACTIVE_FROM";s:2:"by";s:11:"timestamp_x";s:5:"order";s:4:"desc";s:9:"page_size";s:2:"20";}', 'N'),
(5, NULL, 'filter', 'tbl_product_admin_51650330e96c767cf675e245aee13389_filter', 'a:1:{s:4:"rows";s:22:"miss-0,IBEL_A_F_PARENT";}', 'Y'),
(6, 1, 'admin_panel', 'settings', 'a:1:{s:4:"edit";s:3:"off";}', 'N'),
(7, 1, 'hot_keys', 'user_defined', 'b:1;', 'N'),
(8, 1, 'favorite', 'favorite_menu', 'a:1:{s:5:"stick";s:1:"N";}', 'N'),
(9, 1, 'admin_menu', 'pos', 'a:3:{s:8:"sections";s:280:"menu_iblock_/catalog/4,menu_catalog_4,menu_iblock_/catalog/5,menu_iblock_/news,menu_iblock_/catalog,menu_iblock_/offers/3,menu_fileman,menu_fileman_file_s1_,menu_iblock,iblock_admin,menu_catalog_list,menu_catalog_2,menu_system,menu_iblock_/content,menu_iblock_/catalog/2,menu_site";s:5:"width";s:3:"443";s:3:"ver";s:2:"on";}', 'N'),
(10, 1, 'edit', 'admin_tabs', 'a:1:{s:7:"fix_top";s:2:"on";}', 'N'),
(11, 1, 'edit', 'form_element_4_73da5711b1d311823f16c2780a3ea439', 'a:1:{s:6:"expand";s:3:"off";}', 'N'),
(12, 1, 'fileman', 'code_editor', 'a:2:{s:5:"theme";s:5:"light";s:9:"highlight";s:1:"1";}', 'N'),
(13, 1, 'fileman', 'last_pathes', 's:278:"a:10:{i:0;s:8:"/atelier";i:1;s:25:"/atelier/custom-tailoring";i:2;s:16:"/atelier/mending";i:3;s:23:"/about/custom-tailoring";i:4;s:15:"/about/contacts";i:5;s:5:"/auth";i:6;s:30:"/bitrix/components/bitrix/menu";i:7;s:7:"/bitrix";i:8;s:18:"/bitrix/components";i:9;s:8:"/catalog";}";', 'N'),
(14, 1, 'html_editor', 'user_settings', 'a:1:{s:13:"taskbar_shown";s:1:"1";}', 'N'),
(15, 1, 'iblock', 'section_property', 'a:1:{s:4:"mode";s:4:"tree";}', 'N');

-- --------------------------------------------------------

--
-- Структура таблицы `b_user_stored_auth`
--

CREATE TABLE IF NOT EXISTS `b_user_stored_auth` (
  `ID` int(18) NOT NULL AUTO_INCREMENT,
  `USER_ID` int(18) NOT NULL,
  `DATE_REG` datetime NOT NULL,
  `LAST_AUTH` datetime NOT NULL,
  `STORED_HASH` varchar(32) NOT NULL,
  `TEMP_HASH` char(1) NOT NULL DEFAULT 'N',
  `IP_ADDR` int(10) unsigned NOT NULL,
  PRIMARY KEY (`ID`),
  KEY `ux_user_hash` (`USER_ID`)
) ENGINE=MyISAM  DEFAULT CHARSET=cp1251 AUTO_INCREMENT=4 ;

--
-- Дамп данных таблицы `b_user_stored_auth`
--

INSERT INTO `b_user_stored_auth` (`ID`, `USER_ID`, `DATE_REG`, `LAST_AUTH`, `STORED_HASH`, `TEMP_HASH`, `IP_ADDR`) VALUES
(1, 1, '2014-08-07 06:45:10', '2014-08-20 05:26:46', '7170fae6acd43b2c02e6f605e273f2d4', 'N', 1581893621),
(3, 1, '2014-08-18 11:29:43', '2014-08-19 13:49:35', '59de39ed1a92c7d27724af2cc59b87d2', 'N', 1570762917);

-- --------------------------------------------------------

--
-- Структура таблицы `b_utm_blog_comment`
--

CREATE TABLE IF NOT EXISTS `b_utm_blog_comment` (
  `ID` int(11) NOT NULL AUTO_INCREMENT,
  `VALUE_ID` int(11) NOT NULL,
  `FIELD_ID` int(11) NOT NULL,
  `VALUE` text,
  `VALUE_INT` int(11) DEFAULT NULL,
  `VALUE_DOUBLE` float DEFAULT NULL,
  `VALUE_DATE` datetime DEFAULT NULL,
  PRIMARY KEY (`ID`),
  KEY `ix_utm_BLOG_COMMENT_1` (`FIELD_ID`),
  KEY `ix_utm_BLOG_COMMENT_2` (`VALUE_ID`)
) ENGINE=MyISAM DEFAULT CHARSET=cp1251 AUTO_INCREMENT=1 ;

-- --------------------------------------------------------

--
-- Структура таблицы `b_utm_blog_post`
--

CREATE TABLE IF NOT EXISTS `b_utm_blog_post` (
  `ID` int(11) NOT NULL AUTO_INCREMENT,
  `VALUE_ID` int(11) NOT NULL,
  `FIELD_ID` int(11) NOT NULL,
  `VALUE` text,
  `VALUE_INT` int(11) DEFAULT NULL,
  `VALUE_DOUBLE` float DEFAULT NULL,
  `VALUE_DATE` datetime DEFAULT NULL,
  PRIMARY KEY (`ID`),
  KEY `ix_utm_BLOG_POST_1` (`FIELD_ID`),
  KEY `ix_utm_BLOG_POST_2` (`VALUE_ID`)
) ENGINE=MyISAM DEFAULT CHARSET=cp1251 AUTO_INCREMENT=1 ;

-- --------------------------------------------------------

--
-- Структура таблицы `b_utm_hlblock_1`
--

CREATE TABLE IF NOT EXISTS `b_utm_hlblock_1` (
  `ID` int(11) NOT NULL AUTO_INCREMENT,
  `VALUE_ID` int(11) NOT NULL,
  `FIELD_ID` int(11) NOT NULL,
  `VALUE` text,
  `VALUE_INT` int(11) DEFAULT NULL,
  `VALUE_DOUBLE` float DEFAULT NULL,
  `VALUE_DATE` datetime DEFAULT NULL,
  PRIMARY KEY (`ID`),
  KEY `ix_utm_HLBLOCK_1_1` (`FIELD_ID`),
  KEY `ix_utm_HLBLOCK_1_2` (`VALUE_ID`)
) ENGINE=MyISAM DEFAULT CHARSET=cp1251 AUTO_INCREMENT=1 ;

-- --------------------------------------------------------

--
-- Структура таблицы `b_utm_hlblock_2`
--

CREATE TABLE IF NOT EXISTS `b_utm_hlblock_2` (
  `ID` int(11) NOT NULL AUTO_INCREMENT,
  `VALUE_ID` int(11) NOT NULL,
  `FIELD_ID` int(11) NOT NULL,
  `VALUE` text,
  `VALUE_INT` int(11) DEFAULT NULL,
  `VALUE_DOUBLE` float DEFAULT NULL,
  `VALUE_DATE` datetime DEFAULT NULL,
  PRIMARY KEY (`ID`),
  KEY `ix_utm_HLBLOCK_2_1` (`FIELD_ID`),
  KEY `ix_utm_HLBLOCK_2_2` (`VALUE_ID`)
) ENGINE=MyISAM DEFAULT CHARSET=cp1251 AUTO_INCREMENT=1 ;

-- --------------------------------------------------------

--
-- Структура таблицы `b_utm_iblock_2_section`
--

CREATE TABLE IF NOT EXISTS `b_utm_iblock_2_section` (
  `ID` int(11) NOT NULL AUTO_INCREMENT,
  `VALUE_ID` int(11) NOT NULL,
  `FIELD_ID` int(11) NOT NULL,
  `VALUE` text,
  `VALUE_INT` int(11) DEFAULT NULL,
  `VALUE_DOUBLE` float DEFAULT NULL,
  `VALUE_DATE` datetime DEFAULT NULL,
  PRIMARY KEY (`ID`),
  KEY `ix_utm_IBLOCK_2_SECTION_1` (`FIELD_ID`),
  KEY `ix_utm_IBLOCK_2_SECTION_2` (`VALUE_ID`)
) ENGINE=MyISAM DEFAULT CHARSET=cp1251 AUTO_INCREMENT=1 ;

-- --------------------------------------------------------

--
-- Структура таблицы `b_uts_blog_comment`
--

CREATE TABLE IF NOT EXISTS `b_uts_blog_comment` (
  `VALUE_ID` int(11) NOT NULL,
  `UF_BLOG_COMMENT_DOC` text,
  PRIMARY KEY (`VALUE_ID`)
) ENGINE=MyISAM DEFAULT CHARSET=cp1251;

-- --------------------------------------------------------

--
-- Структура таблицы `b_uts_blog_post`
--

CREATE TABLE IF NOT EXISTS `b_uts_blog_post` (
  `VALUE_ID` int(11) NOT NULL,
  `UF_BLOG_POST_DOC` text,
  `UF_GRATITUDE` int(18) DEFAULT NULL,
  `UF_BLOG_POST_VOTE` int(18) DEFAULT NULL,
  PRIMARY KEY (`VALUE_ID`)
) ENGINE=MyISAM DEFAULT CHARSET=cp1251;

-- --------------------------------------------------------

--
-- Структура таблицы `b_uts_hlblock_1`
--

CREATE TABLE IF NOT EXISTS `b_uts_hlblock_1` (
  `VALUE_ID` int(11) NOT NULL,
  `UF_NAME` text,
  `UF_FILE` int(18) DEFAULT NULL,
  `UF_LINK` text,
  `UF_SORT` double DEFAULT NULL,
  `UF_DEF` int(18) DEFAULT NULL,
  `UF_XML_ID` text,
  PRIMARY KEY (`VALUE_ID`)
) ENGINE=MyISAM DEFAULT CHARSET=cp1251;

-- --------------------------------------------------------

--
-- Структура таблицы `b_uts_hlblock_2`
--

CREATE TABLE IF NOT EXISTS `b_uts_hlblock_2` (
  `VALUE_ID` int(11) NOT NULL,
  `UF_NAME` text,
  `UF_FILE` int(18) DEFAULT NULL,
  `UF_LINK` text,
  `UF_DESCRIPTION` text,
  `UF_FULL_DESCRIPTION` text,
  `UF_SORT` double DEFAULT NULL,
  `UF_EXTERNAL_CODE` text,
  `UF_XML_ID` text,
  PRIMARY KEY (`VALUE_ID`)
) ENGINE=MyISAM DEFAULT CHARSET=cp1251;

-- --------------------------------------------------------

--
-- Структура таблицы `b_uts_iblock_2_section`
--

CREATE TABLE IF NOT EXISTS `b_uts_iblock_2_section` (
  `VALUE_ID` int(11) NOT NULL,
  `UF_BROWSER_TITLE` text,
  `UF_KEYWORDS` text,
  `UF_META_DESCRIPTION` text,
  PRIMARY KEY (`VALUE_ID`)
) ENGINE=MyISAM DEFAULT CHARSET=cp1251;

--
-- Дамп данных таблицы `b_uts_iblock_2_section`
--

INSERT INTO `b_uts_iblock_2_section` (`VALUE_ID`, `UF_BROWSER_TITLE`, `UF_KEYWORDS`, `UF_META_DESCRIPTION`) VALUES
(18, NULL, NULL, NULL),
(19, NULL, NULL, NULL),
(17, NULL, NULL, NULL);

-- --------------------------------------------------------

--
-- Структура таблицы `b_vote`
--

CREATE TABLE IF NOT EXISTS `b_vote` (
  `ID` int(18) NOT NULL AUTO_INCREMENT,
  `CHANNEL_ID` int(18) NOT NULL DEFAULT '0',
  `C_SORT` int(18) DEFAULT '100',
  `ACTIVE` char(1) NOT NULL DEFAULT 'Y',
  `NOTIFY` char(1) NOT NULL DEFAULT 'N',
  `AUTHOR_ID` int(18) DEFAULT NULL,
  `TIMESTAMP_X` datetime NOT NULL DEFAULT '0000-00-00 00:00:00',
  `DATE_START` datetime NOT NULL DEFAULT '0000-00-00 00:00:00',
  `DATE_END` datetime NOT NULL DEFAULT '0000-00-00 00:00:00',
  `URL` varchar(255) DEFAULT NULL,
  `COUNTER` int(11) NOT NULL DEFAULT '0',
  `TITLE` varchar(255) DEFAULT NULL,
  `DESCRIPTION` text,
  `DESCRIPTION_TYPE` varchar(4) NOT NULL DEFAULT 'html',
  `IMAGE_ID` int(18) DEFAULT NULL,
  `EVENT1` varchar(255) DEFAULT NULL,
  `EVENT2` varchar(255) DEFAULT NULL,
  `EVENT3` varchar(255) DEFAULT NULL,
  `UNIQUE_TYPE` int(18) NOT NULL DEFAULT '2',
  `KEEP_IP_SEC` int(18) DEFAULT NULL,
  `DELAY` int(18) DEFAULT NULL,
  `DELAY_TYPE` char(1) DEFAULT NULL,
  `TEMPLATE` varchar(255) DEFAULT NULL,
  `RESULT_TEMPLATE` varchar(255) DEFAULT NULL,
  PRIMARY KEY (`ID`),
  KEY `IX_CHANNEL_ID` (`CHANNEL_ID`)
) ENGINE=MyISAM DEFAULT CHARSET=cp1251 AUTO_INCREMENT=1 ;

-- --------------------------------------------------------

--
-- Структура таблицы `b_vote_answer`
--

CREATE TABLE IF NOT EXISTS `b_vote_answer` (
  `ID` int(18) NOT NULL AUTO_INCREMENT,
  `ACTIVE` char(1) NOT NULL DEFAULT 'Y',
  `TIMESTAMP_X` datetime NOT NULL DEFAULT '0000-00-00 00:00:00',
  `QUESTION_ID` int(18) NOT NULL DEFAULT '0',
  `C_SORT` int(18) DEFAULT '100',
  `MESSAGE` text,
  `COUNTER` int(18) NOT NULL DEFAULT '0',
  `FIELD_TYPE` int(5) NOT NULL DEFAULT '0',
  `FIELD_WIDTH` int(18) DEFAULT NULL,
  `FIELD_HEIGHT` int(18) DEFAULT NULL,
  `FIELD_PARAM` varchar(255) DEFAULT NULL,
  `COLOR` varchar(7) DEFAULT NULL,
  PRIMARY KEY (`ID`),
  KEY `IX_QUESTION_ID` (`QUESTION_ID`)
) ENGINE=MyISAM DEFAULT CHARSET=cp1251 AUTO_INCREMENT=1 ;

-- --------------------------------------------------------

--
-- Структура таблицы `b_vote_channel`
--

CREATE TABLE IF NOT EXISTS `b_vote_channel` (
  `ID` int(18) NOT NULL AUTO_INCREMENT,
  `SYMBOLIC_NAME` varchar(255) NOT NULL,
  `C_SORT` int(18) DEFAULT '100',
  `FIRST_SITE_ID` char(2) DEFAULT NULL,
  `ACTIVE` char(1) NOT NULL DEFAULT 'Y',
  `HIDDEN` char(1) NOT NULL DEFAULT 'N',
  `TIMESTAMP_X` datetime NOT NULL DEFAULT '0000-00-00 00:00:00',
  `TITLE` varchar(255) NOT NULL,
  `VOTE_SINGLE` char(1) NOT NULL DEFAULT 'Y',
  `USE_CAPTCHA` char(1) NOT NULL DEFAULT 'N',
  PRIMARY KEY (`ID`)
) ENGINE=MyISAM  DEFAULT CHARSET=cp1251 AUTO_INCREMENT=2 ;

--
-- Дамп данных таблицы `b_vote_channel`
--

INSERT INTO `b_vote_channel` (`ID`, `SYMBOLIC_NAME`, `C_SORT`, `FIRST_SITE_ID`, `ACTIVE`, `HIDDEN`, `TIMESTAMP_X`, `TITLE`, `VOTE_SINGLE`, `USE_CAPTCHA`) VALUES
(1, 'UF_BLOG_POST_VOTE', 100, NULL, 'Y', 'Y', '2014-08-07 06:44:11', 'UF_BLOG_POST_VOTE', 'N', 'N');

-- --------------------------------------------------------

--
-- Структура таблицы `b_vote_channel_2_group`
--

CREATE TABLE IF NOT EXISTS `b_vote_channel_2_group` (
  `ID` int(18) NOT NULL AUTO_INCREMENT,
  `CHANNEL_ID` int(18) NOT NULL DEFAULT '0',
  `GROUP_ID` int(18) NOT NULL DEFAULT '0',
  `PERMISSION` int(18) NOT NULL DEFAULT '0',
  PRIMARY KEY (`ID`)
) ENGINE=MyISAM  DEFAULT CHARSET=cp1251 AUTO_INCREMENT=4 ;

--
-- Дамп данных таблицы `b_vote_channel_2_group`
--

INSERT INTO `b_vote_channel_2_group` (`ID`, `CHANNEL_ID`, `GROUP_ID`, `PERMISSION`) VALUES
(1, 1, 2, 1),
(2, 1, 3, 4),
(3, 1, 4, 4);

-- --------------------------------------------------------

--
-- Структура таблицы `b_vote_channel_2_site`
--

CREATE TABLE IF NOT EXISTS `b_vote_channel_2_site` (
  `CHANNEL_ID` int(18) NOT NULL DEFAULT '0',
  `SITE_ID` char(2) NOT NULL,
  PRIMARY KEY (`CHANNEL_ID`,`SITE_ID`)
) ENGINE=MyISAM DEFAULT CHARSET=cp1251;

--
-- Дамп данных таблицы `b_vote_channel_2_site`
--

INSERT INTO `b_vote_channel_2_site` (`CHANNEL_ID`, `SITE_ID`) VALUES
(1, 's1');

-- --------------------------------------------------------

--
-- Структура таблицы `b_vote_event`
--

CREATE TABLE IF NOT EXISTS `b_vote_event` (
  `ID` int(18) NOT NULL AUTO_INCREMENT,
  `VOTE_ID` int(18) NOT NULL DEFAULT '0',
  `VOTE_USER_ID` int(18) NOT NULL DEFAULT '0',
  `DATE_VOTE` datetime NOT NULL DEFAULT '0000-00-00 00:00:00',
  `STAT_SESSION_ID` int(18) DEFAULT NULL,
  `IP` varchar(15) DEFAULT NULL,
  `VALID` char(1) NOT NULL DEFAULT 'Y',
  PRIMARY KEY (`ID`),
  KEY `IX_USER_ID` (`VOTE_USER_ID`),
  KEY `IX_B_VOTE_EVENT_2` (`VOTE_ID`,`IP`)
) ENGINE=MyISAM DEFAULT CHARSET=cp1251 AUTO_INCREMENT=1 ;

-- --------------------------------------------------------

--
-- Структура таблицы `b_vote_event_answer`
--

CREATE TABLE IF NOT EXISTS `b_vote_event_answer` (
  `ID` int(18) NOT NULL AUTO_INCREMENT,
  `EVENT_QUESTION_ID` int(18) NOT NULL DEFAULT '0',
  `ANSWER_ID` int(18) NOT NULL DEFAULT '0',
  `MESSAGE` text,
  PRIMARY KEY (`ID`),
  KEY `IX_EVENT_QUESTION_ID` (`EVENT_QUESTION_ID`)
) ENGINE=MyISAM DEFAULT CHARSET=cp1251 AUTO_INCREMENT=1 ;

-- --------------------------------------------------------

--
-- Структура таблицы `b_vote_event_question`
--

CREATE TABLE IF NOT EXISTS `b_vote_event_question` (
  `ID` int(18) NOT NULL AUTO_INCREMENT,
  `EVENT_ID` int(18) NOT NULL DEFAULT '0',
  `QUESTION_ID` int(18) NOT NULL DEFAULT '0',
  PRIMARY KEY (`ID`),
  KEY `IX_EVENT_ID` (`EVENT_ID`)
) ENGINE=MyISAM DEFAULT CHARSET=cp1251 AUTO_INCREMENT=1 ;

-- --------------------------------------------------------

--
-- Структура таблицы `b_vote_question`
--

CREATE TABLE IF NOT EXISTS `b_vote_question` (
  `ID` int(18) NOT NULL AUTO_INCREMENT,
  `ACTIVE` char(1) NOT NULL DEFAULT 'Y',
  `TIMESTAMP_X` datetime NOT NULL DEFAULT '0000-00-00 00:00:00',
  `VOTE_ID` int(18) NOT NULL DEFAULT '0',
  `C_SORT` int(18) DEFAULT '100',
  `COUNTER` int(11) NOT NULL DEFAULT '0',
  `QUESTION` text NOT NULL,
  `QUESTION_TYPE` varchar(4) NOT NULL DEFAULT 'html',
  `IMAGE_ID` int(18) DEFAULT NULL,
  `DIAGRAM` char(1) NOT NULL DEFAULT 'Y',
  `REQUIRED` char(1) NOT NULL DEFAULT 'N',
  `DIAGRAM_TYPE` varchar(10) NOT NULL DEFAULT 'histogram',
  `TEMPLATE` varchar(255) DEFAULT NULL,
  `TEMPLATE_NEW` varchar(255) DEFAULT NULL,
  PRIMARY KEY (`ID`),
  KEY `IX_VOTE_ID` (`VOTE_ID`)
) ENGINE=MyISAM DEFAULT CHARSET=cp1251 AUTO_INCREMENT=1 ;

-- --------------------------------------------------------

--
-- Структура таблицы `b_vote_user`
--

CREATE TABLE IF NOT EXISTS `b_vote_user` (
  `ID` int(18) NOT NULL AUTO_INCREMENT,
  `STAT_GUEST_ID` int(18) DEFAULT NULL,
  `AUTH_USER_ID` int(18) DEFAULT NULL,
  `COUNTER` int(18) NOT NULL DEFAULT '0',
  `DATE_FIRST` datetime NOT NULL DEFAULT '0000-00-00 00:00:00',
  `DATE_LAST` datetime NOT NULL DEFAULT '0000-00-00 00:00:00',
  `LAST_IP` varchar(15) DEFAULT NULL,
  PRIMARY KEY (`ID`)
) ENGINE=MyISAM DEFAULT CHARSET=cp1251 AUTO_INCREMENT=1 ;

-- --------------------------------------------------------

--
-- Структура таблицы `b_xml_tree`
--

CREATE TABLE IF NOT EXISTS `b_xml_tree` (
  `ID` int(11) NOT NULL AUTO_INCREMENT,
  `PARENT_ID` int(11) DEFAULT NULL,
  `LEFT_MARGIN` int(11) DEFAULT NULL,
  `RIGHT_MARGIN` int(11) DEFAULT NULL,
  `DEPTH_LEVEL` int(11) DEFAULT NULL,
  `NAME` varchar(255) DEFAULT NULL,
  `VALUE` longtext,
  `ATTRIBUTES` text,
  PRIMARY KEY (`ID`),
  KEY `ix_b_xml_tree_parent` (`PARENT_ID`),
  KEY `ix_b_xml_tree_left` (`LEFT_MARGIN`)
) ENGINE=MyISAM  DEFAULT CHARSET=cp1251 AUTO_INCREMENT=2919 ;

--
-- Дамп данных таблицы `b_xml_tree`
--

INSERT INTO `b_xml_tree` (`ID`, `PARENT_ID`, `LEFT_MARGIN`, `RIGHT_MARGIN`, `DEPTH_LEVEL`, `NAME`, `VALUE`, `ATTRIBUTES`) VALUES
(1, 0, 1, 5286, 0, 'КоммерческаяИнформация', NULL, 'a:2:{s:11:"ВерсияСхемы";s:5:"2.021";s:16:"ДатаФормирования";s:19:"2013-10-22T15:16:12";}'),
(2, 1, 2, 4983, 1, 'ПакетПредложений', NULL, NULL),
(3, 2, 3, 4, 2, 'Ид', 'clothes_offers', NULL),
(4, 2, 5, 12, 2, 'ТипыЦен', NULL, NULL),
(5, 4, 6, 11, 3, 'ТипЦены', NULL, NULL),
(6, 5, 7, 8, 4, 'Ид', 'BASE', NULL),
(7, 5, 9, 10, 4, 'Наименование', 'BASE', NULL),
(8, 2, 13, 4982, 2, 'Предложения', NULL, NULL),
(9, 8, 14, 31, 3, 'Предложение', NULL, NULL),
(10, 9, 15, 16, 4, 'Ид', '179', NULL),
(11, 9, 17, 28, 4, 'Цены', NULL, NULL),
(12, 11, 18, 27, 5, 'Цена', NULL, NULL),
(13, 12, 19, 20, 6, 'ИдТипаЦены', 'BASE', NULL),
(14, 12, 21, 22, 6, 'ЦенаЗаЕдиницу', '1999.00', NULL),
(15, 12, 23, 24, 6, 'Валюта', 'RUB', NULL),
(16, 12, 25, 26, 6, 'Единица', '796', NULL),
(17, 9, 29, 30, 4, 'Количество', '100', NULL),
(18, 8, 32, 49, 3, 'Предложение', NULL, NULL),
(19, 18, 33, 34, 4, 'Ид', '181', NULL),
(20, 18, 35, 46, 4, 'Цены', NULL, NULL),
(21, 20, 36, 45, 5, 'Цена', NULL, NULL),
(22, 21, 37, 38, 6, 'ИдТипаЦены', 'BASE', NULL),
(23, 21, 39, 40, 6, 'ЦенаЗаЕдиницу', '1999.00', NULL),
(24, 21, 41, 42, 6, 'Валюта', 'RUB', NULL),
(25, 21, 43, 44, 6, 'Единица', '796', NULL),
(26, 18, 47, 48, 4, 'Количество', '100', NULL),
(27, 8, 50, 67, 3, 'Предложение', NULL, NULL),
(28, 27, 51, 52, 4, 'Ид', '182', NULL),
(29, 27, 53, 64, 4, 'Цены', NULL, NULL),
(30, 29, 54, 63, 5, 'Цена', NULL, NULL),
(31, 30, 55, 56, 6, 'ИдТипаЦены', 'BASE', NULL),
(32, 30, 57, 58, 6, 'ЦенаЗаЕдиницу', '1999.00', NULL),
(33, 30, 59, 60, 6, 'Валюта', 'RUB', NULL),
(34, 30, 61, 62, 6, 'Единица', '796', NULL),
(35, 27, 65, 66, 4, 'Количество', '100', NULL),
(36, 8, 68, 85, 3, 'Предложение', NULL, NULL),
(37, 36, 69, 70, 4, 'Ид', '183', NULL),
(38, 36, 71, 82, 4, 'Цены', NULL, NULL),
(39, 38, 72, 81, 5, 'Цена', NULL, NULL),
(40, 39, 73, 74, 6, 'ИдТипаЦены', 'BASE', NULL),
(41, 39, 75, 76, 6, 'ЦенаЗаЕдиницу', '1999.00', NULL),
(42, 39, 77, 78, 6, 'Валюта', 'RUB', NULL),
(43, 39, 79, 80, 6, 'Единица', '796', NULL),
(44, 36, 83, 84, 4, 'Количество', '100', NULL),
(45, 8, 86, 103, 3, 'Предложение', NULL, NULL),
(46, 45, 87, 88, 4, 'Ид', '184', NULL),
(47, 45, 89, 100, 4, 'Цены', NULL, NULL),
(48, 47, 90, 99, 5, 'Цена', NULL, NULL),
(49, 48, 91, 92, 6, 'ИдТипаЦены', 'BASE', NULL),
(50, 48, 93, 94, 6, 'ЦенаЗаЕдиницу', '1999.00', NULL),
(51, 48, 95, 96, 6, 'Валюта', 'RUB', NULL),
(52, 48, 97, 98, 6, 'Единица', '796', NULL),
(53, 45, 101, 102, 4, 'Количество', '100', NULL),
(54, 8, 104, 121, 3, 'Предложение', NULL, NULL),
(55, 54, 105, 106, 4, 'Ид', '186', NULL),
(56, 54, 107, 118, 4, 'Цены', NULL, NULL),
(57, 56, 108, 117, 5, 'Цена', NULL, NULL),
(58, 57, 109, 110, 6, 'ИдТипаЦены', 'BASE', NULL),
(59, 57, 111, 112, 6, 'ЦенаЗаЕдиницу', '1999.00', NULL),
(60, 57, 113, 114, 6, 'Валюта', 'RUB', NULL),
(61, 57, 115, 116, 6, 'Единица', '796', NULL),
(62, 54, 119, 120, 4, 'Количество', '100', NULL),
(63, 8, 122, 139, 3, 'Предложение', NULL, NULL),
(64, 63, 123, 124, 4, 'Ид', '188', NULL),
(65, 63, 125, 136, 4, 'Цены', NULL, NULL),
(66, 65, 126, 135, 5, 'Цена', NULL, NULL),
(67, 66, 127, 128, 6, 'ИдТипаЦены', 'BASE', NULL),
(68, 66, 129, 130, 6, 'ЦенаЗаЕдиницу', '1999.00', NULL),
(69, 66, 131, 132, 6, 'Валюта', 'RUB', NULL),
(70, 66, 133, 134, 6, 'Единица', '796', NULL),
(71, 63, 137, 138, 4, 'Количество', '100', NULL),
(72, 8, 140, 157, 3, 'Предложение', NULL, NULL),
(73, 72, 141, 142, 4, 'Ид', '189', NULL),
(74, 72, 143, 154, 4, 'Цены', NULL, NULL),
(75, 74, 144, 153, 5, 'Цена', NULL, NULL),
(76, 75, 145, 146, 6, 'ИдТипаЦены', 'BASE', NULL),
(77, 75, 147, 148, 6, 'ЦенаЗаЕдиницу', '1999.00', NULL),
(78, 75, 149, 150, 6, 'Валюта', 'RUB', NULL),
(79, 75, 151, 152, 6, 'Единица', '796', NULL),
(80, 72, 155, 156, 4, 'Количество', '100', NULL),
(81, 8, 158, 175, 3, 'Предложение', NULL, NULL),
(82, 81, 159, 160, 4, 'Ид', '190', NULL),
(83, 81, 161, 172, 4, 'Цены', NULL, NULL),
(84, 83, 162, 171, 5, 'Цена', NULL, NULL),
(85, 84, 163, 164, 6, 'ИдТипаЦены', 'BASE', NULL),
(86, 84, 165, 166, 6, 'ЦенаЗаЕдиницу', '1999.00', NULL),
(87, 84, 167, 168, 6, 'Валюта', 'RUB', NULL),
(88, 84, 169, 170, 6, 'Единица', '796', NULL),
(89, 81, 173, 174, 4, 'Количество', '100', NULL),
(90, 8, 176, 193, 3, 'Предложение', NULL, NULL),
(91, 90, 177, 178, 4, 'Ид', '191', NULL),
(92, 90, 179, 190, 4, 'Цены', NULL, NULL),
(93, 92, 180, 189, 5, 'Цена', NULL, NULL),
(94, 93, 181, 182, 6, 'ИдТипаЦены', 'BASE', NULL),
(95, 93, 183, 184, 6, 'ЦенаЗаЕдиницу', '1999.00', NULL),
(96, 93, 185, 186, 6, 'Валюта', 'RUB', NULL),
(97, 93, 187, 188, 6, 'Единица', '796', NULL),
(98, 90, 191, 192, 4, 'Количество', '100', NULL),
(99, 8, 194, 211, 3, 'Предложение', NULL, NULL),
(100, 99, 195, 196, 4, 'Ид', '193', NULL),
(101, 99, 197, 208, 4, 'Цены', NULL, NULL),
(102, 101, 198, 207, 5, 'Цена', NULL, NULL),
(103, 102, 199, 200, 6, 'ИдТипаЦены', 'BASE', NULL),
(104, 102, 201, 202, 6, 'ЦенаЗаЕдиницу', '1999.00', NULL),
(105, 102, 203, 204, 6, 'Валюта', 'RUB', NULL),
(106, 102, 205, 206, 6, 'Единица', '796', NULL),
(107, 99, 209, 210, 4, 'Количество', '100', NULL),
(108, 8, 212, 229, 3, 'Предложение', NULL, NULL),
(109, 108, 213, 214, 4, 'Ид', '195', NULL),
(110, 108, 215, 226, 4, 'Цены', NULL, NULL),
(111, 110, 216, 225, 5, 'Цена', NULL, NULL),
(112, 111, 217, 218, 6, 'ИдТипаЦены', 'BASE', NULL),
(113, 111, 219, 220, 6, 'ЦенаЗаЕдиницу', '1999.00', NULL),
(114, 111, 221, 222, 6, 'Валюта', 'RUB', NULL),
(115, 111, 223, 224, 6, 'Единица', '796', NULL),
(116, 108, 227, 228, 4, 'Количество', '100', NULL),
(117, 8, 230, 247, 3, 'Предложение', NULL, NULL),
(118, 117, 231, 232, 4, 'Ид', '196', NULL),
(119, 117, 233, 244, 4, 'Цены', NULL, NULL),
(120, 119, 234, 243, 5, 'Цена', NULL, NULL),
(121, 120, 235, 236, 6, 'ИдТипаЦены', 'BASE', NULL),
(122, 120, 237, 238, 6, 'ЦенаЗаЕдиницу', '1999.00', NULL),
(123, 120, 239, 240, 6, 'Валюта', 'RUB', NULL),
(124, 120, 241, 242, 6, 'Единица', '796', NULL),
(125, 117, 245, 246, 4, 'Количество', '100', NULL),
(126, 8, 248, 265, 3, 'Предложение', NULL, NULL),
(127, 126, 249, 250, 4, 'Ид', '197', NULL),
(128, 126, 251, 262, 4, 'Цены', NULL, NULL),
(129, 128, 252, 261, 5, 'Цена', NULL, NULL),
(130, 129, 253, 254, 6, 'ИдТипаЦены', 'BASE', NULL),
(131, 129, 255, 256, 6, 'ЦенаЗаЕдиницу', '1999.00', NULL),
(132, 129, 257, 258, 6, 'Валюта', 'RUB', NULL),
(133, 129, 259, 260, 6, 'Единица', '796', NULL),
(134, 126, 263, 264, 4, 'Количество', '100', NULL),
(135, 8, 266, 283, 3, 'Предложение', NULL, NULL),
(136, 135, 267, 268, 4, 'Ид', '198', NULL),
(137, 135, 269, 280, 4, 'Цены', NULL, NULL),
(138, 137, 270, 279, 5, 'Цена', NULL, NULL),
(139, 138, 271, 272, 6, 'ИдТипаЦены', 'BASE', NULL),
(140, 138, 273, 274, 6, 'ЦенаЗаЕдиницу', '1999.00', NULL),
(141, 138, 275, 276, 6, 'Валюта', 'RUB', NULL),
(142, 138, 277, 278, 6, 'Единица', '796', NULL),
(143, 135, 281, 282, 4, 'Количество', '100', NULL),
(144, 8, 284, 301, 3, 'Предложение', NULL, NULL),
(145, 144, 285, 286, 4, 'Ид', '200', NULL),
(146, 144, 287, 298, 4, 'Цены', NULL, NULL),
(147, 146, 288, 297, 5, 'Цена', NULL, NULL),
(148, 147, 289, 290, 6, 'ИдТипаЦены', 'BASE', NULL),
(149, 147, 291, 292, 6, 'ЦенаЗаЕдиницу', '1999.00', NULL),
(150, 147, 293, 294, 6, 'Валюта', 'RUB', NULL),
(151, 147, 295, 296, 6, 'Единица', '796', NULL),
(152, 144, 299, 300, 4, 'Количество', '100', NULL),
(153, 8, 302, 319, 3, 'Предложение', NULL, NULL),
(154, 153, 303, 304, 4, 'Ид', '202', NULL),
(155, 153, 305, 316, 4, 'Цены', NULL, NULL),
(156, 155, 306, 315, 5, 'Цена', NULL, NULL),
(157, 156, 307, 308, 6, 'ИдТипаЦены', 'BASE', NULL),
(158, 156, 309, 310, 6, 'ЦенаЗаЕдиницу', '1999.00', NULL),
(159, 156, 311, 312, 6, 'Валюта', 'RUB', NULL),
(160, 156, 313, 314, 6, 'Единица', '796', NULL),
(161, 153, 317, 318, 4, 'Количество', '100', NULL),
(162, 8, 320, 337, 3, 'Предложение', NULL, NULL),
(163, 162, 321, 322, 4, 'Ид', '203', NULL),
(164, 162, 323, 334, 4, 'Цены', NULL, NULL),
(165, 164, 324, 333, 5, 'Цена', NULL, NULL),
(166, 165, 325, 326, 6, 'ИдТипаЦены', 'BASE', NULL),
(167, 165, 327, 328, 6, 'ЦенаЗаЕдиницу', '1999.00', NULL),
(168, 165, 329, 330, 6, 'Валюта', 'RUB', NULL),
(169, 165, 331, 332, 6, 'Единица', '796', NULL),
(170, 162, 335, 336, 4, 'Количество', '100', NULL),
(171, 8, 338, 355, 3, 'Предложение', NULL, NULL),
(172, 171, 339, 340, 4, 'Ид', '204', NULL),
(173, 171, 341, 352, 4, 'Цены', NULL, NULL),
(174, 173, 342, 351, 5, 'Цена', NULL, NULL),
(175, 174, 343, 344, 6, 'ИдТипаЦены', 'BASE', NULL),
(176, 174, 345, 346, 6, 'ЦенаЗаЕдиницу', '1999.00', NULL),
(177, 174, 347, 348, 6, 'Валюта', 'RUB', NULL),
(178, 174, 349, 350, 6, 'Единица', '796', NULL),
(179, 171, 353, 354, 4, 'Количество', '100', NULL),
(180, 8, 356, 373, 3, 'Предложение', NULL, NULL),
(181, 180, 357, 358, 4, 'Ид', '205', NULL),
(182, 180, 359, 370, 4, 'Цены', NULL, NULL),
(183, 182, 360, 369, 5, 'Цена', NULL, NULL),
(184, 183, 361, 362, 6, 'ИдТипаЦены', 'BASE', NULL),
(185, 183, 363, 364, 6, 'ЦенаЗаЕдиницу', '1999.00', NULL),
(186, 183, 365, 366, 6, 'Валюта', 'RUB', NULL),
(187, 183, 367, 368, 6, 'Единица', '796', NULL),
(188, 180, 371, 372, 4, 'Количество', '100', NULL),
(189, 8, 374, 391, 3, 'Предложение', NULL, NULL),
(190, 189, 375, 376, 4, 'Ид', '209', NULL),
(191, 189, 377, 388, 4, 'Цены', NULL, NULL),
(192, 191, 378, 387, 5, 'Цена', NULL, NULL),
(193, 192, 379, 380, 6, 'ИдТипаЦены', 'BASE', NULL),
(194, 192, 381, 382, 6, 'ЦенаЗаЕдиницу', '1899.00', NULL),
(195, 192, 383, 384, 6, 'Валюта', 'RUB', NULL),
(196, 192, 385, 386, 6, 'Единица', '796', NULL),
(197, 189, 389, 390, 4, 'Количество', '100', NULL),
(198, 8, 392, 409, 3, 'Предложение', NULL, NULL),
(199, 198, 393, 394, 4, 'Ид', '211', NULL),
(200, 198, 395, 406, 4, 'Цены', NULL, NULL),
(201, 200, 396, 405, 5, 'Цена', NULL, NULL),
(202, 201, 397, 398, 6, 'ИдТипаЦены', 'BASE', NULL),
(203, 201, 399, 400, 6, 'ЦенаЗаЕдиницу', '1899.00', NULL),
(204, 201, 401, 402, 6, 'Валюта', 'RUB', NULL),
(205, 201, 403, 404, 6, 'Единица', '796', NULL),
(206, 198, 407, 408, 4, 'Количество', '100', NULL),
(207, 8, 410, 427, 3, 'Предложение', NULL, NULL),
(208, 207, 411, 412, 4, 'Ид', '212', NULL),
(209, 207, 413, 424, 4, 'Цены', NULL, NULL),
(210, 209, 414, 423, 5, 'Цена', NULL, NULL),
(211, 210, 415, 416, 6, 'ИдТипаЦены', 'BASE', NULL),
(212, 210, 417, 418, 6, 'ЦенаЗаЕдиницу', '1899.00', NULL),
(213, 210, 419, 420, 6, 'Валюта', 'RUB', NULL),
(214, 210, 421, 422, 6, 'Единица', '796', NULL),
(215, 207, 425, 426, 4, 'Количество', '100', NULL),
(216, 8, 428, 445, 3, 'Предложение', NULL, NULL),
(217, 216, 429, 430, 4, 'Ид', '213', NULL),
(218, 216, 431, 442, 4, 'Цены', NULL, NULL),
(219, 218, 432, 441, 5, 'Цена', NULL, NULL),
(220, 219, 433, 434, 6, 'ИдТипаЦены', 'BASE', NULL),
(221, 219, 435, 436, 6, 'ЦенаЗаЕдиницу', '1899.00', NULL),
(222, 219, 437, 438, 6, 'Валюта', 'RUB', NULL),
(223, 219, 439, 440, 6, 'Единица', '796', NULL),
(224, 216, 443, 444, 4, 'Количество', '100', NULL),
(225, 8, 446, 463, 3, 'Предложение', NULL, NULL),
(226, 225, 447, 448, 4, 'Ид', '214', NULL),
(227, 225, 449, 460, 4, 'Цены', NULL, NULL),
(228, 227, 450, 459, 5, 'Цена', NULL, NULL),
(229, 228, 451, 452, 6, 'ИдТипаЦены', 'BASE', NULL),
(230, 228, 453, 454, 6, 'ЦенаЗаЕдиницу', '1899.00', NULL),
(231, 228, 455, 456, 6, 'Валюта', 'RUB', NULL),
(232, 228, 457, 458, 6, 'Единица', '796', NULL),
(233, 225, 461, 462, 4, 'Количество', '100', NULL),
(234, 8, 464, 481, 3, 'Предложение', NULL, NULL),
(235, 234, 465, 466, 4, 'Ид', '216', NULL),
(236, 234, 467, 478, 4, 'Цены', NULL, NULL),
(237, 236, 468, 477, 5, 'Цена', NULL, NULL),
(238, 237, 469, 470, 6, 'ИдТипаЦены', 'BASE', NULL),
(239, 237, 471, 472, 6, 'ЦенаЗаЕдиницу', '1899.00', NULL),
(240, 237, 473, 474, 6, 'Валюта', 'RUB', NULL),
(241, 237, 475, 476, 6, 'Единица', '796', NULL),
(242, 234, 479, 480, 4, 'Количество', '100', NULL),
(243, 8, 482, 499, 3, 'Предложение', NULL, NULL),
(244, 243, 483, 484, 4, 'Ид', '218', NULL),
(245, 243, 485, 496, 4, 'Цены', NULL, NULL),
(246, 245, 486, 495, 5, 'Цена', NULL, NULL),
(247, 246, 487, 488, 6, 'ИдТипаЦены', 'BASE', NULL),
(248, 246, 489, 490, 6, 'ЦенаЗаЕдиницу', '1899.00', NULL),
(249, 246, 491, 492, 6, 'Валюта', 'RUB', NULL),
(250, 246, 493, 494, 6, 'Единица', '796', NULL),
(251, 243, 497, 498, 4, 'Количество', '100', NULL),
(252, 8, 500, 517, 3, 'Предложение', NULL, NULL),
(253, 252, 501, 502, 4, 'Ид', '219', NULL),
(254, 252, 503, 514, 4, 'Цены', NULL, NULL),
(255, 254, 504, 513, 5, 'Цена', NULL, NULL),
(256, 255, 505, 506, 6, 'ИдТипаЦены', 'BASE', NULL),
(257, 255, 507, 508, 6, 'ЦенаЗаЕдиницу', '1899.00', NULL),
(258, 255, 509, 510, 6, 'Валюта', 'RUB', NULL),
(259, 255, 511, 512, 6, 'Единица', '796', NULL),
(260, 252, 515, 516, 4, 'Количество', '100', NULL),
(261, 8, 518, 535, 3, 'Предложение', NULL, NULL),
(262, 261, 519, 520, 4, 'Ид', '220', NULL),
(263, 261, 521, 532, 4, 'Цены', NULL, NULL),
(264, 263, 522, 531, 5, 'Цена', NULL, NULL),
(265, 264, 523, 524, 6, 'ИдТипаЦены', 'BASE', NULL),
(266, 264, 525, 526, 6, 'ЦенаЗаЕдиницу', '1899.00', NULL),
(267, 264, 527, 528, 6, 'Валюта', 'RUB', NULL),
(268, 264, 529, 530, 6, 'Единица', '796', NULL),
(269, 261, 533, 534, 4, 'Количество', '100', NULL),
(270, 8, 536, 553, 3, 'Предложение', NULL, NULL),
(271, 270, 537, 538, 4, 'Ид', '221', NULL),
(272, 270, 539, 550, 4, 'Цены', NULL, NULL),
(273, 272, 540, 549, 5, 'Цена', NULL, NULL),
(274, 273, 541, 542, 6, 'ИдТипаЦены', 'BASE', NULL),
(275, 273, 543, 544, 6, 'ЦенаЗаЕдиницу', '1899.00', NULL),
(276, 273, 545, 546, 6, 'Валюта', 'RUB', NULL),
(277, 273, 547, 548, 6, 'Единица', '796', NULL),
(278, 270, 551, 552, 4, 'Количество', '100', NULL),
(279, 8, 554, 571, 3, 'Предложение', NULL, NULL),
(280, 279, 555, 556, 4, 'Ид', '225', NULL),
(281, 279, 557, 568, 4, 'Цены', NULL, NULL),
(282, 281, 558, 567, 5, 'Цена', NULL, NULL),
(283, 282, 559, 560, 6, 'ИдТипаЦены', 'BASE', NULL),
(284, 282, 561, 562, 6, 'ЦенаЗаЕдиницу', '2199.00', NULL),
(285, 282, 563, 564, 6, 'Валюта', 'RUB', NULL),
(286, 282, 565, 566, 6, 'Единица', '796', NULL),
(287, 279, 569, 570, 4, 'Количество', '100', NULL),
(288, 8, 572, 589, 3, 'Предложение', NULL, NULL),
(289, 288, 573, 574, 4, 'Ид', '227', NULL),
(290, 288, 575, 586, 4, 'Цены', NULL, NULL),
(291, 290, 576, 585, 5, 'Цена', NULL, NULL),
(292, 291, 577, 578, 6, 'ИдТипаЦены', 'BASE', NULL),
(293, 291, 579, 580, 6, 'ЦенаЗаЕдиницу', '2199.00', NULL),
(294, 291, 581, 582, 6, 'Валюта', 'RUB', NULL),
(295, 291, 583, 584, 6, 'Единица', '796', NULL),
(296, 288, 587, 588, 4, 'Количество', '100', NULL),
(297, 8, 590, 607, 3, 'Предложение', NULL, NULL),
(298, 297, 591, 592, 4, 'Ид', '228', NULL),
(299, 297, 593, 604, 4, 'Цены', NULL, NULL),
(300, 299, 594, 603, 5, 'Цена', NULL, NULL),
(301, 300, 595, 596, 6, 'ИдТипаЦены', 'BASE', NULL),
(302, 300, 597, 598, 6, 'ЦенаЗаЕдиницу', '2199.00', NULL),
(303, 300, 599, 600, 6, 'Валюта', 'RUB', NULL),
(304, 300, 601, 602, 6, 'Единица', '796', NULL),
(305, 297, 605, 606, 4, 'Количество', '100', NULL),
(306, 8, 608, 625, 3, 'Предложение', NULL, NULL),
(307, 306, 609, 610, 4, 'Ид', '229', NULL),
(308, 306, 611, 622, 4, 'Цены', NULL, NULL),
(309, 308, 612, 621, 5, 'Цена', NULL, NULL),
(310, 309, 613, 614, 6, 'ИдТипаЦены', 'BASE', NULL),
(311, 309, 615, 616, 6, 'ЦенаЗаЕдиницу', '2199.00', NULL),
(312, 309, 617, 618, 6, 'Валюта', 'RUB', NULL),
(313, 309, 619, 620, 6, 'Единица', '796', NULL),
(314, 306, 623, 624, 4, 'Количество', '100', NULL),
(315, 8, 626, 643, 3, 'Предложение', NULL, NULL),
(316, 315, 627, 628, 4, 'Ид', '230', NULL),
(317, 315, 629, 640, 4, 'Цены', NULL, NULL),
(318, 317, 630, 639, 5, 'Цена', NULL, NULL),
(319, 318, 631, 632, 6, 'ИдТипаЦены', 'BASE', NULL),
(320, 318, 633, 634, 6, 'ЦенаЗаЕдиницу', '2199.00', NULL),
(321, 318, 635, 636, 6, 'Валюта', 'RUB', NULL),
(322, 318, 637, 638, 6, 'Единица', '796', NULL),
(323, 315, 641, 642, 4, 'Количество', '100', NULL),
(324, 8, 644, 661, 3, 'Предложение', NULL, NULL),
(325, 324, 645, 646, 4, 'Ид', '232', NULL),
(326, 324, 647, 658, 4, 'Цены', NULL, NULL),
(327, 326, 648, 657, 5, 'Цена', NULL, NULL),
(328, 327, 649, 650, 6, 'ИдТипаЦены', 'BASE', NULL),
(329, 327, 651, 652, 6, 'ЦенаЗаЕдиницу', '2199.00', NULL),
(330, 327, 653, 654, 6, 'Валюта', 'RUB', NULL),
(331, 327, 655, 656, 6, 'Единица', '796', NULL),
(332, 324, 659, 660, 4, 'Количество', '100', NULL),
(333, 8, 662, 679, 3, 'Предложение', NULL, NULL),
(334, 333, 663, 664, 4, 'Ид', '234', NULL),
(335, 333, 665, 676, 4, 'Цены', NULL, NULL),
(336, 335, 666, 675, 5, 'Цена', NULL, NULL),
(337, 336, 667, 668, 6, 'ИдТипаЦены', 'BASE', NULL),
(338, 336, 669, 670, 6, 'ЦенаЗаЕдиницу', '2199.00', NULL),
(339, 336, 671, 672, 6, 'Валюта', 'RUB', NULL),
(340, 336, 673, 674, 6, 'Единица', '796', NULL),
(341, 333, 677, 678, 4, 'Количество', '100', NULL),
(342, 8, 680, 697, 3, 'Предложение', NULL, NULL),
(343, 342, 681, 682, 4, 'Ид', '235', NULL),
(344, 342, 683, 694, 4, 'Цены', NULL, NULL),
(345, 344, 684, 693, 5, 'Цена', NULL, NULL),
(346, 345, 685, 686, 6, 'ИдТипаЦены', 'BASE', NULL),
(347, 345, 687, 688, 6, 'ЦенаЗаЕдиницу', '2199.00', NULL),
(348, 345, 689, 690, 6, 'Валюта', 'RUB', NULL),
(349, 345, 691, 692, 6, 'Единица', '796', NULL),
(350, 342, 695, 696, 4, 'Количество', '100', NULL),
(351, 8, 698, 715, 3, 'Предложение', NULL, NULL),
(352, 351, 699, 700, 4, 'Ид', '236', NULL),
(353, 351, 701, 712, 4, 'Цены', NULL, NULL),
(354, 353, 702, 711, 5, 'Цена', NULL, NULL),
(355, 354, 703, 704, 6, 'ИдТипаЦены', 'BASE', NULL),
(356, 354, 705, 706, 6, 'ЦенаЗаЕдиницу', '2199.00', NULL),
(357, 354, 707, 708, 6, 'Валюта', 'RUB', NULL),
(358, 354, 709, 710, 6, 'Единица', '796', NULL),
(359, 351, 713, 714, 4, 'Количество', '100', NULL),
(360, 8, 716, 733, 3, 'Предложение', NULL, NULL),
(361, 360, 717, 718, 4, 'Ид', '237', NULL),
(362, 360, 719, 730, 4, 'Цены', NULL, NULL),
(363, 362, 720, 729, 5, 'Цена', NULL, NULL),
(364, 363, 721, 722, 6, 'ИдТипаЦены', 'BASE', NULL),
(365, 363, 723, 724, 6, 'ЦенаЗаЕдиницу', '2199.00', NULL),
(366, 363, 725, 726, 6, 'Валюта', 'RUB', NULL),
(367, 363, 727, 728, 6, 'Единица', '796', NULL),
(368, 360, 731, 732, 4, 'Количество', '100', NULL),
(369, 8, 734, 751, 3, 'Предложение', NULL, NULL),
(370, 369, 735, 736, 4, 'Ид', '239', NULL),
(371, 369, 737, 748, 4, 'Цены', NULL, NULL),
(372, 371, 738, 747, 5, 'Цена', NULL, NULL),
(373, 372, 739, 740, 6, 'ИдТипаЦены', 'BASE', NULL),
(374, 372, 741, 742, 6, 'ЦенаЗаЕдиницу', '2199.00', NULL),
(375, 372, 743, 744, 6, 'Валюта', 'RUB', NULL),
(376, 372, 745, 746, 6, 'Единица', '796', NULL),
(377, 369, 749, 750, 4, 'Количество', '100', NULL),
(378, 8, 752, 769, 3, 'Предложение', NULL, NULL),
(379, 378, 753, 754, 4, 'Ид', '241', NULL),
(380, 378, 755, 766, 4, 'Цены', NULL, NULL),
(381, 380, 756, 765, 5, 'Цена', NULL, NULL),
(382, 381, 757, 758, 6, 'ИдТипаЦены', 'BASE', NULL),
(383, 381, 759, 760, 6, 'ЦенаЗаЕдиницу', '2199.00', NULL),
(384, 381, 761, 762, 6, 'Валюта', 'RUB', NULL),
(385, 381, 763, 764, 6, 'Единица', '796', NULL),
(386, 378, 767, 768, 4, 'Количество', '100', NULL),
(387, 8, 770, 787, 3, 'Предложение', NULL, NULL),
(388, 387, 771, 772, 4, 'Ид', '242', NULL),
(389, 387, 773, 784, 4, 'Цены', NULL, NULL),
(390, 389, 774, 783, 5, 'Цена', NULL, NULL),
(391, 390, 775, 776, 6, 'ИдТипаЦены', 'BASE', NULL),
(392, 390, 777, 778, 6, 'ЦенаЗаЕдиницу', '2199.00', NULL),
(393, 390, 779, 780, 6, 'Валюта', 'RUB', NULL),
(394, 390, 781, 782, 6, 'Единица', '796', NULL),
(395, 387, 785, 786, 4, 'Количество', '100', NULL),
(396, 8, 788, 805, 3, 'Предложение', NULL, NULL),
(397, 396, 789, 790, 4, 'Ид', '243', NULL),
(398, 396, 791, 802, 4, 'Цены', NULL, NULL),
(399, 398, 792, 801, 5, 'Цена', NULL, NULL),
(400, 399, 793, 794, 6, 'ИдТипаЦены', 'BASE', NULL),
(401, 399, 795, 796, 6, 'ЦенаЗаЕдиницу', '2199.00', NULL),
(402, 399, 797, 798, 6, 'Валюта', 'RUB', NULL),
(403, 399, 799, 800, 6, 'Единица', '796', NULL),
(404, 396, 803, 804, 4, 'Количество', '100', NULL),
(405, 8, 806, 823, 3, 'Предложение', NULL, NULL),
(406, 405, 807, 808, 4, 'Ид', '244', NULL),
(407, 405, 809, 820, 4, 'Цены', NULL, NULL),
(408, 407, 810, 819, 5, 'Цена', NULL, NULL),
(409, 408, 811, 812, 6, 'ИдТипаЦены', 'BASE', NULL),
(410, 408, 813, 814, 6, 'ЦенаЗаЕдиницу', '2199.00', NULL),
(411, 408, 815, 816, 6, 'Валюта', 'RUB', NULL),
(412, 408, 817, 818, 6, 'Единица', '796', NULL),
(413, 405, 821, 822, 4, 'Количество', '100', NULL),
(414, 8, 824, 841, 3, 'Предложение', NULL, NULL),
(415, 414, 825, 826, 4, 'Ид', '246', NULL),
(416, 414, 827, 838, 4, 'Цены', NULL, NULL),
(417, 416, 828, 837, 5, 'Цена', NULL, NULL),
(418, 417, 829, 830, 6, 'ИдТипаЦены', 'BASE', NULL),
(419, 417, 831, 832, 6, 'ЦенаЗаЕдиницу', '2199.00', NULL),
(420, 417, 833, 834, 6, 'Валюта', 'RUB', NULL),
(421, 417, 835, 836, 6, 'Единица', '796', NULL),
(422, 414, 839, 840, 4, 'Количество', '100', NULL),
(423, 8, 842, 859, 3, 'Предложение', NULL, NULL),
(424, 423, 843, 844, 4, 'Ид', '248', NULL),
(425, 423, 845, 856, 4, 'Цены', NULL, NULL),
(426, 425, 846, 855, 5, 'Цена', NULL, NULL),
(427, 426, 847, 848, 6, 'ИдТипаЦены', 'BASE', NULL),
(428, 426, 849, 850, 6, 'ЦенаЗаЕдиницу', '2199.00', NULL),
(429, 426, 851, 852, 6, 'Валюта', 'RUB', NULL),
(430, 426, 853, 854, 6, 'Единица', '796', NULL),
(431, 423, 857, 858, 4, 'Количество', '100', NULL),
(432, 8, 860, 877, 3, 'Предложение', NULL, NULL),
(433, 432, 861, 862, 4, 'Ид', '249', NULL),
(434, 432, 863, 874, 4, 'Цены', NULL, NULL),
(435, 434, 864, 873, 5, 'Цена', NULL, NULL),
(436, 435, 865, 866, 6, 'ИдТипаЦены', 'BASE', NULL),
(437, 435, 867, 868, 6, 'ЦенаЗаЕдиницу', '2199.00', NULL),
(438, 435, 869, 870, 6, 'Валюта', 'RUB', NULL),
(439, 435, 871, 872, 6, 'Единица', '796', NULL),
(440, 432, 875, 876, 4, 'Количество', '100', NULL),
(441, 8, 878, 895, 3, 'Предложение', NULL, NULL),
(442, 441, 879, 880, 4, 'Ид', '250', NULL),
(443, 441, 881, 892, 4, 'Цены', NULL, NULL),
(444, 443, 882, 891, 5, 'Цена', NULL, NULL),
(445, 444, 883, 884, 6, 'ИдТипаЦены', 'BASE', NULL),
(446, 444, 885, 886, 6, 'ЦенаЗаЕдиницу', '2199.00', NULL),
(447, 444, 887, 888, 6, 'Валюта', 'RUB', NULL),
(448, 444, 889, 890, 6, 'Единица', '796', NULL),
(449, 441, 893, 894, 4, 'Количество', '100', NULL),
(450, 8, 896, 913, 3, 'Предложение', NULL, NULL),
(451, 450, 897, 898, 4, 'Ид', '251', NULL),
(452, 450, 899, 910, 4, 'Цены', NULL, NULL),
(453, 452, 900, 909, 5, 'Цена', NULL, NULL),
(454, 453, 901, 902, 6, 'ИдТипаЦены', 'BASE', NULL),
(455, 453, 903, 904, 6, 'ЦенаЗаЕдиницу', '2199.00', NULL),
(456, 453, 905, 906, 6, 'Валюта', 'RUB', NULL),
(457, 453, 907, 908, 6, 'Единица', '796', NULL),
(458, 450, 911, 912, 4, 'Количество', '100', NULL),
(459, 8, 914, 931, 3, 'Предложение', NULL, NULL),
(460, 459, 915, 916, 4, 'Ид', '255', NULL),
(461, 459, 917, 928, 4, 'Цены', NULL, NULL),
(462, 461, 918, 927, 5, 'Цена', NULL, NULL),
(463, 462, 919, 920, 6, 'ИдТипаЦены', 'BASE', NULL),
(464, 462, 921, 922, 6, 'ЦенаЗаЕдиницу', '4999.00', NULL),
(465, 462, 923, 924, 6, 'Валюта', 'RUB', NULL),
(466, 462, 925, 926, 6, 'Единица', '796', NULL),
(467, 459, 929, 930, 4, 'Количество', '100', NULL),
(468, 8, 932, 949, 3, 'Предложение', NULL, NULL),
(469, 468, 933, 934, 4, 'Ид', '257', NULL),
(470, 468, 935, 946, 4, 'Цены', NULL, NULL),
(471, 470, 936, 945, 5, 'Цена', NULL, NULL),
(472, 471, 937, 938, 6, 'ИдТипаЦены', 'BASE', NULL),
(473, 471, 939, 940, 6, 'ЦенаЗаЕдиницу', '4999.00', NULL),
(474, 471, 941, 942, 6, 'Валюта', 'RUB', NULL),
(475, 471, 943, 944, 6, 'Единица', '796', NULL),
(476, 468, 947, 948, 4, 'Количество', '100', NULL),
(477, 8, 950, 967, 3, 'Предложение', NULL, NULL),
(478, 477, 951, 952, 4, 'Ид', '258', NULL),
(479, 477, 953, 964, 4, 'Цены', NULL, NULL),
(480, 479, 954, 963, 5, 'Цена', NULL, NULL),
(481, 480, 955, 956, 6, 'ИдТипаЦены', 'BASE', NULL),
(482, 480, 957, 958, 6, 'ЦенаЗаЕдиницу', '4999.00', NULL),
(483, 480, 959, 960, 6, 'Валюта', 'RUB', NULL),
(484, 480, 961, 962, 6, 'Единица', '796', NULL),
(485, 477, 965, 966, 4, 'Количество', '100', NULL),
(486, 8, 968, 985, 3, 'Предложение', NULL, NULL),
(487, 486, 969, 970, 4, 'Ид', '259', NULL),
(488, 486, 971, 982, 4, 'Цены', NULL, NULL),
(489, 488, 972, 981, 5, 'Цена', NULL, NULL),
(490, 489, 973, 974, 6, 'ИдТипаЦены', 'BASE', NULL),
(491, 489, 975, 976, 6, 'ЦенаЗаЕдиницу', '4999.00', NULL),
(492, 489, 977, 978, 6, 'Валюта', 'RUB', NULL),
(493, 489, 979, 980, 6, 'Единица', '796', NULL),
(494, 486, 983, 984, 4, 'Количество', '100', NULL),
(495, 8, 986, 1003, 3, 'Предложение', NULL, NULL),
(496, 495, 987, 988, 4, 'Ид', '260', NULL),
(497, 495, 989, 1000, 4, 'Цены', NULL, NULL),
(498, 497, 990, 999, 5, 'Цена', NULL, NULL),
(499, 498, 991, 992, 6, 'ИдТипаЦены', 'BASE', NULL),
(500, 498, 993, 994, 6, 'ЦенаЗаЕдиницу', '4999.00', NULL),
(501, 498, 995, 996, 6, 'Валюта', 'RUB', NULL),
(502, 498, 997, 998, 6, 'Единица', '796', NULL),
(503, 495, 1001, 1002, 4, 'Количество', '100', NULL),
(504, 8, 1004, 1021, 3, 'Предложение', NULL, NULL),
(505, 504, 1005, 1006, 4, 'Ид', '264', NULL),
(506, 504, 1007, 1018, 4, 'Цены', NULL, NULL),
(507, 506, 1008, 1017, 5, 'Цена', NULL, NULL),
(508, 507, 1009, 1010, 6, 'ИдТипаЦены', 'BASE', NULL),
(509, 507, 1011, 1012, 6, 'ЦенаЗаЕдиницу', '2999.00', NULL),
(510, 507, 1013, 1014, 6, 'Валюта', 'RUB', NULL),
(511, 507, 1015, 1016, 6, 'Единица', '796', NULL),
(512, 504, 1019, 1020, 4, 'Количество', '100', NULL),
(513, 8, 1022, 1039, 3, 'Предложение', NULL, NULL),
(514, 513, 1023, 1024, 4, 'Ид', '266', NULL),
(515, 513, 1025, 1036, 4, 'Цены', NULL, NULL),
(516, 515, 1026, 1035, 5, 'Цена', NULL, NULL),
(517, 516, 1027, 1028, 6, 'ИдТипаЦены', 'BASE', NULL),
(518, 516, 1029, 1030, 6, 'ЦенаЗаЕдиницу', '2999.00', NULL),
(519, 516, 1031, 1032, 6, 'Валюта', 'RUB', NULL),
(520, 516, 1033, 1034, 6, 'Единица', '796', NULL),
(521, 513, 1037, 1038, 4, 'Количество', '100', NULL),
(522, 8, 1040, 1057, 3, 'Предложение', NULL, NULL),
(523, 522, 1041, 1042, 4, 'Ид', '267', NULL),
(524, 522, 1043, 1054, 4, 'Цены', NULL, NULL),
(525, 524, 1044, 1053, 5, 'Цена', NULL, NULL),
(526, 525, 1045, 1046, 6, 'ИдТипаЦены', 'BASE', NULL),
(527, 525, 1047, 1048, 6, 'ЦенаЗаЕдиницу', '2999.00', NULL),
(528, 525, 1049, 1050, 6, 'Валюта', 'RUB', NULL),
(529, 525, 1051, 1052, 6, 'Единица', '796', NULL),
(530, 522, 1055, 1056, 4, 'Количество', '100', NULL),
(531, 8, 1058, 1075, 3, 'Предложение', NULL, NULL),
(532, 531, 1059, 1060, 4, 'Ид', '268', NULL),
(533, 531, 1061, 1072, 4, 'Цены', NULL, NULL),
(534, 533, 1062, 1071, 5, 'Цена', NULL, NULL),
(535, 534, 1063, 1064, 6, 'ИдТипаЦены', 'BASE', NULL),
(536, 534, 1065, 1066, 6, 'ЦенаЗаЕдиницу', '2999.00', NULL),
(537, 534, 1067, 1068, 6, 'Валюта', 'RUB', NULL),
(538, 534, 1069, 1070, 6, 'Единица', '796', NULL),
(539, 531, 1073, 1074, 4, 'Количество', '100', NULL),
(540, 8, 1076, 1093, 3, 'Предложение', NULL, NULL),
(541, 540, 1077, 1078, 4, 'Ид', '269', NULL),
(542, 540, 1079, 1090, 4, 'Цены', NULL, NULL),
(543, 542, 1080, 1089, 5, 'Цена', NULL, NULL),
(544, 543, 1081, 1082, 6, 'ИдТипаЦены', 'BASE', NULL),
(545, 543, 1083, 1084, 6, 'ЦенаЗаЕдиницу', '2999.00', NULL),
(546, 543, 1085, 1086, 6, 'Валюта', 'RUB', NULL),
(547, 543, 1087, 1088, 6, 'Единица', '796', NULL),
(548, 540, 1091, 1092, 4, 'Количество', '100', NULL),
(549, 8, 1094, 1111, 3, 'Предложение', NULL, NULL),
(550, 549, 1095, 1096, 4, 'Ид', '273', NULL),
(551, 549, 1097, 1108, 4, 'Цены', NULL, NULL),
(552, 551, 1098, 1107, 5, 'Цена', NULL, NULL),
(553, 552, 1099, 1100, 6, 'ИдТипаЦены', 'BASE', NULL),
(554, 552, 1101, 1102, 6, 'ЦенаЗаЕдиницу', '4499.00', NULL),
(555, 552, 1103, 1104, 6, 'Валюта', 'RUB', NULL),
(556, 552, 1105, 1106, 6, 'Единица', '796', NULL),
(557, 549, 1109, 1110, 4, 'Количество', '100', NULL),
(558, 8, 1112, 1129, 3, 'Предложение', NULL, NULL),
(559, 558, 1113, 1114, 4, 'Ид', '275', NULL),
(560, 558, 1115, 1126, 4, 'Цены', NULL, NULL),
(561, 560, 1116, 1125, 5, 'Цена', NULL, NULL),
(562, 561, 1117, 1118, 6, 'ИдТипаЦены', 'BASE', NULL),
(563, 561, 1119, 1120, 6, 'ЦенаЗаЕдиницу', '4499.00', NULL),
(564, 561, 1121, 1122, 6, 'Валюта', 'RUB', NULL),
(565, 561, 1123, 1124, 6, 'Единица', '796', NULL),
(566, 558, 1127, 1128, 4, 'Количество', '100', NULL),
(567, 8, 1130, 1147, 3, 'Предложение', NULL, NULL),
(568, 567, 1131, 1132, 4, 'Ид', '276', NULL),
(569, 567, 1133, 1144, 4, 'Цены', NULL, NULL),
(570, 569, 1134, 1143, 5, 'Цена', NULL, NULL),
(571, 570, 1135, 1136, 6, 'ИдТипаЦены', 'BASE', NULL),
(572, 570, 1137, 1138, 6, 'ЦенаЗаЕдиницу', '4499.00', NULL),
(573, 570, 1139, 1140, 6, 'Валюта', 'RUB', NULL),
(574, 570, 1141, 1142, 6, 'Единица', '796', NULL),
(575, 567, 1145, 1146, 4, 'Количество', '100', NULL),
(576, 8, 1148, 1165, 3, 'Предложение', NULL, NULL),
(577, 576, 1149, 1150, 4, 'Ид', '277', NULL),
(578, 576, 1151, 1162, 4, 'Цены', NULL, NULL),
(579, 578, 1152, 1161, 5, 'Цена', NULL, NULL),
(580, 579, 1153, 1154, 6, 'ИдТипаЦены', 'BASE', NULL),
(581, 579, 1155, 1156, 6, 'ЦенаЗаЕдиницу', '4499.00', NULL),
(582, 579, 1157, 1158, 6, 'Валюта', 'RUB', NULL),
(583, 579, 1159, 1160, 6, 'Единица', '796', NULL),
(584, 576, 1163, 1164, 4, 'Количество', '100', NULL),
(585, 8, 1166, 1183, 3, 'Предложение', NULL, NULL),
(586, 585, 1167, 1168, 4, 'Ид', '278', NULL),
(587, 585, 1169, 1180, 4, 'Цены', NULL, NULL),
(588, 587, 1170, 1179, 5, 'Цена', NULL, NULL),
(589, 588, 1171, 1172, 6, 'ИдТипаЦены', 'BASE', NULL),
(590, 588, 1173, 1174, 6, 'ЦенаЗаЕдиницу', '4499.00', NULL),
(591, 588, 1175, 1176, 6, 'Валюта', 'RUB', NULL),
(592, 588, 1177, 1178, 6, 'Единица', '796', NULL),
(593, 585, 1181, 1182, 4, 'Количество', '100', NULL),
(594, 8, 1184, 1201, 3, 'Предложение', NULL, NULL),
(595, 594, 1185, 1186, 4, 'Ид', '282', NULL),
(596, 594, 1187, 1198, 4, 'Цены', NULL, NULL),
(597, 596, 1188, 1197, 5, 'Цена', NULL, NULL),
(598, 597, 1189, 1190, 6, 'ИдТипаЦены', 'BASE', NULL),
(599, 597, 1191, 1192, 6, 'ЦенаЗаЕдиницу', '3999.00', NULL),
(600, 597, 1193, 1194, 6, 'Валюта', 'RUB', NULL),
(601, 597, 1195, 1196, 6, 'Единица', '796', NULL),
(602, 594, 1199, 1200, 4, 'Количество', '100', NULL),
(603, 8, 1202, 1219, 3, 'Предложение', NULL, NULL),
(604, 603, 1203, 1204, 4, 'Ид', '284', NULL),
(605, 603, 1205, 1216, 4, 'Цены', NULL, NULL),
(606, 605, 1206, 1215, 5, 'Цена', NULL, NULL),
(607, 606, 1207, 1208, 6, 'ИдТипаЦены', 'BASE', NULL),
(608, 606, 1209, 1210, 6, 'ЦенаЗаЕдиницу', '3999.00', NULL),
(609, 606, 1211, 1212, 6, 'Валюта', 'RUB', NULL),
(610, 606, 1213, 1214, 6, 'Единица', '796', NULL),
(611, 603, 1217, 1218, 4, 'Количество', '100', NULL),
(612, 8, 1220, 1237, 3, 'Предложение', NULL, NULL),
(613, 612, 1221, 1222, 4, 'Ид', '285', NULL),
(614, 612, 1223, 1234, 4, 'Цены', NULL, NULL),
(615, 614, 1224, 1233, 5, 'Цена', NULL, NULL),
(616, 615, 1225, 1226, 6, 'ИдТипаЦены', 'BASE', NULL),
(617, 615, 1227, 1228, 6, 'ЦенаЗаЕдиницу', '3999.00', NULL),
(618, 615, 1229, 1230, 6, 'Валюта', 'RUB', NULL),
(619, 615, 1231, 1232, 6, 'Единица', '796', NULL),
(620, 612, 1235, 1236, 4, 'Количество', '100', NULL),
(621, 8, 1238, 1255, 3, 'Предложение', NULL, NULL),
(622, 621, 1239, 1240, 4, 'Ид', '286', NULL),
(623, 621, 1241, 1252, 4, 'Цены', NULL, NULL),
(624, 623, 1242, 1251, 5, 'Цена', NULL, NULL),
(625, 624, 1243, 1244, 6, 'ИдТипаЦены', 'BASE', NULL),
(626, 624, 1245, 1246, 6, 'ЦенаЗаЕдиницу', '3999.00', NULL),
(627, 624, 1247, 1248, 6, 'Валюта', 'RUB', NULL),
(628, 624, 1249, 1250, 6, 'Единица', '796', NULL),
(629, 621, 1253, 1254, 4, 'Количество', '100', NULL),
(630, 8, 1256, 1273, 3, 'Предложение', NULL, NULL),
(631, 630, 1257, 1258, 4, 'Ид', '287', NULL),
(632, 630, 1259, 1270, 4, 'Цены', NULL, NULL),
(633, 632, 1260, 1269, 5, 'Цена', NULL, NULL),
(634, 633, 1261, 1262, 6, 'ИдТипаЦены', 'BASE', NULL),
(635, 633, 1263, 1264, 6, 'ЦенаЗаЕдиницу', '3999.00', NULL),
(636, 633, 1265, 1266, 6, 'Валюта', 'RUB', NULL),
(637, 633, 1267, 1268, 6, 'Единица', '796', NULL),
(638, 630, 1271, 1272, 4, 'Количество', '100', NULL),
(639, 8, 1274, 1291, 3, 'Предложение', NULL, NULL),
(640, 639, 1275, 1276, 4, 'Ид', '291', NULL),
(641, 639, 1277, 1288, 4, 'Цены', NULL, NULL),
(642, 641, 1278, 1287, 5, 'Цена', NULL, NULL),
(643, 642, 1279, 1280, 6, 'ИдТипаЦены', 'BASE', NULL),
(644, 642, 1281, 1282, 6, 'ЦенаЗаЕдиницу', '1299.00', NULL),
(645, 642, 1283, 1284, 6, 'Валюта', 'RUB', NULL),
(646, 642, 1285, 1286, 6, 'Единица', '796', NULL),
(647, 639, 1289, 1290, 4, 'Количество', '100', NULL),
(648, 8, 1292, 1309, 3, 'Предложение', NULL, NULL),
(649, 648, 1293, 1294, 4, 'Ид', '293', NULL),
(650, 648, 1295, 1306, 4, 'Цены', NULL, NULL),
(651, 650, 1296, 1305, 5, 'Цена', NULL, NULL),
(652, 651, 1297, 1298, 6, 'ИдТипаЦены', 'BASE', NULL),
(653, 651, 1299, 1300, 6, 'ЦенаЗаЕдиницу', '1299.00', NULL),
(654, 651, 1301, 1302, 6, 'Валюта', 'RUB', NULL),
(655, 651, 1303, 1304, 6, 'Единица', '796', NULL),
(656, 648, 1307, 1308, 4, 'Количество', '100', NULL),
(657, 8, 1310, 1327, 3, 'Предложение', NULL, NULL),
(658, 657, 1311, 1312, 4, 'Ид', '294', NULL),
(659, 657, 1313, 1324, 4, 'Цены', NULL, NULL),
(660, 659, 1314, 1323, 5, 'Цена', NULL, NULL),
(661, 660, 1315, 1316, 6, 'ИдТипаЦены', 'BASE', NULL),
(662, 660, 1317, 1318, 6, 'ЦенаЗаЕдиницу', '1299.00', NULL),
(663, 660, 1319, 1320, 6, 'Валюта', 'RUB', NULL),
(664, 660, 1321, 1322, 6, 'Единица', '796', NULL),
(665, 657, 1325, 1326, 4, 'Количество', '100', NULL),
(666, 8, 1328, 1345, 3, 'Предложение', NULL, NULL),
(667, 666, 1329, 1330, 4, 'Ид', '295', NULL),
(668, 666, 1331, 1342, 4, 'Цены', NULL, NULL),
(669, 668, 1332, 1341, 5, 'Цена', NULL, NULL),
(670, 669, 1333, 1334, 6, 'ИдТипаЦены', 'BASE', NULL),
(671, 669, 1335, 1336, 6, 'ЦенаЗаЕдиницу', '1299.00', NULL),
(672, 669, 1337, 1338, 6, 'Валюта', 'RUB', NULL),
(673, 669, 1339, 1340, 6, 'Единица', '796', NULL),
(674, 666, 1343, 1344, 4, 'Количество', '100', NULL),
(675, 8, 1346, 1363, 3, 'Предложение', NULL, NULL),
(676, 675, 1347, 1348, 4, 'Ид', '296', NULL),
(677, 675, 1349, 1360, 4, 'Цены', NULL, NULL),
(678, 677, 1350, 1359, 5, 'Цена', NULL, NULL),
(679, 678, 1351, 1352, 6, 'ИдТипаЦены', 'BASE', NULL),
(680, 678, 1353, 1354, 6, 'ЦенаЗаЕдиницу', '1299.00', NULL),
(681, 678, 1355, 1356, 6, 'Валюта', 'RUB', NULL),
(682, 678, 1357, 1358, 6, 'Единица', '796', NULL),
(683, 675, 1361, 1362, 4, 'Количество', '100', NULL),
(684, 8, 1364, 1381, 3, 'Предложение', NULL, NULL),
(685, 684, 1365, 1366, 4, 'Ид', '300', NULL),
(686, 684, 1367, 1378, 4, 'Цены', NULL, NULL),
(687, 686, 1368, 1377, 5, 'Цена', NULL, NULL),
(688, 687, 1369, 1370, 6, 'ИдТипаЦены', 'BASE', NULL),
(689, 687, 1371, 1372, 6, 'ЦенаЗаЕдиницу', '1399.00', NULL),
(690, 687, 1373, 1374, 6, 'Валюта', 'RUB', NULL),
(691, 687, 1375, 1376, 6, 'Единица', '796', NULL),
(692, 684, 1379, 1380, 4, 'Количество', '100', NULL),
(693, 8, 1382, 1399, 3, 'Предложение', NULL, NULL),
(694, 693, 1383, 1384, 4, 'Ид', '302', NULL),
(695, 693, 1385, 1396, 4, 'Цены', NULL, NULL),
(696, 695, 1386, 1395, 5, 'Цена', NULL, NULL),
(697, 696, 1387, 1388, 6, 'ИдТипаЦены', 'BASE', NULL),
(698, 696, 1389, 1390, 6, 'ЦенаЗаЕдиницу', '1399.00', NULL),
(699, 696, 1391, 1392, 6, 'Валюта', 'RUB', NULL),
(700, 696, 1393, 1394, 6, 'Единица', '796', NULL),
(701, 693, 1397, 1398, 4, 'Количество', '100', NULL),
(702, 8, 1400, 1417, 3, 'Предложение', NULL, NULL),
(703, 702, 1401, 1402, 4, 'Ид', '303', NULL),
(704, 702, 1403, 1414, 4, 'Цены', NULL, NULL),
(705, 704, 1404, 1413, 5, 'Цена', NULL, NULL),
(706, 705, 1405, 1406, 6, 'ИдТипаЦены', 'BASE', NULL),
(707, 705, 1407, 1408, 6, 'ЦенаЗаЕдиницу', '1399.00', NULL),
(708, 705, 1409, 1410, 6, 'Валюта', 'RUB', NULL),
(709, 705, 1411, 1412, 6, 'Единица', '796', NULL),
(710, 702, 1415, 1416, 4, 'Количество', '100', NULL),
(711, 8, 1418, 1435, 3, 'Предложение', NULL, NULL),
(712, 711, 1419, 1420, 4, 'Ид', '304', NULL),
(713, 711, 1421, 1432, 4, 'Цены', NULL, NULL),
(714, 713, 1422, 1431, 5, 'Цена', NULL, NULL),
(715, 714, 1423, 1424, 6, 'ИдТипаЦены', 'BASE', NULL),
(716, 714, 1425, 1426, 6, 'ЦенаЗаЕдиницу', '1399.00', NULL),
(717, 714, 1427, 1428, 6, 'Валюта', 'RUB', NULL),
(718, 714, 1429, 1430, 6, 'Единица', '796', NULL),
(719, 711, 1433, 1434, 4, 'Количество', '100', NULL),
(720, 8, 1436, 1453, 3, 'Предложение', NULL, NULL),
(721, 720, 1437, 1438, 4, 'Ид', '305', NULL),
(722, 720, 1439, 1450, 4, 'Цены', NULL, NULL),
(723, 722, 1440, 1449, 5, 'Цена', NULL, NULL),
(724, 723, 1441, 1442, 6, 'ИдТипаЦены', 'BASE', NULL),
(725, 723, 1443, 1444, 6, 'ЦенаЗаЕдиницу', '1399.00', NULL),
(726, 723, 1445, 1446, 6, 'Валюта', 'RUB', NULL),
(727, 723, 1447, 1448, 6, 'Единица', '796', NULL),
(728, 720, 1451, 1452, 4, 'Количество', '100', NULL),
(729, 8, 1454, 1471, 3, 'Предложение', NULL, NULL),
(730, 729, 1455, 1456, 4, 'Ид', '309', NULL),
(731, 729, 1457, 1468, 4, 'Цены', NULL, NULL),
(732, 731, 1458, 1467, 5, 'Цена', NULL, NULL),
(733, 732, 1459, 1460, 6, 'ИдТипаЦены', 'BASE', NULL),
(734, 732, 1461, 1462, 6, 'ЦенаЗаЕдиницу', '1099.00', NULL),
(735, 732, 1463, 1464, 6, 'Валюта', 'RUB', NULL),
(736, 732, 1465, 1466, 6, 'Единица', '796', NULL),
(737, 729, 1469, 1470, 4, 'Количество', '100', NULL),
(738, 8, 1472, 1489, 3, 'Предложение', NULL, NULL),
(739, 738, 1473, 1474, 4, 'Ид', '311', NULL),
(740, 738, 1475, 1486, 4, 'Цены', NULL, NULL),
(741, 740, 1476, 1485, 5, 'Цена', NULL, NULL),
(742, 741, 1477, 1478, 6, 'ИдТипаЦены', 'BASE', NULL),
(743, 741, 1479, 1480, 6, 'ЦенаЗаЕдиницу', '1099.00', NULL),
(744, 741, 1481, 1482, 6, 'Валюта', 'RUB', NULL),
(745, 741, 1483, 1484, 6, 'Единица', '796', NULL),
(746, 738, 1487, 1488, 4, 'Количество', '100', NULL),
(747, 8, 1490, 1507, 3, 'Предложение', NULL, NULL),
(748, 747, 1491, 1492, 4, 'Ид', '312', NULL),
(749, 747, 1493, 1504, 4, 'Цены', NULL, NULL),
(750, 749, 1494, 1503, 5, 'Цена', NULL, NULL),
(751, 750, 1495, 1496, 6, 'ИдТипаЦены', 'BASE', NULL),
(752, 750, 1497, 1498, 6, 'ЦенаЗаЕдиницу', '1099.00', NULL),
(753, 750, 1499, 1500, 6, 'Валюта', 'RUB', NULL),
(754, 750, 1501, 1502, 6, 'Единица', '796', NULL),
(755, 747, 1505, 1506, 4, 'Количество', '100', NULL),
(756, 8, 1508, 1525, 3, 'Предложение', NULL, NULL),
(757, 756, 1509, 1510, 4, 'Ид', '313', NULL),
(758, 756, 1511, 1522, 4, 'Цены', NULL, NULL),
(759, 758, 1512, 1521, 5, 'Цена', NULL, NULL),
(760, 759, 1513, 1514, 6, 'ИдТипаЦены', 'BASE', NULL),
(761, 759, 1515, 1516, 6, 'ЦенаЗаЕдиницу', '1099.00', NULL),
(762, 759, 1517, 1518, 6, 'Валюта', 'RUB', NULL),
(763, 759, 1519, 1520, 6, 'Единица', '796', NULL),
(764, 756, 1523, 1524, 4, 'Количество', '100', NULL),
(765, 8, 1526, 1543, 3, 'Предложение', NULL, NULL),
(766, 765, 1527, 1528, 4, 'Ид', '314', NULL),
(767, 765, 1529, 1540, 4, 'Цены', NULL, NULL),
(768, 767, 1530, 1539, 5, 'Цена', NULL, NULL),
(769, 768, 1531, 1532, 6, 'ИдТипаЦены', 'BASE', NULL),
(770, 768, 1533, 1534, 6, 'ЦенаЗаЕдиницу', '1099.00', NULL),
(771, 768, 1535, 1536, 6, 'Валюта', 'RUB', NULL),
(772, 768, 1537, 1538, 6, 'Единица', '796', NULL),
(773, 765, 1541, 1542, 4, 'Количество', '100', NULL),
(774, 8, 1544, 1561, 3, 'Предложение', NULL, NULL),
(775, 774, 1545, 1546, 4, 'Ид', '316', NULL),
(776, 774, 1547, 1558, 4, 'Цены', NULL, NULL),
(777, 776, 1548, 1557, 5, 'Цена', NULL, NULL),
(778, 777, 1549, 1550, 6, 'ИдТипаЦены', 'BASE', NULL),
(779, 777, 1551, 1552, 6, 'ЦенаЗаЕдиницу', '1199.00', NULL),
(780, 777, 1553, 1554, 6, 'Валюта', 'RUB', NULL),
(781, 777, 1555, 1556, 6, 'Единица', '796', NULL),
(782, 774, 1559, 1560, 4, 'Количество', '100', NULL),
(783, 8, 1562, 1579, 3, 'Предложение', NULL, NULL),
(784, 783, 1563, 1564, 4, 'Ид', '318', NULL),
(785, 783, 1565, 1576, 4, 'Цены', NULL, NULL),
(786, 785, 1566, 1575, 5, 'Цена', NULL, NULL),
(787, 786, 1567, 1568, 6, 'ИдТипаЦены', 'BASE', NULL),
(788, 786, 1569, 1570, 6, 'ЦенаЗаЕдиницу', '1199.00', NULL),
(789, 786, 1571, 1572, 6, 'Валюта', 'RUB', NULL),
(790, 786, 1573, 1574, 6, 'Единица', '796', NULL),
(791, 783, 1577, 1578, 4, 'Количество', '100', NULL),
(792, 8, 1580, 1597, 3, 'Предложение', NULL, NULL),
(793, 792, 1581, 1582, 4, 'Ид', '319', NULL),
(794, 792, 1583, 1594, 4, 'Цены', NULL, NULL),
(795, 794, 1584, 1593, 5, 'Цена', NULL, NULL),
(796, 795, 1585, 1586, 6, 'ИдТипаЦены', 'BASE', NULL),
(797, 795, 1587, 1588, 6, 'ЦенаЗаЕдиницу', '1199.00', NULL),
(798, 795, 1589, 1590, 6, 'Валюта', 'RUB', NULL),
(799, 795, 1591, 1592, 6, 'Единица', '796', NULL),
(800, 792, 1595, 1596, 4, 'Количество', '100', NULL),
(801, 8, 1598, 1615, 3, 'Предложение', NULL, NULL),
(802, 801, 1599, 1600, 4, 'Ид', '320', NULL),
(803, 801, 1601, 1612, 4, 'Цены', NULL, NULL),
(804, 803, 1602, 1611, 5, 'Цена', NULL, NULL),
(805, 804, 1603, 1604, 6, 'ИдТипаЦены', 'BASE', NULL),
(806, 804, 1605, 1606, 6, 'ЦенаЗаЕдиницу', '1199.00', NULL),
(807, 804, 1607, 1608, 6, 'Валюта', 'RUB', NULL),
(808, 804, 1609, 1610, 6, 'Единица', '796', NULL),
(809, 801, 1613, 1614, 4, 'Количество', '100', NULL),
(810, 8, 1616, 1633, 3, 'Предложение', NULL, NULL),
(811, 810, 1617, 1618, 4, 'Ид', '321', NULL),
(812, 810, 1619, 1630, 4, 'Цены', NULL, NULL),
(813, 812, 1620, 1629, 5, 'Цена', NULL, NULL),
(814, 813, 1621, 1622, 6, 'ИдТипаЦены', 'BASE', NULL),
(815, 813, 1623, 1624, 6, 'ЦенаЗаЕдиницу', '1199.00', NULL),
(816, 813, 1625, 1626, 6, 'Валюта', 'RUB', NULL),
(817, 813, 1627, 1628, 6, 'Единица', '796', NULL),
(818, 810, 1631, 1632, 4, 'Количество', '100', NULL),
(819, 8, 1634, 1651, 3, 'Предложение', NULL, NULL),
(820, 819, 1635, 1636, 4, 'Ид', '325', NULL),
(821, 819, 1637, 1648, 4, 'Цены', NULL, NULL),
(822, 821, 1638, 1647, 5, 'Цена', NULL, NULL),
(823, 822, 1639, 1640, 6, 'ИдТипаЦены', 'BASE', NULL),
(824, 822, 1641, 1642, 6, 'ЦенаЗаЕдиницу', '1459.00', NULL),
(825, 822, 1643, 1644, 6, 'Валюта', 'RUB', NULL),
(826, 822, 1645, 1646, 6, 'Единица', '796', NULL),
(827, 819, 1649, 1650, 4, 'Количество', '100', NULL),
(828, 8, 1652, 1669, 3, 'Предложение', NULL, NULL),
(829, 828, 1653, 1654, 4, 'Ид', '327', NULL),
(830, 828, 1655, 1666, 4, 'Цены', NULL, NULL),
(831, 830, 1656, 1665, 5, 'Цена', NULL, NULL),
(832, 831, 1657, 1658, 6, 'ИдТипаЦены', 'BASE', NULL),
(833, 831, 1659, 1660, 6, 'ЦенаЗаЕдиницу', '1459.00', NULL),
(834, 831, 1661, 1662, 6, 'Валюта', 'RUB', NULL),
(835, 831, 1663, 1664, 6, 'Единица', '796', NULL),
(836, 828, 1667, 1668, 4, 'Количество', '100', NULL),
(837, 8, 1670, 1687, 3, 'Предложение', NULL, NULL),
(838, 837, 1671, 1672, 4, 'Ид', '328', NULL),
(839, 837, 1673, 1684, 4, 'Цены', NULL, NULL),
(840, 839, 1674, 1683, 5, 'Цена', NULL, NULL),
(841, 840, 1675, 1676, 6, 'ИдТипаЦены', 'BASE', NULL),
(842, 840, 1677, 1678, 6, 'ЦенаЗаЕдиницу', '1459.00', NULL),
(843, 840, 1679, 1680, 6, 'Валюта', 'RUB', NULL),
(844, 840, 1681, 1682, 6, 'Единица', '796', NULL),
(845, 837, 1685, 1686, 4, 'Количество', '100', NULL),
(846, 8, 1688, 1705, 3, 'Предложение', NULL, NULL),
(847, 846, 1689, 1690, 4, 'Ид', '329', NULL),
(848, 846, 1691, 1702, 4, 'Цены', NULL, NULL),
(849, 848, 1692, 1701, 5, 'Цена', NULL, NULL),
(850, 849, 1693, 1694, 6, 'ИдТипаЦены', 'BASE', NULL),
(851, 849, 1695, 1696, 6, 'ЦенаЗаЕдиницу', '1459.00', NULL),
(852, 849, 1697, 1698, 6, 'Валюта', 'RUB', NULL),
(853, 849, 1699, 1700, 6, 'Единица', '796', NULL),
(854, 846, 1703, 1704, 4, 'Количество', '100', NULL),
(855, 8, 1706, 1723, 3, 'Предложение', NULL, NULL),
(856, 855, 1707, 1708, 4, 'Ид', '330', NULL),
(857, 855, 1709, 1720, 4, 'Цены', NULL, NULL),
(858, 857, 1710, 1719, 5, 'Цена', NULL, NULL),
(859, 858, 1711, 1712, 6, 'ИдТипаЦены', 'BASE', NULL),
(860, 858, 1713, 1714, 6, 'ЦенаЗаЕдиницу', '1459.00', NULL),
(861, 858, 1715, 1716, 6, 'Валюта', 'RUB', NULL),
(862, 858, 1717, 1718, 6, 'Единица', '796', NULL),
(863, 855, 1721, 1722, 4, 'Количество', '100', NULL),
(864, 8, 1724, 1741, 3, 'Предложение', NULL, NULL),
(865, 864, 1725, 1726, 4, 'Ид', '334', NULL),
(866, 864, 1727, 1738, 4, 'Цены', NULL, NULL),
(867, 866, 1728, 1737, 5, 'Цена', NULL, NULL),
(868, 867, 1729, 1730, 6, 'ИдТипаЦены', 'BASE', NULL),
(869, 867, 1731, 1732, 6, 'ЦенаЗаЕдиницу', '1499.00', NULL),
(870, 867, 1733, 1734, 6, 'Валюта', 'RUB', NULL),
(871, 867, 1735, 1736, 6, 'Единица', '796', NULL),
(872, 864, 1739, 1740, 4, 'Количество', '100', NULL),
(873, 8, 1742, 1759, 3, 'Предложение', NULL, NULL),
(874, 873, 1743, 1744, 4, 'Ид', '336', NULL),
(875, 873, 1745, 1756, 4, 'Цены', NULL, NULL),
(876, 875, 1746, 1755, 5, 'Цена', NULL, NULL),
(877, 876, 1747, 1748, 6, 'ИдТипаЦены', 'BASE', NULL),
(878, 876, 1749, 1750, 6, 'ЦенаЗаЕдиницу', '1499.00', NULL),
(879, 876, 1751, 1752, 6, 'Валюта', 'RUB', NULL),
(880, 876, 1753, 1754, 6, 'Единица', '796', NULL),
(881, 873, 1757, 1758, 4, 'Количество', '100', NULL),
(882, 8, 1760, 1777, 3, 'Предложение', NULL, NULL),
(883, 882, 1761, 1762, 4, 'Ид', '337', NULL),
(884, 882, 1763, 1774, 4, 'Цены', NULL, NULL),
(885, 884, 1764, 1773, 5, 'Цена', NULL, NULL),
(886, 885, 1765, 1766, 6, 'ИдТипаЦены', 'BASE', NULL),
(887, 885, 1767, 1768, 6, 'ЦенаЗаЕдиницу', '1499.00', NULL),
(888, 885, 1769, 1770, 6, 'Валюта', 'RUB', NULL),
(889, 885, 1771, 1772, 6, 'Единица', '796', NULL),
(890, 882, 1775, 1776, 4, 'Количество', '100', NULL),
(891, 8, 1778, 1795, 3, 'Предложение', NULL, NULL),
(892, 891, 1779, 1780, 4, 'Ид', '338', NULL),
(893, 891, 1781, 1792, 4, 'Цены', NULL, NULL),
(894, 893, 1782, 1791, 5, 'Цена', NULL, NULL),
(895, 894, 1783, 1784, 6, 'ИдТипаЦены', 'BASE', NULL),
(896, 894, 1785, 1786, 6, 'ЦенаЗаЕдиницу', '1499.00', NULL),
(897, 894, 1787, 1788, 6, 'Валюта', 'RUB', NULL);
INSERT INTO `b_xml_tree` (`ID`, `PARENT_ID`, `LEFT_MARGIN`, `RIGHT_MARGIN`, `DEPTH_LEVEL`, `NAME`, `VALUE`, `ATTRIBUTES`) VALUES
(898, 894, 1789, 1790, 6, 'Единица', '796', NULL),
(899, 891, 1793, 1794, 4, 'Количество', '100', NULL),
(900, 8, 1796, 1813, 3, 'Предложение', NULL, NULL),
(901, 900, 1797, 1798, 4, 'Ид', '339', NULL),
(902, 900, 1799, 1810, 4, 'Цены', NULL, NULL),
(903, 902, 1800, 1809, 5, 'Цена', NULL, NULL),
(904, 903, 1801, 1802, 6, 'ИдТипаЦены', 'BASE', NULL),
(905, 903, 1803, 1804, 6, 'ЦенаЗаЕдиницу', '1499.00', NULL),
(906, 903, 1805, 1806, 6, 'Валюта', 'RUB', NULL),
(907, 903, 1807, 1808, 6, 'Единица', '796', NULL),
(908, 900, 1811, 1812, 4, 'Количество', '100', NULL),
(909, 8, 1814, 1831, 3, 'Предложение', NULL, NULL),
(910, 909, 1815, 1816, 4, 'Ид', '343', NULL),
(911, 909, 1817, 1828, 4, 'Цены', NULL, NULL),
(912, 911, 1818, 1827, 5, 'Цена', NULL, NULL),
(913, 912, 1819, 1820, 6, 'ИдТипаЦены', 'BASE', NULL),
(914, 912, 1821, 1822, 6, 'ЦенаЗаЕдиницу', '1199.00', NULL),
(915, 912, 1823, 1824, 6, 'Валюта', 'RUB', NULL),
(916, 912, 1825, 1826, 6, 'Единица', '796', NULL),
(917, 909, 1829, 1830, 4, 'Количество', '100', NULL),
(918, 8, 1832, 1849, 3, 'Предложение', NULL, NULL),
(919, 918, 1833, 1834, 4, 'Ид', '345', NULL),
(920, 918, 1835, 1846, 4, 'Цены', NULL, NULL),
(921, 920, 1836, 1845, 5, 'Цена', NULL, NULL),
(922, 921, 1837, 1838, 6, 'ИдТипаЦены', 'BASE', NULL),
(923, 921, 1839, 1840, 6, 'ЦенаЗаЕдиницу', '1199.00', NULL),
(924, 921, 1841, 1842, 6, 'Валюта', 'RUB', NULL),
(925, 921, 1843, 1844, 6, 'Единица', '796', NULL),
(926, 918, 1847, 1848, 4, 'Количество', '100', NULL),
(927, 8, 1850, 1867, 3, 'Предложение', NULL, NULL),
(928, 927, 1851, 1852, 4, 'Ид', '346', NULL),
(929, 927, 1853, 1864, 4, 'Цены', NULL, NULL),
(930, 929, 1854, 1863, 5, 'Цена', NULL, NULL),
(931, 930, 1855, 1856, 6, 'ИдТипаЦены', 'BASE', NULL),
(932, 930, 1857, 1858, 6, 'ЦенаЗаЕдиницу', '1199.00', NULL),
(933, 930, 1859, 1860, 6, 'Валюта', 'RUB', NULL),
(934, 930, 1861, 1862, 6, 'Единица', '796', NULL),
(935, 927, 1865, 1866, 4, 'Количество', '100', NULL),
(936, 8, 1868, 1885, 3, 'Предложение', NULL, NULL),
(937, 936, 1869, 1870, 4, 'Ид', '347', NULL),
(938, 936, 1871, 1882, 4, 'Цены', NULL, NULL),
(939, 938, 1872, 1881, 5, 'Цена', NULL, NULL),
(940, 939, 1873, 1874, 6, 'ИдТипаЦены', 'BASE', NULL),
(941, 939, 1875, 1876, 6, 'ЦенаЗаЕдиницу', '1199.00', NULL),
(942, 939, 1877, 1878, 6, 'Валюта', 'RUB', NULL),
(943, 939, 1879, 1880, 6, 'Единица', '796', NULL),
(944, 936, 1883, 1884, 4, 'Количество', '100', NULL),
(945, 8, 1886, 1903, 3, 'Предложение', NULL, NULL),
(946, 945, 1887, 1888, 4, 'Ид', '348', NULL),
(947, 945, 1889, 1900, 4, 'Цены', NULL, NULL),
(948, 947, 1890, 1899, 5, 'Цена', NULL, NULL),
(949, 948, 1891, 1892, 6, 'ИдТипаЦены', 'BASE', NULL),
(950, 948, 1893, 1894, 6, 'ЦенаЗаЕдиницу', '1199.00', NULL),
(951, 948, 1895, 1896, 6, 'Валюта', 'RUB', NULL),
(952, 948, 1897, 1898, 6, 'Единица', '796', NULL),
(953, 945, 1901, 1902, 4, 'Количество', '100', NULL),
(954, 8, 1904, 1921, 3, 'Предложение', NULL, NULL),
(955, 954, 1905, 1906, 4, 'Ид', '352', NULL),
(956, 954, 1907, 1918, 4, 'Цены', NULL, NULL),
(957, 956, 1908, 1917, 5, 'Цена', NULL, NULL),
(958, 957, 1909, 1910, 6, 'ИдТипаЦены', 'BASE', NULL),
(959, 957, 1911, 1912, 6, 'ЦенаЗаЕдиницу', '1559.00', NULL),
(960, 957, 1913, 1914, 6, 'Валюта', 'RUB', NULL),
(961, 957, 1915, 1916, 6, 'Единица', '796', NULL),
(962, 954, 1919, 1920, 4, 'Количество', '100', NULL),
(963, 8, 1922, 1939, 3, 'Предложение', NULL, NULL),
(964, 963, 1923, 1924, 4, 'Ид', '354', NULL),
(965, 963, 1925, 1936, 4, 'Цены', NULL, NULL),
(966, 965, 1926, 1935, 5, 'Цена', NULL, NULL),
(967, 966, 1927, 1928, 6, 'ИдТипаЦены', 'BASE', NULL),
(968, 966, 1929, 1930, 6, 'ЦенаЗаЕдиницу', '1559.00', NULL),
(969, 966, 1931, 1932, 6, 'Валюта', 'RUB', NULL),
(970, 966, 1933, 1934, 6, 'Единица', '796', NULL),
(971, 963, 1937, 1938, 4, 'Количество', '100', NULL),
(972, 8, 1940, 1957, 3, 'Предложение', NULL, NULL),
(973, 972, 1941, 1942, 4, 'Ид', '355', NULL),
(974, 972, 1943, 1954, 4, 'Цены', NULL, NULL),
(975, 974, 1944, 1953, 5, 'Цена', NULL, NULL),
(976, 975, 1945, 1946, 6, 'ИдТипаЦены', 'BASE', NULL),
(977, 975, 1947, 1948, 6, 'ЦенаЗаЕдиницу', '1559.00', NULL),
(978, 975, 1949, 1950, 6, 'Валюта', 'RUB', NULL),
(979, 975, 1951, 1952, 6, 'Единица', '796', NULL),
(980, 972, 1955, 1956, 4, 'Количество', '100', NULL),
(981, 8, 1958, 1975, 3, 'Предложение', NULL, NULL),
(982, 981, 1959, 1960, 4, 'Ид', '356', NULL),
(983, 981, 1961, 1972, 4, 'Цены', NULL, NULL),
(984, 983, 1962, 1971, 5, 'Цена', NULL, NULL),
(985, 984, 1963, 1964, 6, 'ИдТипаЦены', 'BASE', NULL),
(986, 984, 1965, 1966, 6, 'ЦенаЗаЕдиницу', '1559.00', NULL),
(987, 984, 1967, 1968, 6, 'Валюта', 'RUB', NULL),
(988, 984, 1969, 1970, 6, 'Единица', '796', NULL),
(989, 981, 1973, 1974, 4, 'Количество', '100', NULL),
(990, 8, 1976, 1993, 3, 'Предложение', NULL, NULL),
(991, 990, 1977, 1978, 4, 'Ид', '357', NULL),
(992, 990, 1979, 1990, 4, 'Цены', NULL, NULL),
(993, 992, 1980, 1989, 5, 'Цена', NULL, NULL),
(994, 993, 1981, 1982, 6, 'ИдТипаЦены', 'BASE', NULL),
(995, 993, 1983, 1984, 6, 'ЦенаЗаЕдиницу', '1559.00', NULL),
(996, 993, 1985, 1986, 6, 'Валюта', 'RUB', NULL),
(997, 993, 1987, 1988, 6, 'Единица', '796', NULL),
(998, 990, 1991, 1992, 4, 'Количество', '100', NULL),
(999, 8, 1994, 2011, 3, 'Предложение', NULL, NULL),
(1000, 999, 1995, 1996, 4, 'Ид', '361', NULL),
(1001, 999, 1997, 2008, 4, 'Цены', NULL, NULL),
(1002, 1001, 1998, 2007, 5, 'Цена', NULL, NULL),
(1003, 1002, 1999, 2000, 6, 'ИдТипаЦены', 'BASE', NULL),
(1004, 1002, 2001, 2002, 6, 'ЦенаЗаЕдиницу', '799.00', NULL),
(1005, 1002, 2003, 2004, 6, 'Валюта', 'RUB', NULL),
(1006, 1002, 2005, 2006, 6, 'Единица', '796', NULL),
(1007, 999, 2009, 2010, 4, 'Количество', '100', NULL),
(1008, 8, 2012, 2029, 3, 'Предложение', NULL, NULL),
(1009, 1008, 2013, 2014, 4, 'Ид', '363', NULL),
(1010, 1008, 2015, 2026, 4, 'Цены', NULL, NULL),
(1011, 1010, 2016, 2025, 5, 'Цена', NULL, NULL),
(1012, 1011, 2017, 2018, 6, 'ИдТипаЦены', 'BASE', NULL),
(1013, 1011, 2019, 2020, 6, 'ЦенаЗаЕдиницу', '799.00', NULL),
(1014, 1011, 2021, 2022, 6, 'Валюта', 'RUB', NULL),
(1015, 1011, 2023, 2024, 6, 'Единица', '796', NULL),
(1016, 1008, 2027, 2028, 4, 'Количество', '100', NULL),
(1017, 8, 2030, 2047, 3, 'Предложение', NULL, NULL),
(1018, 1017, 2031, 2032, 4, 'Ид', '364', NULL),
(1019, 1017, 2033, 2044, 4, 'Цены', NULL, NULL),
(1020, 1019, 2034, 2043, 5, 'Цена', NULL, NULL),
(1021, 1020, 2035, 2036, 6, 'ИдТипаЦены', 'BASE', NULL),
(1022, 1020, 2037, 2038, 6, 'ЦенаЗаЕдиницу', '799.00', NULL),
(1023, 1020, 2039, 2040, 6, 'Валюта', 'RUB', NULL),
(1024, 1020, 2041, 2042, 6, 'Единица', '796', NULL),
(1025, 1017, 2045, 2046, 4, 'Количество', '100', NULL),
(1026, 8, 2048, 2065, 3, 'Предложение', NULL, NULL),
(1027, 1026, 2049, 2050, 4, 'Ид', '365', NULL),
(1028, 1026, 2051, 2062, 4, 'Цены', NULL, NULL),
(1029, 1028, 2052, 2061, 5, 'Цена', NULL, NULL),
(1030, 1029, 2053, 2054, 6, 'ИдТипаЦены', 'BASE', NULL),
(1031, 1029, 2055, 2056, 6, 'ЦенаЗаЕдиницу', '799.00', NULL),
(1032, 1029, 2057, 2058, 6, 'Валюта', 'RUB', NULL),
(1033, 1029, 2059, 2060, 6, 'Единица', '796', NULL),
(1034, 1026, 2063, 2064, 4, 'Количество', '100', NULL),
(1035, 8, 2066, 2083, 3, 'Предложение', NULL, NULL),
(1036, 1035, 2067, 2068, 4, 'Ид', '366', NULL),
(1037, 1035, 2069, 2080, 4, 'Цены', NULL, NULL),
(1038, 1037, 2070, 2079, 5, 'Цена', NULL, NULL),
(1039, 1038, 2071, 2072, 6, 'ИдТипаЦены', 'BASE', NULL),
(1040, 1038, 2073, 2074, 6, 'ЦенаЗаЕдиницу', '799.00', NULL),
(1041, 1038, 2075, 2076, 6, 'Валюта', 'RUB', NULL),
(1042, 1038, 2077, 2078, 6, 'Единица', '796', NULL),
(1043, 1035, 2081, 2082, 4, 'Количество', '100', NULL),
(1044, 8, 2084, 2101, 3, 'Предложение', NULL, NULL),
(1045, 1044, 2085, 2086, 4, 'Ид', '370', NULL),
(1046, 1044, 2087, 2098, 4, 'Цены', NULL, NULL),
(1047, 1046, 2088, 2097, 5, 'Цена', NULL, NULL),
(1048, 1047, 2089, 2090, 6, 'ИдТипаЦены', 'BASE', NULL),
(1049, 1047, 2091, 2092, 6, 'ЦенаЗаЕдиницу', '749.00', NULL),
(1050, 1047, 2093, 2094, 6, 'Валюта', 'RUB', NULL),
(1051, 1047, 2095, 2096, 6, 'Единица', '796', NULL),
(1052, 1044, 2099, 2100, 4, 'Количество', '100', NULL),
(1053, 8, 2102, 2119, 3, 'Предложение', NULL, NULL),
(1054, 1053, 2103, 2104, 4, 'Ид', '372', NULL),
(1055, 1053, 2105, 2116, 4, 'Цены', NULL, NULL),
(1056, 1055, 2106, 2115, 5, 'Цена', NULL, NULL),
(1057, 1056, 2107, 2108, 6, 'ИдТипаЦены', 'BASE', NULL),
(1058, 1056, 2109, 2110, 6, 'ЦенаЗаЕдиницу', '749.00', NULL),
(1059, 1056, 2111, 2112, 6, 'Валюта', 'RUB', NULL),
(1060, 1056, 2113, 2114, 6, 'Единица', '796', NULL),
(1061, 1053, 2117, 2118, 4, 'Количество', '100', NULL),
(1062, 8, 2120, 2137, 3, 'Предложение', NULL, NULL),
(1063, 1062, 2121, 2122, 4, 'Ид', '373', NULL),
(1064, 1062, 2123, 2134, 4, 'Цены', NULL, NULL),
(1065, 1064, 2124, 2133, 5, 'Цена', NULL, NULL),
(1066, 1065, 2125, 2126, 6, 'ИдТипаЦены', 'BASE', NULL),
(1067, 1065, 2127, 2128, 6, 'ЦенаЗаЕдиницу', '749.00', NULL),
(1068, 1065, 2129, 2130, 6, 'Валюта', 'RUB', NULL),
(1069, 1065, 2131, 2132, 6, 'Единица', '796', NULL),
(1070, 1062, 2135, 2136, 4, 'Количество', '100', NULL),
(1071, 8, 2138, 2155, 3, 'Предложение', NULL, NULL),
(1072, 1071, 2139, 2140, 4, 'Ид', '374', NULL),
(1073, 1071, 2141, 2152, 4, 'Цены', NULL, NULL),
(1074, 1073, 2142, 2151, 5, 'Цена', NULL, NULL),
(1075, 1074, 2143, 2144, 6, 'ИдТипаЦены', 'BASE', NULL),
(1076, 1074, 2145, 2146, 6, 'ЦенаЗаЕдиницу', '749.00', NULL),
(1077, 1074, 2147, 2148, 6, 'Валюта', 'RUB', NULL),
(1078, 1074, 2149, 2150, 6, 'Единица', '796', NULL),
(1079, 1071, 2153, 2154, 4, 'Количество', '100', NULL),
(1080, 8, 2156, 2173, 3, 'Предложение', NULL, NULL),
(1081, 1080, 2157, 2158, 4, 'Ид', '375', NULL),
(1082, 1080, 2159, 2170, 4, 'Цены', NULL, NULL),
(1083, 1082, 2160, 2169, 5, 'Цена', NULL, NULL),
(1084, 1083, 2161, 2162, 6, 'ИдТипаЦены', 'BASE', NULL),
(1085, 1083, 2163, 2164, 6, 'ЦенаЗаЕдиницу', '749.00', NULL),
(1086, 1083, 2165, 2166, 6, 'Валюта', 'RUB', NULL),
(1087, 1083, 2167, 2168, 6, 'Единица', '796', NULL),
(1088, 1080, 2171, 2172, 4, 'Количество', '100', NULL),
(1089, 8, 2174, 2191, 3, 'Предложение', NULL, NULL),
(1090, 1089, 2175, 2176, 4, 'Ид', '379', NULL),
(1091, 1089, 2177, 2188, 4, 'Цены', NULL, NULL),
(1092, 1091, 2178, 2187, 5, 'Цена', NULL, NULL),
(1093, 1092, 2179, 2180, 6, 'ИдТипаЦены', 'BASE', NULL),
(1094, 1092, 2181, 2182, 6, 'ЦенаЗаЕдиницу', '759.00', NULL),
(1095, 1092, 2183, 2184, 6, 'Валюта', 'RUB', NULL),
(1096, 1092, 2185, 2186, 6, 'Единица', '796', NULL),
(1097, 1089, 2189, 2190, 4, 'Количество', '100', NULL),
(1098, 8, 2192, 2209, 3, 'Предложение', NULL, NULL),
(1099, 1098, 2193, 2194, 4, 'Ид', '381', NULL),
(1100, 1098, 2195, 2206, 4, 'Цены', NULL, NULL),
(1101, 1100, 2196, 2205, 5, 'Цена', NULL, NULL),
(1102, 1101, 2197, 2198, 6, 'ИдТипаЦены', 'BASE', NULL),
(1103, 1101, 2199, 2200, 6, 'ЦенаЗаЕдиницу', '759.00', NULL),
(1104, 1101, 2201, 2202, 6, 'Валюта', 'RUB', NULL),
(1105, 1101, 2203, 2204, 6, 'Единица', '796', NULL),
(1106, 1098, 2207, 2208, 4, 'Количество', '100', NULL),
(1107, 8, 2210, 2227, 3, 'Предложение', NULL, NULL),
(1108, 1107, 2211, 2212, 4, 'Ид', '382', NULL),
(1109, 1107, 2213, 2224, 4, 'Цены', NULL, NULL),
(1110, 1109, 2214, 2223, 5, 'Цена', NULL, NULL),
(1111, 1110, 2215, 2216, 6, 'ИдТипаЦены', 'BASE', NULL),
(1112, 1110, 2217, 2218, 6, 'ЦенаЗаЕдиницу', '759.00', NULL),
(1113, 1110, 2219, 2220, 6, 'Валюта', 'RUB', NULL),
(1114, 1110, 2221, 2222, 6, 'Единица', '796', NULL),
(1115, 1107, 2225, 2226, 4, 'Количество', '100', NULL),
(1116, 8, 2228, 2245, 3, 'Предложение', NULL, NULL),
(1117, 1116, 2229, 2230, 4, 'Ид', '383', NULL),
(1118, 1116, 2231, 2242, 4, 'Цены', NULL, NULL),
(1119, 1118, 2232, 2241, 5, 'Цена', NULL, NULL),
(1120, 1119, 2233, 2234, 6, 'ИдТипаЦены', 'BASE', NULL),
(1121, 1119, 2235, 2236, 6, 'ЦенаЗаЕдиницу', '759.00', NULL),
(1122, 1119, 2237, 2238, 6, 'Валюта', 'RUB', NULL),
(1123, 1119, 2239, 2240, 6, 'Единица', '796', NULL),
(1124, 1116, 2243, 2244, 4, 'Количество', '100', NULL),
(1125, 8, 2246, 2263, 3, 'Предложение', NULL, NULL),
(1126, 1125, 2247, 2248, 4, 'Ид', '384', NULL),
(1127, 1125, 2249, 2260, 4, 'Цены', NULL, NULL),
(1128, 1127, 2250, 2259, 5, 'Цена', NULL, NULL),
(1129, 1128, 2251, 2252, 6, 'ИдТипаЦены', 'BASE', NULL),
(1130, 1128, 2253, 2254, 6, 'ЦенаЗаЕдиницу', '759.00', NULL),
(1131, 1128, 2255, 2256, 6, 'Валюта', 'RUB', NULL),
(1132, 1128, 2257, 2258, 6, 'Единица', '796', NULL),
(1133, 1125, 2261, 2262, 4, 'Количество', '100', NULL),
(1134, 8, 2264, 2281, 3, 'Предложение', NULL, NULL),
(1135, 1134, 2265, 2266, 4, 'Ид', '388', NULL),
(1136, 1134, 2267, 2278, 4, 'Цены', NULL, NULL),
(1137, 1136, 2268, 2277, 5, 'Цена', NULL, NULL),
(1138, 1137, 2269, 2270, 6, 'ИдТипаЦены', 'BASE', NULL),
(1139, 1137, 2271, 2272, 6, 'ЦенаЗаЕдиницу', '779.00', NULL),
(1140, 1137, 2273, 2274, 6, 'Валюта', 'RUB', NULL),
(1141, 1137, 2275, 2276, 6, 'Единица', '796', NULL),
(1142, 1134, 2279, 2280, 4, 'Количество', '100', NULL),
(1143, 8, 2282, 2299, 3, 'Предложение', NULL, NULL),
(1144, 1143, 2283, 2284, 4, 'Ид', '390', NULL),
(1145, 1143, 2285, 2296, 4, 'Цены', NULL, NULL),
(1146, 1145, 2286, 2295, 5, 'Цена', NULL, NULL),
(1147, 1146, 2287, 2288, 6, 'ИдТипаЦены', 'BASE', NULL),
(1148, 1146, 2289, 2290, 6, 'ЦенаЗаЕдиницу', '779.00', NULL),
(1149, 1146, 2291, 2292, 6, 'Валюта', 'RUB', NULL),
(1150, 1146, 2293, 2294, 6, 'Единица', '796', NULL),
(1151, 1143, 2297, 2298, 4, 'Количество', '100', NULL),
(1152, 8, 2300, 2317, 3, 'Предложение', NULL, NULL),
(1153, 1152, 2301, 2302, 4, 'Ид', '391', NULL),
(1154, 1152, 2303, 2314, 4, 'Цены', NULL, NULL),
(1155, 1154, 2304, 2313, 5, 'Цена', NULL, NULL),
(1156, 1155, 2305, 2306, 6, 'ИдТипаЦены', 'BASE', NULL),
(1157, 1155, 2307, 2308, 6, 'ЦенаЗаЕдиницу', '779.00', NULL),
(1158, 1155, 2309, 2310, 6, 'Валюта', 'RUB', NULL),
(1159, 1155, 2311, 2312, 6, 'Единица', '796', NULL),
(1160, 1152, 2315, 2316, 4, 'Количество', '100', NULL),
(1161, 8, 2318, 2335, 3, 'Предложение', NULL, NULL),
(1162, 1161, 2319, 2320, 4, 'Ид', '392', NULL),
(1163, 1161, 2321, 2332, 4, 'Цены', NULL, NULL),
(1164, 1163, 2322, 2331, 5, 'Цена', NULL, NULL),
(1165, 1164, 2323, 2324, 6, 'ИдТипаЦены', 'BASE', NULL),
(1166, 1164, 2325, 2326, 6, 'ЦенаЗаЕдиницу', '779.00', NULL),
(1167, 1164, 2327, 2328, 6, 'Валюта', 'RUB', NULL),
(1168, 1164, 2329, 2330, 6, 'Единица', '796', NULL),
(1169, 1161, 2333, 2334, 4, 'Количество', '100', NULL),
(1170, 8, 2336, 2353, 3, 'Предложение', NULL, NULL),
(1171, 1170, 2337, 2338, 4, 'Ид', '393', NULL),
(1172, 1170, 2339, 2350, 4, 'Цены', NULL, NULL),
(1173, 1172, 2340, 2349, 5, 'Цена', NULL, NULL),
(1174, 1173, 2341, 2342, 6, 'ИдТипаЦены', 'BASE', NULL),
(1175, 1173, 2343, 2344, 6, 'ЦенаЗаЕдиницу', '779.00', NULL),
(1176, 1173, 2345, 2346, 6, 'Валюта', 'RUB', NULL),
(1177, 1173, 2347, 2348, 6, 'Единица', '796', NULL),
(1178, 1170, 2351, 2352, 4, 'Количество', '100', NULL),
(1179, 8, 2354, 2371, 3, 'Предложение', NULL, NULL),
(1180, 1179, 2355, 2356, 4, 'Ид', '397', NULL),
(1181, 1179, 2357, 2368, 4, 'Цены', NULL, NULL),
(1182, 1181, 2358, 2367, 5, 'Цена', NULL, NULL),
(1183, 1182, 2359, 2360, 6, 'ИдТипаЦены', 'BASE', NULL),
(1184, 1182, 2361, 2362, 6, 'ЦенаЗаЕдиницу', '849.00', NULL),
(1185, 1182, 2363, 2364, 6, 'Валюта', 'RUB', NULL),
(1186, 1182, 2365, 2366, 6, 'Единица', '796', NULL),
(1187, 1179, 2369, 2370, 4, 'Количество', '100', NULL),
(1188, 8, 2372, 2389, 3, 'Предложение', NULL, NULL),
(1189, 1188, 2373, 2374, 4, 'Ид', '399', NULL),
(1190, 1188, 2375, 2386, 4, 'Цены', NULL, NULL),
(1191, 1190, 2376, 2385, 5, 'Цена', NULL, NULL),
(1192, 1191, 2377, 2378, 6, 'ИдТипаЦены', 'BASE', NULL),
(1193, 1191, 2379, 2380, 6, 'ЦенаЗаЕдиницу', '849.00', NULL),
(1194, 1191, 2381, 2382, 6, 'Валюта', 'RUB', NULL),
(1195, 1191, 2383, 2384, 6, 'Единица', '796', NULL),
(1196, 1188, 2387, 2388, 4, 'Количество', '100', NULL),
(1197, 8, 2390, 2407, 3, 'Предложение', NULL, NULL),
(1198, 1197, 2391, 2392, 4, 'Ид', '400', NULL),
(1199, 1197, 2393, 2404, 4, 'Цены', NULL, NULL),
(1200, 1199, 2394, 2403, 5, 'Цена', NULL, NULL),
(1201, 1200, 2395, 2396, 6, 'ИдТипаЦены', 'BASE', NULL),
(1202, 1200, 2397, 2398, 6, 'ЦенаЗаЕдиницу', '849.00', NULL),
(1203, 1200, 2399, 2400, 6, 'Валюта', 'RUB', NULL),
(1204, 1200, 2401, 2402, 6, 'Единица', '796', NULL),
(1205, 1197, 2405, 2406, 4, 'Количество', '100', NULL),
(1206, 8, 2408, 2425, 3, 'Предложение', NULL, NULL),
(1207, 1206, 2409, 2410, 4, 'Ид', '401', NULL),
(1208, 1206, 2411, 2422, 4, 'Цены', NULL, NULL),
(1209, 1208, 2412, 2421, 5, 'Цена', NULL, NULL),
(1210, 1209, 2413, 2414, 6, 'ИдТипаЦены', 'BASE', NULL),
(1211, 1209, 2415, 2416, 6, 'ЦенаЗаЕдиницу', '849.00', NULL),
(1212, 1209, 2417, 2418, 6, 'Валюта', 'RUB', NULL),
(1213, 1209, 2419, 2420, 6, 'Единица', '796', NULL),
(1214, 1206, 2423, 2424, 4, 'Количество', '100', NULL),
(1215, 8, 2426, 2443, 3, 'Предложение', NULL, NULL),
(1216, 1215, 2427, 2428, 4, 'Ид', '402', NULL),
(1217, 1215, 2429, 2440, 4, 'Цены', NULL, NULL),
(1218, 1217, 2430, 2439, 5, 'Цена', NULL, NULL),
(1219, 1218, 2431, 2432, 6, 'ИдТипаЦены', 'BASE', NULL),
(1220, 1218, 2433, 2434, 6, 'ЦенаЗаЕдиницу', '849.00', NULL),
(1221, 1218, 2435, 2436, 6, 'Валюта', 'RUB', NULL),
(1222, 1218, 2437, 2438, 6, 'Единица', '796', NULL),
(1223, 1215, 2441, 2442, 4, 'Количество', '100', NULL),
(1224, 8, 2444, 2461, 3, 'Предложение', NULL, NULL),
(1225, 1224, 2445, 2446, 4, 'Ид', '406', NULL),
(1226, 1224, 2447, 2458, 4, 'Цены', NULL, NULL),
(1227, 1226, 2448, 2457, 5, 'Цена', NULL, NULL),
(1228, 1227, 2449, 2450, 6, 'ИдТипаЦены', 'BASE', NULL),
(1229, 1227, 2451, 2452, 6, 'ЦенаЗаЕдиницу', '2330.00', NULL),
(1230, 1227, 2453, 2454, 6, 'Валюта', 'RUB', NULL),
(1231, 1227, 2455, 2456, 6, 'Единица', '796', NULL),
(1232, 1224, 2459, 2460, 4, 'Количество', '100', NULL),
(1233, 8, 2462, 2479, 3, 'Предложение', NULL, NULL),
(1234, 1233, 2463, 2464, 4, 'Ид', '408', NULL),
(1235, 1233, 2465, 2476, 4, 'Цены', NULL, NULL),
(1236, 1235, 2466, 2475, 5, 'Цена', NULL, NULL),
(1237, 1236, 2467, 2468, 6, 'ИдТипаЦены', 'BASE', NULL),
(1238, 1236, 2469, 2470, 6, 'ЦенаЗаЕдиницу', '2330.00', NULL),
(1239, 1236, 2471, 2472, 6, 'Валюта', 'RUB', NULL),
(1240, 1236, 2473, 2474, 6, 'Единица', '796', NULL),
(1241, 1233, 2477, 2478, 4, 'Количество', '100', NULL),
(1242, 8, 2480, 2497, 3, 'Предложение', NULL, NULL),
(1243, 1242, 2481, 2482, 4, 'Ид', '409', NULL),
(1244, 1242, 2483, 2494, 4, 'Цены', NULL, NULL),
(1245, 1244, 2484, 2493, 5, 'Цена', NULL, NULL),
(1246, 1245, 2485, 2486, 6, 'ИдТипаЦены', 'BASE', NULL),
(1247, 1245, 2487, 2488, 6, 'ЦенаЗаЕдиницу', '2330.00', NULL),
(1248, 1245, 2489, 2490, 6, 'Валюта', 'RUB', NULL),
(1249, 1245, 2491, 2492, 6, 'Единица', '796', NULL),
(1250, 1242, 2495, 2496, 4, 'Количество', '100', NULL),
(1251, 8, 2498, 2515, 3, 'Предложение', NULL, NULL),
(1252, 1251, 2499, 2500, 4, 'Ид', '410', NULL),
(1253, 1251, 2501, 2512, 4, 'Цены', NULL, NULL),
(1254, 1253, 2502, 2511, 5, 'Цена', NULL, NULL),
(1255, 1254, 2503, 2504, 6, 'ИдТипаЦены', 'BASE', NULL),
(1256, 1254, 2505, 2506, 6, 'ЦенаЗаЕдиницу', '2330.00', NULL),
(1257, 1254, 2507, 2508, 6, 'Валюта', 'RUB', NULL),
(1258, 1254, 2509, 2510, 6, 'Единица', '796', NULL),
(1259, 1251, 2513, 2514, 4, 'Количество', '100', NULL),
(1260, 8, 2516, 2533, 3, 'Предложение', NULL, NULL),
(1261, 1260, 2517, 2518, 4, 'Ид', '411', NULL),
(1262, 1260, 2519, 2530, 4, 'Цены', NULL, NULL),
(1263, 1262, 2520, 2529, 5, 'Цена', NULL, NULL),
(1264, 1263, 2521, 2522, 6, 'ИдТипаЦены', 'BASE', NULL),
(1265, 1263, 2523, 2524, 6, 'ЦенаЗаЕдиницу', '2330.00', NULL),
(1266, 1263, 2525, 2526, 6, 'Валюта', 'RUB', NULL),
(1267, 1263, 2527, 2528, 6, 'Единица', '796', NULL),
(1268, 1260, 2531, 2532, 4, 'Количество', '100', NULL),
(1269, 8, 2534, 2551, 3, 'Предложение', NULL, NULL),
(1270, 1269, 2535, 2536, 4, 'Ид', '415', NULL),
(1271, 1269, 2537, 2548, 4, 'Цены', NULL, NULL),
(1272, 1271, 2538, 2547, 5, 'Цена', NULL, NULL),
(1273, 1272, 2539, 2540, 6, 'ИдТипаЦены', 'BASE', NULL),
(1274, 1272, 2541, 2542, 6, 'ЦенаЗаЕдиницу', '2499.00', NULL),
(1275, 1272, 2543, 2544, 6, 'Валюта', 'RUB', NULL),
(1276, 1272, 2545, 2546, 6, 'Единица', '796', NULL),
(1277, 1269, 2549, 2550, 4, 'Количество', '100', NULL),
(1278, 8, 2552, 2569, 3, 'Предложение', NULL, NULL),
(1279, 1278, 2553, 2554, 4, 'Ид', '417', NULL),
(1280, 1278, 2555, 2566, 4, 'Цены', NULL, NULL),
(1281, 1280, 2556, 2565, 5, 'Цена', NULL, NULL),
(1282, 1281, 2557, 2558, 6, 'ИдТипаЦены', 'BASE', NULL),
(1283, 1281, 2559, 2560, 6, 'ЦенаЗаЕдиницу', '2499.00', NULL),
(1284, 1281, 2561, 2562, 6, 'Валюта', 'RUB', NULL),
(1285, 1281, 2563, 2564, 6, 'Единица', '796', NULL),
(1286, 1278, 2567, 2568, 4, 'Количество', '100', NULL),
(1287, 8, 2570, 2587, 3, 'Предложение', NULL, NULL),
(1288, 1287, 2571, 2572, 4, 'Ид', '418', NULL),
(1289, 1287, 2573, 2584, 4, 'Цены', NULL, NULL),
(1290, 1289, 2574, 2583, 5, 'Цена', NULL, NULL),
(1291, 1290, 2575, 2576, 6, 'ИдТипаЦены', 'BASE', NULL),
(1292, 1290, 2577, 2578, 6, 'ЦенаЗаЕдиницу', '2499.00', NULL),
(1293, 1290, 2579, 2580, 6, 'Валюта', 'RUB', NULL),
(1294, 1290, 2581, 2582, 6, 'Единица', '796', NULL),
(1295, 1287, 2585, 2586, 4, 'Количество', '100', NULL),
(1296, 8, 2588, 2605, 3, 'Предложение', NULL, NULL),
(1297, 1296, 2589, 2590, 4, 'Ид', '419', NULL),
(1298, 1296, 2591, 2602, 4, 'Цены', NULL, NULL),
(1299, 1298, 2592, 2601, 5, 'Цена', NULL, NULL),
(1300, 1299, 2593, 2594, 6, 'ИдТипаЦены', 'BASE', NULL),
(1301, 1299, 2595, 2596, 6, 'ЦенаЗаЕдиницу', '2499.00', NULL),
(1302, 1299, 2597, 2598, 6, 'Валюта', 'RUB', NULL),
(1303, 1299, 2599, 2600, 6, 'Единица', '796', NULL),
(1304, 1296, 2603, 2604, 4, 'Количество', '100', NULL),
(1305, 8, 2606, 2623, 3, 'Предложение', NULL, NULL),
(1306, 1305, 2607, 2608, 4, 'Ид', '420', NULL),
(1307, 1305, 2609, 2620, 4, 'Цены', NULL, NULL),
(1308, 1307, 2610, 2619, 5, 'Цена', NULL, NULL),
(1309, 1308, 2611, 2612, 6, 'ИдТипаЦены', 'BASE', NULL),
(1310, 1308, 2613, 2614, 6, 'ЦенаЗаЕдиницу', '2499.00', NULL),
(1311, 1308, 2615, 2616, 6, 'Валюта', 'RUB', NULL),
(1312, 1308, 2617, 2618, 6, 'Единица', '796', NULL),
(1313, 1305, 2621, 2622, 4, 'Количество', '100', NULL),
(1314, 8, 2624, 2641, 3, 'Предложение', NULL, NULL),
(1315, 1314, 2625, 2626, 4, 'Ид', '431', NULL),
(1316, 1314, 2627, 2638, 4, 'Цены', NULL, NULL),
(1317, 1316, 2628, 2637, 5, 'Цена', NULL, NULL),
(1318, 1317, 2629, 2630, 6, 'ИдТипаЦены', 'BASE', NULL),
(1319, 1317, 2631, 2632, 6, 'ЦенаЗаЕдиницу', '2530.00', NULL),
(1320, 1317, 2633, 2634, 6, 'Валюта', 'RUB', NULL),
(1321, 1317, 2635, 2636, 6, 'Единица', '796', NULL),
(1322, 1314, 2639, 2640, 4, 'Количество', '100', NULL),
(1323, 8, 2642, 2659, 3, 'Предложение', NULL, NULL),
(1324, 1323, 2643, 2644, 4, 'Ид', '433', NULL),
(1325, 1323, 2645, 2656, 4, 'Цены', NULL, NULL),
(1326, 1325, 2646, 2655, 5, 'Цена', NULL, NULL),
(1327, 1326, 2647, 2648, 6, 'ИдТипаЦены', 'BASE', NULL),
(1328, 1326, 2649, 2650, 6, 'ЦенаЗаЕдиницу', '2530.00', NULL),
(1329, 1326, 2651, 2652, 6, 'Валюта', 'RUB', NULL),
(1330, 1326, 2653, 2654, 6, 'Единица', '796', NULL),
(1331, 1323, 2657, 2658, 4, 'Количество', '100', NULL),
(1332, 8, 2660, 2677, 3, 'Предложение', NULL, NULL),
(1333, 1332, 2661, 2662, 4, 'Ид', '434', NULL),
(1334, 1332, 2663, 2674, 4, 'Цены', NULL, NULL),
(1335, 1334, 2664, 2673, 5, 'Цена', NULL, NULL),
(1336, 1335, 2665, 2666, 6, 'ИдТипаЦены', 'BASE', NULL),
(1337, 1335, 2667, 2668, 6, 'ЦенаЗаЕдиницу', '2530.00', NULL),
(1338, 1335, 2669, 2670, 6, 'Валюта', 'RUB', NULL),
(1339, 1335, 2671, 2672, 6, 'Единица', '796', NULL),
(1340, 1332, 2675, 2676, 4, 'Количество', '100', NULL),
(1341, 8, 2678, 2695, 3, 'Предложение', NULL, NULL),
(1342, 1341, 2679, 2680, 4, 'Ид', '435', NULL),
(1343, 1341, 2681, 2692, 4, 'Цены', NULL, NULL),
(1344, 1343, 2682, 2691, 5, 'Цена', NULL, NULL),
(1345, 1344, 2683, 2684, 6, 'ИдТипаЦены', 'BASE', NULL),
(1346, 1344, 2685, 2686, 6, 'ЦенаЗаЕдиницу', '2530.00', NULL),
(1347, 1344, 2687, 2688, 6, 'Валюта', 'RUB', NULL),
(1348, 1344, 2689, 2690, 6, 'Единица', '796', NULL),
(1349, 1341, 2693, 2694, 4, 'Количество', '100', NULL),
(1350, 8, 2696, 2713, 3, 'Предложение', NULL, NULL),
(1351, 1350, 2697, 2698, 4, 'Ид', '436', NULL),
(1352, 1350, 2699, 2710, 4, 'Цены', NULL, NULL),
(1353, 1352, 2700, 2709, 5, 'Цена', NULL, NULL),
(1354, 1353, 2701, 2702, 6, 'ИдТипаЦены', 'BASE', NULL),
(1355, 1353, 2703, 2704, 6, 'ЦенаЗаЕдиницу', '2530.00', NULL),
(1356, 1353, 2705, 2706, 6, 'Валюта', 'RUB', NULL),
(1357, 1353, 2707, 2708, 6, 'Единица', '796', NULL),
(1358, 1350, 2711, 2712, 4, 'Количество', '100', NULL),
(1359, 8, 2714, 2731, 3, 'Предложение', NULL, NULL),
(1360, 1359, 2715, 2716, 4, 'Ид', '440', NULL),
(1361, 1359, 2717, 2728, 4, 'Цены', NULL, NULL),
(1362, 1361, 2718, 2727, 5, 'Цена', NULL, NULL),
(1363, 1362, 2719, 2720, 6, 'ИдТипаЦены', 'BASE', NULL),
(1364, 1362, 2721, 2722, 6, 'ЦенаЗаЕдиницу', '2570.00', NULL),
(1365, 1362, 2723, 2724, 6, 'Валюта', 'RUB', NULL),
(1366, 1362, 2725, 2726, 6, 'Единица', '796', NULL),
(1367, 1359, 2729, 2730, 4, 'Количество', '100', NULL),
(1368, 8, 2732, 2749, 3, 'Предложение', NULL, NULL),
(1369, 1368, 2733, 2734, 4, 'Ид', '442', NULL),
(1370, 1368, 2735, 2746, 4, 'Цены', NULL, NULL),
(1371, 1370, 2736, 2745, 5, 'Цена', NULL, NULL),
(1372, 1371, 2737, 2738, 6, 'ИдТипаЦены', 'BASE', NULL),
(1373, 1371, 2739, 2740, 6, 'ЦенаЗаЕдиницу', '2570.00', NULL),
(1374, 1371, 2741, 2742, 6, 'Валюта', 'RUB', NULL),
(1375, 1371, 2743, 2744, 6, 'Единица', '796', NULL),
(1376, 1368, 2747, 2748, 4, 'Количество', '100', NULL),
(1377, 8, 2750, 2767, 3, 'Предложение', NULL, NULL),
(1378, 1377, 2751, 2752, 4, 'Ид', '443', NULL),
(1379, 1377, 2753, 2764, 4, 'Цены', NULL, NULL),
(1380, 1379, 2754, 2763, 5, 'Цена', NULL, NULL),
(1381, 1380, 2755, 2756, 6, 'ИдТипаЦены', 'BASE', NULL),
(1382, 1380, 2757, 2758, 6, 'ЦенаЗаЕдиницу', '2570.00', NULL),
(1383, 1380, 2759, 2760, 6, 'Валюта', 'RUB', NULL),
(1384, 1380, 2761, 2762, 6, 'Единица', '796', NULL),
(1385, 1377, 2765, 2766, 4, 'Количество', '100', NULL),
(1386, 8, 2768, 2785, 3, 'Предложение', NULL, NULL),
(1387, 1386, 2769, 2770, 4, 'Ид', '444', NULL),
(1388, 1386, 2771, 2782, 4, 'Цены', NULL, NULL),
(1389, 1388, 2772, 2781, 5, 'Цена', NULL, NULL),
(1390, 1389, 2773, 2774, 6, 'ИдТипаЦены', 'BASE', NULL),
(1391, 1389, 2775, 2776, 6, 'ЦенаЗаЕдиницу', '2570.00', NULL),
(1392, 1389, 2777, 2778, 6, 'Валюта', 'RUB', NULL),
(1393, 1389, 2779, 2780, 6, 'Единица', '796', NULL),
(1394, 1386, 2783, 2784, 4, 'Количество', '100', NULL),
(1395, 8, 2786, 2803, 3, 'Предложение', NULL, NULL),
(1396, 1395, 2787, 2788, 4, 'Ид', '445', NULL),
(1397, 1395, 2789, 2800, 4, 'Цены', NULL, NULL),
(1398, 1397, 2790, 2799, 5, 'Цена', NULL, NULL),
(1399, 1398, 2791, 2792, 6, 'ИдТипаЦены', 'BASE', NULL),
(1400, 1398, 2793, 2794, 6, 'ЦенаЗаЕдиницу', '2570.00', NULL),
(1401, 1398, 2795, 2796, 6, 'Валюта', 'RUB', NULL),
(1402, 1398, 2797, 2798, 6, 'Единица', '796', NULL),
(1403, 1395, 2801, 2802, 4, 'Количество', '100', NULL),
(1404, 8, 2804, 2821, 3, 'Предложение', NULL, NULL),
(1405, 1404, 2805, 2806, 4, 'Ид', '449', NULL),
(1406, 1404, 2807, 2818, 4, 'Цены', NULL, NULL),
(1407, 1406, 2808, 2817, 5, 'Цена', NULL, NULL),
(1408, 1407, 2809, 2810, 6, 'ИдТипаЦены', 'BASE', NULL),
(1409, 1407, 2811, 2812, 6, 'ЦенаЗаЕдиницу', '2630.00', NULL),
(1410, 1407, 2813, 2814, 6, 'Валюта', 'RUB', NULL),
(1411, 1407, 2815, 2816, 6, 'Единица', '796', NULL),
(1412, 1404, 2819, 2820, 4, 'Количество', '100', NULL),
(1413, 8, 2822, 2839, 3, 'Предложение', NULL, NULL),
(1414, 1413, 2823, 2824, 4, 'Ид', '451', NULL),
(1415, 1413, 2825, 2836, 4, 'Цены', NULL, NULL),
(1416, 1415, 2826, 2835, 5, 'Цена', NULL, NULL),
(1417, 1416, 2827, 2828, 6, 'ИдТипаЦены', 'BASE', NULL),
(1418, 1416, 2829, 2830, 6, 'ЦенаЗаЕдиницу', '2630.00', NULL),
(1419, 1416, 2831, 2832, 6, 'Валюта', 'RUB', NULL),
(1420, 1416, 2833, 2834, 6, 'Единица', '796', NULL),
(1421, 1413, 2837, 2838, 4, 'Количество', '100', NULL),
(1422, 8, 2840, 2857, 3, 'Предложение', NULL, NULL),
(1423, 1422, 2841, 2842, 4, 'Ид', '452', NULL),
(1424, 1422, 2843, 2854, 4, 'Цены', NULL, NULL),
(1425, 1424, 2844, 2853, 5, 'Цена', NULL, NULL),
(1426, 1425, 2845, 2846, 6, 'ИдТипаЦены', 'BASE', NULL),
(1427, 1425, 2847, 2848, 6, 'ЦенаЗаЕдиницу', '2630.00', NULL),
(1428, 1425, 2849, 2850, 6, 'Валюта', 'RUB', NULL),
(1429, 1425, 2851, 2852, 6, 'Единица', '796', NULL),
(1430, 1422, 2855, 2856, 4, 'Количество', '100', NULL),
(1431, 8, 2858, 2875, 3, 'Предложение', NULL, NULL),
(1432, 1431, 2859, 2860, 4, 'Ид', '453', NULL),
(1433, 1431, 2861, 2872, 4, 'Цены', NULL, NULL),
(1434, 1433, 2862, 2871, 5, 'Цена', NULL, NULL),
(1435, 1434, 2863, 2864, 6, 'ИдТипаЦены', 'BASE', NULL),
(1436, 1434, 2865, 2866, 6, 'ЦенаЗаЕдиницу', '2630.00', NULL),
(1437, 1434, 2867, 2868, 6, 'Валюта', 'RUB', NULL),
(1438, 1434, 2869, 2870, 6, 'Единица', '796', NULL),
(1439, 1431, 2873, 2874, 4, 'Количество', '100', NULL),
(1440, 8, 2876, 2893, 3, 'Предложение', NULL, NULL),
(1441, 1440, 2877, 2878, 4, 'Ид', '454', NULL),
(1442, 1440, 2879, 2890, 4, 'Цены', NULL, NULL),
(1443, 1442, 2880, 2889, 5, 'Цена', NULL, NULL),
(1444, 1443, 2881, 2882, 6, 'ИдТипаЦены', 'BASE', NULL),
(1445, 1443, 2883, 2884, 6, 'ЦенаЗаЕдиницу', '2630.00', NULL),
(1446, 1443, 2885, 2886, 6, 'Валюта', 'RUB', NULL),
(1447, 1443, 2887, 2888, 6, 'Единица', '796', NULL),
(1448, 1440, 2891, 2892, 4, 'Количество', '100', NULL),
(1449, 8, 2894, 2911, 3, 'Предложение', NULL, NULL),
(1450, 1449, 2895, 2896, 4, 'Ид', '458', NULL),
(1451, 1449, 2897, 2908, 4, 'Цены', NULL, NULL),
(1452, 1451, 2898, 2907, 5, 'Цена', NULL, NULL),
(1453, 1452, 2899, 2900, 6, 'ИдТипаЦены', 'BASE', NULL),
(1454, 1452, 2901, 2902, 6, 'ЦенаЗаЕдиницу', '2699.00', NULL),
(1455, 1452, 2903, 2904, 6, 'Валюта', 'RUB', NULL),
(1456, 1452, 2905, 2906, 6, 'Единица', '796', NULL),
(1457, 1449, 2909, 2910, 4, 'Количество', '100', NULL),
(1458, 8, 2912, 2929, 3, 'Предложение', NULL, NULL),
(1459, 1458, 2913, 2914, 4, 'Ид', '460', NULL),
(1460, 1458, 2915, 2926, 4, 'Цены', NULL, NULL),
(1461, 1460, 2916, 2925, 5, 'Цена', NULL, NULL),
(1462, 1461, 2917, 2918, 6, 'ИдТипаЦены', 'BASE', NULL),
(1463, 1461, 2919, 2920, 6, 'ЦенаЗаЕдиницу', '2699.00', NULL),
(1464, 1461, 2921, 2922, 6, 'Валюта', 'RUB', NULL),
(1465, 1461, 2923, 2924, 6, 'Единица', '796', NULL),
(1466, 1458, 2927, 2928, 4, 'Количество', '100', NULL),
(1467, 8, 2930, 2947, 3, 'Предложение', NULL, NULL),
(1468, 1467, 2931, 2932, 4, 'Ид', '461', NULL),
(1469, 1467, 2933, 2944, 4, 'Цены', NULL, NULL),
(1470, 1469, 2934, 2943, 5, 'Цена', NULL, NULL),
(1471, 1470, 2935, 2936, 6, 'ИдТипаЦены', 'BASE', NULL),
(1472, 1470, 2937, 2938, 6, 'ЦенаЗаЕдиницу', '2699.00', NULL),
(1473, 1470, 2939, 2940, 6, 'Валюта', 'RUB', NULL),
(1474, 1470, 2941, 2942, 6, 'Единица', '796', NULL),
(1475, 1467, 2945, 2946, 4, 'Количество', '100', NULL),
(1476, 8, 2948, 2965, 3, 'Предложение', NULL, NULL),
(1477, 1476, 2949, 2950, 4, 'Ид', '462', NULL),
(1478, 1476, 2951, 2962, 4, 'Цены', NULL, NULL),
(1479, 1478, 2952, 2961, 5, 'Цена', NULL, NULL),
(1480, 1479, 2953, 2954, 6, 'ИдТипаЦены', 'BASE', NULL),
(1481, 1479, 2955, 2956, 6, 'ЦенаЗаЕдиницу', '2699.00', NULL),
(1482, 1479, 2957, 2958, 6, 'Валюта', 'RUB', NULL),
(1483, 1479, 2959, 2960, 6, 'Единица', '796', NULL),
(1484, 1476, 2963, 2964, 4, 'Количество', '100', NULL),
(1485, 8, 2966, 2983, 3, 'Предложение', NULL, NULL),
(1486, 1485, 2967, 2968, 4, 'Ид', '463', NULL),
(1487, 1485, 2969, 2980, 4, 'Цены', NULL, NULL),
(1488, 1487, 2970, 2979, 5, 'Цена', NULL, NULL),
(1489, 1488, 2971, 2972, 6, 'ИдТипаЦены', 'BASE', NULL),
(1490, 1488, 2973, 2974, 6, 'ЦенаЗаЕдиницу', '2699.00', NULL),
(1491, 1488, 2975, 2976, 6, 'Валюта', 'RUB', NULL),
(1492, 1488, 2977, 2978, 6, 'Единица', '796', NULL),
(1493, 1485, 2981, 2982, 4, 'Количество', '100', NULL),
(1494, 8, 2984, 3001, 3, 'Предложение', NULL, NULL),
(1495, 1494, 2985, 2986, 4, 'Ид', '467', NULL),
(1496, 1494, 2987, 2998, 4, 'Цены', NULL, NULL),
(1497, 1496, 2988, 2997, 5, 'Цена', NULL, NULL),
(1498, 1497, 2989, 2990, 6, 'ИдТипаЦены', 'BASE', NULL),
(1499, 1497, 2991, 2992, 6, 'ЦенаЗаЕдиницу', '1199.00', NULL),
(1500, 1497, 2993, 2994, 6, 'Валюта', 'RUB', NULL),
(1501, 1497, 2995, 2996, 6, 'Единица', '796', NULL),
(1502, 1494, 2999, 3000, 4, 'Количество', '100', NULL),
(1503, 8, 3002, 3019, 3, 'Предложение', NULL, NULL),
(1504, 1503, 3003, 3004, 4, 'Ид', '469', NULL),
(1505, 1503, 3005, 3016, 4, 'Цены', NULL, NULL),
(1506, 1505, 3006, 3015, 5, 'Цена', NULL, NULL),
(1507, 1506, 3007, 3008, 6, 'ИдТипаЦены', 'BASE', NULL),
(1508, 1506, 3009, 3010, 6, 'ЦенаЗаЕдиницу', '1199.00', NULL),
(1509, 1506, 3011, 3012, 6, 'Валюта', 'RUB', NULL),
(1510, 1506, 3013, 3014, 6, 'Единица', '796', NULL),
(1511, 1503, 3017, 3018, 4, 'Количество', '100', NULL),
(1512, 8, 3020, 3037, 3, 'Предложение', NULL, NULL),
(1513, 1512, 3021, 3022, 4, 'Ид', '470', NULL),
(1514, 1512, 3023, 3034, 4, 'Цены', NULL, NULL),
(1515, 1514, 3024, 3033, 5, 'Цена', NULL, NULL),
(1516, 1515, 3025, 3026, 6, 'ИдТипаЦены', 'BASE', NULL),
(1517, 1515, 3027, 3028, 6, 'ЦенаЗаЕдиницу', '1199.00', NULL),
(1518, 1515, 3029, 3030, 6, 'Валюта', 'RUB', NULL),
(1519, 1515, 3031, 3032, 6, 'Единица', '796', NULL),
(1520, 1512, 3035, 3036, 4, 'Количество', '100', NULL),
(1521, 8, 3038, 3055, 3, 'Предложение', NULL, NULL),
(1522, 1521, 3039, 3040, 4, 'Ид', '471', NULL),
(1523, 1521, 3041, 3052, 4, 'Цены', NULL, NULL),
(1524, 1523, 3042, 3051, 5, 'Цена', NULL, NULL),
(1525, 1524, 3043, 3044, 6, 'ИдТипаЦены', 'BASE', NULL),
(1526, 1524, 3045, 3046, 6, 'ЦенаЗаЕдиницу', '1199.00', NULL),
(1527, 1524, 3047, 3048, 6, 'Валюта', 'RUB', NULL),
(1528, 1524, 3049, 3050, 6, 'Единица', '796', NULL),
(1529, 1521, 3053, 3054, 4, 'Количество', '100', NULL),
(1530, 8, 3056, 3073, 3, 'Предложение', NULL, NULL),
(1531, 1530, 3057, 3058, 4, 'Ид', '472', NULL),
(1532, 1530, 3059, 3070, 4, 'Цены', NULL, NULL),
(1533, 1532, 3060, 3069, 5, 'Цена', NULL, NULL),
(1534, 1533, 3061, 3062, 6, 'ИдТипаЦены', 'BASE', NULL),
(1535, 1533, 3063, 3064, 6, 'ЦенаЗаЕдиницу', '1199.00', NULL),
(1536, 1533, 3065, 3066, 6, 'Валюта', 'RUB', NULL),
(1537, 1533, 3067, 3068, 6, 'Единица', '796', NULL),
(1538, 1530, 3071, 3072, 4, 'Количество', '100', NULL),
(1539, 8, 3074, 3091, 3, 'Предложение', NULL, NULL),
(1540, 1539, 3075, 3076, 4, 'Ид', '477', NULL),
(1541, 1539, 3077, 3088, 4, 'Цены', NULL, NULL),
(1542, 1541, 3078, 3087, 5, 'Цена', NULL, NULL),
(1543, 1542, 3079, 3080, 6, 'ИдТипаЦены', 'BASE', NULL),
(1544, 1542, 3081, 3082, 6, 'ЦенаЗаЕдиницу', '999.00', NULL),
(1545, 1542, 3083, 3084, 6, 'Валюта', 'RUB', NULL),
(1546, 1542, 3085, 3086, 6, 'Единица', '796', NULL),
(1547, 1539, 3089, 3090, 4, 'Количество', '100', NULL),
(1548, 8, 3092, 3109, 3, 'Предложение', NULL, NULL),
(1549, 1548, 3093, 3094, 4, 'Ид', '479', NULL),
(1550, 1548, 3095, 3106, 4, 'Цены', NULL, NULL),
(1551, 1550, 3096, 3105, 5, 'Цена', NULL, NULL),
(1552, 1551, 3097, 3098, 6, 'ИдТипаЦены', 'BASE', NULL),
(1553, 1551, 3099, 3100, 6, 'ЦенаЗаЕдиницу', '999.00', NULL),
(1554, 1551, 3101, 3102, 6, 'Валюта', 'RUB', NULL),
(1555, 1551, 3103, 3104, 6, 'Единица', '796', NULL),
(1556, 1548, 3107, 3108, 4, 'Количество', '100', NULL),
(1557, 8, 3110, 3127, 3, 'Предложение', NULL, NULL),
(1558, 1557, 3111, 3112, 4, 'Ид', '480', NULL),
(1559, 1557, 3113, 3124, 4, 'Цены', NULL, NULL),
(1560, 1559, 3114, 3123, 5, 'Цена', NULL, NULL),
(1561, 1560, 3115, 3116, 6, 'ИдТипаЦены', 'BASE', NULL),
(1562, 1560, 3117, 3118, 6, 'ЦенаЗаЕдиницу', '999.00', NULL),
(1563, 1560, 3119, 3120, 6, 'Валюта', 'RUB', NULL),
(1564, 1560, 3121, 3122, 6, 'Единица', '796', NULL),
(1565, 1557, 3125, 3126, 4, 'Количество', '100', NULL),
(1566, 8, 3128, 3145, 3, 'Предложение', NULL, NULL),
(1567, 1566, 3129, 3130, 4, 'Ид', '481', NULL),
(1568, 1566, 3131, 3142, 4, 'Цены', NULL, NULL),
(1569, 1568, 3132, 3141, 5, 'Цена', NULL, NULL),
(1570, 1569, 3133, 3134, 6, 'ИдТипаЦены', 'BASE', NULL),
(1571, 1569, 3135, 3136, 6, 'ЦенаЗаЕдиницу', '999.00', NULL),
(1572, 1569, 3137, 3138, 6, 'Валюта', 'RUB', NULL),
(1573, 1569, 3139, 3140, 6, 'Единица', '796', NULL),
(1574, 1566, 3143, 3144, 4, 'Количество', '100', NULL),
(1575, 8, 3146, 3163, 3, 'Предложение', NULL, NULL),
(1576, 1575, 3147, 3148, 4, 'Ид', '482', NULL),
(1577, 1575, 3149, 3160, 4, 'Цены', NULL, NULL),
(1578, 1577, 3150, 3159, 5, 'Цена', NULL, NULL),
(1579, 1578, 3151, 3152, 6, 'ИдТипаЦены', 'BASE', NULL),
(1580, 1578, 3153, 3154, 6, 'ЦенаЗаЕдиницу', '999.00', NULL),
(1581, 1578, 3155, 3156, 6, 'Валюта', 'RUB', NULL),
(1582, 1578, 3157, 3158, 6, 'Единица', '796', NULL),
(1583, 1575, 3161, 3162, 4, 'Количество', '100', NULL),
(1584, 8, 3164, 3181, 3, 'Предложение', NULL, NULL),
(1585, 1584, 3165, 3166, 4, 'Ид', '486', NULL),
(1586, 1584, 3167, 3178, 4, 'Цены', NULL, NULL),
(1587, 1586, 3168, 3177, 5, 'Цена', NULL, NULL),
(1588, 1587, 3169, 3170, 6, 'ИдТипаЦены', 'BASE', NULL),
(1589, 1587, 3171, 3172, 6, 'ЦенаЗаЕдиницу', '1999.00', NULL),
(1590, 1587, 3173, 3174, 6, 'Валюта', 'RUB', NULL),
(1591, 1587, 3175, 3176, 6, 'Единица', '796', NULL),
(1592, 1584, 3179, 3180, 4, 'Количество', '100', NULL),
(1593, 8, 3182, 3199, 3, 'Предложение', NULL, NULL),
(1594, 1593, 3183, 3184, 4, 'Ид', '488', NULL),
(1595, 1593, 3185, 3196, 4, 'Цены', NULL, NULL),
(1596, 1595, 3186, 3195, 5, 'Цена', NULL, NULL),
(1597, 1596, 3187, 3188, 6, 'ИдТипаЦены', 'BASE', NULL),
(1598, 1596, 3189, 3190, 6, 'ЦенаЗаЕдиницу', '1999.00', NULL),
(1599, 1596, 3191, 3192, 6, 'Валюта', 'RUB', NULL),
(1600, 1596, 3193, 3194, 6, 'Единица', '796', NULL),
(1601, 1593, 3197, 3198, 4, 'Количество', '100', NULL),
(1602, 8, 3200, 3217, 3, 'Предложение', NULL, NULL),
(1603, 1602, 3201, 3202, 4, 'Ид', '489', NULL),
(1604, 1602, 3203, 3214, 4, 'Цены', NULL, NULL),
(1605, 1604, 3204, 3213, 5, 'Цена', NULL, NULL),
(1606, 1605, 3205, 3206, 6, 'ИдТипаЦены', 'BASE', NULL),
(1607, 1605, 3207, 3208, 6, 'ЦенаЗаЕдиницу', '1999.00', NULL),
(1608, 1605, 3209, 3210, 6, 'Валюта', 'RUB', NULL),
(1609, 1605, 3211, 3212, 6, 'Единица', '796', NULL),
(1610, 1602, 3215, 3216, 4, 'Количество', '100', NULL),
(1611, 8, 3218, 3235, 3, 'Предложение', NULL, NULL),
(1612, 1611, 3219, 3220, 4, 'Ид', '490', NULL),
(1613, 1611, 3221, 3232, 4, 'Цены', NULL, NULL),
(1614, 1613, 3222, 3231, 5, 'Цена', NULL, NULL),
(1615, 1614, 3223, 3224, 6, 'ИдТипаЦены', 'BASE', NULL),
(1616, 1614, 3225, 3226, 6, 'ЦенаЗаЕдиницу', '1999.00', NULL),
(1617, 1614, 3227, 3228, 6, 'Валюта', 'RUB', NULL),
(1618, 1614, 3229, 3230, 6, 'Единица', '796', NULL),
(1619, 1611, 3233, 3234, 4, 'Количество', '100', NULL),
(1620, 8, 3236, 3253, 3, 'Предложение', NULL, NULL),
(1621, 1620, 3237, 3238, 4, 'Ид', '491', NULL),
(1622, 1620, 3239, 3250, 4, 'Цены', NULL, NULL),
(1623, 1622, 3240, 3249, 5, 'Цена', NULL, NULL),
(1624, 1623, 3241, 3242, 6, 'ИдТипаЦены', 'BASE', NULL),
(1625, 1623, 3243, 3244, 6, 'ЦенаЗаЕдиницу', '1999.00', NULL),
(1626, 1623, 3245, 3246, 6, 'Валюта', 'RUB', NULL),
(1627, 1623, 3247, 3248, 6, 'Единица', '796', NULL),
(1628, 1620, 3251, 3252, 4, 'Количество', '100', NULL),
(1629, 8, 3254, 3271, 3, 'Предложение', NULL, NULL),
(1630, 1629, 3255, 3256, 4, 'Ид', '495', NULL),
(1631, 1629, 3257, 3268, 4, 'Цены', NULL, NULL),
(1632, 1631, 3258, 3267, 5, 'Цена', NULL, NULL),
(1633, 1632, 3259, 3260, 6, 'ИдТипаЦены', 'BASE', NULL),
(1634, 1632, 3261, 3262, 6, 'ЦенаЗаЕдиницу', '2999.00', NULL),
(1635, 1632, 3263, 3264, 6, 'Валюта', 'RUB', NULL),
(1636, 1632, 3265, 3266, 6, 'Единица', '796', NULL),
(1637, 1629, 3269, 3270, 4, 'Количество', '100', NULL),
(1638, 8, 3272, 3289, 3, 'Предложение', NULL, NULL),
(1639, 1638, 3273, 3274, 4, 'Ид', '497', NULL),
(1640, 1638, 3275, 3286, 4, 'Цены', NULL, NULL),
(1641, 1640, 3276, 3285, 5, 'Цена', NULL, NULL),
(1642, 1641, 3277, 3278, 6, 'ИдТипаЦены', 'BASE', NULL),
(1643, 1641, 3279, 3280, 6, 'ЦенаЗаЕдиницу', '2999.00', NULL),
(1644, 1641, 3281, 3282, 6, 'Валюта', 'RUB', NULL),
(1645, 1641, 3283, 3284, 6, 'Единица', '796', NULL),
(1646, 1638, 3287, 3288, 4, 'Количество', '100', NULL),
(1647, 8, 3290, 3307, 3, 'Предложение', NULL, NULL),
(1648, 1647, 3291, 3292, 4, 'Ид', '498', NULL),
(1649, 1647, 3293, 3304, 4, 'Цены', NULL, NULL),
(1650, 1649, 3294, 3303, 5, 'Цена', NULL, NULL),
(1651, 1650, 3295, 3296, 6, 'ИдТипаЦены', 'BASE', NULL),
(1652, 1650, 3297, 3298, 6, 'ЦенаЗаЕдиницу', '2999.00', NULL),
(1653, 1650, 3299, 3300, 6, 'Валюта', 'RUB', NULL),
(1654, 1650, 3301, 3302, 6, 'Единица', '796', NULL),
(1655, 1647, 3305, 3306, 4, 'Количество', '100', NULL),
(1656, 8, 3308, 3325, 3, 'Предложение', NULL, NULL),
(1657, 1656, 3309, 3310, 4, 'Ид', '499', NULL),
(1658, 1656, 3311, 3322, 4, 'Цены', NULL, NULL),
(1659, 1658, 3312, 3321, 5, 'Цена', NULL, NULL),
(1660, 1659, 3313, 3314, 6, 'ИдТипаЦены', 'BASE', NULL),
(1661, 1659, 3315, 3316, 6, 'ЦенаЗаЕдиницу', '2999.00', NULL),
(1662, 1659, 3317, 3318, 6, 'Валюта', 'RUB', NULL),
(1663, 1659, 3319, 3320, 6, 'Единица', '796', NULL),
(1664, 1656, 3323, 3324, 4, 'Количество', '100', NULL),
(1665, 8, 3326, 3343, 3, 'Предложение', NULL, NULL),
(1666, 1665, 3327, 3328, 4, 'Ид', '500', NULL),
(1667, 1665, 3329, 3340, 4, 'Цены', NULL, NULL),
(1668, 1667, 3330, 3339, 5, 'Цена', NULL, NULL),
(1669, 1668, 3331, 3332, 6, 'ИдТипаЦены', 'BASE', NULL),
(1670, 1668, 3333, 3334, 6, 'ЦенаЗаЕдиницу', '2999.00', NULL),
(1671, 1668, 3335, 3336, 6, 'Валюта', 'RUB', NULL),
(1672, 1668, 3337, 3338, 6, 'Единица', '796', NULL),
(1673, 1665, 3341, 3342, 4, 'Количество', '100', NULL),
(1674, 8, 3344, 3361, 3, 'Предложение', NULL, NULL),
(1675, 1674, 3345, 3346, 4, 'Ид', '504', NULL),
(1676, 1674, 3347, 3358, 4, 'Цены', NULL, NULL),
(1677, 1676, 3348, 3357, 5, 'Цена', NULL, NULL),
(1678, 1677, 3349, 3350, 6, 'ИдТипаЦены', 'BASE', NULL),
(1679, 1677, 3351, 3352, 6, 'ЦенаЗаЕдиницу', '899.00', NULL),
(1680, 1677, 3353, 3354, 6, 'Валюта', 'RUB', NULL),
(1681, 1677, 3355, 3356, 6, 'Единица', '796', NULL),
(1682, 1674, 3359, 3360, 4, 'Количество', '100', NULL),
(1683, 8, 3362, 3379, 3, 'Предложение', NULL, NULL),
(1684, 1683, 3363, 3364, 4, 'Ид', '506', NULL),
(1685, 1683, 3365, 3376, 4, 'Цены', NULL, NULL),
(1686, 1685, 3366, 3375, 5, 'Цена', NULL, NULL),
(1687, 1686, 3367, 3368, 6, 'ИдТипаЦены', 'BASE', NULL),
(1688, 1686, 3369, 3370, 6, 'ЦенаЗаЕдиницу', '899.00', NULL),
(1689, 1686, 3371, 3372, 6, 'Валюта', 'RUB', NULL),
(1690, 1686, 3373, 3374, 6, 'Единица', '796', NULL),
(1691, 1683, 3377, 3378, 4, 'Количество', '100', NULL),
(1692, 8, 3380, 3397, 3, 'Предложение', NULL, NULL),
(1693, 1692, 3381, 3382, 4, 'Ид', '507', NULL),
(1694, 1692, 3383, 3394, 4, 'Цены', NULL, NULL),
(1695, 1694, 3384, 3393, 5, 'Цена', NULL, NULL),
(1696, 1695, 3385, 3386, 6, 'ИдТипаЦены', 'BASE', NULL),
(1697, 1695, 3387, 3388, 6, 'ЦенаЗаЕдиницу', '899.00', NULL),
(1698, 1695, 3389, 3390, 6, 'Валюта', 'RUB', NULL),
(1699, 1695, 3391, 3392, 6, 'Единица', '796', NULL),
(1700, 1692, 3395, 3396, 4, 'Количество', '100', NULL),
(1701, 8, 3398, 3415, 3, 'Предложение', NULL, NULL),
(1702, 1701, 3399, 3400, 4, 'Ид', '508', NULL),
(1703, 1701, 3401, 3412, 4, 'Цены', NULL, NULL),
(1704, 1703, 3402, 3411, 5, 'Цена', NULL, NULL),
(1705, 1704, 3403, 3404, 6, 'ИдТипаЦены', 'BASE', NULL),
(1706, 1704, 3405, 3406, 6, 'ЦенаЗаЕдиницу', '899.00', NULL),
(1707, 1704, 3407, 3408, 6, 'Валюта', 'RUB', NULL),
(1708, 1704, 3409, 3410, 6, 'Единица', '796', NULL),
(1709, 1701, 3413, 3414, 4, 'Количество', '100', NULL),
(1710, 8, 3416, 3433, 3, 'Предложение', NULL, NULL),
(1711, 1710, 3417, 3418, 4, 'Ид', '509', NULL),
(1712, 1710, 3419, 3430, 4, 'Цены', NULL, NULL),
(1713, 1712, 3420, 3429, 5, 'Цена', NULL, NULL),
(1714, 1713, 3421, 3422, 6, 'ИдТипаЦены', 'BASE', NULL),
(1715, 1713, 3423, 3424, 6, 'ЦенаЗаЕдиницу', '899.00', NULL),
(1716, 1713, 3425, 3426, 6, 'Валюта', 'RUB', NULL),
(1717, 1713, 3427, 3428, 6, 'Единица', '796', NULL),
(1718, 1710, 3431, 3432, 4, 'Количество', '100', NULL),
(1719, 8, 3434, 3451, 3, 'Предложение', NULL, NULL),
(1720, 1719, 3435, 3436, 4, 'Ид', '513', NULL),
(1721, 1719, 3437, 3448, 4, 'Цены', NULL, NULL),
(1722, 1721, 3438, 3447, 5, 'Цена', NULL, NULL),
(1723, 1722, 3439, 3440, 6, 'ИдТипаЦены', 'BASE', NULL),
(1724, 1722, 3441, 3442, 6, 'ЦенаЗаЕдиницу', '2499.00', NULL),
(1725, 1722, 3443, 3444, 6, 'Валюта', 'RUB', NULL),
(1726, 1722, 3445, 3446, 6, 'Единица', '796', NULL),
(1727, 1719, 3449, 3450, 4, 'Количество', '100', NULL),
(1728, 8, 3452, 3469, 3, 'Предложение', NULL, NULL),
(1729, 1728, 3453, 3454, 4, 'Ид', '515', NULL),
(1730, 1728, 3455, 3466, 4, 'Цены', NULL, NULL),
(1731, 1730, 3456, 3465, 5, 'Цена', NULL, NULL),
(1732, 1731, 3457, 3458, 6, 'ИдТипаЦены', 'BASE', NULL),
(1733, 1731, 3459, 3460, 6, 'ЦенаЗаЕдиницу', '2499.00', NULL),
(1734, 1731, 3461, 3462, 6, 'Валюта', 'RUB', NULL),
(1735, 1731, 3463, 3464, 6, 'Единица', '796', NULL),
(1736, 1728, 3467, 3468, 4, 'Количество', '100', NULL),
(1737, 8, 3470, 3487, 3, 'Предложение', NULL, NULL),
(1738, 1737, 3471, 3472, 4, 'Ид', '516', NULL),
(1739, 1737, 3473, 3484, 4, 'Цены', NULL, NULL),
(1740, 1739, 3474, 3483, 5, 'Цена', NULL, NULL),
(1741, 1740, 3475, 3476, 6, 'ИдТипаЦены', 'BASE', NULL),
(1742, 1740, 3477, 3478, 6, 'ЦенаЗаЕдиницу', '2499.00', NULL),
(1743, 1740, 3479, 3480, 6, 'Валюта', 'RUB', NULL),
(1744, 1740, 3481, 3482, 6, 'Единица', '796', NULL),
(1745, 1737, 3485, 3486, 4, 'Количество', '100', NULL),
(1746, 8, 3488, 3505, 3, 'Предложение', NULL, NULL),
(1747, 1746, 3489, 3490, 4, 'Ид', '517', NULL),
(1748, 1746, 3491, 3502, 4, 'Цены', NULL, NULL),
(1749, 1748, 3492, 3501, 5, 'Цена', NULL, NULL);
INSERT INTO `b_xml_tree` (`ID`, `PARENT_ID`, `LEFT_MARGIN`, `RIGHT_MARGIN`, `DEPTH_LEVEL`, `NAME`, `VALUE`, `ATTRIBUTES`) VALUES
(1750, 1749, 3493, 3494, 6, 'ИдТипаЦены', 'BASE', NULL),
(1751, 1749, 3495, 3496, 6, 'ЦенаЗаЕдиницу', '2499.00', NULL),
(1752, 1749, 3497, 3498, 6, 'Валюта', 'RUB', NULL),
(1753, 1749, 3499, 3500, 6, 'Единица', '796', NULL),
(1754, 1746, 3503, 3504, 4, 'Количество', '100', NULL),
(1755, 8, 3506, 3523, 3, 'Предложение', NULL, NULL),
(1756, 1755, 3507, 3508, 4, 'Ид', '518', NULL),
(1757, 1755, 3509, 3520, 4, 'Цены', NULL, NULL),
(1758, 1757, 3510, 3519, 5, 'Цена', NULL, NULL),
(1759, 1758, 3511, 3512, 6, 'ИдТипаЦены', 'BASE', NULL),
(1760, 1758, 3513, 3514, 6, 'ЦенаЗаЕдиницу', '2499.00', NULL),
(1761, 1758, 3515, 3516, 6, 'Валюта', 'RUB', NULL),
(1762, 1758, 3517, 3518, 6, 'Единица', '796', NULL),
(1763, 1755, 3521, 3522, 4, 'Количество', '100', NULL),
(1764, 8, 3524, 3541, 3, 'Предложение', NULL, NULL),
(1765, 1764, 3525, 3526, 4, 'Ид', '522', NULL),
(1766, 1764, 3527, 3538, 4, 'Цены', NULL, NULL),
(1767, 1766, 3528, 3537, 5, 'Цена', NULL, NULL),
(1768, 1767, 3529, 3530, 6, 'ИдТипаЦены', 'BASE', NULL),
(1769, 1767, 3531, 3532, 6, 'ЦенаЗаЕдиницу', '2799.00', NULL),
(1770, 1767, 3533, 3534, 6, 'Валюта', 'RUB', NULL),
(1771, 1767, 3535, 3536, 6, 'Единица', '796', NULL),
(1772, 1764, 3539, 3540, 4, 'Количество', '100', NULL),
(1773, 8, 3542, 3559, 3, 'Предложение', NULL, NULL),
(1774, 1773, 3543, 3544, 4, 'Ид', '524', NULL),
(1775, 1773, 3545, 3556, 4, 'Цены', NULL, NULL),
(1776, 1775, 3546, 3555, 5, 'Цена', NULL, NULL),
(1777, 1776, 3547, 3548, 6, 'ИдТипаЦены', 'BASE', NULL),
(1778, 1776, 3549, 3550, 6, 'ЦенаЗаЕдиницу', '2799.00', NULL),
(1779, 1776, 3551, 3552, 6, 'Валюта', 'RUB', NULL),
(1780, 1776, 3553, 3554, 6, 'Единица', '796', NULL),
(1781, 1773, 3557, 3558, 4, 'Количество', '100', NULL),
(1782, 8, 3560, 3577, 3, 'Предложение', NULL, NULL),
(1783, 1782, 3561, 3562, 4, 'Ид', '525', NULL),
(1784, 1782, 3563, 3574, 4, 'Цены', NULL, NULL),
(1785, 1784, 3564, 3573, 5, 'Цена', NULL, NULL),
(1786, 1785, 3565, 3566, 6, 'ИдТипаЦены', 'BASE', NULL),
(1787, 1785, 3567, 3568, 6, 'ЦенаЗаЕдиницу', '2799.00', NULL),
(1788, 1785, 3569, 3570, 6, 'Валюта', 'RUB', NULL),
(1789, 1785, 3571, 3572, 6, 'Единица', '796', NULL),
(1790, 1782, 3575, 3576, 4, 'Количество', '100', NULL),
(1791, 8, 3578, 3595, 3, 'Предложение', NULL, NULL),
(1792, 1791, 3579, 3580, 4, 'Ид', '526', NULL),
(1793, 1791, 3581, 3592, 4, 'Цены', NULL, NULL),
(1794, 1793, 3582, 3591, 5, 'Цена', NULL, NULL),
(1795, 1794, 3583, 3584, 6, 'ИдТипаЦены', 'BASE', NULL),
(1796, 1794, 3585, 3586, 6, 'ЦенаЗаЕдиницу', '2799.00', NULL),
(1797, 1794, 3587, 3588, 6, 'Валюта', 'RUB', NULL),
(1798, 1794, 3589, 3590, 6, 'Единица', '796', NULL),
(1799, 1791, 3593, 3594, 4, 'Количество', '100', NULL),
(1800, 8, 3596, 3613, 3, 'Предложение', NULL, NULL),
(1801, 1800, 3597, 3598, 4, 'Ид', '527', NULL),
(1802, 1800, 3599, 3610, 4, 'Цены', NULL, NULL),
(1803, 1802, 3600, 3609, 5, 'Цена', NULL, NULL),
(1804, 1803, 3601, 3602, 6, 'ИдТипаЦены', 'BASE', NULL),
(1805, 1803, 3603, 3604, 6, 'ЦенаЗаЕдиницу', '2799.00', NULL),
(1806, 1803, 3605, 3606, 6, 'Валюта', 'RUB', NULL),
(1807, 1803, 3607, 3608, 6, 'Единица', '796', NULL),
(1808, 1800, 3611, 3612, 4, 'Количество', '100', NULL),
(1809, 8, 3614, 3631, 3, 'Предложение', NULL, NULL),
(1810, 1809, 3615, 3616, 4, 'Ид', '529', NULL),
(1811, 1809, 3617, 3628, 4, 'Цены', NULL, NULL),
(1812, 1811, 3618, 3627, 5, 'Цена', NULL, NULL),
(1813, 1812, 3619, 3620, 6, 'ИдТипаЦены', 'BASE', NULL),
(1814, 1812, 3621, 3622, 6, 'ЦенаЗаЕдиницу', '2799.00', NULL),
(1815, 1812, 3623, 3624, 6, 'Валюта', 'RUB', NULL),
(1816, 1812, 3625, 3626, 6, 'Единица', '796', NULL),
(1817, 1809, 3629, 3630, 4, 'Количество', '100', NULL),
(1818, 8, 3632, 3649, 3, 'Предложение', NULL, NULL),
(1819, 1818, 3633, 3634, 4, 'Ид', '531', NULL),
(1820, 1818, 3635, 3646, 4, 'Цены', NULL, NULL),
(1821, 1820, 3636, 3645, 5, 'Цена', NULL, NULL),
(1822, 1821, 3637, 3638, 6, 'ИдТипаЦены', 'BASE', NULL),
(1823, 1821, 3639, 3640, 6, 'ЦенаЗаЕдиницу', '2799.00', NULL),
(1824, 1821, 3641, 3642, 6, 'Валюта', 'RUB', NULL),
(1825, 1821, 3643, 3644, 6, 'Единица', '796', NULL),
(1826, 1818, 3647, 3648, 4, 'Количество', '100', NULL),
(1827, 8, 3650, 3667, 3, 'Предложение', NULL, NULL),
(1828, 1827, 3651, 3652, 4, 'Ид', '532', NULL),
(1829, 1827, 3653, 3664, 4, 'Цены', NULL, NULL),
(1830, 1829, 3654, 3663, 5, 'Цена', NULL, NULL),
(1831, 1830, 3655, 3656, 6, 'ИдТипаЦены', 'BASE', NULL),
(1832, 1830, 3657, 3658, 6, 'ЦенаЗаЕдиницу', '2799.00', NULL),
(1833, 1830, 3659, 3660, 6, 'Валюта', 'RUB', NULL),
(1834, 1830, 3661, 3662, 6, 'Единица', '796', NULL),
(1835, 1827, 3665, 3666, 4, 'Количество', '100', NULL),
(1836, 8, 3668, 3685, 3, 'Предложение', NULL, NULL),
(1837, 1836, 3669, 3670, 4, 'Ид', '533', NULL),
(1838, 1836, 3671, 3682, 4, 'Цены', NULL, NULL),
(1839, 1838, 3672, 3681, 5, 'Цена', NULL, NULL),
(1840, 1839, 3673, 3674, 6, 'ИдТипаЦены', 'BASE', NULL),
(1841, 1839, 3675, 3676, 6, 'ЦенаЗаЕдиницу', '2799.00', NULL),
(1842, 1839, 3677, 3678, 6, 'Валюта', 'RUB', NULL),
(1843, 1839, 3679, 3680, 6, 'Единица', '796', NULL),
(1844, 1836, 3683, 3684, 4, 'Количество', '100', NULL),
(1845, 8, 3686, 3703, 3, 'Предложение', NULL, NULL),
(1846, 1845, 3687, 3688, 4, 'Ид', '534', NULL),
(1847, 1845, 3689, 3700, 4, 'Цены', NULL, NULL),
(1848, 1847, 3690, 3699, 5, 'Цена', NULL, NULL),
(1849, 1848, 3691, 3692, 6, 'ИдТипаЦены', 'BASE', NULL),
(1850, 1848, 3693, 3694, 6, 'ЦенаЗаЕдиницу', '2799.00', NULL),
(1851, 1848, 3695, 3696, 6, 'Валюта', 'RUB', NULL),
(1852, 1848, 3697, 3698, 6, 'Единица', '796', NULL),
(1853, 1845, 3701, 3702, 4, 'Количество', '100', NULL),
(1854, 8, 3704, 3721, 3, 'Предложение', NULL, NULL),
(1855, 1854, 3705, 3706, 4, 'Ид', '536', NULL),
(1856, 1854, 3707, 3718, 4, 'Цены', NULL, NULL),
(1857, 1856, 3708, 3717, 5, 'Цена', NULL, NULL),
(1858, 1857, 3709, 3710, 6, 'ИдТипаЦены', 'BASE', NULL),
(1859, 1857, 3711, 3712, 6, 'ЦенаЗаЕдиницу', '2799.00', NULL),
(1860, 1857, 3713, 3714, 6, 'Валюта', 'RUB', NULL),
(1861, 1857, 3715, 3716, 6, 'Единица', '796', NULL),
(1862, 1854, 3719, 3720, 4, 'Количество', '100', NULL),
(1863, 8, 3722, 3739, 3, 'Предложение', NULL, NULL),
(1864, 1863, 3723, 3724, 4, 'Ид', '538', NULL),
(1865, 1863, 3725, 3736, 4, 'Цены', NULL, NULL),
(1866, 1865, 3726, 3735, 5, 'Цена', NULL, NULL),
(1867, 1866, 3727, 3728, 6, 'ИдТипаЦены', 'BASE', NULL),
(1868, 1866, 3729, 3730, 6, 'ЦенаЗаЕдиницу', '2799.00', NULL),
(1869, 1866, 3731, 3732, 6, 'Валюта', 'RUB', NULL),
(1870, 1866, 3733, 3734, 6, 'Единица', '796', NULL),
(1871, 1863, 3737, 3738, 4, 'Количество', '100', NULL),
(1872, 8, 3740, 3757, 3, 'Предложение', NULL, NULL),
(1873, 1872, 3741, 3742, 4, 'Ид', '539', NULL),
(1874, 1872, 3743, 3754, 4, 'Цены', NULL, NULL),
(1875, 1874, 3744, 3753, 5, 'Цена', NULL, NULL),
(1876, 1875, 3745, 3746, 6, 'ИдТипаЦены', 'BASE', NULL),
(1877, 1875, 3747, 3748, 6, 'ЦенаЗаЕдиницу', '2799.00', NULL),
(1878, 1875, 3749, 3750, 6, 'Валюта', 'RUB', NULL),
(1879, 1875, 3751, 3752, 6, 'Единица', '796', NULL),
(1880, 1872, 3755, 3756, 4, 'Количество', '100', NULL),
(1881, 8, 3758, 3775, 3, 'Предложение', NULL, NULL),
(1882, 1881, 3759, 3760, 4, 'Ид', '540', NULL),
(1883, 1881, 3761, 3772, 4, 'Цены', NULL, NULL),
(1884, 1883, 3762, 3771, 5, 'Цена', NULL, NULL),
(1885, 1884, 3763, 3764, 6, 'ИдТипаЦены', 'BASE', NULL),
(1886, 1884, 3765, 3766, 6, 'ЦенаЗаЕдиницу', '2799.00', NULL),
(1887, 1884, 3767, 3768, 6, 'Валюта', 'RUB', NULL),
(1888, 1884, 3769, 3770, 6, 'Единица', '796', NULL),
(1889, 1881, 3773, 3774, 4, 'Количество', '100', NULL),
(1890, 8, 3776, 3793, 3, 'Предложение', NULL, NULL),
(1891, 1890, 3777, 3778, 4, 'Ид', '541', NULL),
(1892, 1890, 3779, 3790, 4, 'Цены', NULL, NULL),
(1893, 1892, 3780, 3789, 5, 'Цена', NULL, NULL),
(1894, 1893, 3781, 3782, 6, 'ИдТипаЦены', 'BASE', NULL),
(1895, 1893, 3783, 3784, 6, 'ЦенаЗаЕдиницу', '2799.00', NULL),
(1896, 1893, 3785, 3786, 6, 'Валюта', 'RUB', NULL),
(1897, 1893, 3787, 3788, 6, 'Единица', '796', NULL),
(1898, 1890, 3791, 3792, 4, 'Количество', '100', NULL),
(1899, 8, 3794, 3811, 3, 'Предложение', NULL, NULL),
(1900, 1899, 3795, 3796, 4, 'Ид', '543', NULL),
(1901, 1899, 3797, 3808, 4, 'Цены', NULL, NULL),
(1902, 1901, 3798, 3807, 5, 'Цена', NULL, NULL),
(1903, 1902, 3799, 3800, 6, 'ИдТипаЦены', 'BASE', NULL),
(1904, 1902, 3801, 3802, 6, 'ЦенаЗаЕдиницу', '2799.00', NULL),
(1905, 1902, 3803, 3804, 6, 'Валюта', 'RUB', NULL),
(1906, 1902, 3805, 3806, 6, 'Единица', '796', NULL),
(1907, 1899, 3809, 3810, 4, 'Количество', '100', NULL),
(1908, 8, 3812, 3829, 3, 'Предложение', NULL, NULL),
(1909, 1908, 3813, 3814, 4, 'Ид', '545', NULL),
(1910, 1908, 3815, 3826, 4, 'Цены', NULL, NULL),
(1911, 1910, 3816, 3825, 5, 'Цена', NULL, NULL),
(1912, 1911, 3817, 3818, 6, 'ИдТипаЦены', 'BASE', NULL),
(1913, 1911, 3819, 3820, 6, 'ЦенаЗаЕдиницу', '2799.00', NULL),
(1914, 1911, 3821, 3822, 6, 'Валюта', 'RUB', NULL),
(1915, 1911, 3823, 3824, 6, 'Единица', '796', NULL),
(1916, 1908, 3827, 3828, 4, 'Количество', '100', NULL),
(1917, 8, 3830, 3847, 3, 'Предложение', NULL, NULL),
(1918, 1917, 3831, 3832, 4, 'Ид', '546', NULL),
(1919, 1917, 3833, 3844, 4, 'Цены', NULL, NULL),
(1920, 1919, 3834, 3843, 5, 'Цена', NULL, NULL),
(1921, 1920, 3835, 3836, 6, 'ИдТипаЦены', 'BASE', NULL),
(1922, 1920, 3837, 3838, 6, 'ЦенаЗаЕдиницу', '2799.00', NULL),
(1923, 1920, 3839, 3840, 6, 'Валюта', 'RUB', NULL),
(1924, 1920, 3841, 3842, 6, 'Единица', '796', NULL),
(1925, 1917, 3845, 3846, 4, 'Количество', '100', NULL),
(1926, 8, 3848, 3865, 3, 'Предложение', NULL, NULL),
(1927, 1926, 3849, 3850, 4, 'Ид', '547', NULL),
(1928, 1926, 3851, 3862, 4, 'Цены', NULL, NULL),
(1929, 1928, 3852, 3861, 5, 'Цена', NULL, NULL),
(1930, 1929, 3853, 3854, 6, 'ИдТипаЦены', 'BASE', NULL),
(1931, 1929, 3855, 3856, 6, 'ЦенаЗаЕдиницу', '2799.00', NULL),
(1932, 1929, 3857, 3858, 6, 'Валюта', 'RUB', NULL),
(1933, 1929, 3859, 3860, 6, 'Единица', '796', NULL),
(1934, 1926, 3863, 3864, 4, 'Количество', '100', NULL),
(1935, 8, 3866, 3883, 3, 'Предложение', NULL, NULL),
(1936, 1935, 3867, 3868, 4, 'Ид', '548', NULL),
(1937, 1935, 3869, 3880, 4, 'Цены', NULL, NULL),
(1938, 1937, 3870, 3879, 5, 'Цена', NULL, NULL),
(1939, 1938, 3871, 3872, 6, 'ИдТипаЦены', 'BASE', NULL),
(1940, 1938, 3873, 3874, 6, 'ЦенаЗаЕдиницу', '2799.00', NULL),
(1941, 1938, 3875, 3876, 6, 'Валюта', 'RUB', NULL),
(1942, 1938, 3877, 3878, 6, 'Единица', '796', NULL),
(1943, 1935, 3881, 3882, 4, 'Количество', '100', NULL),
(1944, 8, 3884, 3901, 3, 'Предложение', NULL, NULL),
(1945, 1944, 3885, 3886, 4, 'Ид', '550', NULL),
(1946, 1944, 3887, 3898, 4, 'Цены', NULL, NULL),
(1947, 1946, 3888, 3897, 5, 'Цена', NULL, NULL),
(1948, 1947, 3889, 3890, 6, 'ИдТипаЦены', 'BASE', NULL),
(1949, 1947, 3891, 3892, 6, 'ЦенаЗаЕдиницу', '2799.00', NULL),
(1950, 1947, 3893, 3894, 6, 'Валюта', 'RUB', NULL),
(1951, 1947, 3895, 3896, 6, 'Единица', '796', NULL),
(1952, 1944, 3899, 3900, 4, 'Количество', '100', NULL),
(1953, 8, 3902, 3919, 3, 'Предложение', NULL, NULL),
(1954, 1953, 3903, 3904, 4, 'Ид', '552', NULL),
(1955, 1953, 3905, 3916, 4, 'Цены', NULL, NULL),
(1956, 1955, 3906, 3915, 5, 'Цена', NULL, NULL),
(1957, 1956, 3907, 3908, 6, 'ИдТипаЦены', 'BASE', NULL),
(1958, 1956, 3909, 3910, 6, 'ЦенаЗаЕдиницу', '2799.00', NULL),
(1959, 1956, 3911, 3912, 6, 'Валюта', 'RUB', NULL),
(1960, 1956, 3913, 3914, 6, 'Единица', '796', NULL),
(1961, 1953, 3917, 3918, 4, 'Количество', '100', NULL),
(1962, 8, 3920, 3937, 3, 'Предложение', NULL, NULL),
(1963, 1962, 3921, 3922, 4, 'Ид', '553', NULL),
(1964, 1962, 3923, 3934, 4, 'Цены', NULL, NULL),
(1965, 1964, 3924, 3933, 5, 'Цена', NULL, NULL),
(1966, 1965, 3925, 3926, 6, 'ИдТипаЦены', 'BASE', NULL),
(1967, 1965, 3927, 3928, 6, 'ЦенаЗаЕдиницу', '2799.00', NULL),
(1968, 1965, 3929, 3930, 6, 'Валюта', 'RUB', NULL),
(1969, 1965, 3931, 3932, 6, 'Единица', '796', NULL),
(1970, 1962, 3935, 3936, 4, 'Количество', '100', NULL),
(1971, 8, 3938, 3955, 3, 'Предложение', NULL, NULL),
(1972, 1971, 3939, 3940, 4, 'Ид', '554', NULL),
(1973, 1971, 3941, 3952, 4, 'Цены', NULL, NULL),
(1974, 1973, 3942, 3951, 5, 'Цена', NULL, NULL),
(1975, 1974, 3943, 3944, 6, 'ИдТипаЦены', 'BASE', NULL),
(1976, 1974, 3945, 3946, 6, 'ЦенаЗаЕдиницу', '2799.00', NULL),
(1977, 1974, 3947, 3948, 6, 'Валюта', 'RUB', NULL),
(1978, 1974, 3949, 3950, 6, 'Единица', '796', NULL),
(1979, 1971, 3953, 3954, 4, 'Количество', '100', NULL),
(1980, 8, 3956, 3973, 3, 'Предложение', NULL, NULL),
(1981, 1980, 3957, 3958, 4, 'Ид', '555', NULL),
(1982, 1980, 3959, 3970, 4, 'Цены', NULL, NULL),
(1983, 1982, 3960, 3969, 5, 'Цена', NULL, NULL),
(1984, 1983, 3961, 3962, 6, 'ИдТипаЦены', 'BASE', NULL),
(1985, 1983, 3963, 3964, 6, 'ЦенаЗаЕдиницу', '2799.00', NULL),
(1986, 1983, 3965, 3966, 6, 'Валюта', 'RUB', NULL),
(1987, 1983, 3967, 3968, 6, 'Единица', '796', NULL),
(1988, 1980, 3971, 3972, 4, 'Количество', '100', NULL),
(1989, 8, 3974, 3991, 3, 'Предложение', NULL, NULL),
(1990, 1989, 3975, 3976, 4, 'Ид', '559', NULL),
(1991, 1989, 3977, 3988, 4, 'Цены', NULL, NULL),
(1992, 1991, 3978, 3987, 5, 'Цена', NULL, NULL),
(1993, 1992, 3979, 3980, 6, 'ИдТипаЦены', 'BASE', NULL),
(1994, 1992, 3981, 3982, 6, 'ЦенаЗаЕдиницу', '390.00', NULL),
(1995, 1992, 3983, 3984, 6, 'Валюта', 'RUB', NULL),
(1996, 1992, 3985, 3986, 6, 'Единица', '796', NULL),
(1997, 1989, 3989, 3990, 4, 'Количество', '100', NULL),
(1998, 8, 3992, 4009, 3, 'Предложение', NULL, NULL),
(1999, 1998, 3993, 3994, 4, 'Ид', '561', NULL),
(2000, 1998, 3995, 4006, 4, 'Цены', NULL, NULL),
(2001, 2000, 3996, 4005, 5, 'Цена', NULL, NULL),
(2002, 2001, 3997, 3998, 6, 'ИдТипаЦены', 'BASE', NULL),
(2003, 2001, 3999, 4000, 6, 'ЦенаЗаЕдиницу', '390.00', NULL),
(2004, 2001, 4001, 4002, 6, 'Валюта', 'RUB', NULL),
(2005, 2001, 4003, 4004, 6, 'Единица', '796', NULL),
(2006, 1998, 4007, 4008, 4, 'Количество', '100', NULL),
(2007, 8, 4010, 4027, 3, 'Предложение', NULL, NULL),
(2008, 2007, 4011, 4012, 4, 'Ид', '562', NULL),
(2009, 2007, 4013, 4024, 4, 'Цены', NULL, NULL),
(2010, 2009, 4014, 4023, 5, 'Цена', NULL, NULL),
(2011, 2010, 4015, 4016, 6, 'ИдТипаЦены', 'BASE', NULL),
(2012, 2010, 4017, 4018, 6, 'ЦенаЗаЕдиницу', '390.00', NULL),
(2013, 2010, 4019, 4020, 6, 'Валюта', 'RUB', NULL),
(2014, 2010, 4021, 4022, 6, 'Единица', '796', NULL),
(2015, 2007, 4025, 4026, 4, 'Количество', '100', NULL),
(2016, 8, 4028, 4045, 3, 'Предложение', NULL, NULL),
(2017, 2016, 4029, 4030, 4, 'Ид', '563', NULL),
(2018, 2016, 4031, 4042, 4, 'Цены', NULL, NULL),
(2019, 2018, 4032, 4041, 5, 'Цена', NULL, NULL),
(2020, 2019, 4033, 4034, 6, 'ИдТипаЦены', 'BASE', NULL),
(2021, 2019, 4035, 4036, 6, 'ЦенаЗаЕдиницу', '390.00', NULL),
(2022, 2019, 4037, 4038, 6, 'Валюта', 'RUB', NULL),
(2023, 2019, 4039, 4040, 6, 'Единица', '796', NULL),
(2024, 2016, 4043, 4044, 4, 'Количество', '100', NULL),
(2025, 8, 4046, 4063, 3, 'Предложение', NULL, NULL),
(2026, 2025, 4047, 4048, 4, 'Ид', '564', NULL),
(2027, 2025, 4049, 4060, 4, 'Цены', NULL, NULL),
(2028, 2027, 4050, 4059, 5, 'Цена', NULL, NULL),
(2029, 2028, 4051, 4052, 6, 'ИдТипаЦены', 'BASE', NULL),
(2030, 2028, 4053, 4054, 6, 'ЦенаЗаЕдиницу', '390.00', NULL),
(2031, 2028, 4055, 4056, 6, 'Валюта', 'RUB', NULL),
(2032, 2028, 4057, 4058, 6, 'Единица', '796', NULL),
(2033, 2025, 4061, 4062, 4, 'Количество', '100', NULL),
(2034, 8, 4064, 4081, 3, 'Предложение', NULL, NULL),
(2035, 2034, 4065, 4066, 4, 'Ид', '566', NULL),
(2036, 2034, 4067, 4078, 4, 'Цены', NULL, NULL),
(2037, 2036, 4068, 4077, 5, 'Цена', NULL, NULL),
(2038, 2037, 4069, 4070, 6, 'ИдТипаЦены', 'BASE', NULL),
(2039, 2037, 4071, 4072, 6, 'ЦенаЗаЕдиницу', '390.00', NULL),
(2040, 2037, 4073, 4074, 6, 'Валюта', 'RUB', NULL),
(2041, 2037, 4075, 4076, 6, 'Единица', '796', NULL),
(2042, 2034, 4079, 4080, 4, 'Количество', '100', NULL),
(2043, 8, 4082, 4099, 3, 'Предложение', NULL, NULL),
(2044, 2043, 4083, 4084, 4, 'Ид', '568', NULL),
(2045, 2043, 4085, 4096, 4, 'Цены', NULL, NULL),
(2046, 2045, 4086, 4095, 5, 'Цена', NULL, NULL),
(2047, 2046, 4087, 4088, 6, 'ИдТипаЦены', 'BASE', NULL),
(2048, 2046, 4089, 4090, 6, 'ЦенаЗаЕдиницу', '390.00', NULL),
(2049, 2046, 4091, 4092, 6, 'Валюта', 'RUB', NULL),
(2050, 2046, 4093, 4094, 6, 'Единица', '796', NULL),
(2051, 2043, 4097, 4098, 4, 'Количество', '100', NULL),
(2052, 8, 4100, 4117, 3, 'Предложение', NULL, NULL),
(2053, 2052, 4101, 4102, 4, 'Ид', '569', NULL),
(2054, 2052, 4103, 4114, 4, 'Цены', NULL, NULL),
(2055, 2054, 4104, 4113, 5, 'Цена', NULL, NULL),
(2056, 2055, 4105, 4106, 6, 'ИдТипаЦены', 'BASE', NULL),
(2057, 2055, 4107, 4108, 6, 'ЦенаЗаЕдиницу', '390.00', NULL),
(2058, 2055, 4109, 4110, 6, 'Валюта', 'RUB', NULL),
(2059, 2055, 4111, 4112, 6, 'Единица', '796', NULL),
(2060, 2052, 4115, 4116, 4, 'Количество', '100', NULL),
(2061, 8, 4118, 4135, 3, 'Предложение', NULL, NULL),
(2062, 2061, 4119, 4120, 4, 'Ид', '570', NULL),
(2063, 2061, 4121, 4132, 4, 'Цены', NULL, NULL),
(2064, 2063, 4122, 4131, 5, 'Цена', NULL, NULL),
(2065, 2064, 4123, 4124, 6, 'ИдТипаЦены', 'BASE', NULL),
(2066, 2064, 4125, 4126, 6, 'ЦенаЗаЕдиницу', '390.00', NULL),
(2067, 2064, 4127, 4128, 6, 'Валюта', 'RUB', NULL),
(2068, 2064, 4129, 4130, 6, 'Единица', '796', NULL),
(2069, 2061, 4133, 4134, 4, 'Количество', '100', NULL),
(2070, 8, 4136, 4153, 3, 'Предложение', NULL, NULL),
(2071, 2070, 4137, 4138, 4, 'Ид', '571', NULL),
(2072, 2070, 4139, 4150, 4, 'Цены', NULL, NULL),
(2073, 2072, 4140, 4149, 5, 'Цена', NULL, NULL),
(2074, 2073, 4141, 4142, 6, 'ИдТипаЦены', 'BASE', NULL),
(2075, 2073, 4143, 4144, 6, 'ЦенаЗаЕдиницу', '390.00', NULL),
(2076, 2073, 4145, 4146, 6, 'Валюта', 'RUB', NULL),
(2077, 2073, 4147, 4148, 6, 'Единица', '796', NULL),
(2078, 2070, 4151, 4152, 4, 'Количество', '100', NULL),
(2079, 8, 4154, 4171, 3, 'Предложение', NULL, NULL),
(2080, 2079, 4155, 4156, 4, 'Ид', '573', NULL),
(2081, 2079, 4157, 4168, 4, 'Цены', NULL, NULL),
(2082, 2081, 4158, 4167, 5, 'Цена', NULL, NULL),
(2083, 2082, 4159, 4160, 6, 'ИдТипаЦены', 'BASE', NULL),
(2084, 2082, 4161, 4162, 6, 'ЦенаЗаЕдиницу', '390.00', NULL),
(2085, 2082, 4163, 4164, 6, 'Валюта', 'RUB', NULL),
(2086, 2082, 4165, 4166, 6, 'Единица', '796', NULL),
(2087, 2079, 4169, 4170, 4, 'Количество', '100', NULL),
(2088, 8, 4172, 4189, 3, 'Предложение', NULL, NULL),
(2089, 2088, 4173, 4174, 4, 'Ид', '575', NULL),
(2090, 2088, 4175, 4186, 4, 'Цены', NULL, NULL),
(2091, 2090, 4176, 4185, 5, 'Цена', NULL, NULL),
(2092, 2091, 4177, 4178, 6, 'ИдТипаЦены', 'BASE', NULL),
(2093, 2091, 4179, 4180, 6, 'ЦенаЗаЕдиницу', '390.00', NULL),
(2094, 2091, 4181, 4182, 6, 'Валюта', 'RUB', NULL),
(2095, 2091, 4183, 4184, 6, 'Единица', '796', NULL),
(2096, 2088, 4187, 4188, 4, 'Количество', '100', NULL),
(2097, 8, 4190, 4207, 3, 'Предложение', NULL, NULL),
(2098, 2097, 4191, 4192, 4, 'Ид', '576', NULL),
(2099, 2097, 4193, 4204, 4, 'Цены', NULL, NULL),
(2100, 2099, 4194, 4203, 5, 'Цена', NULL, NULL),
(2101, 2100, 4195, 4196, 6, 'ИдТипаЦены', 'BASE', NULL),
(2102, 2100, 4197, 4198, 6, 'ЦенаЗаЕдиницу', '390.00', NULL),
(2103, 2100, 4199, 4200, 6, 'Валюта', 'RUB', NULL),
(2104, 2100, 4201, 4202, 6, 'Единица', '796', NULL),
(2105, 2097, 4205, 4206, 4, 'Количество', '100', NULL),
(2106, 8, 4208, 4225, 3, 'Предложение', NULL, NULL),
(2107, 2106, 4209, 4210, 4, 'Ид', '577', NULL),
(2108, 2106, 4211, 4222, 4, 'Цены', NULL, NULL),
(2109, 2108, 4212, 4221, 5, 'Цена', NULL, NULL),
(2110, 2109, 4213, 4214, 6, 'ИдТипаЦены', 'BASE', NULL),
(2111, 2109, 4215, 4216, 6, 'ЦенаЗаЕдиницу', '390.00', NULL),
(2112, 2109, 4217, 4218, 6, 'Валюта', 'RUB', NULL),
(2113, 2109, 4219, 4220, 6, 'Единица', '796', NULL),
(2114, 2106, 4223, 4224, 4, 'Количество', '100', NULL),
(2115, 8, 4226, 4243, 3, 'Предложение', NULL, NULL),
(2116, 2115, 4227, 4228, 4, 'Ид', '578', NULL),
(2117, 2115, 4229, 4240, 4, 'Цены', NULL, NULL),
(2118, 2117, 4230, 4239, 5, 'Цена', NULL, NULL),
(2119, 2118, 4231, 4232, 6, 'ИдТипаЦены', 'BASE', NULL),
(2120, 2118, 4233, 4234, 6, 'ЦенаЗаЕдиницу', '390.00', NULL),
(2121, 2118, 4235, 4236, 6, 'Валюта', 'RUB', NULL),
(2122, 2118, 4237, 4238, 6, 'Единица', '796', NULL),
(2123, 2115, 4241, 4242, 4, 'Количество', '100', NULL),
(2124, 8, 4244, 4261, 3, 'Предложение', NULL, NULL),
(2125, 2124, 4245, 4246, 4, 'Ид', '580', NULL),
(2126, 2124, 4247, 4258, 4, 'Цены', NULL, NULL),
(2127, 2126, 4248, 4257, 5, 'Цена', NULL, NULL),
(2128, 2127, 4249, 4250, 6, 'ИдТипаЦены', 'BASE', NULL),
(2129, 2127, 4251, 4252, 6, 'ЦенаЗаЕдиницу', '390.00', NULL),
(2130, 2127, 4253, 4254, 6, 'Валюта', 'RUB', NULL),
(2131, 2127, 4255, 4256, 6, 'Единица', '796', NULL),
(2132, 2124, 4259, 4260, 4, 'Количество', '100', NULL),
(2133, 8, 4262, 4279, 3, 'Предложение', NULL, NULL),
(2134, 2133, 4263, 4264, 4, 'Ид', '582', NULL),
(2135, 2133, 4265, 4276, 4, 'Цены', NULL, NULL),
(2136, 2135, 4266, 4275, 5, 'Цена', NULL, NULL),
(2137, 2136, 4267, 4268, 6, 'ИдТипаЦены', 'BASE', NULL),
(2138, 2136, 4269, 4270, 6, 'ЦенаЗаЕдиницу', '390.00', NULL),
(2139, 2136, 4271, 4272, 6, 'Валюта', 'RUB', NULL),
(2140, 2136, 4273, 4274, 6, 'Единица', '796', NULL),
(2141, 2133, 4277, 4278, 4, 'Количество', '100', NULL),
(2142, 8, 4280, 4297, 3, 'Предложение', NULL, NULL),
(2143, 2142, 4281, 4282, 4, 'Ид', '583', NULL),
(2144, 2142, 4283, 4294, 4, 'Цены', NULL, NULL),
(2145, 2144, 4284, 4293, 5, 'Цена', NULL, NULL),
(2146, 2145, 4285, 4286, 6, 'ИдТипаЦены', 'BASE', NULL),
(2147, 2145, 4287, 4288, 6, 'ЦенаЗаЕдиницу', '390.00', NULL),
(2148, 2145, 4289, 4290, 6, 'Валюта', 'RUB', NULL),
(2149, 2145, 4291, 4292, 6, 'Единица', '796', NULL),
(2150, 2142, 4295, 4296, 4, 'Количество', '100', NULL),
(2151, 8, 4298, 4315, 3, 'Предложение', NULL, NULL),
(2152, 2151, 4299, 4300, 4, 'Ид', '584', NULL),
(2153, 2151, 4301, 4312, 4, 'Цены', NULL, NULL),
(2154, 2153, 4302, 4311, 5, 'Цена', NULL, NULL),
(2155, 2154, 4303, 4304, 6, 'ИдТипаЦены', 'BASE', NULL),
(2156, 2154, 4305, 4306, 6, 'ЦенаЗаЕдиницу', '390.00', NULL),
(2157, 2154, 4307, 4308, 6, 'Валюта', 'RUB', NULL),
(2158, 2154, 4309, 4310, 6, 'Единица', '796', NULL),
(2159, 2151, 4313, 4314, 4, 'Количество', '100', NULL),
(2160, 8, 4316, 4333, 3, 'Предложение', NULL, NULL),
(2161, 2160, 4317, 4318, 4, 'Ид', '585', NULL),
(2162, 2160, 4319, 4330, 4, 'Цены', NULL, NULL),
(2163, 2162, 4320, 4329, 5, 'Цена', NULL, NULL),
(2164, 2163, 4321, 4322, 6, 'ИдТипаЦены', 'BASE', NULL),
(2165, 2163, 4323, 4324, 6, 'ЦенаЗаЕдиницу', '390.00', NULL),
(2166, 2163, 4325, 4326, 6, 'Валюта', 'RUB', NULL),
(2167, 2163, 4327, 4328, 6, 'Единица', '796', NULL),
(2168, 2160, 4331, 4332, 4, 'Количество', '100', NULL),
(2169, 8, 4334, 4351, 3, 'Предложение', NULL, NULL),
(2170, 2169, 4335, 4336, 4, 'Ид', '587', NULL),
(2171, 2169, 4337, 4348, 4, 'Цены', NULL, NULL),
(2172, 2171, 4338, 4347, 5, 'Цена', NULL, NULL),
(2173, 2172, 4339, 4340, 6, 'ИдТипаЦены', 'BASE', NULL),
(2174, 2172, 4341, 4342, 6, 'ЦенаЗаЕдиницу', '390.00', NULL),
(2175, 2172, 4343, 4344, 6, 'Валюта', 'RUB', NULL),
(2176, 2172, 4345, 4346, 6, 'Единица', '796', NULL),
(2177, 2169, 4349, 4350, 4, 'Количество', '100', NULL),
(2178, 8, 4352, 4369, 3, 'Предложение', NULL, NULL),
(2179, 2178, 4353, 4354, 4, 'Ид', '589', NULL),
(2180, 2178, 4355, 4366, 4, 'Цены', NULL, NULL),
(2181, 2180, 4356, 4365, 5, 'Цена', NULL, NULL),
(2182, 2181, 4357, 4358, 6, 'ИдТипаЦены', 'BASE', NULL),
(2183, 2181, 4359, 4360, 6, 'ЦенаЗаЕдиницу', '390.00', NULL),
(2184, 2181, 4361, 4362, 6, 'Валюта', 'RUB', NULL),
(2185, 2181, 4363, 4364, 6, 'Единица', '796', NULL),
(2186, 2178, 4367, 4368, 4, 'Количество', '100', NULL),
(2187, 8, 4370, 4387, 3, 'Предложение', NULL, NULL),
(2188, 2187, 4371, 4372, 4, 'Ид', '590', NULL),
(2189, 2187, 4373, 4384, 4, 'Цены', NULL, NULL),
(2190, 2189, 4374, 4383, 5, 'Цена', NULL, NULL),
(2191, 2190, 4375, 4376, 6, 'ИдТипаЦены', 'BASE', NULL),
(2192, 2190, 4377, 4378, 6, 'ЦенаЗаЕдиницу', '390.00', NULL),
(2193, 2190, 4379, 4380, 6, 'Валюта', 'RUB', NULL),
(2194, 2190, 4381, 4382, 6, 'Единица', '796', NULL),
(2195, 2187, 4385, 4386, 4, 'Количество', '100', NULL),
(2196, 8, 4388, 4405, 3, 'Предложение', NULL, NULL),
(2197, 2196, 4389, 4390, 4, 'Ид', '591', NULL),
(2198, 2196, 4391, 4402, 4, 'Цены', NULL, NULL),
(2199, 2198, 4392, 4401, 5, 'Цена', NULL, NULL),
(2200, 2199, 4393, 4394, 6, 'ИдТипаЦены', 'BASE', NULL),
(2201, 2199, 4395, 4396, 6, 'ЦенаЗаЕдиницу', '390.00', NULL),
(2202, 2199, 4397, 4398, 6, 'Валюта', 'RUB', NULL),
(2203, 2199, 4399, 4400, 6, 'Единица', '796', NULL),
(2204, 2196, 4403, 4404, 4, 'Количество', '100', NULL),
(2205, 8, 4406, 4423, 3, 'Предложение', NULL, NULL),
(2206, 2205, 4407, 4408, 4, 'Ид', '592', NULL),
(2207, 2205, 4409, 4420, 4, 'Цены', NULL, NULL),
(2208, 2207, 4410, 4419, 5, 'Цена', NULL, NULL),
(2209, 2208, 4411, 4412, 6, 'ИдТипаЦены', 'BASE', NULL),
(2210, 2208, 4413, 4414, 6, 'ЦенаЗаЕдиницу', '390.00', NULL),
(2211, 2208, 4415, 4416, 6, 'Валюта', 'RUB', NULL),
(2212, 2208, 4417, 4418, 6, 'Единица', '796', NULL),
(2213, 2205, 4421, 4422, 4, 'Количество', '100', NULL),
(2214, 8, 4424, 4441, 3, 'Предложение', NULL, NULL),
(2215, 2214, 4425, 4426, 4, 'Ид', '594', NULL),
(2216, 2214, 4427, 4438, 4, 'Цены', NULL, NULL),
(2217, 2216, 4428, 4437, 5, 'Цена', NULL, NULL),
(2218, 2217, 4429, 4430, 6, 'ИдТипаЦены', 'BASE', NULL),
(2219, 2217, 4431, 4432, 6, 'ЦенаЗаЕдиницу', '390.00', NULL),
(2220, 2217, 4433, 4434, 6, 'Валюта', 'RUB', NULL),
(2221, 2217, 4435, 4436, 6, 'Единица', '796', NULL),
(2222, 2214, 4439, 4440, 4, 'Количество', '100', NULL),
(2223, 8, 4442, 4459, 3, 'Предложение', NULL, NULL),
(2224, 2223, 4443, 4444, 4, 'Ид', '596', NULL),
(2225, 2223, 4445, 4456, 4, 'Цены', NULL, NULL),
(2226, 2225, 4446, 4455, 5, 'Цена', NULL, NULL),
(2227, 2226, 4447, 4448, 6, 'ИдТипаЦены', 'BASE', NULL),
(2228, 2226, 4449, 4450, 6, 'ЦенаЗаЕдиницу', '390.00', NULL),
(2229, 2226, 4451, 4452, 6, 'Валюта', 'RUB', NULL),
(2230, 2226, 4453, 4454, 6, 'Единица', '796', NULL),
(2231, 2223, 4457, 4458, 4, 'Количество', '100', NULL),
(2232, 8, 4460, 4477, 3, 'Предложение', NULL, NULL),
(2233, 2232, 4461, 4462, 4, 'Ид', '597', NULL),
(2234, 2232, 4463, 4474, 4, 'Цены', NULL, NULL),
(2235, 2234, 4464, 4473, 5, 'Цена', NULL, NULL),
(2236, 2235, 4465, 4466, 6, 'ИдТипаЦены', 'BASE', NULL),
(2237, 2235, 4467, 4468, 6, 'ЦенаЗаЕдиницу', '390.00', NULL),
(2238, 2235, 4469, 4470, 6, 'Валюта', 'RUB', NULL),
(2239, 2235, 4471, 4472, 6, 'Единица', '796', NULL),
(2240, 2232, 4475, 4476, 4, 'Количество', '100', NULL),
(2241, 8, 4478, 4495, 3, 'Предложение', NULL, NULL),
(2242, 2241, 4479, 4480, 4, 'Ид', '598', NULL),
(2243, 2241, 4481, 4492, 4, 'Цены', NULL, NULL),
(2244, 2243, 4482, 4491, 5, 'Цена', NULL, NULL),
(2245, 2244, 4483, 4484, 6, 'ИдТипаЦены', 'BASE', NULL),
(2246, 2244, 4485, 4486, 6, 'ЦенаЗаЕдиницу', '390.00', NULL),
(2247, 2244, 4487, 4488, 6, 'Валюта', 'RUB', NULL),
(2248, 2244, 4489, 4490, 6, 'Единица', '796', NULL),
(2249, 2241, 4493, 4494, 4, 'Количество', '100', NULL),
(2250, 8, 4496, 4513, 3, 'Предложение', NULL, NULL),
(2251, 2250, 4497, 4498, 4, 'Ид', '599', NULL),
(2252, 2250, 4499, 4510, 4, 'Цены', NULL, NULL),
(2253, 2252, 4500, 4509, 5, 'Цена', NULL, NULL),
(2254, 2253, 4501, 4502, 6, 'ИдТипаЦены', 'BASE', NULL),
(2255, 2253, 4503, 4504, 6, 'ЦенаЗаЕдиницу', '390.00', NULL),
(2256, 2253, 4505, 4506, 6, 'Валюта', 'RUB', NULL),
(2257, 2253, 4507, 4508, 6, 'Единица', '796', NULL),
(2258, 2250, 4511, 4512, 4, 'Количество', '100', NULL),
(2259, 8, 4514, 4531, 3, 'Предложение', NULL, NULL),
(2260, 2259, 4515, 4516, 4, 'Ид', '603', NULL),
(2261, 2259, 4517, 4528, 4, 'Цены', NULL, NULL),
(2262, 2261, 4518, 4527, 5, 'Цена', NULL, NULL),
(2263, 2262, 4519, 4520, 6, 'ИдТипаЦены', 'BASE', NULL),
(2264, 2262, 4521, 4522, 6, 'ЦенаЗаЕдиницу', '1190.00', NULL),
(2265, 2262, 4523, 4524, 6, 'Валюта', 'RUB', NULL),
(2266, 2262, 4525, 4526, 6, 'Единица', '796', NULL),
(2267, 2259, 4529, 4530, 4, 'Количество', '100', NULL),
(2268, 8, 4532, 4549, 3, 'Предложение', NULL, NULL),
(2269, 2268, 4533, 4534, 4, 'Ид', '605', NULL),
(2270, 2268, 4535, 4546, 4, 'Цены', NULL, NULL),
(2271, 2270, 4536, 4545, 5, 'Цена', NULL, NULL),
(2272, 2271, 4537, 4538, 6, 'ИдТипаЦены', 'BASE', NULL),
(2273, 2271, 4539, 4540, 6, 'ЦенаЗаЕдиницу', '1190.00', NULL),
(2274, 2271, 4541, 4542, 6, 'Валюта', 'RUB', NULL),
(2275, 2271, 4543, 4544, 6, 'Единица', '796', NULL),
(2276, 2268, 4547, 4548, 4, 'Количество', '100', NULL),
(2277, 8, 4550, 4567, 3, 'Предложение', NULL, NULL),
(2278, 2277, 4551, 4552, 4, 'Ид', '606', NULL),
(2279, 2277, 4553, 4564, 4, 'Цены', NULL, NULL),
(2280, 2279, 4554, 4563, 5, 'Цена', NULL, NULL),
(2281, 2280, 4555, 4556, 6, 'ИдТипаЦены', 'BASE', NULL),
(2282, 2280, 4557, 4558, 6, 'ЦенаЗаЕдиницу', '1190.00', NULL),
(2283, 2280, 4559, 4560, 6, 'Валюта', 'RUB', NULL),
(2284, 2280, 4561, 4562, 6, 'Единица', '796', NULL),
(2285, 2277, 4565, 4566, 4, 'Количество', '100', NULL),
(2286, 8, 4568, 4585, 3, 'Предложение', NULL, NULL),
(2287, 2286, 4569, 4570, 4, 'Ид', '607', NULL),
(2288, 2286, 4571, 4582, 4, 'Цены', NULL, NULL),
(2289, 2288, 4572, 4581, 5, 'Цена', NULL, NULL),
(2290, 2289, 4573, 4574, 6, 'ИдТипаЦены', 'BASE', NULL),
(2291, 2289, 4575, 4576, 6, 'ЦенаЗаЕдиницу', '1190.00', NULL),
(2292, 2289, 4577, 4578, 6, 'Валюта', 'RUB', NULL),
(2293, 2289, 4579, 4580, 6, 'Единица', '796', NULL),
(2294, 2286, 4583, 4584, 4, 'Количество', '100', NULL),
(2295, 8, 4586, 4603, 3, 'Предложение', NULL, NULL),
(2296, 2295, 4587, 4588, 4, 'Ид', '608', NULL),
(2297, 2295, 4589, 4600, 4, 'Цены', NULL, NULL),
(2298, 2297, 4590, 4599, 5, 'Цена', NULL, NULL),
(2299, 2298, 4591, 4592, 6, 'ИдТипаЦены', 'BASE', NULL),
(2300, 2298, 4593, 4594, 6, 'ЦенаЗаЕдиницу', '1190.00', NULL),
(2301, 2298, 4595, 4596, 6, 'Валюта', 'RUB', NULL),
(2302, 2298, 4597, 4598, 6, 'Единица', '796', NULL),
(2303, 2295, 4601, 4602, 4, 'Количество', '100', NULL),
(2304, 8, 4604, 4621, 3, 'Предложение', NULL, NULL),
(2305, 2304, 4605, 4606, 4, 'Ид', '612', NULL),
(2306, 2304, 4607, 4618, 4, 'Цены', NULL, NULL),
(2307, 2306, 4608, 4617, 5, 'Цена', NULL, NULL),
(2308, 2307, 4609, 4610, 6, 'ИдТипаЦены', 'BASE', NULL),
(2309, 2307, 4611, 4612, 6, 'ЦенаЗаЕдиницу', '730.00', NULL),
(2310, 2307, 4613, 4614, 6, 'Валюта', 'RUB', NULL),
(2311, 2307, 4615, 4616, 6, 'Единица', '796', NULL),
(2312, 2304, 4619, 4620, 4, 'Количество', '100', NULL),
(2313, 8, 4622, 4639, 3, 'Предложение', NULL, NULL),
(2314, 2313, 4623, 4624, 4, 'Ид', '614', NULL),
(2315, 2313, 4625, 4636, 4, 'Цены', NULL, NULL),
(2316, 2315, 4626, 4635, 5, 'Цена', NULL, NULL),
(2317, 2316, 4627, 4628, 6, 'ИдТипаЦены', 'BASE', NULL),
(2318, 2316, 4629, 4630, 6, 'ЦенаЗаЕдиницу', '730.00', NULL),
(2319, 2316, 4631, 4632, 6, 'Валюта', 'RUB', NULL),
(2320, 2316, 4633, 4634, 6, 'Единица', '796', NULL),
(2321, 2313, 4637, 4638, 4, 'Количество', '100', NULL),
(2322, 8, 4640, 4657, 3, 'Предложение', NULL, NULL),
(2323, 2322, 4641, 4642, 4, 'Ид', '615', NULL),
(2324, 2322, 4643, 4654, 4, 'Цены', NULL, NULL),
(2325, 2324, 4644, 4653, 5, 'Цена', NULL, NULL),
(2326, 2325, 4645, 4646, 6, 'ИдТипаЦены', 'BASE', NULL),
(2327, 2325, 4647, 4648, 6, 'ЦенаЗаЕдиницу', '730.00', NULL),
(2328, 2325, 4649, 4650, 6, 'Валюта', 'RUB', NULL),
(2329, 2325, 4651, 4652, 6, 'Единица', '796', NULL),
(2330, 2322, 4655, 4656, 4, 'Количество', '100', NULL),
(2331, 8, 4658, 4675, 3, 'Предложение', NULL, NULL),
(2332, 2331, 4659, 4660, 4, 'Ид', '616', NULL),
(2333, 2331, 4661, 4672, 4, 'Цены', NULL, NULL),
(2334, 2333, 4662, 4671, 5, 'Цена', NULL, NULL),
(2335, 2334, 4663, 4664, 6, 'ИдТипаЦены', 'BASE', NULL),
(2336, 2334, 4665, 4666, 6, 'ЦенаЗаЕдиницу', '730.00', NULL),
(2337, 2334, 4667, 4668, 6, 'Валюта', 'RUB', NULL),
(2338, 2334, 4669, 4670, 6, 'Единица', '796', NULL),
(2339, 2331, 4673, 4674, 4, 'Количество', '100', NULL),
(2340, 8, 4676, 4693, 3, 'Предложение', NULL, NULL),
(2341, 2340, 4677, 4678, 4, 'Ид', '617', NULL),
(2342, 2340, 4679, 4690, 4, 'Цены', NULL, NULL),
(2343, 2342, 4680, 4689, 5, 'Цена', NULL, NULL),
(2344, 2343, 4681, 4682, 6, 'ИдТипаЦены', 'BASE', NULL),
(2345, 2343, 4683, 4684, 6, 'ЦенаЗаЕдиницу', '730.00', NULL),
(2346, 2343, 4685, 4686, 6, 'Валюта', 'RUB', NULL),
(2347, 2343, 4687, 4688, 6, 'Единица', '796', NULL),
(2348, 2340, 4691, 4692, 4, 'Количество', '100', NULL),
(2349, 8, 4694, 4711, 3, 'Предложение', NULL, NULL),
(2350, 2349, 4695, 4696, 4, 'Ид', '621', NULL),
(2351, 2349, 4697, 4708, 4, 'Цены', NULL, NULL),
(2352, 2351, 4698, 4707, 5, 'Цена', NULL, NULL),
(2353, 2352, 4699, 4700, 6, 'ИдТипаЦены', 'BASE', NULL),
(2354, 2352, 4701, 4702, 6, 'ЦенаЗаЕдиницу', '799.00', NULL),
(2355, 2352, 4703, 4704, 6, 'Валюта', 'RUB', NULL),
(2356, 2352, 4705, 4706, 6, 'Единица', '796', NULL),
(2357, 2349, 4709, 4710, 4, 'Количество', '100', NULL),
(2358, 8, 4712, 4729, 3, 'Предложение', NULL, NULL),
(2359, 2358, 4713, 4714, 4, 'Ид', '623', NULL),
(2360, 2358, 4715, 4726, 4, 'Цены', NULL, NULL),
(2361, 2360, 4716, 4725, 5, 'Цена', NULL, NULL),
(2362, 2361, 4717, 4718, 6, 'ИдТипаЦены', 'BASE', NULL),
(2363, 2361, 4719, 4720, 6, 'ЦенаЗаЕдиницу', '799.00', NULL),
(2364, 2361, 4721, 4722, 6, 'Валюта', 'RUB', NULL),
(2365, 2361, 4723, 4724, 6, 'Единица', '796', NULL),
(2366, 2358, 4727, 4728, 4, 'Количество', '100', NULL),
(2367, 8, 4730, 4747, 3, 'Предложение', NULL, NULL),
(2368, 2367, 4731, 4732, 4, 'Ид', '624', NULL),
(2369, 2367, 4733, 4744, 4, 'Цены', NULL, NULL),
(2370, 2369, 4734, 4743, 5, 'Цена', NULL, NULL),
(2371, 2370, 4735, 4736, 6, 'ИдТипаЦены', 'BASE', NULL),
(2372, 2370, 4737, 4738, 6, 'ЦенаЗаЕдиницу', '799.00', NULL),
(2373, 2370, 4739, 4740, 6, 'Валюта', 'RUB', NULL),
(2374, 2370, 4741, 4742, 6, 'Единица', '796', NULL),
(2375, 2367, 4745, 4746, 4, 'Количество', '100', NULL),
(2376, 8, 4748, 4765, 3, 'Предложение', NULL, NULL),
(2377, 2376, 4749, 4750, 4, 'Ид', '625', NULL),
(2378, 2376, 4751, 4762, 4, 'Цены', NULL, NULL),
(2379, 2378, 4752, 4761, 5, 'Цена', NULL, NULL),
(2380, 2379, 4753, 4754, 6, 'ИдТипаЦены', 'BASE', NULL),
(2381, 2379, 4755, 4756, 6, 'ЦенаЗаЕдиницу', '799.00', NULL),
(2382, 2379, 4757, 4758, 6, 'Валюта', 'RUB', NULL),
(2383, 2379, 4759, 4760, 6, 'Единица', '796', NULL),
(2384, 2376, 4763, 4764, 4, 'Количество', '100', NULL),
(2385, 8, 4766, 4783, 3, 'Предложение', NULL, NULL),
(2386, 2385, 4767, 4768, 4, 'Ид', '626', NULL),
(2387, 2385, 4769, 4780, 4, 'Цены', NULL, NULL),
(2388, 2387, 4770, 4779, 5, 'Цена', NULL, NULL),
(2389, 2388, 4771, 4772, 6, 'ИдТипаЦены', 'BASE', NULL),
(2390, 2388, 4773, 4774, 6, 'ЦенаЗаЕдиницу', '799.00', NULL),
(2391, 2388, 4775, 4776, 6, 'Валюта', 'RUB', NULL),
(2392, 2388, 4777, 4778, 6, 'Единица', '796', NULL),
(2393, 2385, 4781, 4782, 4, 'Количество', '100', NULL),
(2394, 8, 4784, 4801, 3, 'Предложение', NULL, NULL),
(2395, 2394, 4785, 4786, 4, 'Ид', '630', NULL),
(2396, 2394, 4787, 4798, 4, 'Цены', NULL, NULL),
(2397, 2396, 4788, 4797, 5, 'Цена', NULL, NULL),
(2398, 2397, 4789, 4790, 6, 'ИдТипаЦены', 'BASE', NULL),
(2399, 2397, 4791, 4792, 6, 'ЦенаЗаЕдиницу', '750.00', NULL),
(2400, 2397, 4793, 4794, 6, 'Валюта', 'RUB', NULL),
(2401, 2397, 4795, 4796, 6, 'Единица', '796', NULL),
(2402, 2394, 4799, 4800, 4, 'Количество', '100', NULL),
(2403, 8, 4802, 4819, 3, 'Предложение', NULL, NULL),
(2404, 2403, 4803, 4804, 4, 'Ид', '632', NULL),
(2405, 2403, 4805, 4816, 4, 'Цены', NULL, NULL),
(2406, 2405, 4806, 4815, 5, 'Цена', NULL, NULL),
(2407, 2406, 4807, 4808, 6, 'ИдТипаЦены', 'BASE', NULL),
(2408, 2406, 4809, 4810, 6, 'ЦенаЗаЕдиницу', '750.00', NULL),
(2409, 2406, 4811, 4812, 6, 'Валюта', 'RUB', NULL),
(2410, 2406, 4813, 4814, 6, 'Единица', '796', NULL),
(2411, 2403, 4817, 4818, 4, 'Количество', '100', NULL),
(2412, 8, 4820, 4837, 3, 'Предложение', NULL, NULL),
(2413, 2412, 4821, 4822, 4, 'Ид', '633', NULL),
(2414, 2412, 4823, 4834, 4, 'Цены', NULL, NULL),
(2415, 2414, 4824, 4833, 5, 'Цена', NULL, NULL),
(2416, 2415, 4825, 4826, 6, 'ИдТипаЦены', 'BASE', NULL),
(2417, 2415, 4827, 4828, 6, 'ЦенаЗаЕдиницу', '750.00', NULL),
(2418, 2415, 4829, 4830, 6, 'Валюта', 'RUB', NULL),
(2419, 2415, 4831, 4832, 6, 'Единица', '796', NULL),
(2420, 2412, 4835, 4836, 4, 'Количество', '100', NULL),
(2421, 8, 4838, 4855, 3, 'Предложение', NULL, NULL),
(2422, 2421, 4839, 4840, 4, 'Ид', '634', NULL),
(2423, 2421, 4841, 4852, 4, 'Цены', NULL, NULL),
(2424, 2423, 4842, 4851, 5, 'Цена', NULL, NULL),
(2425, 2424, 4843, 4844, 6, 'ИдТипаЦены', 'BASE', NULL),
(2426, 2424, 4845, 4846, 6, 'ЦенаЗаЕдиницу', '750.00', NULL),
(2427, 2424, 4847, 4848, 6, 'Валюта', 'RUB', NULL),
(2428, 2424, 4849, 4850, 6, 'Единица', '796', NULL),
(2429, 2421, 4853, 4854, 4, 'Количество', '100', NULL),
(2430, 8, 4856, 4873, 3, 'Предложение', NULL, NULL),
(2431, 2430, 4857, 4858, 4, 'Ид', '635', NULL),
(2432, 2430, 4859, 4870, 4, 'Цены', NULL, NULL),
(2433, 2432, 4860, 4869, 5, 'Цена', NULL, NULL),
(2434, 2433, 4861, 4862, 6, 'ИдТипаЦены', 'BASE', NULL),
(2435, 2433, 4863, 4864, 6, 'ЦенаЗаЕдиницу', '750.00', NULL),
(2436, 2433, 4865, 4866, 6, 'Валюта', 'RUB', NULL),
(2437, 2433, 4867, 4868, 6, 'Единица', '796', NULL),
(2438, 2430, 4871, 4872, 4, 'Количество', '100', NULL),
(2439, 8, 4874, 4891, 3, 'Предложение', NULL, NULL),
(2440, 2439, 4875, 4876, 4, 'Ид', '639', NULL),
(2441, 2439, 4877, 4888, 4, 'Цены', NULL, NULL),
(2442, 2441, 4878, 4887, 5, 'Цена', NULL, NULL),
(2443, 2442, 4879, 4880, 6, 'ИдТипаЦены', 'BASE', NULL),
(2444, 2442, 4881, 4882, 6, 'ЦенаЗаЕдиницу', '715.00', NULL),
(2445, 2442, 4883, 4884, 6, 'Валюта', 'RUB', NULL),
(2446, 2442, 4885, 4886, 6, 'Единица', '796', NULL),
(2447, 2439, 4889, 4890, 4, 'Количество', '100', NULL),
(2448, 8, 4892, 4909, 3, 'Предложение', NULL, NULL),
(2449, 2448, 4893, 4894, 4, 'Ид', '641', NULL),
(2450, 2448, 4895, 4906, 4, 'Цены', NULL, NULL),
(2451, 2450, 4896, 4905, 5, 'Цена', NULL, NULL),
(2452, 2451, 4897, 4898, 6, 'ИдТипаЦены', 'BASE', NULL),
(2453, 2451, 4899, 4900, 6, 'ЦенаЗаЕдиницу', '715.00', NULL),
(2454, 2451, 4901, 4902, 6, 'Валюта', 'RUB', NULL),
(2455, 2451, 4903, 4904, 6, 'Единица', '796', NULL),
(2456, 2448, 4907, 4908, 4, 'Количество', '100', NULL),
(2457, 8, 4910, 4927, 3, 'Предложение', NULL, NULL),
(2458, 2457, 4911, 4912, 4, 'Ид', '642', NULL),
(2459, 2457, 4913, 4924, 4, 'Цены', NULL, NULL),
(2460, 2459, 4914, 4923, 5, 'Цена', NULL, NULL),
(2461, 2460, 4915, 4916, 6, 'ИдТипаЦены', 'BASE', NULL),
(2462, 2460, 4917, 4918, 6, 'ЦенаЗаЕдиницу', '715.00', NULL),
(2463, 2460, 4919, 4920, 6, 'Валюта', 'RUB', NULL),
(2464, 2460, 4921, 4922, 6, 'Единица', '796', NULL),
(2465, 2457, 4925, 4926, 4, 'Количество', '100', NULL),
(2466, 8, 4928, 4945, 3, 'Предложение', NULL, NULL),
(2467, 2466, 4929, 4930, 4, 'Ид', '643', NULL),
(2468, 2466, 4931, 4942, 4, 'Цены', NULL, NULL),
(2469, 2468, 4932, 4941, 5, 'Цена', NULL, NULL),
(2470, 2469, 4933, 4934, 6, 'ИдТипаЦены', 'BASE', NULL),
(2471, 2469, 4935, 4936, 6, 'ЦенаЗаЕдиницу', '715.00', NULL),
(2472, 2469, 4937, 4938, 6, 'Валюта', 'RUB', NULL),
(2473, 2469, 4939, 4940, 6, 'Единица', '796', NULL),
(2474, 2466, 4943, 4944, 4, 'Количество', '100', NULL),
(2475, 8, 4946, 4963, 3, 'Предложение', NULL, NULL),
(2476, 2475, 4947, 4948, 4, 'Ид', '644', NULL),
(2477, 2475, 4949, 4960, 4, 'Цены', NULL, NULL),
(2478, 2477, 4950, 4959, 5, 'Цена', NULL, NULL),
(2479, 2478, 4951, 4952, 6, 'ИдТипаЦены', 'BASE', NULL),
(2480, 2478, 4953, 4954, 6, 'ЦенаЗаЕдиницу', '715.00', NULL),
(2481, 2478, 4955, 4956, 6, 'Валюта', 'RUB', NULL),
(2482, 2478, 4957, 4958, 6, 'Единица', '796', NULL),
(2483, 2475, 4961, 4962, 4, 'Количество', '100', NULL),
(2484, 8, 4964, 4981, 3, 'Предложение', NULL, NULL),
(2485, 2484, 4965, 4966, 4, 'Ид', '659', NULL),
(2486, 2484, 4967, 4978, 4, 'Цены', NULL, NULL),
(2487, 2486, 4968, 4977, 5, 'Цена', NULL, NULL),
(2488, 2487, 4969, 4970, 6, 'ИдТипаЦены', 'BASE', NULL),
(2489, 2487, 4971, 4972, 6, 'ЦенаЗаЕдиницу', '300.00', NULL),
(2490, 2487, 4973, 4974, 6, 'Валюта', 'RUB', NULL),
(2491, 2487, 4975, 4976, 6, 'Единица', '796', NULL),
(2492, 2484, 4979, 4980, 4, 'Количество', '0', NULL),
(2493, 1, 4984, 5285, 1, 'НаборыТоваров', NULL, NULL),
(2494, 2493, 4985, 5044, 2, 'НаборыТовара', NULL, NULL),
(2495, 2494, 4986, 4987, 3, 'Ид', '276', NULL),
(2496, 2494, 4988, 5043, 3, 'Набор', NULL, NULL),
(2497, 2496, 4989, 4994, 4, 'ЭлементНабора', NULL, NULL),
(2498, 2497, 4990, 4991, 5, 'Значение', '343', NULL),
(2499, 2497, 4992, 4993, 5, 'Сортировка', '100', NULL),
(2500, 2496, 4995, 5000, 4, 'ЭлементНабора', NULL, NULL),
(2501, 2500, 4996, 4997, 5, 'Значение', '573', NULL),
(2502, 2500, 4998, 4999, 5, 'Сортировка', '200', NULL),
(2503, 2496, 5001, 5006, 4, 'ЭлементНабора', NULL, NULL),
(2504, 2503, 5002, 5003, 5, 'Значение', '522', NULL),
(2505, 2503, 5004, 5005, 5, 'Сортировка', '300', NULL),
(2506, 2496, 5007, 5012, 4, 'ЭлементНабора', NULL, NULL),
(2507, 2506, 5008, 5009, 5, 'Значение', '495', NULL),
(2508, 2506, 5010, 5011, 5, 'Сортировка', '400', NULL),
(2509, 2496, 5013, 5018, 4, 'ЭлементНабора', NULL, NULL),
(2510, 2509, 5014, 5015, 5, 'Значение', '630', NULL),
(2511, 2509, 5016, 5017, 5, 'Сортировка', '500', NULL),
(2512, 2496, 5019, 5024, 4, 'ЭлементНабора', NULL, NULL),
(2513, 2512, 5020, 5021, 5, 'Значение', '612', NULL),
(2514, 2512, 5022, 5023, 5, 'Сортировка', '600', NULL),
(2515, 2496, 5025, 5030, 4, 'ЭлементНабора', NULL, NULL),
(2516, 2515, 5026, 5027, 5, 'Значение', '559', NULL),
(2517, 2515, 5028, 5029, 5, 'Сортировка', '700', NULL),
(2518, 2496, 5031, 5036, 4, 'ЭлементНабора', NULL, NULL),
(2519, 2518, 5032, 5033, 5, 'Значение', '291', NULL),
(2520, 2518, 5034, 5035, 5, 'Сортировка', '800', NULL),
(2521, 2496, 5037, 5042, 4, 'ЭлементНабора', NULL, NULL),
(2522, 2521, 5038, 5039, 5, 'Значение', '300', NULL),
(2523, 2521, 5040, 5041, 5, 'Сортировка', '900', NULL),
(2524, 2493, 5045, 5104, 2, 'НаборыТовара', NULL, NULL),
(2525, 2524, 5046, 5047, 3, 'Ид', '275', NULL),
(2526, 2524, 5048, 5103, 3, 'Набор', NULL, NULL),
(2527, 2526, 5049, 5054, 4, 'ЭлементНабора', NULL, NULL),
(2528, 2527, 5050, 5051, 5, 'Значение', '343', NULL),
(2529, 2527, 5052, 5053, 5, 'Сортировка', '100', NULL),
(2530, 2526, 5055, 5060, 4, 'ЭлементНабора', NULL, NULL),
(2531, 2530, 5056, 5057, 5, 'Значение', '573', NULL),
(2532, 2530, 5058, 5059, 5, 'Сортировка', '200', NULL),
(2533, 2526, 5061, 5066, 4, 'ЭлементНабора', NULL, NULL),
(2534, 2533, 5062, 5063, 5, 'Значение', '522', NULL),
(2535, 2533, 5064, 5065, 5, 'Сортировка', '300', NULL),
(2536, 2526, 5067, 5072, 4, 'ЭлементНабора', NULL, NULL),
(2537, 2536, 5068, 5069, 5, 'Значение', '495', NULL),
(2538, 2536, 5070, 5071, 5, 'Сортировка', '400', NULL),
(2539, 2526, 5073, 5078, 4, 'ЭлементНабора', NULL, NULL),
(2540, 2539, 5074, 5075, 5, 'Значение', '630', NULL),
(2541, 2539, 5076, 5077, 5, 'Сортировка', '500', NULL),
(2542, 2526, 5079, 5084, 4, 'ЭлементНабора', NULL, NULL),
(2543, 2542, 5080, 5081, 5, 'Значение', '612', NULL),
(2544, 2542, 5082, 5083, 5, 'Сортировка', '600', NULL),
(2545, 2526, 5085, 5090, 4, 'ЭлементНабора', NULL, NULL),
(2546, 2545, 5086, 5087, 5, 'Значение', '559', NULL),
(2547, 2545, 5088, 5089, 5, 'Сортировка', '700', NULL),
(2548, 2526, 5091, 5096, 4, 'ЭлементНабора', NULL, NULL),
(2549, 2548, 5092, 5093, 5, 'Значение', '291', NULL),
(2550, 2548, 5094, 5095, 5, 'Сортировка', '800', NULL),
(2551, 2526, 5097, 5102, 4, 'ЭлементНабора', NULL, NULL),
(2552, 2551, 5098, 5099, 5, 'Значение', '300', NULL),
(2553, 2551, 5100, 5101, 5, 'Сортировка', '900', NULL),
(2554, 2493, 5105, 5164, 2, 'НаборыТовара', NULL, NULL),
(2555, 2554, 5106, 5107, 3, 'Ид', '273', NULL),
(2556, 2554, 5108, 5163, 3, 'Набор', NULL, NULL),
(2557, 2556, 5109, 5114, 4, 'ЭлементНабора', NULL, NULL),
(2558, 2557, 5110, 5111, 5, 'Значение', '343', NULL),
(2559, 2557, 5112, 5113, 5, 'Сортировка', '100', NULL),
(2560, 2556, 5115, 5120, 4, 'ЭлементНабора', NULL, NULL),
(2561, 2560, 5116, 5117, 5, 'Значение', '573', NULL),
(2562, 2560, 5118, 5119, 5, 'Сортировка', '200', NULL),
(2563, 2556, 5121, 5126, 4, 'ЭлементНабора', NULL, NULL),
(2564, 2563, 5122, 5123, 5, 'Значение', '522', NULL),
(2565, 2563, 5124, 5125, 5, 'Сортировка', '300', NULL),
(2566, 2556, 5127, 5132, 4, 'ЭлементНабора', NULL, NULL),
(2567, 2566, 5128, 5129, 5, 'Значение', '495', NULL),
(2568, 2566, 5130, 5131, 5, 'Сортировка', '400', NULL),
(2569, 2556, 5133, 5138, 4, 'ЭлементНабора', NULL, NULL),
(2570, 2569, 5134, 5135, 5, 'Значение', '630', NULL),
(2571, 2569, 5136, 5137, 5, 'Сортировка', '500', NULL),
(2572, 2556, 5139, 5144, 4, 'ЭлементНабора', NULL, NULL),
(2573, 2572, 5140, 5141, 5, 'Значение', '612', NULL),
(2574, 2572, 5142, 5143, 5, 'Сортировка', '600', NULL),
(2575, 2556, 5145, 5150, 4, 'ЭлементНабора', NULL, NULL),
(2576, 2575, 5146, 5147, 5, 'Значение', '559', NULL),
(2577, 2575, 5148, 5149, 5, 'Сортировка', '700', NULL),
(2578, 2556, 5151, 5156, 4, 'ЭлементНабора', NULL, NULL),
(2579, 2578, 5152, 5153, 5, 'Значение', '291', NULL),
(2580, 2578, 5154, 5155, 5, 'Сортировка', '800', NULL),
(2581, 2556, 5157, 5162, 4, 'ЭлементНабора', NULL, NULL),
(2582, 2581, 5158, 5159, 5, 'Значение', '300', NULL),
(2583, 2581, 5160, 5161, 5, 'Сортировка', '900', NULL),
(2584, 2493, 5165, 5224, 2, 'НаборыТовара', NULL, NULL),
(2585, 2584, 5166, 5167, 3, 'Ид', '277', NULL),
(2586, 2584, 5168, 5223, 3, 'Набор', NULL, NULL),
(2587, 2586, 5169, 5174, 4, 'ЭлементНабора', NULL, NULL),
(2588, 2587, 5170, 5171, 5, 'Значение', '343', NULL),
(2589, 2587, 5172, 5173, 5, 'Сортировка', '100', NULL),
(2590, 2586, 5175, 5180, 4, 'ЭлементНабора', NULL, NULL);
INSERT INTO `b_xml_tree` (`ID`, `PARENT_ID`, `LEFT_MARGIN`, `RIGHT_MARGIN`, `DEPTH_LEVEL`, `NAME`, `VALUE`, `ATTRIBUTES`) VALUES
(2591, 2590, 5176, 5177, 5, 'Значение', '573', NULL),
(2592, 2590, 5178, 5179, 5, 'Сортировка', '200', NULL),
(2593, 2586, 5181, 5186, 4, 'ЭлементНабора', NULL, NULL),
(2594, 2593, 5182, 5183, 5, 'Значение', '522', NULL),
(2595, 2593, 5184, 5185, 5, 'Сортировка', '300', NULL),
(2596, 2586, 5187, 5192, 4, 'ЭлементНабора', NULL, NULL),
(2597, 2596, 5188, 5189, 5, 'Значение', '495', NULL),
(2598, 2596, 5190, 5191, 5, 'Сортировка', '400', NULL),
(2599, 2586, 5193, 5198, 4, 'ЭлементНабора', NULL, NULL),
(2600, 2599, 5194, 5195, 5, 'Значение', '630', NULL),
(2601, 2599, 5196, 5197, 5, 'Сортировка', '500', NULL),
(2602, 2586, 5199, 5204, 4, 'ЭлементНабора', NULL, NULL),
(2603, 2602, 5200, 5201, 5, 'Значение', '612', NULL),
(2604, 2602, 5202, 5203, 5, 'Сортировка', '600', NULL),
(2605, 2586, 5205, 5210, 4, 'ЭлементНабора', NULL, NULL),
(2606, 2605, 5206, 5207, 5, 'Значение', '559', NULL),
(2607, 2605, 5208, 5209, 5, 'Сортировка', '700', NULL),
(2608, 2586, 5211, 5216, 4, 'ЭлементНабора', NULL, NULL),
(2609, 2608, 5212, 5213, 5, 'Значение', '291', NULL),
(2610, 2608, 5214, 5215, 5, 'Сортировка', '800', NULL),
(2611, 2586, 5217, 5222, 4, 'ЭлементНабора', NULL, NULL),
(2612, 2611, 5218, 5219, 5, 'Значение', '300', NULL),
(2613, 2611, 5220, 5221, 5, 'Сортировка', '900', NULL),
(2614, 2493, 5225, 5284, 2, 'НаборыТовара', NULL, NULL),
(2615, 2614, 5226, 5227, 3, 'Ид', '278', NULL),
(2616, 2614, 5228, 5283, 3, 'Набор', NULL, NULL),
(2617, 2616, 5229, 5234, 4, 'ЭлементНабора', NULL, NULL),
(2618, 2617, 5230, 5231, 5, 'Значение', '343', NULL),
(2619, 2617, 5232, 5233, 5, 'Сортировка', '100', NULL),
(2620, 2616, 5235, 5240, 4, 'ЭлементНабора', NULL, NULL),
(2621, 2620, 5236, 5237, 5, 'Значение', '573', NULL),
(2622, 2620, 5238, 5239, 5, 'Сортировка', '200', NULL),
(2623, 2616, 5241, 5246, 4, 'ЭлементНабора', NULL, NULL),
(2624, 2623, 5242, 5243, 5, 'Значение', '522', NULL),
(2625, 2623, 5244, 5245, 5, 'Сортировка', '300', NULL),
(2626, 2616, 5247, 5252, 4, 'ЭлементНабора', NULL, NULL),
(2627, 2626, 5248, 5249, 5, 'Значение', '495', NULL),
(2628, 2626, 5250, 5251, 5, 'Сортировка', '400', NULL),
(2629, 2616, 5253, 5258, 4, 'ЭлементНабора', NULL, NULL),
(2630, 2629, 5254, 5255, 5, 'Значение', '630', NULL),
(2631, 2629, 5256, 5257, 5, 'Сортировка', '500', NULL),
(2632, 2616, 5259, 5264, 4, 'ЭлементНабора', NULL, NULL),
(2633, 2632, 5260, 5261, 5, 'Значение', '612', NULL),
(2634, 2632, 5262, 5263, 5, 'Сортировка', '600', NULL),
(2635, 2616, 5265, 5270, 4, 'ЭлементНабора', NULL, NULL),
(2636, 2635, 5266, 5267, 5, 'Значение', '559', NULL),
(2637, 2635, 5268, 5269, 5, 'Сортировка', '700', NULL),
(2638, 2616, 5271, 5276, 4, 'ЭлементНабора', NULL, NULL),
(2639, 2638, 5272, 5273, 5, 'Значение', '291', NULL),
(2640, 2638, 5274, 5275, 5, 'Сортировка', '800', NULL),
(2641, 2616, 5277, 5282, 4, 'ЭлементНабора', NULL, NULL),
(2642, 2641, 5278, 5279, 5, 'Значение', '300', NULL),
(2643, 2641, 5280, 5281, 5, 'Сортировка', '900', NULL),
(2644, 0, 42, 0, 0, '', NULL, NULL),
(2645, 0, 43, 0, 0, '', NULL, NULL),
(2646, 0, 44, 0, 0, '', NULL, NULL),
(2647, 0, 45, 0, 0, '', NULL, NULL),
(2648, 0, 46, 0, 0, '', NULL, NULL),
(2649, 0, 47, 0, 0, '', NULL, NULL),
(2650, 0, 48, 0, 0, '', NULL, NULL),
(2651, 0, 49, 0, 0, '', NULL, NULL),
(2652, 0, 50, 0, 0, '', NULL, NULL),
(2653, 0, 51, 0, 0, '', NULL, NULL),
(2654, 0, 52, 0, 0, '', NULL, NULL),
(2655, 0, 53, 0, 0, '', NULL, NULL),
(2656, 0, 54, 0, 0, '', NULL, NULL),
(2657, 0, 55, 0, 0, '', NULL, NULL),
(2658, 0, 56, 0, 0, '', NULL, NULL),
(2659, 0, 57, 0, 0, '', NULL, NULL),
(2660, 0, 58, 0, 0, '', NULL, NULL),
(2661, 0, 59, 0, 0, '', NULL, NULL),
(2662, 0, 60, 0, 0, '', NULL, NULL),
(2663, 0, 61, 0, 0, '', NULL, NULL),
(2664, 0, 62, 0, 0, '', NULL, NULL),
(2665, 0, 63, 0, 0, '', NULL, NULL),
(2666, 0, 64, 0, 0, '', NULL, NULL),
(2667, 0, 65, 0, 0, '', NULL, NULL),
(2668, 0, 66, 0, 0, '', NULL, NULL),
(2669, 0, 67, 0, 0, '', NULL, NULL),
(2670, 0, 68, 0, 0, '', NULL, NULL),
(2671, 0, 69, 0, 0, '', NULL, NULL),
(2672, 0, 70, 0, 0, '', NULL, NULL),
(2673, 0, 71, 0, 0, '', NULL, NULL),
(2674, 0, 72, 0, 0, '', NULL, NULL),
(2675, 0, 73, 0, 0, '', NULL, NULL),
(2676, 0, 74, 0, 0, '', NULL, NULL),
(2677, 0, 75, 0, 0, '', NULL, NULL),
(2678, 0, 76, 0, 0, '', NULL, NULL),
(2679, 0, 77, 0, 0, '', NULL, NULL),
(2680, 0, 78, 0, 0, '', NULL, NULL),
(2681, 0, 79, 0, 0, '', NULL, NULL),
(2682, 0, 80, 0, 0, '', NULL, NULL),
(2683, 0, 81, 0, 0, '', NULL, NULL),
(2684, 0, 82, 0, 0, '', NULL, NULL),
(2685, 0, 83, 0, 0, '', NULL, NULL),
(2686, 0, 84, 0, 0, '', NULL, NULL),
(2687, 0, 85, 0, 0, '', NULL, NULL),
(2688, 0, 86, 0, 0, '', NULL, NULL),
(2689, 0, 87, 0, 0, '', NULL, NULL),
(2690, 0, 88, 0, 0, '', NULL, NULL),
(2691, 0, 89, 0, 0, '', NULL, NULL),
(2692, 0, 90, 0, 0, '', NULL, NULL),
(2693, 0, 91, 0, 0, '', NULL, NULL),
(2694, 0, 92, 0, 0, '', NULL, NULL),
(2695, 0, 93, 0, 0, '', NULL, NULL),
(2696, 0, 94, 0, 0, '', NULL, NULL),
(2697, 0, 95, 0, 0, '', NULL, NULL),
(2698, 0, 96, 0, 0, '', NULL, NULL),
(2699, 0, 97, 0, 0, '', NULL, NULL),
(2700, 0, 98, 0, 0, '', NULL, NULL),
(2701, 0, 99, 0, 0, '', NULL, NULL),
(2702, 0, 100, 0, 0, '', NULL, NULL),
(2703, 0, 101, 0, 0, '', NULL, NULL),
(2704, 0, 102, 0, 0, '', NULL, NULL),
(2705, 0, 103, 0, 0, '', NULL, NULL),
(2706, 0, 104, 0, 0, '', NULL, NULL),
(2707, 0, 105, 0, 0, '', NULL, NULL),
(2708, 0, 106, 0, 0, '', NULL, NULL),
(2709, 0, 107, 0, 0, '', NULL, NULL),
(2710, 0, 108, 0, 0, '', NULL, NULL),
(2711, 0, 109, 0, 0, '', NULL, NULL),
(2712, 0, 110, 0, 0, '', NULL, NULL),
(2713, 0, 111, 0, 0, '', NULL, NULL),
(2714, 0, 112, 0, 0, '', NULL, NULL),
(2715, 0, 113, 0, 0, '', NULL, NULL),
(2716, 0, 114, 0, 0, '', NULL, NULL),
(2717, 0, 115, 0, 0, '', NULL, NULL),
(2718, 0, 116, 0, 0, '', NULL, NULL),
(2719, 0, 117, 0, 0, '', NULL, NULL),
(2720, 0, 118, 0, 0, '', NULL, NULL),
(2721, 0, 119, 0, 0, '', NULL, NULL),
(2722, 0, 120, 0, 0, '', NULL, NULL),
(2723, 0, 121, 0, 0, '', NULL, NULL),
(2724, 0, 122, 0, 0, '', NULL, NULL),
(2725, 0, 123, 0, 0, '', NULL, NULL),
(2726, 0, 124, 0, 0, '', NULL, NULL),
(2727, 0, 125, 0, 0, '', NULL, NULL),
(2728, 0, 126, 0, 0, '', NULL, NULL),
(2729, 0, 127, 0, 0, '', NULL, NULL),
(2730, 0, 128, 0, 0, '', NULL, NULL),
(2731, 0, 129, 0, 0, '', NULL, NULL),
(2732, 0, 130, 0, 0, '', NULL, NULL),
(2733, 0, 131, 0, 0, '', NULL, NULL),
(2734, 0, 132, 0, 0, '', NULL, NULL),
(2735, 0, 133, 0, 0, '', NULL, NULL),
(2736, 0, 134, 0, 0, '', NULL, NULL),
(2737, 0, 135, 0, 0, '', NULL, NULL),
(2738, 0, 136, 0, 0, '', NULL, NULL),
(2739, 0, 137, 0, 0, '', NULL, NULL),
(2740, 0, 138, 0, 0, '', NULL, NULL),
(2741, 0, 139, 0, 0, '', NULL, NULL),
(2742, 0, 140, 0, 0, '', NULL, NULL),
(2743, 0, 141, 0, 0, '', NULL, NULL),
(2744, 0, 142, 0, 0, '', NULL, NULL),
(2745, 0, 143, 0, 0, '', NULL, NULL),
(2746, 0, 144, 0, 0, '', NULL, NULL),
(2747, 0, 145, 0, 0, '', NULL, NULL),
(2748, 0, 146, 0, 0, '', NULL, NULL),
(2749, 0, 147, 0, 0, '', NULL, NULL),
(2750, 0, 148, 0, 0, '', NULL, NULL),
(2751, 0, 149, 0, 0, '', NULL, NULL),
(2752, 0, 150, 0, 0, '', NULL, NULL),
(2753, 0, 151, 0, 0, '', NULL, NULL),
(2754, 0, 152, 0, 0, '', NULL, NULL),
(2755, 0, 153, 0, 0, '', NULL, NULL),
(2756, 0, 154, 0, 0, '', NULL, NULL),
(2757, 0, 155, 0, 0, '', NULL, NULL),
(2758, 0, 156, 0, 0, '', NULL, NULL),
(2759, 0, 157, 0, 0, '', NULL, NULL),
(2760, 0, 158, 0, 0, '', NULL, NULL),
(2761, 0, 159, 0, 0, '', NULL, NULL),
(2762, 0, 160, 0, 0, '', NULL, NULL),
(2763, 0, 161, 0, 0, '', NULL, NULL),
(2764, 0, 162, 0, 0, '', NULL, NULL),
(2765, 0, 163, 0, 0, '', NULL, NULL),
(2766, 0, 164, 0, 0, '', NULL, NULL),
(2767, 0, 165, 0, 0, '', NULL, NULL),
(2768, 0, 166, 0, 0, '', NULL, NULL),
(2769, 0, 167, 0, 0, '', NULL, NULL),
(2770, 0, 168, 0, 0, '', NULL, NULL),
(2771, 0, 169, 0, 0, '', NULL, NULL),
(2772, 0, 170, 0, 0, '', NULL, NULL),
(2773, 0, 171, 0, 0, '', NULL, NULL),
(2774, 0, 172, 0, 0, '', NULL, NULL),
(2775, 0, 173, 0, 0, '', NULL, NULL),
(2776, 0, 174, 0, 0, '', NULL, NULL),
(2777, 0, 175, 0, 0, '', NULL, NULL),
(2778, 0, 176, 0, 0, '', NULL, NULL),
(2779, 0, 177, 0, 0, '', NULL, NULL),
(2780, 0, 178, 0, 0, '', NULL, NULL),
(2781, 0, 179, 0, 0, '', NULL, NULL),
(2782, 0, 180, 0, 0, '', NULL, NULL),
(2783, 0, 181, 0, 0, '', NULL, NULL),
(2784, 0, 182, 0, 0, '', NULL, NULL),
(2785, 0, 183, 0, 0, '', NULL, NULL),
(2786, 0, 184, 0, 0, '', NULL, NULL),
(2787, 0, 185, 0, 0, '', NULL, NULL),
(2788, 0, 186, 0, 0, '', NULL, NULL),
(2789, 0, 187, 0, 0, '', NULL, NULL),
(2790, 0, 188, 0, 0, '', NULL, NULL),
(2791, 0, 189, 0, 0, '', NULL, NULL),
(2792, 0, 190, 0, 0, '', NULL, NULL),
(2793, 0, 191, 0, 0, '', NULL, NULL),
(2794, 0, 192, 0, 0, '', NULL, NULL),
(2795, 0, 193, 0, 0, '', NULL, NULL),
(2796, 0, 194, 0, 0, '', NULL, NULL),
(2797, 0, 195, 0, 0, '', NULL, NULL),
(2798, 0, 196, 0, 0, '', NULL, NULL),
(2799, 0, 197, 0, 0, '', NULL, NULL),
(2800, 0, 198, 0, 0, '', NULL, NULL),
(2801, 0, 199, 0, 0, '', NULL, NULL),
(2802, 0, 200, 0, 0, '', NULL, NULL),
(2803, 0, 201, 0, 0, '', NULL, NULL),
(2804, 0, 202, 0, 0, '', NULL, NULL),
(2805, 0, 203, 0, 0, '', NULL, NULL),
(2806, 0, 204, 0, 0, '', NULL, NULL),
(2807, 0, 205, 0, 0, '', NULL, NULL),
(2808, 0, 206, 0, 0, '', NULL, NULL),
(2809, 0, 207, 0, 0, '', NULL, NULL),
(2810, 0, 208, 0, 0, '', NULL, NULL),
(2811, 0, 209, 0, 0, '', NULL, NULL),
(2812, 0, 210, 0, 0, '', NULL, NULL),
(2813, 0, 211, 0, 0, '', NULL, NULL),
(2814, 0, 212, 0, 0, '', NULL, NULL),
(2815, 0, 213, 0, 0, '', NULL, NULL),
(2816, 0, 214, 0, 0, '', NULL, NULL),
(2817, 0, 215, 0, 0, '', NULL, NULL),
(2818, 0, 216, 0, 0, '', NULL, NULL),
(2819, 0, 217, 0, 0, '', NULL, NULL),
(2820, 0, 218, 0, 0, '', NULL, NULL),
(2821, 0, 219, 0, 0, '', NULL, NULL),
(2822, 0, 220, 0, 0, '', NULL, NULL),
(2823, 0, 221, 0, 0, '', NULL, NULL),
(2824, 0, 222, 0, 0, '', NULL, NULL),
(2825, 0, 223, 0, 0, '', NULL, NULL),
(2826, 0, 224, 0, 0, '', NULL, NULL),
(2827, 0, 225, 0, 0, '', NULL, NULL),
(2828, 0, 226, 0, 0, '', NULL, NULL),
(2829, 0, 227, 0, 0, '', NULL, NULL),
(2830, 0, 228, 0, 0, '', NULL, NULL),
(2831, 0, 229, 0, 0, '', NULL, NULL),
(2832, 0, 230, 0, 0, '', NULL, NULL),
(2833, 0, 231, 0, 0, '', NULL, NULL),
(2834, 0, 232, 0, 0, '', NULL, NULL),
(2835, 0, 233, 0, 0, '', NULL, NULL),
(2836, 0, 234, 0, 0, '', NULL, NULL),
(2837, 0, 235, 0, 0, '', NULL, NULL),
(2838, 0, 236, 0, 0, '', NULL, NULL),
(2839, 0, 237, 0, 0, '', NULL, NULL),
(2840, 0, 238, 0, 0, '', NULL, NULL),
(2841, 0, 239, 0, 0, '', NULL, NULL),
(2842, 0, 240, 0, 0, '', NULL, NULL),
(2843, 0, 241, 0, 0, '', NULL, NULL),
(2844, 0, 242, 0, 0, '', NULL, NULL),
(2845, 0, 243, 0, 0, '', NULL, NULL),
(2846, 0, 244, 0, 0, '', NULL, NULL),
(2847, 0, 245, 0, 0, '', NULL, NULL),
(2848, 0, 246, 0, 0, '', NULL, NULL),
(2849, 0, 247, 0, 0, '', NULL, NULL),
(2850, 0, 248, 0, 0, '', NULL, NULL),
(2851, 0, 249, 0, 0, '', NULL, NULL),
(2852, 0, 250, 0, 0, '', NULL, NULL),
(2853, 0, 251, 0, 0, '', NULL, NULL),
(2854, 0, 252, 0, 0, '', NULL, NULL),
(2855, 0, 253, 0, 0, '', NULL, NULL),
(2856, 0, 254, 0, 0, '', NULL, NULL),
(2857, 0, 255, 0, 0, '', NULL, NULL),
(2858, 0, 256, 0, 0, '', NULL, NULL),
(2859, 0, 257, 0, 0, '', NULL, NULL),
(2860, 0, 258, 0, 0, '', NULL, NULL),
(2861, 0, 259, 0, 0, '', NULL, NULL),
(2862, 0, 260, 0, 0, '', NULL, NULL),
(2863, 0, 261, 0, 0, '', NULL, NULL),
(2864, 0, 262, 0, 0, '', NULL, NULL),
(2865, 0, 263, 0, 0, '', NULL, NULL),
(2866, 0, 264, 0, 0, '', NULL, NULL),
(2867, 0, 265, 0, 0, '', NULL, NULL),
(2868, 0, 266, 0, 0, '', NULL, NULL),
(2869, 0, 267, 0, 0, '', NULL, NULL),
(2870, 0, 268, 0, 0, '', NULL, NULL),
(2871, 0, 269, 0, 0, '', NULL, NULL),
(2872, 0, 270, 0, 0, '', NULL, NULL),
(2873, 0, 271, 0, 0, '', NULL, NULL),
(2874, 0, 272, 0, 0, '', NULL, NULL),
(2875, 0, 273, 0, 0, '', NULL, NULL),
(2876, 0, 274, 0, 0, '', NULL, NULL),
(2877, 0, 275, 0, 0, '', NULL, NULL),
(2878, 0, 276, 0, 0, '', NULL, NULL),
(2879, 0, 277, 0, 0, '', NULL, NULL),
(2880, 0, 278, 0, 0, '', NULL, NULL),
(2881, 0, 279, 0, 0, '', NULL, NULL),
(2882, 0, 280, 0, 0, '', NULL, NULL),
(2883, 0, 281, 0, 0, '', NULL, NULL),
(2884, 0, 282, 0, 0, '', NULL, NULL),
(2885, 0, 283, 0, 0, '', NULL, NULL),
(2886, 0, 284, 0, 0, '', NULL, NULL),
(2887, 0, 285, 0, 0, '', NULL, NULL),
(2888, 0, 286, 0, 0, '', NULL, NULL),
(2889, 0, 287, 0, 0, '', NULL, NULL),
(2890, 0, 288, 0, 0, '', NULL, NULL),
(2891, 0, 289, 0, 0, '', NULL, NULL),
(2892, 0, 290, 0, 0, '', NULL, NULL),
(2893, 0, 291, 0, 0, '', NULL, NULL),
(2894, 0, 292, 0, 0, '', NULL, NULL),
(2895, 0, 293, 0, 0, '', NULL, NULL),
(2896, 0, 294, 0, 0, '', NULL, NULL),
(2897, 0, 295, 0, 0, '', NULL, NULL),
(2898, 0, 296, 0, 0, '', NULL, NULL),
(2899, 0, 297, 0, 0, '', NULL, NULL),
(2900, 0, 298, 0, 0, '', NULL, NULL),
(2901, 0, 299, 0, 0, '', NULL, NULL),
(2902, 0, 300, 0, 0, '', NULL, NULL),
(2903, 0, 301, 0, 0, '', NULL, NULL),
(2904, 0, 302, 0, 0, '', NULL, NULL),
(2905, 0, 303, 0, 0, '', NULL, NULL),
(2906, 0, 304, 0, 0, '', NULL, NULL),
(2907, 0, 305, 0, 0, '', NULL, NULL),
(2908, 0, 306, 0, 0, '', NULL, NULL),
(2909, 0, 307, 0, 0, '', NULL, NULL),
(2910, 0, 308, 0, 0, '', NULL, NULL),
(2911, 0, 309, 0, 0, '', NULL, NULL),
(2912, 0, 310, 0, 0, '', NULL, NULL),
(2913, 0, 311, 0, 0, '', NULL, NULL),
(2914, 0, 312, 0, 0, '', NULL, NULL),
(2915, 0, 313, 0, 0, '', NULL, NULL),
(2916, 0, 314, 0, 0, '', NULL, NULL),
(2917, 0, 315, 0, 0, '', NULL, NULL),
(2918, 0, 316, 0, 0, '', NULL, NULL);

-- --------------------------------------------------------

--
-- Структура таблицы `eshop_brand_reference`
--

CREATE TABLE IF NOT EXISTS `eshop_brand_reference` (
  `ID` int(11) unsigned NOT NULL AUTO_INCREMENT,
  `UF_NAME` text,
  `UF_FILE` int(18) DEFAULT NULL,
  `UF_LINK` text,
  `UF_DESCRIPTION` text,
  `UF_FULL_DESCRIPTION` text,
  `UF_SORT` double DEFAULT NULL,
  `UF_EXTERNAL_CODE` text,
  `UF_XML_ID` text,
  PRIMARY KEY (`ID`)
) ENGINE=MyISAM  DEFAULT CHARSET=cp1251 AUTO_INCREMENT=8 ;

--
-- Дамп данных таблицы `eshop_brand_reference`
--

INSERT INTO `eshop_brand_reference` (`ID`, `UF_NAME`, `UF_FILE`, `UF_LINK`, `UF_DESCRIPTION`, `UF_FULL_DESCRIPTION`, `UF_SORT`, `UF_EXTERNAL_CODE`, `UF_XML_ID`) VALUES
(1, 'Фэшн хаус', 15, NULL, '', '', 100, NULL, 'company1'),
(2, 'Фэшн рай', 16, NULL, '', '', 200, NULL, 'company2'),
(3, 'Одежда+', 17, NULL, '', '', 300, NULL, 'company3'),
(4, 'Мировая Мода', 18, NULL, '', '', 400, NULL, 'company4'),
(5, 'Доставка', 19, NULL, 'Бесплатная доставка по всей России', '', 500, NULL, 'brand1'),
(6, 'Примерка', 20, NULL, 'Примерка перед покупкой', '', 600, NULL, 'brand2'),
(7, 'Поддержка', 21, NULL, 'Круглосуточная служба поддержки', '', 700, NULL, 'brand3');

-- --------------------------------------------------------

--
-- Структура таблицы `eshop_color_reference`
--

CREATE TABLE IF NOT EXISTS `eshop_color_reference` (
  `ID` int(11) unsigned NOT NULL AUTO_INCREMENT,
  `UF_NAME` text,
  `UF_FILE` int(18) DEFAULT NULL,
  `UF_LINK` text,
  `UF_SORT` double DEFAULT NULL,
  `UF_DEF` int(18) DEFAULT NULL,
  `UF_XML_ID` text,
  PRIMARY KEY (`ID`)
) ENGINE=MyISAM  DEFAULT CHARSET=cp1251 AUTO_INCREMENT=15 ;

--
-- Дамп данных таблицы `eshop_color_reference`
--

INSERT INTO `eshop_color_reference` (`ID`, `UF_NAME`, `UF_FILE`, `UF_LINK`, `UF_SORT`, `UF_DEF`, `UF_XML_ID`) VALUES
(1, 'Фиолетовый', 1, NULL, 100, 1, 'purple'),
(2, 'Коричневый', 2, NULL, 200, 0, 'brown'),
(3, 'Морской Волны', 3, NULL, 300, 0, 'see'),
(4, 'Синий', 4, NULL, 400, 0, 'blue'),
(5, 'Оранжевый с Красным', 5, NULL, 500, 0, 'orangered'),
(6, 'Красный с Синим', 6, NULL, 600, 0, 'redblue'),
(7, 'Красный', 7, NULL, 700, 0, 'red'),
(8, 'Зеленый', 8, NULL, 800, 0, 'green'),
(9, 'Белый', 9, NULL, 900, 0, 'white'),
(10, 'Черный', 10, NULL, 1000, 0, 'black'),
(11, 'Розовый', 11, NULL, 1100, 0, 'pink'),
(12, 'Голубой', 12, NULL, 1200, 0, 'azure'),
(13, 'Синяя джинса', 13, NULL, 1300, 0, 'jeans'),
(14, 'Черный с Белым и Цветочки', 14, NULL, 1400, 0, 'flowers');

/*!40101 SET CHARACTER_SET_CLIENT=@OLD_CHARACTER_SET_CLIENT */;
/*!40101 SET CHARACTER_SET_RESULTS=@OLD_CHARACTER_SET_RESULTS */;
/*!40101 SET COLLATION_CONNECTION=@OLD_COLLATION_CONNECTION */;
